filename,timestamp,ch1_min_voltage,ch2_min_voltage
SaveOnEvent_ALL_20260908005224393.csv,2026-09-08 00:52:24,-0.0016,-0.0031
SaveOnEvent_ALL_20260908005224881.csv,2026-09-08 00:52:24,-0.0006,-0.0043
SaveOnEvent_ALL_20260908005242206.csv,2026-09-08 00:52:42,-0.0,-0.0038
SaveOnEvent_ALL_20260908005246335.csv,2026-09-08 00:52:46,-0.0128,-0.0014
SaveOnEvent_ALL_20260908005256494.csv,2026-09-08 00:52:56,-0.0052,-0.0006
SaveOnEvent_ALL_20260908005410941.csv,2026-09-08 00:54:10,-0.0012,-0.0034
SaveOnEvent_ALL_20260908005412828.csv,2026-09-08 00:54:12,-0.0036,-0.0006
SaveOnEvent_ALL_20260908005413887.csv,2026-09-08 00:54:13,-0.0008,-0.0038
SaveOnEvent_ALL_20260908005415572.csv,2026-09-08 00:54:15,-0.0004,-0.0042
SaveOnEvent_ALL_20260908005416367.csv,2026-09-08 00:54:16,-0.0012,-0.0046
SaveOnEvent_ALL_20260908005416829.csv,2026-09-08 00:54:16,-0.0012,-0.0042
SaveOnEvent_ALL_20260908005417295.csv,2026-09-08 00:54:17,-0.0036,-0.0014
SaveOnEvent_ALL_20260908005417766.csv,2026-09-08 00:54:17,-0.0008,-0.005
SaveOnEvent_ALL_20260908005419748.csv,2026-09-08 00:54:19,-0.0036,-0.0006
SaveOnEvent_ALL_20260908005421575.csv,2026-09-08 00:54:21,-0.004,-0.0014
SaveOnEvent_ALL_20260908005423312.csv,2026-09-08 00:54:23,-0.0004,-0.005
SaveOnEvent_ALL_20260908005424437.csv,2026-09-08 00:54:24,-0.006,-0.001
SaveOnEvent_ALL_20260908005426086.csv,2026-09-08 00:54:26,-0.0012,-0.0034
SaveOnEvent_ALL_20260908005431806.csv,2026-09-08 00:54:31,-0.0004,-0.0046
SaveOnEvent_ALL_20260908005434844.csv,2026-09-08 00:54:34,-0.0008,-0.0038
SaveOnEvent_ALL_20260908005443272.csv,2026-09-08 00:54:43,-0.0,-0.0042
SaveOnEvent_ALL_20260908005450111.csv,2026-09-08 00:54:50,-0.0012,-0.0014
SaveOnEvent_ALL_20260908005450625.csv,2026-09-08 00:54:50,-0.0012,-0.0014
SaveOnEvent_ALL_20260908005451210.csv,2026-09-08 00:54:51,-0.0012,-0.0014
SaveOnEvent_ALL_20260908005451726.csv,2026-09-08 00:54:51,-0.0012,-0.0014
SaveOnEvent_ALL_20260908005452194.csv,2026-09-08 00:54:52,-0.0012,-0.0014
SaveOnEvent_ALL_20260908005452666.csv,2026-09-08 00:54:52,-0.0012,-0.0018
SaveOnEvent_ALL_20260908005453183.csv,2026-09-08 00:54:53,-0.0012,-0.0014
SaveOnEvent_ALL_20260908005453643.csv,2026-09-08 00:54:53,-0.0012,-0.0018
SaveOnEvent_ALL_20260908005454102.csv,2026-09-08 00:54:54,-0.0012,-0.0018
SaveOnEvent_ALL_20260908005454640.csv,2026-09-08 00:54:54,-0.0012,-0.0014
SaveOnEvent_ALL_20260908005455111.csv,2026-09-08 00:54:55,-0.0012,-0.0014
SaveOnEvent_ALL_20260908005455607.csv,2026-09-08 00:54:55,-0.0012,-0.0014
SaveOnEvent_ALL_20260908005456066.csv,2026-09-08 00:54:56,-0.0012,-0.0014
SaveOnEvent_ALL_20260908005456579.csv,2026-09-08 00:54:56,-0.0012,-0.0014
SaveOnEvent_ALL_20260908005457034.csv,2026-09-08 00:54:57,-0.0012,-0.0018
SaveOnEvent_ALL_20260908005457507.csv,2026-09-08 00:54:57,-0.0012,-0.0014
SaveOnEvent_ALL_20260908005457970.csv,2026-09-08 00:54:57,-0.0012,-0.0014
SaveOnEvent_ALL_20260908005458534.csv,2026-09-08 00:54:58,-0.0016,-0.0018
SaveOnEvent_ALL_20260908005459073.csv,2026-09-08 00:54:59,-0.0012,-0.0014
SaveOnEvent_ALL_20260908005459578.csv,2026-09-08 00:54:59,-0.0012,-0.0014
SaveOnEvent_ALL_20260908005500060.csv,2026-09-08 00:55:00,-0.0012,-0.0018
SaveOnEvent_ALL_20260908005500633.csv,2026-09-08 00:55:00,-0.0012,-0.0018
SaveOnEvent_ALL_20260908005501107.csv,2026-09-08 00:55:01,-0.0012,-0.0014
SaveOnEvent_ALL_20260908005501606.csv,2026-09-08 00:55:01,-0.0012,-0.0014
SaveOnEvent_ALL_20260908005502071.csv,2026-09-08 00:55:02,-0.0012,-0.0014
SaveOnEvent_ALL_20260908005502550.csv,2026-09-08 00:55:02,-0.0012,-0.0014
SaveOnEvent_ALL_20260908005503030.csv,2026-09-08 00:55:03,-0.0016,-0.0022
SaveOnEvent_ALL_20260908005503572.csv,2026-09-08 00:55:03,-0.002,-0.0022
SaveOnEvent_ALL_20260908005504053.csv,2026-09-08 00:55:04,-0.002,-0.0026
SaveOnEvent_ALL_20260908005504550.csv,2026-09-08 00:55:04,-0.002,-0.0022
SaveOnEvent_ALL_20260908005505121.csv,2026-09-08 00:55:05,-0.002,-0.0022
SaveOnEvent_ALL_20260908005506364.csv,2026-09-08 00:55:06,-0.002,-0.0022
SaveOnEvent_ALL_20260908005506885.csv,2026-09-08 00:55:06,-0.002,-0.0026
SaveOnEvent_ALL_20260908005507364.csv,2026-09-08 00:55:07,-0.002,-0.0022
SaveOnEvent_ALL_20260908005507842.csv,2026-09-08 00:55:07,-0.002,-0.0022
SaveOnEvent_ALL_20260908005509000.csv,2026-09-08 00:55:09,-0.002,-0.0022
SaveOnEvent_ALL_20260908005509479.csv,2026-09-08 00:55:09,-0.002,-0.0026
SaveOnEvent_ALL_20260908005510017.csv,2026-09-08 00:55:10,-0.002,-0.0022
SaveOnEvent_ALL_20260908005510622.csv,2026-09-08 00:55:10,-0.002,-0.0022
SaveOnEvent_ALL_20260908005511100.csv,2026-09-08 00:55:11,-0.002,-0.0022
SaveOnEvent_ALL_20260908005640653.csv,2026-09-08 00:56:40,-0.0036,-0.0042
SaveOnEvent_ALL_20260908011146019.csv,2026-09-08 01:11:46,-0.0028,-0.003
SaveOnEvent_ALL_20260908011440753.csv,2026-09-08 01:14:40,-0.0028,-0.003
SaveOnEvent_ALL_20260908011932099.csv,2026-09-08 01:19:32,-0.0124,-0.0266
SaveOnEvent_ALL_20260908011932596.csv,2026-09-08 01:19:32,-0.0204,-0.0202
SaveOnEvent_ALL_20260908012153463.csv,2026-09-08 01:21:53,-0.0028,-0.003
SaveOnEvent_ALL_20260908012816160.csv,2026-09-08 01:28:16,-0.018,-0.0298
SaveOnEvent_ALL_20260908013918234.csv,2026-09-08 01:39:18,-0.0028,-0.003
SaveOnEvent_ALL_20260908014319439.csv,2026-09-08 01:43:19,-0.0028,-0.003
SaveOnEvent_ALL_20260908014852442.csv,2026-09-08 01:48:52,-0.0028,-0.0026
SaveOnEvent_ALL_20260908015010387.csv,2026-09-08 01:50:10,-0.0028,-0.0026
SaveOnEvent_ALL_20260908015250982.csv,2026-09-08 01:52:50,-0.0028,-0.003
SaveOnEvent_ALL_20260908020010193.csv,2026-09-08 02:00:10,-0.016,-0.005
SaveOnEvent_ALL_20260908020400095.csv,2026-09-08 02:04:00,-0.0148,-0.027
SaveOnEvent_ALL_20260908021324455.csv,2026-09-08 02:13:24,-0.0216,-0.0238
SaveOnEvent_ALL_20260908021542298.csv,2026-09-08 02:15:42,-0.0028,-0.0026
SaveOnEvent_ALL_20260908022122167.csv,2026-09-08 02:21:22,-0.0028,-0.0042
SaveOnEvent_ALL_20260908022144401.csv,2026-09-08 02:21:44,-0.0028,-0.0026
SaveOnEvent_ALL_20260908022203857.csv,2026-09-08 02:22:03,-0.0172,-0.0382
SaveOnEvent_ALL_20260908022215227.csv,2026-09-08 02:22:15,-0.008,-0.0582
SaveOnEvent_ALL_20260908022542856.csv,2026-09-08 02:25:42,-0.0028,-0.0026
SaveOnEvent_ALL_20260908023656273.csv,2026-09-08 02:36:56,-0.0248,-0.0114
SaveOnEvent_ALL_20260908024242667.csv,2026-09-08 02:42:42,-0.0468,-0.0286
SaveOnEvent_ALL_20260908024259863.csv,2026-09-08 02:42:59,-0.0248,-0.035
SaveOnEvent_ALL_20260908024439424.csv,2026-09-08 02:44:39,-0.0388,-0.0374
SaveOnEvent_ALL_20260908024643698.csv,2026-09-08 02:46:43,-0.0048,-0.0054
SaveOnEvent_ALL_20260908024908515.csv,2026-09-08 02:49:08,-0.0028,-0.0026
SaveOnEvent_ALL_20260908025017546.csv,2026-09-08 02:50:17,-0.0028,-0.0026
SaveOnEvent_ALL_20260908025027138.csv,2026-09-08 02:50:27,-0.0028,-0.0026
SaveOnEvent_ALL_20260908025147059.csv,2026-09-08 02:51:47,-0.0328,-0.0218
SaveOnEvent_ALL_20260908025348787.csv,2026-09-08 02:53:48,-0.0028,-0.0026
SaveOnEvent_ALL_20260908025357854.csv,2026-09-08 02:53:57,-0.0028,-0.003
SaveOnEvent_ALL_20260908025412348.csv,2026-09-08 02:54:12,-0.0092,-0.029
SaveOnEvent_ALL_20260908025604222.csv,2026-09-08 02:56:04,-0.0028,-0.0026
SaveOnEvent_ALL_20260908030317641.csv,2026-09-08 03:03:17,-0.0028,-0.003
SaveOnEvent_ALL_20260908031115712.csv,2026-09-08 03:11:15,-0.0028,-0.0026
SaveOnEvent_ALL_20260908031336006.csv,2026-09-08 03:13:36,-0.0192,-0.0262
SaveOnEvent_ALL_20260908031529411.csv,2026-09-08 03:15:29,-0.0028,-0.0026
SaveOnEvent_ALL_20260908032744043.csv,2026-09-08 03:27:44,-0.0028,-0.003
SaveOnEvent_ALL_20260908032744952.csv,2026-09-08 03:27:44,-0.0096,-0.0042
SaveOnEvent_ALL_20260908032958106.csv,2026-09-08 03:29:58,-0.0328,-0.021
SaveOnEvent_ALL_20260908033135200.csv,2026-09-08 03:31:35,-0.0488,-0.0058
SaveOnEvent_ALL_20260908033304440.csv,2026-09-08 03:33:04,-0.0028,-0.0026
SaveOnEvent_ALL_20260908033502448.csv,2026-09-08 03:35:02,-0.0028,-0.0026
SaveOnEvent_ALL_20260908034015250.csv,2026-09-08 03:40:15,-0.0036,-0.0038
SaveOnEvent_ALL_20260908034352852.csv,2026-09-08 03:43:52,-0.0028,-0.0026
SaveOnEvent_ALL_20260908034709120.csv,2026-09-08 03:47:09,-0.0028,-0.003
SaveOnEvent_ALL_20260908035018133.csv,2026-09-08 03:50:18,-0.0028,-0.003
SaveOnEvent_ALL_20260908035350158.csv,2026-09-08 03:53:50,-0.012,-0.0118
SaveOnEvent_ALL_20260908035353738.csv,2026-09-08 03:53:53,-0.0028,-0.0122
SaveOnEvent_ALL_20260908040035392.csv,2026-09-08 04:00:35,-0.0028,-0.003
SaveOnEvent_ALL_20260908040257330.csv,2026-09-08 04:02:57,-0.0028,-0.003
SaveOnEvent_ALL_20260908040426635.csv,2026-09-08 04:04:26,-0.0368,-0.0042
SaveOnEvent_ALL_20260908042558988.csv,2026-09-08 04:25:58,-0.0028,-0.0026
SaveOnEvent_ALL_20260908043053742.csv,2026-09-08 04:30:53,-0.0028,-0.0026
SaveOnEvent_ALL_20260908043615357.csv,2026-09-08 04:36:15,-0.006,-0.0054
SaveOnEvent_ALL_20260908044600403.csv,2026-09-08 04:46:00,-0.0068,-0.0066
SaveOnEvent_ALL_20260908044736247.csv,2026-09-08 04:47:36,-0.0052,-0.0046
SaveOnEvent_ALL_20260908045446657.csv,2026-09-08 04:54:46,-0.0092,-0.0026
SaveOnEvent_ALL_20260908050500331.csv,2026-09-08 05:05:00,-0.0028,-0.0026
SaveOnEvent_ALL_20260908050929020.csv,2026-09-08 05:09:29,-0.0028,-0.0026
SaveOnEvent_ALL_20260908051203862.csv,2026-09-08 05:12:03,-0.0028,-0.0026
SaveOnEvent_ALL_20260908051517720.csv,2026-09-08 05:15:17,-0.0028,-0.003
SaveOnEvent_ALL_20260908051530420.csv,2026-09-08 05:15:30,-0.0032,-0.0038
SaveOnEvent_ALL_20260908052112230.csv,2026-09-08 05:21:12,-0.0028,-0.0026
SaveOnEvent_ALL_20260908052251234.csv,2026-09-08 05:22:51,-0.004,-0.0046
SaveOnEvent_ALL_20260908054105978.csv,2026-09-08 05:41:05,-0.0028,-0.003
SaveOnEvent_ALL_20260908054600194.csv,2026-09-08 05:46:00,-0.0028,-0.003
SaveOnEvent_ALL_20260908055100707.csv,2026-09-08 05:51:00,-0.0064,-0.0046
SaveOnEvent_ALL_20260908055725980.csv,2026-09-08 05:57:25,-0.0048,-0.0062
SaveOnEvent_ALL_20260908055817831.csv,2026-09-08 05:58:17,-0.0028,-0.0026
SaveOnEvent_ALL_20260908060842388.csv,2026-09-08 06:08:42,-0.0028,-0.0026
SaveOnEvent_ALL_20260908061138877.csv,2026-09-08 06:11:38,-0.0028,-0.0026
SaveOnEvent_ALL_20260908061906377.csv,2026-09-08 06:19:06,-0.0028,-0.0026
SaveOnEvent_ALL_20260908061952334.csv,2026-09-08 06:19:52,-0.0028,-0.0026
SaveOnEvent_ALL_20260908064501096.csv,2026-09-08 06:45:01,-0.0028,-0.0026
SaveOnEvent_ALL_20260908064702504.csv,2026-09-08 06:47:02,-0.0028,-0.0026
SaveOnEvent_ALL_20260908065610051.csv,2026-09-08 06:56:10,-0.0028,-0.0026
SaveOnEvent_ALL_20260908071408340.csv,2026-09-08 07:14:08,-0.0032,-0.003
SaveOnEvent_ALL_20260908072337591.csv,2026-09-08 07:23:37,-0.0028,-0.003
SaveOnEvent_ALL_20260908072345128.csv,2026-09-08 07:23:45,-0.0028,-0.0026
SaveOnEvent_ALL_20260908072406288.csv,2026-09-08 07:24:06,-0.006,-0.0038
SaveOnEvent_ALL_20260908072853114.csv,2026-09-08 07:28:53,-0.0028,-0.003
SaveOnEvent_ALL_20260908073213999.csv,2026-09-08 07:32:13,-0.0028,-0.003
SaveOnEvent_ALL_20260908074235608.csv,2026-09-08 07:42:35,-0.0028,-0.003
SaveOnEvent_ALL_20260908074312160.csv,2026-09-08 07:43:12,-0.0028,-0.005
SaveOnEvent_ALL_20260908074902886.csv,2026-09-08 07:49:02,-0.0032,-0.0054
SaveOnEvent_ALL_20260908074935628.csv,2026-09-08 07:49:35,-0.0028,-0.0026
SaveOnEvent_ALL_20260908074953079.csv,2026-09-08 07:49:53,-0.0028,-0.0026
SaveOnEvent_ALL_20260908075024975.csv,2026-09-08 07:50:24,-0.004,-0.005
SaveOnEvent_ALL_20260908080747751.csv,2026-09-08 08:07:47,-0.0108,-0.0046
SaveOnEvent_ALL_20260908081237290.csv,2026-09-08 08:12:37,-0.0064,-0.0042
SaveOnEvent_ALL_20260908081703417.csv,2026-09-08 08:17:03,-0.0036,-0.005
SaveOnEvent_ALL_20260908083523441.csv,2026-09-08 08:35:23,-0.0028,-0.0034
SaveOnEvent_ALL_20260908084025733.csv,2026-09-08 08:40:25,-0.0028,-0.0026
SaveOnEvent_ALL_20260908084711099.csv,2026-09-08 08:47:11,-0.0072,-0.0074
SaveOnEvent_ALL_20260908084944842.csv,2026-09-08 08:49:44,-0.0028,-0.003
SaveOnEvent_ALL_20260908085204872.csv,2026-09-08 08:52:04,-0.0304,-0.0026
SaveOnEvent_ALL_20260908085607701.csv,2026-09-08 08:56:07,-0.008,-0.007
SaveOnEvent_ALL_20260908090731700.csv,2026-09-08 09:07:31,-0.0028,-0.0026
SaveOnEvent_ALL_20260908090743119.csv,2026-09-08 09:07:43,-0.0028,-0.0026
SaveOnEvent_ALL_20260908091048729.csv,2026-09-08 09:10:48,-0.0028,-0.0026
SaveOnEvent_ALL_20260908091115825.csv,2026-09-08 09:11:15,-0.0096,-0.011
SaveOnEvent_ALL_20260908091235995.csv,2026-09-08 09:12:35,-0.0028,-0.0026
SaveOnEvent_ALL_20260908091256279.csv,2026-09-08 09:12:56,-0.0032,-0.0026
SaveOnEvent_ALL_20260908091349480.csv,2026-09-08 09:13:49,-0.0028,-0.0026
SaveOnEvent_ALL_20260908091406000.csv,2026-09-08 09:14:06,-0.0028,-0.0026
SaveOnEvent_ALL_20260908091512754.csv,2026-09-08 09:15:12,-0.0028,-0.0026
SaveOnEvent_ALL_20260908091534946.csv,2026-09-08 09:15:34,-0.0088,-0.003
SaveOnEvent_ALL_20260908091640784.csv,2026-09-08 09:16:40,-0.0028,-0.0026
SaveOnEvent_ALL_20260908091737927.csv,2026-09-08 09:17:37,-0.0028,-0.0026
SaveOnEvent_ALL_20260908091755696.csv,2026-09-08 09:17:55,-0.0028,-0.0026
SaveOnEvent_ALL_20260908091827793.csv,2026-09-08 09:18:27,-0.0028,-0.0026
SaveOnEvent_ALL_20260908091833152.csv,2026-09-08 09:18:33,-0.0028,-0.0026
SaveOnEvent_ALL_20260908091938138.csv,2026-09-08 09:19:38,-0.0028,-0.0026
SaveOnEvent_ALL_20260908092003481.csv,2026-09-08 09:20:03,-0.0028,-0.0026
SaveOnEvent_ALL_20260908092027940.csv,2026-09-08 09:20:27,-0.0028,-0.0026
SaveOnEvent_ALL_20260908092134210.csv,2026-09-08 09:21:34,-0.0028,-0.003
SaveOnEvent_ALL_20260908092158424.csv,2026-09-08 09:21:58,-0.0028,-0.003
SaveOnEvent_ALL_20260908092255751.csv,2026-09-08 09:22:55,-0.0028,-0.0026
SaveOnEvent_ALL_20260908092307255.csv,2026-09-08 09:23:07,-0.0028,-0.003
SaveOnEvent_ALL_20260908092313225.csv,2026-09-08 09:23:13,-0.0028,-0.0026
SaveOnEvent_ALL_20260908092314154.csv,2026-09-08 09:23:14,-0.0028,-0.0026
SaveOnEvent_ALL_20260908092325193.csv,2026-09-08 09:23:25,-0.0028,-0.0026
SaveOnEvent_ALL_20260908092328849.csv,2026-09-08 09:23:28,-0.0028,-0.0026
SaveOnEvent_ALL_20260908092337748.csv,2026-09-08 09:23:37,-0.0028,-0.0026
SaveOnEvent_ALL_20260908092354261.csv,2026-09-08 09:23:54,-0.0028,-0.0026
SaveOnEvent_ALL_20260908092403057.csv,2026-09-08 09:24:03,-0.0028,-0.0026
SaveOnEvent_ALL_20260908092433487.csv,2026-09-08 09:24:33,-0.014,-0.0122
SaveOnEvent_ALL_20260908092551349.csv,2026-09-08 09:25:51,-0.0028,-0.0026
SaveOnEvent_ALL_20260908092616297.csv,2026-09-08 09:26:16,-0.0032,-0.0026
SaveOnEvent_ALL_20260908092619867.csv,2026-09-08 09:26:19,-0.0032,-0.0026
SaveOnEvent_ALL_20260908092631844.csv,2026-09-08 09:26:31,-0.0028,-0.0026
SaveOnEvent_ALL_20260908092720123.csv,2026-09-08 09:27:20,-0.0028,-0.0026
SaveOnEvent_ALL_20260908092759508.csv,2026-09-08 09:27:59,-0.0028,-0.0026
SaveOnEvent_ALL_20260908092800778.csv,2026-09-08 09:28:00,-0.0028,-0.0026
SaveOnEvent_ALL_20260908092907740.csv,2026-09-08 09:29:07,-0.0044,-0.007
SaveOnEvent_ALL_20260908092928425.csv,2026-09-08 09:29:28,-0.0028,-0.003
SaveOnEvent_ALL_20260908093012145.csv,2026-09-08 09:30:12,-0.0028,-0.0026
SaveOnEvent_ALL_20260908093016566.csv,2026-09-08 09:30:16,-0.0028,-0.0026
SaveOnEvent_ALL_20260908093046308.csv,2026-09-08 09:30:46,-0.0028,-0.0026
SaveOnEvent_ALL_20260908093048737.csv,2026-09-08 09:30:48,-0.0028,-0.0026
SaveOnEvent_ALL_20260908093101790.csv,2026-09-08 09:31:01,-0.0028,-0.0026
SaveOnEvent_ALL_20260908093118112.csv,2026-09-08 09:31:18,-0.0028,-0.0026
SaveOnEvent_ALL_20260908093121108.csv,2026-09-08 09:31:21,-0.0028,-0.003
SaveOnEvent_ALL_20260908093140722.csv,2026-09-08 09:31:40,-0.0028,-0.0026
SaveOnEvent_ALL_20260908093147026.csv,2026-09-08 09:31:47,-0.0028,-0.0026
SaveOnEvent_ALL_20260908093202031.csv,2026-09-08 09:32:02,-0.0028,-0.0026
SaveOnEvent_ALL_20260908093208105.csv,2026-09-08 09:32:08,-0.0028,-0.003
SaveOnEvent_ALL_20260908093224421.csv,2026-09-08 09:32:24,-0.0028,-0.0026
SaveOnEvent_ALL_20260908093232012.csv,2026-09-08 09:32:32,-0.0028,-0.0026
SaveOnEvent_ALL_20260908093238990.csv,2026-09-08 09:32:38,-0.0028,-0.0026
SaveOnEvent_ALL_20260908093239925.csv,2026-09-08 09:32:39,-0.0028,-0.0026
SaveOnEvent_ALL_20260908093240447.csv,2026-09-08 09:32:40,-0.0028,-0.0026
SaveOnEvent_ALL_20260908093251371.csv,2026-09-08 09:32:51,-0.0028,-0.0026
SaveOnEvent_ALL_20260908093258602.csv,2026-09-08 09:32:58,-0.0028,-0.0026
SaveOnEvent_ALL_20260908093304129.csv,2026-09-08 09:33:04,-0.0028,-0.0026
SaveOnEvent_ALL_20260908093305666.csv,2026-09-08 09:33:05,-0.0032,-0.0026
SaveOnEvent_ALL_20260908093312068.csv,2026-09-08 09:33:12,-0.0028,-0.0026
SaveOnEvent_ALL_20260908093316389.csv,2026-09-08 09:33:16,-0.0028,-0.0026
SaveOnEvent_ALL_20260908093318197.csv,2026-09-08 09:33:18,-0.0028,-0.003
SaveOnEvent_ALL_20260908093322743.csv,2026-09-08 09:33:22,-0.0028,-0.0026
SaveOnEvent_ALL_20260908093328849.csv,2026-09-08 09:33:28,-0.0028,-0.0026
SaveOnEvent_ALL_20260908093335070.csv,2026-09-08 09:33:35,-0.0028,-0.0026
SaveOnEvent_ALL_20260908093347393.csv,2026-09-08 09:33:47,-0.0032,-0.0026
SaveOnEvent_ALL_20260908093352128.csv,2026-09-08 09:33:52,-0.0032,-0.0026
SaveOnEvent_ALL_20260908093410039.csv,2026-09-08 09:34:10,-0.0028,-0.0026
SaveOnEvent_ALL_20260908093426685.csv,2026-09-08 09:34:26,-0.0028,-0.0026
SaveOnEvent_ALL_20260908093449529.csv,2026-09-08 09:34:49,-0.0028,-0.0026
SaveOnEvent_ALL_20260908093452810.csv,2026-09-08 09:34:52,-0.0028,-0.0026
SaveOnEvent_ALL_20260908093516134.csv,2026-09-08 09:35:16,-0.0028,-0.0026
SaveOnEvent_ALL_20260908093539503.csv,2026-09-08 09:35:39,-0.0028,-0.0026
SaveOnEvent_ALL_20260908093548082.csv,2026-09-08 09:35:48,-0.0028,-0.0026
SaveOnEvent_ALL_20260908093550243.csv,2026-09-08 09:35:50,-0.0028,-0.0026
SaveOnEvent_ALL_20260908093605229.csv,2026-09-08 09:36:05,-0.0028,-0.0026
SaveOnEvent_ALL_20260908093613106.csv,2026-09-08 09:36:13,-0.0028,-0.0026
SaveOnEvent_ALL_20260908093615570.csv,2026-09-08 09:36:15,-0.0028,-0.0026
SaveOnEvent_ALL_20260908093629980.csv,2026-09-08 09:36:29,-0.0028,-0.003
SaveOnEvent_ALL_20260908093642544.csv,2026-09-08 09:36:42,-0.0032,-0.003
SaveOnEvent_ALL_20260908093643103.csv,2026-09-08 09:36:43,-0.0028,-0.0026
SaveOnEvent_ALL_20260908093645354.csv,2026-09-08 09:36:45,-0.0028,-0.0026
SaveOnEvent_ALL_20260908093703356.csv,2026-09-08 09:37:03,-0.0028,-0.003
SaveOnEvent_ALL_20260908093719514.csv,2026-09-08 09:37:19,-0.0028,-0.0026
SaveOnEvent_ALL_20260908093723245.csv,2026-09-08 09:37:23,-0.0028,-0.0026
SaveOnEvent_ALL_20260908093727397.csv,2026-09-08 09:37:27,-0.0028,-0.0026
SaveOnEvent_ALL_20260908093733745.csv,2026-09-08 09:37:33,-0.0028,-0.0026
SaveOnEvent_ALL_20260908093739981.csv,2026-09-08 09:37:39,-0.0028,-0.0026
SaveOnEvent_ALL_20260908093740725.csv,2026-09-08 09:37:40,-0.0028,-0.0026
SaveOnEvent_ALL_20260908093802019.csv,2026-09-08 09:38:02,-0.0036,-0.0026
SaveOnEvent_ALL_20260908093809515.csv,2026-09-08 09:38:09,-0.0028,-0.0026
SaveOnEvent_ALL_20260908093836998.csv,2026-09-08 09:38:36,-0.0028,-0.003
SaveOnEvent_ALL_20260908093846100.csv,2026-09-08 09:38:46,-0.0028,-0.0026
SaveOnEvent_ALL_20260908093847013.csv,2026-09-08 09:38:47,-0.0028,-0.003
SaveOnEvent_ALL_20260908093851818.csv,2026-09-08 09:38:51,-0.012,-0.019
SaveOnEvent_ALL_20260908093924578.csv,2026-09-08 09:39:24,-0.0028,-0.0026
SaveOnEvent_ALL_20260908093930499.csv,2026-09-08 09:39:30,-0.0028,-0.0026
SaveOnEvent_ALL_20260908093944362.csv,2026-09-08 09:39:44,-0.0028,-0.0026
SaveOnEvent_ALL_20260908093946487.csv,2026-09-08 09:39:46,-0.0028,-0.0026
SaveOnEvent_ALL_20260908093956460.csv,2026-09-08 09:39:56,-0.0028,-0.0026
SaveOnEvent_ALL_20260908094000560.csv,2026-09-08 09:40:00,-0.0028,-0.0026
SaveOnEvent_ALL_20260908094001109.csv,2026-09-08 09:40:01,-0.0028,-0.0026
SaveOnEvent_ALL_20260908094009358.csv,2026-09-08 09:40:09,-0.0028,-0.0026
SaveOnEvent_ALL_20260908094027691.csv,2026-09-08 09:40:27,-0.0028,-0.0026
SaveOnEvent_ALL_20260908094033054.csv,2026-09-08 09:40:33,-0.0028,-0.0026
SaveOnEvent_ALL_20260908094036240.csv,2026-09-08 09:40:36,-0.0028,-0.0026
SaveOnEvent_ALL_20260908094052015.csv,2026-09-08 09:40:52,-0.0028,-0.0026
SaveOnEvent_ALL_20260908094056174.csv,2026-09-08 09:40:56,-0.0028,-0.0026
SaveOnEvent_ALL_20260908094101051.csv,2026-09-08 09:41:01,-0.0028,-0.0026
SaveOnEvent_ALL_20260908094110506.csv,2026-09-08 09:41:10,-0.0028,-0.0026
SaveOnEvent_ALL_20260908094140445.csv,2026-09-08 09:41:40,-0.0028,-0.0026
SaveOnEvent_ALL_20260908094141413.csv,2026-09-08 09:41:41,-0.0028,-0.0026
SaveOnEvent_ALL_20260908094145006.csv,2026-09-08 09:41:45,-0.0028,-0.0026
SaveOnEvent_ALL_20260908094145551.csv,2026-09-08 09:41:45,-0.0028,-0.0026
SaveOnEvent_ALL_20260908094146854.csv,2026-09-08 09:41:46,-0.0032,-0.003
SaveOnEvent_ALL_20260908094147760.csv,2026-09-08 09:41:47,-0.0028,-0.0026
SaveOnEvent_ALL_20260908094155525.csv,2026-09-08 09:41:55,-0.0028,-0.0026
SaveOnEvent_ALL_20260908094206522.csv,2026-09-08 09:42:06,-0.0028,-0.0026
SaveOnEvent_ALL_20260908094218991.csv,2026-09-08 09:42:18,-0.0028,-0.0026
SaveOnEvent_ALL_20260908094219884.csv,2026-09-08 09:42:19,-0.0028,-0.0026
SaveOnEvent_ALL_20260908094221553.csv,2026-09-08 09:42:21,-0.014,-0.0142
SaveOnEvent_ALL_20260908094222059.csv,2026-09-08 09:42:22,-0.0028,-0.0026
SaveOnEvent_ALL_20260908094222554.csv,2026-09-08 09:42:22,-0.0032,-0.0026
SaveOnEvent_ALL_20260908094223107.csv,2026-09-08 09:42:23,-0.0028,-0.0026
SaveOnEvent_ALL_20260908094242401.csv,2026-09-08 09:42:42,-0.0028,-0.0026
SaveOnEvent_ALL_20260908094248622.csv,2026-09-08 09:42:48,-0.0028,-0.0026
SaveOnEvent_ALL_20260908094249245.csv,2026-09-08 09:42:49,-0.0028,-0.0026
SaveOnEvent_ALL_20260908094256158.csv,2026-09-08 09:42:56,-0.0028,-0.0026
SaveOnEvent_ALL_20260908094259016.csv,2026-09-08 09:42:59,-0.0028,-0.0026
SaveOnEvent_ALL_20260908094301261.csv,2026-09-08 09:43:01,-0.0028,-0.0026
SaveOnEvent_ALL_20260908094302703.csv,2026-09-08 09:43:02,-0.0028,-0.0026
SaveOnEvent_ALL_20260908094303257.csv,2026-09-08 09:43:03,-0.0028,-0.0026
SaveOnEvent_ALL_20260908094317749.csv,2026-09-08 09:43:17,-0.0036,-0.0026
SaveOnEvent_ALL_20260908094331579.csv,2026-09-08 09:43:31,-0.0028,-0.0026
SaveOnEvent_ALL_20260908094339448.csv,2026-09-08 09:43:39,-0.0028,-0.0026
SaveOnEvent_ALL_20260908094343355.csv,2026-09-08 09:43:43,-0.0028,-0.003
SaveOnEvent_ALL_20260908094347512.csv,2026-09-08 09:43:47,-0.0028,-0.0026
SaveOnEvent_ALL_20260908094349115.csv,2026-09-08 09:43:49,-0.0028,-0.0026
SaveOnEvent_ALL_20260908094351967.csv,2026-09-08 09:43:51,-0.0028,-0.0026
SaveOnEvent_ALL_20260908094353923.csv,2026-09-08 09:43:53,-0.0028,-0.0026
SaveOnEvent_ALL_20260908094356504.csv,2026-09-08 09:43:56,-0.0028,-0.0026
SaveOnEvent_ALL_20260908094357972.csv,2026-09-08 09:43:57,-0.0028,-0.0026
SaveOnEvent_ALL_20260908094410053.csv,2026-09-08 09:44:10,-0.0028,-0.0026
SaveOnEvent_ALL_20260908094410727.csv,2026-09-08 09:44:10,-0.0028,-0.0026
SaveOnEvent_ALL_20260908094415167.csv,2026-09-08 09:44:15,-0.0032,-0.0026
SaveOnEvent_ALL_20260908094419306.csv,2026-09-08 09:44:19,-0.0028,-0.0026
SaveOnEvent_ALL_20260908094420879.csv,2026-09-08 09:44:20,-0.0028,-0.003
SaveOnEvent_ALL_20260908094422027.csv,2026-09-08 09:44:22,-0.0028,-0.003
SaveOnEvent_ALL_20260908094424174.csv,2026-09-08 09:44:24,-0.0028,-0.0026
SaveOnEvent_ALL_20260908094426970.csv,2026-09-08 09:44:26,-0.0028,-0.0026
SaveOnEvent_ALL_20260908094441525.csv,2026-09-08 09:44:41,-0.0028,-0.0026
SaveOnEvent_ALL_20260908094445692.csv,2026-09-08 09:44:45,-0.0028,-0.0026
SaveOnEvent_ALL_20260908094448216.csv,2026-09-08 09:44:48,-0.0028,-0.0026
SaveOnEvent_ALL_20260908094449794.csv,2026-09-08 09:44:49,-0.0028,-0.003
SaveOnEvent_ALL_20260908094451448.csv,2026-09-08 09:44:51,-0.0028,-0.0026
SaveOnEvent_ALL_20260908094455172.csv,2026-09-08 09:44:55,-0.0028,-0.0026
SaveOnEvent_ALL_20260908094507993.csv,2026-09-08 09:45:07,-0.0028,-0.0026
SaveOnEvent_ALL_20260908094508801.csv,2026-09-08 09:45:08,-0.0032,-0.0026
SaveOnEvent_ALL_20260908094509430.csv,2026-09-08 09:45:09,-0.0028,-0.0026
SaveOnEvent_ALL_20260908094513943.csv,2026-09-08 09:45:13,-0.0028,-0.0026
SaveOnEvent_ALL_20260908094514479.csv,2026-09-08 09:45:14,-0.0028,-0.0026
SaveOnEvent_ALL_20260908094538230.csv,2026-09-08 09:45:38,-0.0028,-0.0026
SaveOnEvent_ALL_20260908094545077.csv,2026-09-08 09:45:45,-0.0032,-0.0026
SaveOnEvent_ALL_20260908094551971.csv,2026-09-08 09:45:51,-0.0028,-0.0026
SaveOnEvent_ALL_20260908094552753.csv,2026-09-08 09:45:52,-0.0028,-0.003
SaveOnEvent_ALL_20260908094600241.csv,2026-09-08 09:46:00,-0.0028,-0.0026
SaveOnEvent_ALL_20260908094601653.csv,2026-09-08 09:46:01,-0.0028,-0.0026
SaveOnEvent_ALL_20260908094605935.csv,2026-09-08 09:46:05,-0.0028,-0.0026
SaveOnEvent_ALL_20260908094607698.csv,2026-09-08 09:46:07,-0.0028,-0.0026
SaveOnEvent_ALL_20260908094612443.csv,2026-09-08 09:46:12,-0.0032,-0.0026
SaveOnEvent_ALL_20260908094614571.csv,2026-09-08 09:46:14,-0.0028,-0.0026
SaveOnEvent_ALL_20260908094615177.csv,2026-09-08 09:46:15,-0.0028,-0.0026
SaveOnEvent_ALL_20260908094617935.csv,2026-09-08 09:46:17,-0.0028,-0.0026
SaveOnEvent_ALL_20260908094620674.csv,2026-09-08 09:46:20,-0.0028,-0.0026
SaveOnEvent_ALL_20260908094621210.csv,2026-09-08 09:46:21,-0.0032,-0.003
SaveOnEvent_ALL_20260908094623593.csv,2026-09-08 09:46:23,-0.0028,-0.0026
SaveOnEvent_ALL_20260908094640723.csv,2026-09-08 09:46:40,-0.0028,-0.0026
SaveOnEvent_ALL_20260908094641408.csv,2026-09-08 09:46:41,-0.0028,-0.0034
SaveOnEvent_ALL_20260908094647713.csv,2026-09-08 09:46:47,-0.0028,-0.0026
SaveOnEvent_ALL_20260908094700727.csv,2026-09-08 09:47:00,-0.0028,-0.0026
SaveOnEvent_ALL_20260908094702271.csv,2026-09-08 09:47:02,-0.0032,-0.0026
SaveOnEvent_ALL_20260908094707038.csv,2026-09-08 09:47:07,-0.0028,-0.0026
SaveOnEvent_ALL_20260908094707627.csv,2026-09-08 09:47:07,-0.0032,-0.0026
SaveOnEvent_ALL_20260908094714016.csv,2026-09-08 09:47:14,-0.0028,-0.0026
SaveOnEvent_ALL_20260908094716663.csv,2026-09-08 09:47:16,-0.0028,-0.0026
SaveOnEvent_ALL_20260908094723739.csv,2026-09-08 09:47:23,-0.0028,-0.0026
SaveOnEvent_ALL_20260908094726176.csv,2026-09-08 09:47:26,-0.0028,-0.0026
SaveOnEvent_ALL_20260908094727555.csv,2026-09-08 09:47:27,-0.0032,-0.0026
SaveOnEvent_ALL_20260908094740394.csv,2026-09-08 09:47:40,-0.0028,-0.0026
SaveOnEvent_ALL_20260908094740972.csv,2026-09-08 09:47:40,-0.0028,-0.0026
SaveOnEvent_ALL_20260908094751415.csv,2026-09-08 09:47:51,-0.0028,-0.0026
SaveOnEvent_ALL_20260908094758499.csv,2026-09-08 09:47:58,-0.0028,-0.0026
SaveOnEvent_ALL_20260908094759024.csv,2026-09-08 09:47:59,-0.0032,-0.0026
SaveOnEvent_ALL_20260908094759617.csv,2026-09-08 09:47:59,-0.0028,-0.0026
SaveOnEvent_ALL_20260908094800269.csv,2026-09-08 09:48:00,-0.0028,-0.0026
SaveOnEvent_ALL_20260908094813154.csv,2026-09-08 09:48:13,-0.0028,-0.0026
SaveOnEvent_ALL_20260908094813677.csv,2026-09-08 09:48:13,-0.0028,-0.0026
SaveOnEvent_ALL_20260908094816168.csv,2026-09-08 09:48:16,-0.0028,-0.0026
SaveOnEvent_ALL_20260908094816691.csv,2026-09-08 09:48:16,-0.0028,-0.0026
SaveOnEvent_ALL_20260908094820230.csv,2026-09-08 09:48:20,-0.0028,-0.0026
SaveOnEvent_ALL_20260908094829234.csv,2026-09-08 09:48:29,-0.0032,-0.0026
SaveOnEvent_ALL_20260908094830494.csv,2026-09-08 09:48:30,-0.0028,-0.0026
SaveOnEvent_ALL_20260908094831116.csv,2026-09-08 09:48:31,-0.0028,-0.0026
SaveOnEvent_ALL_20260908094834266.csv,2026-09-08 09:48:34,-0.0028,-0.0026
SaveOnEvent_ALL_20260908094859898.csv,2026-09-08 09:48:59,-0.0028,-0.0026
SaveOnEvent_ALL_20260908094904141.csv,2026-09-08 09:49:04,-0.0028,-0.0026
SaveOnEvent_ALL_20260908094908975.csv,2026-09-08 09:49:08,-0.0028,-0.0026
SaveOnEvent_ALL_20260908094911578.csv,2026-09-08 09:49:11,-0.0032,-0.0026
SaveOnEvent_ALL_20260908094912112.csv,2026-09-08 09:49:12,-0.0028,-0.003
SaveOnEvent_ALL_20260908094921754.csv,2026-09-08 09:49:21,-0.0028,-0.0026
SaveOnEvent_ALL_20260908094926085.csv,2026-09-08 09:49:26,-0.0028,-0.0026
SaveOnEvent_ALL_20260908094936334.csv,2026-09-08 09:49:36,-0.0028,-0.0026
SaveOnEvent_ALL_20260908094939899.csv,2026-09-08 09:49:39,-0.0028,-0.0026
SaveOnEvent_ALL_20260908094940438.csv,2026-09-08 09:49:40,-0.0028,-0.0026
SaveOnEvent_ALL_20260908094943963.csv,2026-09-08 09:49:43,-0.0028,-0.0026
SaveOnEvent_ALL_20260908094948660.csv,2026-09-08 09:49:48,-0.0032,-0.0026
SaveOnEvent_ALL_20260908095001359.csv,2026-09-08 09:50:01,-0.0028,-0.0026
SaveOnEvent_ALL_20260908095016313.csv,2026-09-08 09:50:16,-0.0032,-0.0026
SaveOnEvent_ALL_20260908095018531.csv,2026-09-08 09:50:18,-0.0028,-0.0026
SaveOnEvent_ALL_20260908095037903.csv,2026-09-08 09:50:37,-0.0028,-0.0026
SaveOnEvent_ALL_20260908095040682.csv,2026-09-08 09:50:40,-0.0028,-0.0026
SaveOnEvent_ALL_20260908095042557.csv,2026-09-08 09:50:42,-0.0028,-0.003
SaveOnEvent_ALL_20260908095046388.csv,2026-09-08 09:50:46,-0.0028,-0.0026
SaveOnEvent_ALL_20260908095048175.csv,2026-09-08 09:50:48,-0.0028,-0.0026
SaveOnEvent_ALL_20260908095048784.csv,2026-09-08 09:50:48,-0.0028,-0.0026
SaveOnEvent_ALL_20260908095054649.csv,2026-09-08 09:50:54,-0.0028,-0.0026
SaveOnEvent_ALL_20260908095100486.csv,2026-09-08 09:51:00,-0.0028,-0.0026
SaveOnEvent_ALL_20260908095101232.csv,2026-09-08 09:51:01,-0.0028,-0.0026
SaveOnEvent_ALL_20260908095103510.csv,2026-09-08 09:51:03,-0.0032,-0.0026
SaveOnEvent_ALL_20260908095107107.csv,2026-09-08 09:51:07,-0.0028,-0.0026
SaveOnEvent_ALL_20260908095114198.csv,2026-09-08 09:51:14,-0.0028,-0.0026
SaveOnEvent_ALL_20260908095124553.csv,2026-09-08 09:51:24,-0.0028,-0.0026
SaveOnEvent_ALL_20260908095127005.csv,2026-09-08 09:51:27,-0.0028,-0.003
SaveOnEvent_ALL_20260908095128630.csv,2026-09-08 09:51:28,-0.0028,-0.0026
SaveOnEvent_ALL_20260908095129170.csv,2026-09-08 09:51:29,-0.0028,-0.0026
SaveOnEvent_ALL_20260908095129699.csv,2026-09-08 09:51:29,-0.0028,-0.0026
SaveOnEvent_ALL_20260908095136468.csv,2026-09-08 09:51:36,-0.0028,-0.0034
SaveOnEvent_ALL_20260908095138423.csv,2026-09-08 09:51:38,-0.0028,-0.0026
SaveOnEvent_ALL_20260908095140861.csv,2026-09-08 09:51:40,-0.0028,-0.0026
SaveOnEvent_ALL_20260908095148424.csv,2026-09-08 09:51:48,-0.0028,-0.003
SaveOnEvent_ALL_20260908095150656.csv,2026-09-08 09:51:50,-0.0028,-0.0026
SaveOnEvent_ALL_20260908095151276.csv,2026-09-08 09:51:51,-0.0028,-0.0026
SaveOnEvent_ALL_20260908095151838.csv,2026-09-08 09:51:51,-0.0028,-0.0026
SaveOnEvent_ALL_20260908095153108.csv,2026-09-08 09:51:53,-0.0028,-0.0026
SaveOnEvent_ALL_20260908095154046.csv,2026-09-08 09:51:54,-0.0028,-0.0026
SaveOnEvent_ALL_20260908095158947.csv,2026-09-08 09:51:58,-0.0032,-0.0026
SaveOnEvent_ALL_20260908095200374.csv,2026-09-08 09:52:00,-0.0028,-0.003
SaveOnEvent_ALL_20260908095200933.csv,2026-09-08 09:52:00,-0.0028,-0.0026
SaveOnEvent_ALL_20260908095205109.csv,2026-09-08 09:52:05,-0.0028,-0.0026
SaveOnEvent_ALL_20260908095206805.csv,2026-09-08 09:52:06,-0.0028,-0.0026
SaveOnEvent_ALL_20260908095216113.csv,2026-09-08 09:52:16,-0.0028,-0.0026
SaveOnEvent_ALL_20260908095223557.csv,2026-09-08 09:52:23,-0.0028,-0.0026
SaveOnEvent_ALL_20260908095228580.csv,2026-09-08 09:52:28,-0.0028,-0.0026
SaveOnEvent_ALL_20260908095229348.csv,2026-09-08 09:52:29,-0.0028,-0.0026
SaveOnEvent_ALL_20260908095230889.csv,2026-09-08 09:52:30,-0.0032,-0.0026
SaveOnEvent_ALL_20260908095231436.csv,2026-09-08 09:52:31,-0.0028,-0.0026
SaveOnEvent_ALL_20260908095232087.csv,2026-09-08 09:52:32,-0.0028,-0.0026
SaveOnEvent_ALL_20260908095232626.csv,2026-09-08 09:52:32,-0.0028,-0.0026
SaveOnEvent_ALL_20260908095238779.csv,2026-09-08 09:52:38,-0.0028,-0.0026
SaveOnEvent_ALL_20260908095241249.csv,2026-09-08 09:52:41,-0.0028,-0.0026
SaveOnEvent_ALL_20260908095243251.csv,2026-09-08 09:52:43,-0.0028,-0.0026
SaveOnEvent_ALL_20260908095245013.csv,2026-09-08 09:52:45,-0.0028,-0.0026
SaveOnEvent_ALL_20260908095245805.csv,2026-09-08 09:52:45,-0.0028,-0.0026
SaveOnEvent_ALL_20260908095246375.csv,2026-09-08 09:52:46,-0.0032,-0.003
SaveOnEvent_ALL_20260908095249083.csv,2026-09-08 09:52:49,-0.0028,-0.0026
SaveOnEvent_ALL_20260908095249627.csv,2026-09-08 09:52:49,-0.0028,-0.0026
SaveOnEvent_ALL_20260908095254957.csv,2026-09-08 09:52:54,-0.0028,-0.0026
SaveOnEvent_ALL_20260908095255514.csv,2026-09-08 09:52:55,-0.0028,-0.0026
SaveOnEvent_ALL_20260908095256207.csv,2026-09-08 09:52:56,-0.0028,-0.0026
SaveOnEvent_ALL_20260908095256808.csv,2026-09-08 09:52:56,-0.0028,-0.0026
SaveOnEvent_ALL_20260908095257367.csv,2026-09-08 09:52:57,-0.0028,-0.0026
SaveOnEvent_ALL_20260908095303333.csv,2026-09-08 09:53:03,-0.0028,-0.0026
SaveOnEvent_ALL_20260908095305526.csv,2026-09-08 09:53:05,-0.0036,-0.0026
SaveOnEvent_ALL_20260908095309338.csv,2026-09-08 09:53:09,-0.0028,-0.0026
SaveOnEvent_ALL_20260908095309937.csv,2026-09-08 09:53:09,-0.0028,-0.0026
SaveOnEvent_ALL_20260908095315862.csv,2026-09-08 09:53:15,-0.0028,-0.003
SaveOnEvent_ALL_20260908095316429.csv,2026-09-08 09:53:16,-0.0028,-0.0026
SaveOnEvent_ALL_20260908095319036.csv,2026-09-08 09:53:19,-0.0028,-0.0026
SaveOnEvent_ALL_20260908095320274.csv,2026-09-08 09:53:20,-0.0028,-0.0026
SaveOnEvent_ALL_20260908095320823.csv,2026-09-08 09:53:20,-0.0028,-0.0026
SaveOnEvent_ALL_20260908095323959.csv,2026-09-08 09:53:23,-0.0028,-0.003
SaveOnEvent_ALL_20260908095324501.csv,2026-09-08 09:53:24,-0.0028,-0.0026
SaveOnEvent_ALL_20260908095328130.csv,2026-09-08 09:53:28,-0.0032,-0.0026
SaveOnEvent_ALL_20260908095331079.csv,2026-09-08 09:53:31,-0.0028,-0.0026
SaveOnEvent_ALL_20260908095338990.csv,2026-09-08 09:53:38,-0.0028,-0.003
SaveOnEvent_ALL_20260908095339890.csv,2026-09-08 09:53:39,-0.0036,-0.0026
SaveOnEvent_ALL_20260908095342502.csv,2026-09-08 09:53:42,-0.0028,-0.0026
SaveOnEvent_ALL_20260908095346485.csv,2026-09-08 09:53:46,-0.0028,-0.0026
SaveOnEvent_ALL_20260908095348191.csv,2026-09-08 09:53:48,-0.0028,-0.0026
SaveOnEvent_ALL_20260908095349643.csv,2026-09-08 09:53:49,-0.0028,-0.0026
SaveOnEvent_ALL_20260908095354967.csv,2026-09-08 09:53:54,-0.0028,-0.0026
SaveOnEvent_ALL_20260908095357127.csv,2026-09-08 09:53:57,-0.0028,-0.0026
SaveOnEvent_ALL_20260908095402674.csv,2026-09-08 09:54:02,-0.0028,-0.0026
SaveOnEvent_ALL_20260908095403244.csv,2026-09-08 09:54:03,-0.0028,-0.0026
SaveOnEvent_ALL_20260908095405729.csv,2026-09-08 09:54:05,-0.0032,-0.0026
SaveOnEvent_ALL_20260908095406363.csv,2026-09-08 09:54:06,-0.0028,-0.0026
SaveOnEvent_ALL_20260908095407979.csv,2026-09-08 09:54:07,-0.0028,-0.0026
SaveOnEvent_ALL_20260908095409820.csv,2026-09-08 09:54:09,-0.0028,-0.0026
SaveOnEvent_ALL_20260908095410837.csv,2026-09-08 09:54:10,-0.0028,-0.0026
SaveOnEvent_ALL_20260908095411426.csv,2026-09-08 09:54:11,-0.0028,-0.0026
SaveOnEvent_ALL_20260908095416524.csv,2026-09-08 09:54:16,-0.0028,-0.0026
SaveOnEvent_ALL_20260908095417129.csv,2026-09-08 09:54:17,-0.0032,-0.0026
SaveOnEvent_ALL_20260908095417713.csv,2026-09-08 09:54:17,-0.0032,-0.0026
SaveOnEvent_ALL_20260908095425447.csv,2026-09-08 09:54:25,-0.0028,-0.0026
SaveOnEvent_ALL_20260908095426055.csv,2026-09-08 09:54:26,-0.0028,-0.0026
SaveOnEvent_ALL_20260908095426818.csv,2026-09-08 09:54:26,-0.0028,-0.0026
SaveOnEvent_ALL_20260908095428249.csv,2026-09-08 09:54:28,-0.0028,-0.003
SaveOnEvent_ALL_20260908095429054.csv,2026-09-08 09:54:29,-0.0028,-0.0026
SaveOnEvent_ALL_20260908095429729.csv,2026-09-08 09:54:29,-0.0028,-0.0026
SaveOnEvent_ALL_20260908095430309.csv,2026-09-08 09:54:30,-0.0028,-0.0026
SaveOnEvent_ALL_20260908095432835.csv,2026-09-08 09:54:32,-0.0028,-0.0026
SaveOnEvent_ALL_20260908095433394.csv,2026-09-08 09:54:33,-0.0032,-0.003
SaveOnEvent_ALL_20260908095434508.csv,2026-09-08 09:54:34,-0.0028,-0.0026
SaveOnEvent_ALL_20260908095440806.csv,2026-09-08 09:54:40,-0.0028,-0.0026
SaveOnEvent_ALL_20260908095443845.csv,2026-09-08 09:54:43,-0.0028,-0.003
SaveOnEvent_ALL_20260908095448579.csv,2026-09-08 09:54:48,-0.0032,-0.003
SaveOnEvent_ALL_20260908095451076.csv,2026-09-08 09:54:51,-0.0028,-0.0026
SaveOnEvent_ALL_20260908095454002.csv,2026-09-08 09:54:54,-0.0028,-0.0026
SaveOnEvent_ALL_20260908095457259.csv,2026-09-08 09:54:57,-0.0028,-0.0026
SaveOnEvent_ALL_20260908095504012.csv,2026-09-08 09:55:04,-0.0028,-0.0026
SaveOnEvent_ALL_20260908095508613.csv,2026-09-08 09:55:08,-0.0028,-0.0026
SaveOnEvent_ALL_20260908095510471.csv,2026-09-08 09:55:10,-0.0028,-0.0026
SaveOnEvent_ALL_20260908095511101.csv,2026-09-08 09:55:11,-0.0028,-0.0026
SaveOnEvent_ALL_20260908095512063.csv,2026-09-08 09:55:12,-0.0028,-0.0026
SaveOnEvent_ALL_20260908095513156.csv,2026-09-08 09:55:13,-0.0028,-0.0026
SaveOnEvent_ALL_20260908095513755.csv,2026-09-08 09:55:13,-0.0032,-0.003
SaveOnEvent_ALL_20260908095514324.csv,2026-09-08 09:55:14,-0.0028,-0.0026
SaveOnEvent_ALL_20260908095516002.csv,2026-09-08 09:55:16,-0.0032,-0.0026
SaveOnEvent_ALL_20260908095518277.csv,2026-09-08 09:55:18,-0.0028,-0.0026
SaveOnEvent_ALL_20260908095520672.csv,2026-09-08 09:55:20,-0.0028,-0.0026
SaveOnEvent_ALL_20260908095521244.csv,2026-09-08 09:55:21,-0.0032,-0.0026
SaveOnEvent_ALL_20260908095523716.csv,2026-09-08 09:55:23,-0.0028,-0.0026
SaveOnEvent_ALL_20260908095527308.csv,2026-09-08 09:55:27,-0.0028,-0.0026
SaveOnEvent_ALL_20260908095527917.csv,2026-09-08 09:55:27,-0.0028,-0.0034
SaveOnEvent_ALL_20260908095528492.csv,2026-09-08 09:55:28,-0.0032,-0.0026
SaveOnEvent_ALL_20260908095529248.csv,2026-09-08 09:55:29,-0.0028,-0.0026
SaveOnEvent_ALL_20260908095529849.csv,2026-09-08 09:55:29,-0.0028,-0.0026
SaveOnEvent_ALL_20260908095531304.csv,2026-09-08 09:55:31,-0.0032,-0.0026
SaveOnEvent_ALL_20260908095531980.csv,2026-09-08 09:55:31,-0.0028,-0.0026
SaveOnEvent_ALL_20260908095532565.csv,2026-09-08 09:55:32,-0.0028,-0.0026
SaveOnEvent_ALL_20260908095534101.csv,2026-09-08 09:55:34,-0.0028,-0.0026
SaveOnEvent_ALL_20260908095538160.csv,2026-09-08 09:55:38,-0.0028,-0.003
SaveOnEvent_ALL_20260908095541135.csv,2026-09-08 09:55:41,-0.0028,-0.0026
SaveOnEvent_ALL_20260908095546664.csv,2026-09-08 09:55:46,-0.0028,-0.0026
SaveOnEvent_ALL_20260908095555816.csv,2026-09-08 09:55:55,-0.0028,-0.0026
SaveOnEvent_ALL_20260908095557968.csv,2026-09-08 09:55:57,-0.0028,-0.0026
SaveOnEvent_ALL_20260908095603066.csv,2026-09-08 09:56:03,-0.0028,-0.0026
SaveOnEvent_ALL_20260908095607050.csv,2026-09-08 09:56:07,-0.0028,-0.0026
SaveOnEvent_ALL_20260908095610179.csv,2026-09-08 09:56:10,-0.0028,-0.0026
SaveOnEvent_ALL_20260908095613896.csv,2026-09-08 09:56:13,-0.0032,-0.0026
SaveOnEvent_ALL_20260908095614459.csv,2026-09-08 09:56:14,-0.0028,-0.0026
SaveOnEvent_ALL_20260908095624371.csv,2026-09-08 09:56:24,-0.0028,-0.0026
SaveOnEvent_ALL_20260908095626289.csv,2026-09-08 09:56:26,-0.0028,-0.0026
SaveOnEvent_ALL_20260908095628108.csv,2026-09-08 09:56:28,-0.0028,-0.0026
SaveOnEvent_ALL_20260908095628965.csv,2026-09-08 09:56:28,-0.0028,-0.0026
SaveOnEvent_ALL_20260908095635268.csv,2026-09-08 09:56:35,-0.0028,-0.0034
SaveOnEvent_ALL_20260908095638185.csv,2026-09-08 09:56:38,-0.0028,-0.0026
SaveOnEvent_ALL_20260908095639623.csv,2026-09-08 09:56:39,-0.0028,-0.0026
SaveOnEvent_ALL_20260908095642422.csv,2026-09-08 09:56:42,-0.0028,-0.003
SaveOnEvent_ALL_20260908095645360.csv,2026-09-08 09:56:45,-0.0028,-0.0026
SaveOnEvent_ALL_20260908095645944.csv,2026-09-08 09:56:45,-0.0028,-0.0026
SaveOnEvent_ALL_20260908095650603.csv,2026-09-08 09:56:50,-0.0028,-0.0026
SaveOnEvent_ALL_20260908095652482.csv,2026-09-08 09:56:52,-0.0028,-0.0026
SaveOnEvent_ALL_20260908095654349.csv,2026-09-08 09:56:54,-0.0028,-0.0026
SaveOnEvent_ALL_20260908095659425.csv,2026-09-08 09:56:59,-0.0028,-0.0026
SaveOnEvent_ALL_20260908095700053.csv,2026-09-08 09:57:00,-0.0028,-0.0026
SaveOnEvent_ALL_20260908095700643.csv,2026-09-08 09:57:00,-0.0032,-0.0026
SaveOnEvent_ALL_20260908095703628.csv,2026-09-08 09:57:03,-0.0032,-0.003
SaveOnEvent_ALL_20260908095704207.csv,2026-09-08 09:57:04,-0.0028,-0.0026
SaveOnEvent_ALL_20260908095707099.csv,2026-09-08 09:57:07,-0.0032,-0.0026
SaveOnEvent_ALL_20260908095707678.csv,2026-09-08 09:57:07,-0.0028,-0.0026
SaveOnEvent_ALL_20260908095710633.csv,2026-09-08 09:57:10,-0.0028,-0.003
SaveOnEvent_ALL_20260908095711257.csv,2026-09-08 09:57:11,-0.0028,-0.0026
SaveOnEvent_ALL_20260908095718546.csv,2026-09-08 09:57:18,-0.0028,-0.0026
SaveOnEvent_ALL_20260908095724462.csv,2026-09-08 09:57:24,-0.0028,-0.0026
SaveOnEvent_ALL_20260908095725106.csv,2026-09-08 09:57:25,-0.0028,-0.0026
SaveOnEvent_ALL_20260908095725771.csv,2026-09-08 09:57:25,-0.0028,-0.0026
SaveOnEvent_ALL_20260908095733902.csv,2026-09-08 09:57:33,-0.0028,-0.003
SaveOnEvent_ALL_20260908095735413.csv,2026-09-08 09:57:35,-0.0028,-0.0026
SaveOnEvent_ALL_20260908095737664.csv,2026-09-08 09:57:37,-0.0028,-0.0026
SaveOnEvent_ALL_20260908095741766.csv,2026-09-08 09:57:41,-0.0028,-0.0026
SaveOnEvent_ALL_20260908095742614.csv,2026-09-08 09:57:42,-0.0028,-0.0026
SaveOnEvent_ALL_20260908095745354.csv,2026-09-08 09:57:45,-0.0028,-0.003
SaveOnEvent_ALL_20260908095747809.csv,2026-09-08 09:57:47,-0.0028,-0.0026
SaveOnEvent_ALL_20260908095748515.csv,2026-09-08 09:57:48,-0.0028,-0.0026
SaveOnEvent_ALL_20260908095749832.csv,2026-09-08 09:57:49,-0.0036,-0.0026
SaveOnEvent_ALL_20260908095750415.csv,2026-09-08 09:57:50,-0.0028,-0.0026
SaveOnEvent_ALL_20260908095752886.csv,2026-09-08 09:57:52,-0.0028,-0.0026
SaveOnEvent_ALL_20260908095753379.csv,2026-09-08 09:57:53,-0.0028,-0.0026
SaveOnEvent_ALL_20260908095754276.csv,2026-09-08 09:57:54,-0.0028,-0.0026
SaveOnEvent_ALL_20260908095756114.csv,2026-09-08 09:57:56,-0.0028,-0.0026
SaveOnEvent_ALL_20260908095759731.csv,2026-09-08 09:57:59,-0.0028,-0.0026
SaveOnEvent_ALL_20260908095800685.csv,2026-09-08 09:58:00,-0.0028,-0.0026
SaveOnEvent_ALL_20260908095806911.csv,2026-09-08 09:58:06,-0.0032,-0.0026
SaveOnEvent_ALL_20260908095807755.csv,2026-09-08 09:58:07,-0.0028,-0.0026
SaveOnEvent_ALL_20260908095808983.csv,2026-09-08 09:58:08,-0.0032,-0.0026
SaveOnEvent_ALL_20260908095809577.csv,2026-09-08 09:58:09,-0.0028,-0.0026
SaveOnEvent_ALL_20260908095810531.csv,2026-09-08 09:58:10,-0.0028,-0.0026
SaveOnEvent_ALL_20260908095811109.csv,2026-09-08 09:58:11,-0.0032,-0.0026
SaveOnEvent_ALL_20260908095812997.csv,2026-09-08 09:58:12,-0.0028,-0.0026
SaveOnEvent_ALL_20260908095813598.csv,2026-09-08 09:58:13,-0.0032,-0.0026
SaveOnEvent_ALL_20260908095814215.csv,2026-09-08 09:58:14,-0.0032,-0.0026
SaveOnEvent_ALL_20260908095814820.csv,2026-09-08 09:58:14,-0.0028,-0.003
SaveOnEvent_ALL_20260908095815441.csv,2026-09-08 09:58:15,-0.0028,-0.0026
SaveOnEvent_ALL_20260908095821213.csv,2026-09-08 09:58:21,-0.0028,-0.0034
SaveOnEvent_ALL_20260908095821814.csv,2026-09-08 09:58:21,-0.0036,-0.0026
SaveOnEvent_ALL_20260908095822457.csv,2026-09-08 09:58:22,-0.0028,-0.0026
SaveOnEvent_ALL_20260908095823057.csv,2026-09-08 09:58:23,-0.0028,-0.003
SaveOnEvent_ALL_20260908095823679.csv,2026-09-08 09:58:23,-0.0028,-0.0026
SaveOnEvent_ALL_20260908095824301.csv,2026-09-08 09:58:24,-0.0028,-0.0026
SaveOnEvent_ALL_20260908095825400.csv,2026-09-08 09:58:25,-0.0028,-0.0026
SaveOnEvent_ALL_20260908095826329.csv,2026-09-08 09:58:26,-0.0028,-0.0026
SaveOnEvent_ALL_20260908095826941.csv,2026-09-08 09:58:26,-0.0028,-0.0026
SaveOnEvent_ALL_20260908095829508.csv,2026-09-08 09:58:29,-0.0028,-0.0026
SaveOnEvent_ALL_20260908095831300.csv,2026-09-08 09:58:31,-0.0028,-0.0026
SaveOnEvent_ALL_20260908095833055.csv,2026-09-08 09:58:33,-0.0028,-0.0026
SaveOnEvent_ALL_20260908095833632.csv,2026-09-08 09:58:33,-0.0028,-0.0026
SaveOnEvent_ALL_20260908095836832.csv,2026-09-08 09:58:36,-0.0028,-0.0026
SaveOnEvent_ALL_20260908095837414.csv,2026-09-08 09:58:37,-0.0028,-0.0026
SaveOnEvent_ALL_20260908095838700.csv,2026-09-08 09:58:38,-0.0032,-0.0026
SaveOnEvent_ALL_20260908095839344.csv,2026-09-08 09:58:39,-0.0028,-0.003
SaveOnEvent_ALL_20260908095839947.csv,2026-09-08 09:58:39,-0.0028,-0.003
SaveOnEvent_ALL_20260908095841046.csv,2026-09-08 09:58:41,-0.0028,-0.0026
SaveOnEvent_ALL_20260908095845762.csv,2026-09-08 09:58:45,-0.0028,-0.0026
SaveOnEvent_ALL_20260908095846493.csv,2026-09-08 09:58:46,-0.0028,-0.003
SaveOnEvent_ALL_20260908095847175.csv,2026-09-08 09:58:47,-0.0028,-0.003
SaveOnEvent_ALL_20260908095850541.csv,2026-09-08 09:58:50,-0.0028,-0.0026
SaveOnEvent_ALL_20260908095851117.csv,2026-09-08 09:58:51,-0.0028,-0.0026
SaveOnEvent_ALL_20260908095851719.csv,2026-09-08 09:58:51,-0.0028,-0.003
SaveOnEvent_ALL_20260908095852335.csv,2026-09-08 09:58:52,-0.0028,-0.003
SaveOnEvent_ALL_20260908095853411.csv,2026-09-08 09:58:53,-0.0028,-0.003
SaveOnEvent_ALL_20260908095854027.csv,2026-09-08 09:58:54,-0.0028,-0.0026
SaveOnEvent_ALL_20260908095854815.csv,2026-09-08 09:58:54,-0.0028,-0.0026
SaveOnEvent_ALL_20260908095855564.csv,2026-09-08 09:58:55,-0.0028,-0.0026
SaveOnEvent_ALL_20260908095856968.csv,2026-09-08 09:58:56,-0.0032,-0.003
SaveOnEvent_ALL_20260908095858708.csv,2026-09-08 09:58:58,-0.0028,-0.003
SaveOnEvent_ALL_20260908095859341.csv,2026-09-08 09:58:59,-0.0028,-0.0026
SaveOnEvent_ALL_20260908095902014.csv,2026-09-08 09:59:02,-0.0028,-0.0026
SaveOnEvent_ALL_20260908095902614.csv,2026-09-08 09:59:02,-0.0028,-0.0026
SaveOnEvent_ALL_20260908095903250.csv,2026-09-08 09:59:03,-0.0028,-0.0026
SaveOnEvent_ALL_20260908095904529.csv,2026-09-08 09:59:04,-0.0028,-0.0026
SaveOnEvent_ALL_20260908095905236.csv,2026-09-08 09:59:05,-0.0028,-0.0026
SaveOnEvent_ALL_20260908095906007.csv,2026-09-08 09:59:06,-0.0028,-0.0026
SaveOnEvent_ALL_20260908095908295.csv,2026-09-08 09:59:08,-0.0028,-0.0026
SaveOnEvent_ALL_20260908095909642.csv,2026-09-08 09:59:09,-0.0028,-0.0026
SaveOnEvent_ALL_20260908095910943.csv,2026-09-08 09:59:10,-0.0028,-0.0026
SaveOnEvent_ALL_20260908095914232.csv,2026-09-08 09:59:14,-0.0028,-0.0026
SaveOnEvent_ALL_20260908095915067.csv,2026-09-08 09:59:15,-0.0028,-0.0026
SaveOnEvent_ALL_20260908095917773.csv,2026-09-08 09:59:17,-0.0028,-0.003
SaveOnEvent_ALL_20260908095918600.csv,2026-09-08 09:59:18,-0.0028,-0.0026
SaveOnEvent_ALL_20260908095921839.csv,2026-09-08 09:59:21,-0.0028,-0.0026
SaveOnEvent_ALL_20260908095925437.csv,2026-09-08 09:59:25,-0.0028,-0.0026
SaveOnEvent_ALL_20260908095926315.csv,2026-09-08 09:59:26,-0.0028,-0.0026
SaveOnEvent_ALL_20260908095928161.csv,2026-09-08 09:59:28,-0.0028,-0.0026
SaveOnEvent_ALL_20260908095929822.csv,2026-09-08 09:59:29,-0.0028,-0.0026
SaveOnEvent_ALL_20260908095931756.csv,2026-09-08 09:59:31,-0.0028,-0.0026
SaveOnEvent_ALL_20260908095932760.csv,2026-09-08 09:59:32,-0.0032,-0.0026
SaveOnEvent_ALL_20260908095933511.csv,2026-09-08 09:59:33,-0.0036,-0.0026
SaveOnEvent_ALL_20260908095936014.csv,2026-09-08 09:59:36,-0.0032,-0.0026
SaveOnEvent_ALL_20260908095937281.csv,2026-09-08 09:59:37,-0.0028,-0.0026
SaveOnEvent_ALL_20260908095943021.csv,2026-09-08 09:59:43,-0.0032,-0.0026
SaveOnEvent_ALL_20260908095944132.csv,2026-09-08 09:59:44,-0.0028,-0.0026
SaveOnEvent_ALL_20260908095945583.csv,2026-09-08 09:59:45,-0.0028,-0.0026
SaveOnEvent_ALL_20260908095946184.csv,2026-09-08 09:59:46,-0.0028,-0.0026
SaveOnEvent_ALL_20260908095946840.csv,2026-09-08 09:59:46,-0.0032,-0.0026
SaveOnEvent_ALL_20260908095949354.csv,2026-09-08 09:59:49,-0.0028,-0.0026
SaveOnEvent_ALL_20260908095949953.csv,2026-09-08 09:59:49,-0.0028,-0.0026
SaveOnEvent_ALL_20260908095951057.csv,2026-09-08 09:59:51,-0.0028,-0.0026
SaveOnEvent_ALL_20260908095953167.csv,2026-09-08 09:59:53,-0.0028,-0.0026
SaveOnEvent_ALL_20260908095954472.csv,2026-09-08 09:59:54,-0.0028,-0.003
SaveOnEvent_ALL_20260908095955131.csv,2026-09-08 09:59:55,-0.0028,-0.0026
SaveOnEvent_ALL_20260908095955787.csv,2026-09-08 09:59:55,-0.0028,-0.0026
SaveOnEvent_ALL_20260908100000344.csv,2026-09-08 10:00:00,-0.0028,-0.0026
SaveOnEvent_ALL_20260908100002051.csv,2026-09-08 10:00:02,-0.0032,-0.0026
SaveOnEvent_ALL_20260908100008324.csv,2026-09-08 10:00:08,-0.0028,-0.0026
SaveOnEvent_ALL_20260908100013760.csv,2026-09-08 10:00:13,-0.0028,-0.003
SaveOnEvent_ALL_20260908100015992.csv,2026-09-08 10:00:15,-0.0032,-0.0026
SaveOnEvent_ALL_20260908100022930.csv,2026-09-08 10:00:22,-0.0028,-0.003
SaveOnEvent_ALL_20260908100023554.csv,2026-09-08 10:00:23,-0.0028,-0.0026
SaveOnEvent_ALL_20260908100025149.csv,2026-09-08 10:00:25,-0.0028,-0.0026
SaveOnEvent_ALL_20260908100028849.csv,2026-09-08 10:00:28,-0.0028,-0.0026
SaveOnEvent_ALL_20260908100032765.csv,2026-09-08 10:00:32,-0.0032,-0.003
SaveOnEvent_ALL_20260908100033678.csv,2026-09-08 10:00:33,-0.0028,-0.0026
SaveOnEvent_ALL_20260908100034289.csv,2026-09-08 10:00:34,-0.0028,-0.0026
SaveOnEvent_ALL_20260908100035843.csv,2026-09-08 10:00:35,-0.0024,-0.0026
SaveOnEvent_ALL_20260908100041211.csv,2026-09-08 10:00:41,-0.0028,-0.0026
SaveOnEvent_ALL_20260908100041837.csv,2026-09-08 10:00:41,-0.0028,-0.003
SaveOnEvent_ALL_20260908100043649.csv,2026-09-08 10:00:43,-0.0028,-0.0026
SaveOnEvent_ALL_20260908100046882.csv,2026-09-08 10:00:46,-0.0028,-0.0026
SaveOnEvent_ALL_20260908100050568.csv,2026-09-08 10:00:50,-0.0028,-0.0026
SaveOnEvent_ALL_20260908100052349.csv,2026-09-08 10:00:52,-0.0028,-0.0026
SaveOnEvent_ALL_20260908100053490.csv,2026-09-08 10:00:53,-0.0028,-0.0026
SaveOnEvent_ALL_20260908100055715.csv,2026-09-08 10:00:55,-0.0028,-0.0026
SaveOnEvent_ALL_20260908100056551.csv,2026-09-08 10:00:56,-0.0032,-0.0026
SaveOnEvent_ALL_20260908100058146.csv,2026-09-08 10:00:58,-0.0028,-0.0026
SaveOnEvent_ALL_20260908100100220.csv,2026-09-08 10:01:00,-0.0028,-0.0026
SaveOnEvent_ALL_20260908100101123.csv,2026-09-08 10:01:01,-0.0028,-0.003
SaveOnEvent_ALL_20260908100101798.csv,2026-09-08 10:01:01,-0.0028,-0.003
SaveOnEvent_ALL_20260908100102414.csv,2026-09-08 10:01:02,-0.0028,-0.0026
SaveOnEvent_ALL_20260908100103596.csv,2026-09-08 10:01:03,-0.0032,-0.0026
SaveOnEvent_ALL_20260908100104935.csv,2026-09-08 10:01:04,-0.0028,-0.0026
SaveOnEvent_ALL_20260908100107251.csv,2026-09-08 10:01:07,-0.0028,-0.0026
SaveOnEvent_ALL_20260908100107929.csv,2026-09-08 10:01:07,-0.0028,-0.0026
SaveOnEvent_ALL_20260908100109732.csv,2026-09-08 10:01:09,-0.0028,-0.0026
SaveOnEvent_ALL_20260908100110709.csv,2026-09-08 10:01:10,-0.0032,-0.0026
SaveOnEvent_ALL_20260908100114323.csv,2026-09-08 10:01:14,-0.0032,-0.0026
SaveOnEvent_ALL_20260908100115265.csv,2026-09-08 10:01:15,-0.0028,-0.003
SaveOnEvent_ALL_20260908100119158.csv,2026-09-08 10:01:19,-0.0028,-0.0026
SaveOnEvent_ALL_20260908100122725.csv,2026-09-08 10:01:22,-0.0028,-0.0026
SaveOnEvent_ALL_20260908100125466.csv,2026-09-08 10:01:25,-0.0028,-0.0026
SaveOnEvent_ALL_20260908100131492.csv,2026-09-08 10:01:31,-0.0028,-0.0026
SaveOnEvent_ALL_20260908100132262.csv,2026-09-08 10:01:32,-0.0028,-0.0026
SaveOnEvent_ALL_20260908100134453.csv,2026-09-08 10:01:34,-0.0028,-0.0026
SaveOnEvent_ALL_20260908100135066.csv,2026-09-08 10:01:35,-0.0028,-0.0026
SaveOnEvent_ALL_20260908100140079.csv,2026-09-08 10:01:40,-0.0028,-0.0026
SaveOnEvent_ALL_20260908100141615.csv,2026-09-08 10:01:41,-0.0032,-0.0026
SaveOnEvent_ALL_20260908100142232.csv,2026-09-08 10:01:42,-0.0032,-0.0026
SaveOnEvent_ALL_20260908100143261.csv,2026-09-08 10:01:43,-0.0028,-0.0026
SaveOnEvent_ALL_20260908100150483.csv,2026-09-08 10:01:50,-0.0028,-0.0026
SaveOnEvent_ALL_20260908100151094.csv,2026-09-08 10:01:51,-0.0028,-0.0026
SaveOnEvent_ALL_20260908100154117.csv,2026-09-08 10:01:54,-0.0028,-0.0026
SaveOnEvent_ALL_20260908100157610.csv,2026-09-08 10:01:57,-0.0028,-0.0026
SaveOnEvent_ALL_20260908100203120.csv,2026-09-08 10:02:03,-0.0028,-0.0026
SaveOnEvent_ALL_20260908100203749.csv,2026-09-08 10:02:03,-0.0028,-0.003
SaveOnEvent_ALL_20260908100205473.csv,2026-09-08 10:02:05,-0.0032,-0.0026
SaveOnEvent_ALL_20260908100206090.csv,2026-09-08 10:02:06,-0.0028,-0.0026
SaveOnEvent_ALL_20260908100207667.csv,2026-09-08 10:02:07,-0.0032,-0.0026
SaveOnEvent_ALL_20260908100208368.csv,2026-09-08 10:02:08,-0.0032,-0.0026
SaveOnEvent_ALL_20260908100210126.csv,2026-09-08 10:02:10,-0.0028,-0.0026
SaveOnEvent_ALL_20260908100210778.csv,2026-09-08 10:02:10,-0.0032,-0.0026
SaveOnEvent_ALL_20260908100213016.csv,2026-09-08 10:02:13,-0.0028,-0.0026
SaveOnEvent_ALL_20260908100215020.csv,2026-09-08 10:02:15,-0.0028,-0.0026
SaveOnEvent_ALL_20260908100218512.csv,2026-09-08 10:02:18,-0.0032,-0.0026
SaveOnEvent_ALL_20260908100222847.csv,2026-09-08 10:02:22,-0.0028,-0.0026
SaveOnEvent_ALL_20260908100228174.csv,2026-09-08 10:02:28,-0.0032,-0.0026
SaveOnEvent_ALL_20260908100229398.csv,2026-09-08 10:02:29,-0.0028,-0.0026
SaveOnEvent_ALL_20260908100230107.csv,2026-09-08 10:02:30,-0.0028,-0.003
SaveOnEvent_ALL_20260908100230879.csv,2026-09-08 10:02:30,-0.0032,-0.0026
SaveOnEvent_ALL_20260908100232074.csv,2026-09-08 10:02:32,-0.0028,-0.0026
SaveOnEvent_ALL_20260908100232755.csv,2026-09-08 10:02:32,-0.0032,-0.0026
SaveOnEvent_ALL_20260908100233441.csv,2026-09-08 10:02:33,-0.0028,-0.0026
SaveOnEvent_ALL_20260908100235261.csv,2026-09-08 10:02:35,-0.0028,-0.003
SaveOnEvent_ALL_20260908100235927.csv,2026-09-08 10:02:35,-0.0028,-0.0026
SaveOnEvent_ALL_20260908100240578.csv,2026-09-08 10:02:40,-0.0028,-0.003
SaveOnEvent_ALL_20260908100241271.csv,2026-09-08 10:02:41,-0.0028,-0.0026
SaveOnEvent_ALL_20260908100241931.csv,2026-09-08 10:02:41,-0.0028,-0.0026
SaveOnEvent_ALL_20260908100242897.csv,2026-09-08 10:02:42,-0.0028,-0.0026
SaveOnEvent_ALL_20260908100243514.csv,2026-09-08 10:02:43,-0.0028,-0.0026
SaveOnEvent_ALL_20260908100244146.csv,2026-09-08 10:02:44,-0.0032,-0.0026
SaveOnEvent_ALL_20260908100244762.csv,2026-09-08 10:02:44,-0.0028,-0.0026
SaveOnEvent_ALL_20260908100246194.csv,2026-09-08 10:02:46,-0.0028,-0.0026
SaveOnEvent_ALL_20260908100246816.csv,2026-09-08 10:02:46,-0.0028,-0.003
SaveOnEvent_ALL_20260908100249741.csv,2026-09-08 10:02:49,-0.0032,-0.0026
SaveOnEvent_ALL_20260908100251553.csv,2026-09-08 10:02:51,-0.0032,-0.0026
SaveOnEvent_ALL_20260908100252194.csv,2026-09-08 10:02:52,-0.0028,-0.0026
SaveOnEvent_ALL_20260908100252902.csv,2026-09-08 10:02:52,-0.0028,-0.0026
SaveOnEvent_ALL_20260908100254518.csv,2026-09-08 10:02:54,-0.0028,-0.0026
SaveOnEvent_ALL_20260908100256261.csv,2026-09-08 10:02:56,-0.0028,-0.0026
SaveOnEvent_ALL_20260908100256880.csv,2026-09-08 10:02:56,-0.0028,-0.0026
SaveOnEvent_ALL_20260908100258007.csv,2026-09-08 10:02:58,-0.0028,-0.0026
SaveOnEvent_ALL_20260908100303560.csv,2026-09-08 10:03:03,-0.0028,-0.0026
SaveOnEvent_ALL_20260908100306853.csv,2026-09-08 10:03:06,-0.0032,-0.0026
SaveOnEvent_ALL_20260908100307733.csv,2026-09-08 10:03:07,-0.0028,-0.0026
SaveOnEvent_ALL_20260908100308426.csv,2026-09-08 10:03:08,-0.0028,-0.0026
SaveOnEvent_ALL_20260908100309063.csv,2026-09-08 10:03:09,-0.0028,-0.0026
SaveOnEvent_ALL_20260908100310617.csv,2026-09-08 10:03:10,-0.0028,-0.0026
SaveOnEvent_ALL_20260908100312000.csv,2026-09-08 10:03:12,-0.0028,-0.0026
SaveOnEvent_ALL_20260908100312645.csv,2026-09-08 10:03:12,-0.0028,-0.0026
SaveOnEvent_ALL_20260908100313337.csv,2026-09-08 10:03:13,-0.0028,-0.0026
SaveOnEvent_ALL_20260908100313972.csv,2026-09-08 10:03:13,-0.0028,-0.0026
SaveOnEvent_ALL_20260908100314810.csv,2026-09-08 10:03:14,-0.0028,-0.0026
SaveOnEvent_ALL_20260908100317898.csv,2026-09-08 10:03:17,-0.0028,-0.0026
SaveOnEvent_ALL_20260908100319812.csv,2026-09-08 10:03:19,-0.0028,-0.0026
SaveOnEvent_ALL_20260908100321758.csv,2026-09-08 10:03:21,-0.0028,-0.0026
SaveOnEvent_ALL_20260908100323123.csv,2026-09-08 10:03:23,-0.0028,-0.0026
SaveOnEvent_ALL_20260908100323933.csv,2026-09-08 10:03:23,-0.0028,-0.003
SaveOnEvent_ALL_20260908100325607.csv,2026-09-08 10:03:25,-0.0028,-0.0026
SaveOnEvent_ALL_20260908100326339.csv,2026-09-08 10:03:26,-0.0036,-0.0026
SaveOnEvent_ALL_20260908100327012.csv,2026-09-08 10:03:27,-0.0032,-0.0026
SaveOnEvent_ALL_20260908100327664.csv,2026-09-08 10:03:27,-0.0028,-0.0026
SaveOnEvent_ALL_20260908100328367.csv,2026-09-08 10:03:28,-0.0028,-0.0034
SaveOnEvent_ALL_20260908100329056.csv,2026-09-08 10:03:29,-0.0028,-0.0026
SaveOnEvent_ALL_20260908100333683.csv,2026-09-08 10:03:33,-0.0032,-0.0026
SaveOnEvent_ALL_20260908100334339.csv,2026-09-08 10:03:34,-0.0028,-0.0034
SaveOnEvent_ALL_20260908100336222.csv,2026-09-08 10:03:36,-0.0028,-0.003
SaveOnEvent_ALL_20260908100338080.csv,2026-09-08 10:03:38,-0.0028,-0.003
SaveOnEvent_ALL_20260908100338966.csv,2026-09-08 10:03:38,-0.0028,-0.0026
SaveOnEvent_ALL_20260908100339805.csv,2026-09-08 10:03:39,-0.0028,-0.0026
SaveOnEvent_ALL_20260908100341659.csv,2026-09-08 10:03:41,-0.0028,-0.003
SaveOnEvent_ALL_20260908100344452.csv,2026-09-08 10:03:44,-0.0028,-0.0026
SaveOnEvent_ALL_20260908100352010.csv,2026-09-08 10:03:52,-0.0028,-0.0026
SaveOnEvent_ALL_20260908100354733.csv,2026-09-08 10:03:54,-0.0028,-0.0026
SaveOnEvent_ALL_20260908100355390.csv,2026-09-08 10:03:55,-0.0028,-0.0026
SaveOnEvent_ALL_20260908100358601.csv,2026-09-08 10:03:58,-0.0028,-0.0034
SaveOnEvent_ALL_20260908100401013.csv,2026-09-08 10:04:01,-0.0028,-0.0026
SaveOnEvent_ALL_20260908100406295.csv,2026-09-08 10:04:06,-0.0028,-0.0026
SaveOnEvent_ALL_20260908100406967.csv,2026-09-08 10:04:06,-0.0028,-0.0026
SaveOnEvent_ALL_20260908100407669.csv,2026-09-08 10:04:07,-0.0032,-0.0026
SaveOnEvent_ALL_20260908100408283.csv,2026-09-08 10:04:08,-0.0028,-0.0026
SaveOnEvent_ALL_20260908100408989.csv,2026-09-08 10:04:08,-0.0028,-0.0026
SaveOnEvent_ALL_20260908100409640.csv,2026-09-08 10:04:09,-0.0028,-0.0026
SaveOnEvent_ALL_20260908100410488.csv,2026-09-08 10:04:10,-0.0032,-0.0026
SaveOnEvent_ALL_20260908100411492.csv,2026-09-08 10:04:11,-0.0028,-0.0026
SaveOnEvent_ALL_20260908100412222.csv,2026-09-08 10:04:12,-0.0028,-0.0026
SaveOnEvent_ALL_20260908100413525.csv,2026-09-08 10:04:13,-0.0032,-0.0026
SaveOnEvent_ALL_20260908100414871.csv,2026-09-08 10:04:14,-0.0032,-0.0026
SaveOnEvent_ALL_20260908100415969.csv,2026-09-08 10:04:15,-0.0028,-0.0026
SaveOnEvent_ALL_20260908100416854.csv,2026-09-08 10:04:16,-0.0032,-0.0026
SaveOnEvent_ALL_20260908100417503.csv,2026-09-08 10:04:17,-0.0028,-0.0026
SaveOnEvent_ALL_20260908100418293.csv,2026-09-08 10:04:18,-0.0028,-0.0026
SaveOnEvent_ALL_20260908100422267.csv,2026-09-08 10:04:22,-0.0028,-0.0026
SaveOnEvent_ALL_20260908100422965.csv,2026-09-08 10:04:22,-0.0028,-0.0026
SaveOnEvent_ALL_20260908100424029.csv,2026-09-08 10:04:24,-0.0028,-0.003
SaveOnEvent_ALL_20260908100424707.csv,2026-09-08 10:04:24,-0.0028,-0.0026
SaveOnEvent_ALL_20260908100425350.csv,2026-09-08 10:04:25,-0.0028,-0.0026
SaveOnEvent_ALL_20260908100427103.csv,2026-09-08 10:04:27,-0.0028,-0.0026
SaveOnEvent_ALL_20260908100427753.csv,2026-09-08 10:04:27,-0.0028,-0.0026
SaveOnEvent_ALL_20260908100428427.csv,2026-09-08 10:04:28,-0.0028,-0.0026
SaveOnEvent_ALL_20260908100429132.csv,2026-09-08 10:04:29,-0.0028,-0.0026
SaveOnEvent_ALL_20260908100431283.csv,2026-09-08 10:04:31,-0.0028,-0.003
SaveOnEvent_ALL_20260908100433181.csv,2026-09-08 10:04:33,-0.0028,-0.0026
SaveOnEvent_ALL_20260908100433845.csv,2026-09-08 10:04:33,-0.0028,-0.0026
SaveOnEvent_ALL_20260908100436850.csv,2026-09-08 10:04:36,-0.0028,-0.003
SaveOnEvent_ALL_20260908100440979.csv,2026-09-08 10:04:40,-0.004,-0.0026
SaveOnEvent_ALL_20260908100441710.csv,2026-09-08 10:04:41,-0.0028,-0.0026
SaveOnEvent_ALL_20260908100442379.csv,2026-09-08 10:04:42,-0.0028,-0.0026
SaveOnEvent_ALL_20260908100443952.csv,2026-09-08 10:04:43,-0.0036,-0.0026
SaveOnEvent_ALL_20260908100448683.csv,2026-09-08 10:04:48,-0.0028,-0.0026
SaveOnEvent_ALL_20260908100451090.csv,2026-09-08 10:04:51,-0.0032,-0.0026
SaveOnEvent_ALL_20260908100451749.csv,2026-09-08 10:04:51,-0.0028,-0.0026
SaveOnEvent_ALL_20260908100452430.csv,2026-09-08 10:04:52,-0.0028,-0.0026
SaveOnEvent_ALL_20260908100453130.csv,2026-09-08 10:04:53,-0.0028,-0.003
SaveOnEvent_ALL_20260908100453825.csv,2026-09-08 10:04:53,-0.0028,-0.0034
SaveOnEvent_ALL_20260908100454497.csv,2026-09-08 10:04:54,-0.0036,-0.0026
SaveOnEvent_ALL_20260908100455870.csv,2026-09-08 10:04:55,-0.0032,-0.0026
SaveOnEvent_ALL_20260908100459721.csv,2026-09-08 10:04:59,-0.0028,-0.0026
SaveOnEvent_ALL_20260908100500536.csv,2026-09-08 10:05:00,-0.0028,-0.0026
SaveOnEvent_ALL_20260908100501261.csv,2026-09-08 10:05:01,-0.0028,-0.0026
SaveOnEvent_ALL_20260908100501997.csv,2026-09-08 10:05:01,-0.0028,-0.0026
SaveOnEvent_ALL_20260908100502766.csv,2026-09-08 10:05:02,-0.0028,-0.003
SaveOnEvent_ALL_20260908100504607.csv,2026-09-08 10:05:04,-0.0028,-0.0026
SaveOnEvent_ALL_20260908100505307.csv,2026-09-08 10:05:05,-0.0028,-0.0026
SaveOnEvent_ALL_20260908100506551.csv,2026-09-08 10:05:06,-0.0028,-0.0026
SaveOnEvent_ALL_20260908100507263.csv,2026-09-08 10:05:07,-0.0028,-0.0026
SaveOnEvent_ALL_20260908100508857.csv,2026-09-08 10:05:08,-0.0028,-0.0026
SaveOnEvent_ALL_20260908100510187.csv,2026-09-08 10:05:10,-0.0028,-0.003
SaveOnEvent_ALL_20260908100511334.csv,2026-09-08 10:05:11,-0.0028,-0.003
SaveOnEvent_ALL_20260908100512003.csv,2026-09-08 10:05:12,-0.0028,-0.003
SaveOnEvent_ALL_20260908100513226.csv,2026-09-08 10:05:13,-0.0028,-0.0026
SaveOnEvent_ALL_20260908100513925.csv,2026-09-08 10:05:13,-0.0028,-0.0026
SaveOnEvent_ALL_20260908100516609.csv,2026-09-08 10:05:16,-0.0028,-0.0026
SaveOnEvent_ALL_20260908100517722.csv,2026-09-08 10:05:17,-0.0028,-0.0026
SaveOnEvent_ALL_20260908100518402.csv,2026-09-08 10:05:18,-0.0028,-0.003
SaveOnEvent_ALL_20260908100524410.csv,2026-09-08 10:05:24,-0.0028,-0.0026
SaveOnEvent_ALL_20260908100525308.csv,2026-09-08 10:05:25,-0.0028,-0.0026
SaveOnEvent_ALL_20260908100526726.csv,2026-09-08 10:05:26,-0.0028,-0.0026
SaveOnEvent_ALL_20260908100527440.csv,2026-09-08 10:05:27,-0.0028,-0.0026
SaveOnEvent_ALL_20260908100528139.csv,2026-09-08 10:05:28,-0.0028,-0.0026
SaveOnEvent_ALL_20260908100528816.csv,2026-09-08 10:05:28,-0.0028,-0.0026
SaveOnEvent_ALL_20260908100530634.csv,2026-09-08 10:05:30,-0.0032,-0.0026
SaveOnEvent_ALL_20260908100531294.csv,2026-09-08 10:05:31,-0.0028,-0.0026
SaveOnEvent_ALL_20260908100532356.csv,2026-09-08 10:05:32,-0.0028,-0.0026
SaveOnEvent_ALL_20260908100533063.csv,2026-09-08 10:05:33,-0.0028,-0.0026
SaveOnEvent_ALL_20260908100534327.csv,2026-09-08 10:05:34,-0.0032,-0.0026
SaveOnEvent_ALL_20260908100534983.csv,2026-09-08 10:05:34,-0.0028,-0.0026
SaveOnEvent_ALL_20260908100535699.csv,2026-09-08 10:05:35,-0.0028,-0.0026
SaveOnEvent_ALL_20260908100540997.csv,2026-09-08 10:05:40,-0.0028,-0.0026
SaveOnEvent_ALL_20260908100541676.csv,2026-09-08 10:05:41,-0.0028,-0.0026
SaveOnEvent_ALL_20260908100542372.csv,2026-09-08 10:05:42,-0.0028,-0.0026
SaveOnEvent_ALL_20260908100543207.csv,2026-09-08 10:05:43,-0.0028,-0.0026
SaveOnEvent_ALL_20260908100543892.csv,2026-09-08 10:05:43,-0.0028,-0.0026
SaveOnEvent_ALL_20260908100544574.csv,2026-09-08 10:05:44,-0.0028,-0.0026
SaveOnEvent_ALL_20260908100545317.csv,2026-09-08 10:05:45,-0.0028,-0.0026
SaveOnEvent_ALL_20260908100546041.csv,2026-09-08 10:05:46,-0.0028,-0.0026
SaveOnEvent_ALL_20260908100547146.csv,2026-09-08 10:05:47,-0.0028,-0.0026
SaveOnEvent_ALL_20260908100547888.csv,2026-09-08 10:05:47,-0.0032,-0.0026
SaveOnEvent_ALL_20260908100548578.csv,2026-09-08 10:05:48,-0.0028,-0.0026
SaveOnEvent_ALL_20260908100549259.csv,2026-09-08 10:05:49,-0.0028,-0.0026
SaveOnEvent_ALL_20260908100550053.csv,2026-09-08 10:05:50,-0.0028,-0.0026
SaveOnEvent_ALL_20260908100550699.csv,2026-09-08 10:05:50,-0.0032,-0.0026
SaveOnEvent_ALL_20260908100551334.csv,2026-09-08 10:05:51,-0.0028,-0.0026
SaveOnEvent_ALL_20260908100553145.csv,2026-09-08 10:05:53,-0.0028,-0.0026
SaveOnEvent_ALL_20260908100553856.csv,2026-09-08 10:05:53,-0.0028,-0.0026
SaveOnEvent_ALL_20260908100554916.csv,2026-09-08 10:05:54,-0.0028,-0.0026
SaveOnEvent_ALL_20260908100555606.csv,2026-09-08 10:05:55,-0.0028,-0.0026
SaveOnEvent_ALL_20260908100559825.csv,2026-09-08 10:05:59,-0.0028,-0.0026
SaveOnEvent_ALL_20260908100600497.csv,2026-09-08 10:06:00,-0.0028,-0.0026
SaveOnEvent_ALL_20260908100601185.csv,2026-09-08 10:06:01,-0.0028,-0.0026
SaveOnEvent_ALL_20260908100602385.csv,2026-09-08 10:06:02,-0.0028,-0.0026
SaveOnEvent_ALL_20260908100603064.csv,2026-09-08 10:06:03,-0.0028,-0.003
SaveOnEvent_ALL_20260908100604154.csv,2026-09-08 10:06:04,-0.0032,-0.0026
SaveOnEvent_ALL_20260908100604883.csv,2026-09-08 10:06:04,-0.0028,-0.0026
SaveOnEvent_ALL_20260908100605574.csv,2026-09-08 10:06:05,-0.0028,-0.0026
SaveOnEvent_ALL_20260908100608114.csv,2026-09-08 10:06:08,-0.0032,-0.0026
SaveOnEvent_ALL_20260908100608914.csv,2026-09-08 10:06:08,-0.0028,-0.0026
SaveOnEvent_ALL_20260908100609936.csv,2026-09-08 10:06:09,-0.0028,-0.0026
SaveOnEvent_ALL_20260908100610692.csv,2026-09-08 10:06:10,-0.0032,-0.0026
SaveOnEvent_ALL_20260908100612601.csv,2026-09-08 10:06:12,-0.0032,-0.0026
SaveOnEvent_ALL_20260908100614027.csv,2026-09-08 10:06:14,-0.0028,-0.0026
SaveOnEvent_ALL_20260908100614688.csv,2026-09-08 10:06:14,-0.0028,-0.0026
SaveOnEvent_ALL_20260908100615475.csv,2026-09-08 10:06:15,-0.0028,-0.003
SaveOnEvent_ALL_20260908100616312.csv,2026-09-08 10:06:16,-0.0028,-0.003
SaveOnEvent_ALL_20260908100617045.csv,2026-09-08 10:06:17,-0.0028,-0.0026
SaveOnEvent_ALL_20260908100617746.csv,2026-09-08 10:06:17,-0.0032,-0.0026
SaveOnEvent_ALL_20260908100618439.csv,2026-09-08 10:06:18,-0.0028,-0.0026
SaveOnEvent_ALL_20260908100619947.csv,2026-09-08 10:06:19,-0.0032,-0.003
SaveOnEvent_ALL_20260908100620606.csv,2026-09-08 10:06:20,-0.0028,-0.0026
SaveOnEvent_ALL_20260908100622550.csv,2026-09-08 10:06:22,-0.0028,-0.0026
SaveOnEvent_ALL_20260908100623279.csv,2026-09-08 10:06:23,-0.0032,-0.0026
SaveOnEvent_ALL_20260908100623992.csv,2026-09-08 10:06:23,-0.0028,-0.0026
SaveOnEvent_ALL_20260908100624674.csv,2026-09-08 10:06:24,-0.0032,-0.0026
SaveOnEvent_ALL_20260908100625344.csv,2026-09-08 10:06:25,-0.0028,-0.0026
SaveOnEvent_ALL_20260908100626961.csv,2026-09-08 10:06:26,-0.0036,-0.0026
SaveOnEvent_ALL_20260908100627655.csv,2026-09-08 10:06:27,-0.0028,-0.0026
SaveOnEvent_ALL_20260908100628423.csv,2026-09-08 10:06:28,-0.0028,-0.0026
SaveOnEvent_ALL_20260908100630143.csv,2026-09-08 10:06:30,-0.0032,-0.0026
SaveOnEvent_ALL_20260908100630867.csv,2026-09-08 10:06:30,-0.0028,-0.003
SaveOnEvent_ALL_20260908100632100.csv,2026-09-08 10:06:32,-0.0028,-0.0026
SaveOnEvent_ALL_20260908100632852.csv,2026-09-08 10:06:32,-0.0028,-0.0026
SaveOnEvent_ALL_20260908100634102.csv,2026-09-08 10:06:34,-0.0028,-0.0026
SaveOnEvent_ALL_20260908100634831.csv,2026-09-08 10:06:34,-0.0032,-0.0026
SaveOnEvent_ALL_20260908100635991.csv,2026-09-08 10:06:35,-0.0028,-0.0026
SaveOnEvent_ALL_20260908100636706.csv,2026-09-08 10:06:36,-0.0028,-0.0026
SaveOnEvent_ALL_20260908100637552.csv,2026-09-08 10:06:37,-0.0028,-0.0026
SaveOnEvent_ALL_20260908100638273.csv,2026-09-08 10:06:38,-0.0028,-0.0026
SaveOnEvent_ALL_20260908100638998.csv,2026-09-08 10:06:38,-0.0028,-0.0026
SaveOnEvent_ALL_20260908100639729.csv,2026-09-08 10:06:39,-0.0028,-0.0026
SaveOnEvent_ALL_20260908100640441.csv,2026-09-08 10:06:40,-0.0028,-0.0026
SaveOnEvent_ALL_20260908100641221.csv,2026-09-08 10:06:41,-0.0028,-0.003
SaveOnEvent_ALL_20260908100644363.csv,2026-09-08 10:06:44,-0.0028,-0.0026
SaveOnEvent_ALL_20260908100645501.csv,2026-09-08 10:06:45,-0.0028,-0.0026
SaveOnEvent_ALL_20260908100646898.csv,2026-09-08 10:06:46,-0.0028,-0.0026
SaveOnEvent_ALL_20260908100648022.csv,2026-09-08 10:06:48,-0.0028,-0.0026
SaveOnEvent_ALL_20260908100648705.csv,2026-09-08 10:06:48,-0.0028,-0.0026
SaveOnEvent_ALL_20260908100649503.csv,2026-09-08 10:06:49,-0.0028,-0.003
SaveOnEvent_ALL_20260908100650176.csv,2026-09-08 10:06:50,-0.0028,-0.0026
SaveOnEvent_ALL_20260908100651210.csv,2026-09-08 10:06:51,-0.0028,-0.0026
SaveOnEvent_ALL_20260908100651887.csv,2026-09-08 10:06:51,-0.0028,-0.0026
SaveOnEvent_ALL_20260908100652689.csv,2026-09-08 10:06:52,-0.0028,-0.003
SaveOnEvent_ALL_20260908100653870.csv,2026-09-08 10:06:53,-0.0028,-0.003
SaveOnEvent_ALL_20260908100654594.csv,2026-09-08 10:06:54,-0.0028,-0.003
SaveOnEvent_ALL_20260908100655363.csv,2026-09-08 10:06:55,-0.0028,-0.0026
SaveOnEvent_ALL_20260908100656718.csv,2026-09-08 10:06:56,-0.0028,-0.0026
SaveOnEvent_ALL_20260908100657444.csv,2026-09-08 10:06:57,-0.0032,-0.0034
SaveOnEvent_ALL_20260908100658197.csv,2026-09-08 10:06:58,-0.0036,-0.0026
SaveOnEvent_ALL_20260908100658875.csv,2026-09-08 10:06:58,-0.0028,-0.0026
SaveOnEvent_ALL_20260908100659583.csv,2026-09-08 10:06:59,-0.0028,-0.0026
SaveOnEvent_ALL_20260908100700347.csv,2026-09-08 10:07:00,-0.0028,-0.0026
SaveOnEvent_ALL_20260908100701975.csv,2026-09-08 10:07:01,-0.0028,-0.0026
SaveOnEvent_ALL_20260908100702696.csv,2026-09-08 10:07:02,-0.0028,-0.003
SaveOnEvent_ALL_20260908100703456.csv,2026-09-08 10:07:03,-0.0028,-0.0026
SaveOnEvent_ALL_20260908100704292.csv,2026-09-08 10:07:04,-0.0028,-0.0026
SaveOnEvent_ALL_20260908100706729.csv,2026-09-08 10:07:06,-0.0028,-0.003
SaveOnEvent_ALL_20260908100707524.csv,2026-09-08 10:07:07,-0.0028,-0.0026
SaveOnEvent_ALL_20260908100708343.csv,2026-09-08 10:07:08,-0.0028,-0.0026
SaveOnEvent_ALL_20260908100710531.csv,2026-09-08 10:07:10,-0.0028,-0.0026
SaveOnEvent_ALL_20260908100711292.csv,2026-09-08 10:07:11,-0.0036,-0.0026
SaveOnEvent_ALL_20260908100712014.csv,2026-09-08 10:07:12,-0.0028,-0.003
SaveOnEvent_ALL_20260908100715328.csv,2026-09-08 10:07:15,-0.0028,-0.0026
SaveOnEvent_ALL_20260908100716155.csv,2026-09-08 10:07:16,-0.0028,-0.0026
SaveOnEvent_ALL_20260908100716897.csv,2026-09-08 10:07:16,-0.0028,-0.003
SaveOnEvent_ALL_20260908100717614.csv,2026-09-08 10:07:17,-0.0032,-0.0026
SaveOnEvent_ALL_20260908100718353.csv,2026-09-08 10:07:18,-0.0032,-0.0026
SaveOnEvent_ALL_20260908100719135.csv,2026-09-08 10:07:19,-0.0028,-0.0026
SaveOnEvent_ALL_20260908100719815.csv,2026-09-08 10:07:19,-0.0028,-0.0026
SaveOnEvent_ALL_20260908100720536.csv,2026-09-08 10:07:20,-0.0032,-0.0026
SaveOnEvent_ALL_20260908100721447.csv,2026-09-08 10:07:21,-0.0028,-0.0026
SaveOnEvent_ALL_20260908100722672.csv,2026-09-08 10:07:22,-0.0028,-0.003
SaveOnEvent_ALL_20260908100723451.csv,2026-09-08 10:07:23,-0.0028,-0.0038
SaveOnEvent_ALL_20260908100724176.csv,2026-09-08 10:07:24,-0.0028,-0.003
SaveOnEvent_ALL_20260908100724890.csv,2026-09-08 10:07:24,-0.0028,-0.0026
SaveOnEvent_ALL_20260908100726032.csv,2026-09-08 10:07:26,-0.0028,-0.0026
SaveOnEvent_ALL_20260908100726723.csv,2026-09-08 10:07:26,-0.0028,-0.0026
SaveOnEvent_ALL_20260908100727491.csv,2026-09-08 10:07:27,-0.0028,-0.0026
SaveOnEvent_ALL_20260908100728236.csv,2026-09-08 10:07:28,-0.0032,-0.0026
SaveOnEvent_ALL_20260908100729008.csv,2026-09-08 10:07:29,-0.0028,-0.0026
SaveOnEvent_ALL_20260908100729794.csv,2026-09-08 10:07:29,-0.0028,-0.0026
SaveOnEvent_ALL_20260908100730719.csv,2026-09-08 10:07:30,-0.0032,-0.0026
SaveOnEvent_ALL_20260908100731413.csv,2026-09-08 10:07:31,-0.0032,-0.003
SaveOnEvent_ALL_20260908100733131.csv,2026-09-08 10:07:33,-0.0028,-0.0026
SaveOnEvent_ALL_20260908100736024.csv,2026-09-08 10:07:36,-0.0028,-0.0026
SaveOnEvent_ALL_20260908100736895.csv,2026-09-08 10:07:36,-0.0028,-0.0026
SaveOnEvent_ALL_20260908100737714.csv,2026-09-08 10:07:37,-0.0028,-0.003
SaveOnEvent_ALL_20260908100739449.csv,2026-09-08 10:07:39,-0.0032,-0.0026
SaveOnEvent_ALL_20260908100741127.csv,2026-09-08 10:07:41,-0.0028,-0.0026
SaveOnEvent_ALL_20260908100742697.csv,2026-09-08 10:07:42,-0.0028,-0.003
SaveOnEvent_ALL_20260908100743482.csv,2026-09-08 10:07:43,-0.0028,-0.0026
SaveOnEvent_ALL_20260908100745155.csv,2026-09-08 10:07:45,-0.0028,-0.0026
SaveOnEvent_ALL_20260908100745875.csv,2026-09-08 10:07:45,-0.0032,-0.0026
SaveOnEvent_ALL_20260908100746615.csv,2026-09-08 10:07:46,-0.0032,-0.0026
SaveOnEvent_ALL_20260908100748264.csv,2026-09-08 10:07:48,-0.0028,-0.0026
SaveOnEvent_ALL_20260908100750411.csv,2026-09-08 10:07:50,-0.0028,-0.0026
SaveOnEvent_ALL_20260908100753435.csv,2026-09-08 10:07:53,-0.0028,-0.0026
SaveOnEvent_ALL_20260908100754966.csv,2026-09-08 10:07:54,-0.0028,-0.0026
SaveOnEvent_ALL_20260908100755844.csv,2026-09-08 10:07:55,-0.0028,-0.0026
SaveOnEvent_ALL_20260908100756621.csv,2026-09-08 10:07:56,-0.0028,-0.0026
SaveOnEvent_ALL_20260908100800300.csv,2026-09-08 10:08:00,-0.0028,-0.003
SaveOnEvent_ALL_20260908100802218.csv,2026-09-08 10:08:02,-0.0028,-0.0026
SaveOnEvent_ALL_20260908100803424.csv,2026-09-08 10:08:03,-0.0028,-0.0034
SaveOnEvent_ALL_20260908100804183.csv,2026-09-08 10:08:04,-0.0028,-0.0026
SaveOnEvent_ALL_20260908100804949.csv,2026-09-08 10:08:04,-0.0028,-0.0026
SaveOnEvent_ALL_20260908100805634.csv,2026-09-08 10:08:05,-0.0028,-0.003
SaveOnEvent_ALL_20260908100806337.csv,2026-09-08 10:08:06,-0.0028,-0.003
SaveOnEvent_ALL_20260908100807431.csv,2026-09-08 10:08:07,-0.0028,-0.003
SaveOnEvent_ALL_20260908100808821.csv,2026-09-08 10:08:08,-0.0028,-0.0026
SaveOnEvent_ALL_20260908100809589.csv,2026-09-08 10:08:09,-0.0028,-0.0034
SaveOnEvent_ALL_20260908100810599.csv,2026-09-08 10:08:10,-0.0028,-0.0026
SaveOnEvent_ALL_20260908100812260.csv,2026-09-08 10:08:12,-0.0028,-0.0026
SaveOnEvent_ALL_20260908100812971.csv,2026-09-08 10:08:12,-0.0028,-0.0026
SaveOnEvent_ALL_20260908100814656.csv,2026-09-08 10:08:14,-0.0028,-0.0026
SaveOnEvent_ALL_20260908100815678.csv,2026-09-08 10:08:15,-0.0028,-0.003
SaveOnEvent_ALL_20260908100816384.csv,2026-09-08 10:08:16,-0.0028,-0.0026
SaveOnEvent_ALL_20260908100817146.csv,2026-09-08 10:08:17,-0.0032,-0.0026
SaveOnEvent_ALL_20260908100818177.csv,2026-09-08 10:08:18,-0.0028,-0.0026
SaveOnEvent_ALL_20260908100822227.csv,2026-09-08 10:08:22,-0.0028,-0.0026
SaveOnEvent_ALL_20260908100823206.csv,2026-09-08 10:08:23,-0.0028,-0.0026
SaveOnEvent_ALL_20260908100828603.csv,2026-09-08 10:08:28,-0.0028,-0.003
SaveOnEvent_ALL_20260908100829873.csv,2026-09-08 10:08:29,-0.0028,-0.0026
SaveOnEvent_ALL_20260908100834278.csv,2026-09-08 10:08:34,-0.0028,-0.0026
SaveOnEvent_ALL_20260908100835030.csv,2026-09-08 10:08:35,-0.0028,-0.003
SaveOnEvent_ALL_20260908100839364.csv,2026-09-08 10:08:39,-0.0028,-0.0026
SaveOnEvent_ALL_20260908100840085.csv,2026-09-08 10:08:40,-0.0028,-0.0026
SaveOnEvent_ALL_20260908100841207.csv,2026-09-08 10:08:41,-0.0028,-0.0026
SaveOnEvent_ALL_20260908100842304.csv,2026-09-08 10:08:42,-0.0032,-0.0026
SaveOnEvent_ALL_20260908100843087.csv,2026-09-08 10:08:43,-0.0028,-0.0026
SaveOnEvent_ALL_20260908100843813.csv,2026-09-08 10:08:43,-0.0028,-0.0026
SaveOnEvent_ALL_20260908100844516.csv,2026-09-08 10:08:44,-0.0028,-0.0026
SaveOnEvent_ALL_20260908100846575.csv,2026-09-08 10:08:46,-0.0028,-0.0026
SaveOnEvent_ALL_20260908100848501.csv,2026-09-08 10:08:48,-0.0028,-0.0026
SaveOnEvent_ALL_20260908100850576.csv,2026-09-08 10:08:50,-0.0028,-0.0026
SaveOnEvent_ALL_20260908100851929.csv,2026-09-08 10:08:51,-0.0028,-0.0026
SaveOnEvent_ALL_20260908100852829.csv,2026-09-08 10:08:52,-0.0028,-0.0026
SaveOnEvent_ALL_20260908100853582.csv,2026-09-08 10:08:53,-0.0036,-0.0026
SaveOnEvent_ALL_20260908100854579.csv,2026-09-08 10:08:54,-0.0028,-0.003
SaveOnEvent_ALL_20260908100855362.csv,2026-09-08 10:08:55,-0.0028,-0.0034
SaveOnEvent_ALL_20260908100857895.csv,2026-09-08 10:08:57,-0.0028,-0.0026
SaveOnEvent_ALL_20260908100900707.csv,2026-09-08 10:09:00,-0.0028,-0.0026
SaveOnEvent_ALL_20260908100903759.csv,2026-09-08 10:09:03,-0.0028,-0.0026
SaveOnEvent_ALL_20260908100905453.csv,2026-09-08 10:09:05,-0.0028,-0.0026
SaveOnEvent_ALL_20260908100906168.csv,2026-09-08 10:09:06,-0.0028,-0.003
SaveOnEvent_ALL_20260908100909911.csv,2026-09-08 10:09:09,-0.0028,-0.0026
SaveOnEvent_ALL_20260908100911139.csv,2026-09-08 10:09:11,-0.0028,-0.0026
SaveOnEvent_ALL_20260908100911967.csv,2026-09-08 10:09:11,-0.0028,-0.0026
SaveOnEvent_ALL_20260908100912759.csv,2026-09-08 10:09:12,-0.0028,-0.0026
SaveOnEvent_ALL_20260908100915605.csv,2026-09-08 10:09:15,-0.0028,-0.003
SaveOnEvent_ALL_20260908100916729.csv,2026-09-08 10:09:16,-0.0028,-0.0026
SaveOnEvent_ALL_20260908100917727.csv,2026-09-08 10:09:17,-0.0028,-0.003
SaveOnEvent_ALL_20260908100918534.csv,2026-09-08 10:09:18,-0.0032,-0.0026
SaveOnEvent_ALL_20260908100919304.csv,2026-09-08 10:09:19,-0.0028,-0.0026
SaveOnEvent_ALL_20260908100920328.csv,2026-09-08 10:09:20,-0.0028,-0.0026
SaveOnEvent_ALL_20260908100921072.csv,2026-09-08 10:09:21,-0.0028,-0.0026
SaveOnEvent_ALL_20260908100922951.csv,2026-09-08 10:09:22,-0.0028,-0.0026
SaveOnEvent_ALL_20260908100923658.csv,2026-09-08 10:09:23,-0.0028,-0.0026
SaveOnEvent_ALL_20260908100924458.csv,2026-09-08 10:09:24,-0.0032,-0.0034
SaveOnEvent_ALL_20260908100925513.csv,2026-09-08 10:09:25,-0.0028,-0.0026
SaveOnEvent_ALL_20260908100926349.csv,2026-09-08 10:09:26,-0.0028,-0.0026
SaveOnEvent_ALL_20260908100930599.csv,2026-09-08 10:09:30,-0.0028,-0.0034
SaveOnEvent_ALL_20260908100931440.csv,2026-09-08 10:09:31,-0.0028,-0.0034
SaveOnEvent_ALL_20260908100932258.csv,2026-09-08 10:09:32,-0.0028,-0.0026
SaveOnEvent_ALL_20260908100932978.csv,2026-09-08 10:09:32,-0.0032,-0.003
SaveOnEvent_ALL_20260908100933705.csv,2026-09-08 10:09:33,-0.0028,-0.0026
SaveOnEvent_ALL_20260908100938337.csv,2026-09-08 10:09:38,-0.0028,-0.0026
SaveOnEvent_ALL_20260908100939065.csv,2026-09-08 10:09:39,-0.0028,-0.003
SaveOnEvent_ALL_20260908100941335.csv,2026-09-08 10:09:41,-0.0028,-0.0026
SaveOnEvent_ALL_20260908100942111.csv,2026-09-08 10:09:42,-0.0028,-0.0026
SaveOnEvent_ALL_20260908100943746.csv,2026-09-08 10:09:43,-0.0028,-0.0026
SaveOnEvent_ALL_20260908100944514.csv,2026-09-08 10:09:44,-0.0032,-0.0026
SaveOnEvent_ALL_20260908100948178.csv,2026-09-08 10:09:48,-0.0028,-0.0026
SaveOnEvent_ALL_20260908100948978.csv,2026-09-08 10:09:48,-0.0032,-0.0026
SaveOnEvent_ALL_20260908100950863.csv,2026-09-08 10:09:50,-0.0028,-0.0026
SaveOnEvent_ALL_20260908100951624.csv,2026-09-08 10:09:51,-0.0028,-0.0026
SaveOnEvent_ALL_20260908100957830.csv,2026-09-08 10:09:57,-0.0028,-0.003
SaveOnEvent_ALL_20260908101000409.csv,2026-09-08 10:10:00,-0.0028,-0.0026
SaveOnEvent_ALL_20260908101001135.csv,2026-09-08 10:10:01,-0.0028,-0.0026
SaveOnEvent_ALL_20260908101001931.csv,2026-09-08 10:10:01,-0.0028,-0.0026
SaveOnEvent_ALL_20260908101002646.csv,2026-09-08 10:10:02,-0.0036,-0.0034
SaveOnEvent_ALL_20260908101005708.csv,2026-09-08 10:10:05,-0.0028,-0.003
SaveOnEvent_ALL_20260908101006330.csv,2026-09-08 10:10:06,-0.0032,-0.0026
SaveOnEvent_ALL_20260908101006984.csv,2026-09-08 10:10:06,-0.0028,-0.0026
SaveOnEvent_ALL_20260908101008994.csv,2026-09-08 10:10:08,-0.0028,-0.0026
SaveOnEvent_ALL_20260908101010098.csv,2026-09-08 10:10:10,-0.0028,-0.0026
SaveOnEvent_ALL_20260908101010842.csv,2026-09-08 10:10:10,-0.0028,-0.0026
SaveOnEvent_ALL_20260908101011657.csv,2026-09-08 10:10:11,-0.0028,-0.0026
SaveOnEvent_ALL_20260908101012466.csv,2026-09-08 10:10:12,-0.0028,-0.0026
SaveOnEvent_ALL_20260908101013282.csv,2026-09-08 10:10:13,-0.0028,-0.0026
SaveOnEvent_ALL_20260908101014100.csv,2026-09-08 10:10:14,-0.0032,-0.0026
SaveOnEvent_ALL_20260908101014954.csv,2026-09-08 10:10:14,-0.0028,-0.0026
SaveOnEvent_ALL_20260908101015705.csv,2026-09-08 10:10:15,-0.0028,-0.0026
SaveOnEvent_ALL_20260908101016530.csv,2026-09-08 10:10:16,-0.0028,-0.003
SaveOnEvent_ALL_20260908101018531.csv,2026-09-08 10:10:18,-0.0028,-0.0026
SaveOnEvent_ALL_20260908101019289.csv,2026-09-08 10:10:19,-0.0028,-0.0026
SaveOnEvent_ALL_20260908101021787.csv,2026-09-08 10:10:21,-0.0028,-0.0026
SaveOnEvent_ALL_20260908101023023.csv,2026-09-08 10:10:23,-0.0028,-0.003
SaveOnEvent_ALL_20260908101023792.csv,2026-09-08 10:10:23,-0.0032,-0.0026
SaveOnEvent_ALL_20260908101024775.csv,2026-09-08 10:10:24,-0.0028,-0.0026
SaveOnEvent_ALL_20260908101025904.csv,2026-09-08 10:10:25,-0.0032,-0.0026
SaveOnEvent_ALL_20260908101026708.csv,2026-09-08 10:10:26,-0.0028,-0.0026
SaveOnEvent_ALL_20260908101028060.csv,2026-09-08 10:10:28,-0.0028,-0.0026
SaveOnEvent_ALL_20260908101028563.csv,2026-09-08 10:10:28,-0.0032,-0.0026
SaveOnEvent_ALL_20260908101029752.csv,2026-09-08 10:10:29,-0.0028,-0.0026
SaveOnEvent_ALL_20260908101031679.csv,2026-09-08 10:10:31,-0.0024,-0.0026
SaveOnEvent_ALL_20260908101035956.csv,2026-09-08 10:10:35,-0.0028,-0.0026
SaveOnEvent_ALL_20260908101036717.csv,2026-09-08 10:10:36,-0.0028,-0.0026
SaveOnEvent_ALL_20260908101037420.csv,2026-09-08 10:10:37,-0.0028,-0.0026
SaveOnEvent_ALL_20260908101038250.csv,2026-09-08 10:10:38,-0.0028,-0.0026
SaveOnEvent_ALL_20260908101041547.csv,2026-09-08 10:10:41,-0.0028,-0.0026
SaveOnEvent_ALL_20260908101042509.csv,2026-09-08 10:10:42,-0.0028,-0.0026
SaveOnEvent_ALL_20260908101043267.csv,2026-09-08 10:10:43,-0.0028,-0.003
SaveOnEvent_ALL_20260908101045327.csv,2026-09-08 10:10:45,-0.0028,-0.0026
SaveOnEvent_ALL_20260908101046669.csv,2026-09-08 10:10:46,-0.0028,-0.0026
SaveOnEvent_ALL_20260908101048518.csv,2026-09-08 10:10:48,-0.0028,-0.0034
SaveOnEvent_ALL_20260908101049298.csv,2026-09-08 10:10:49,-0.0028,-0.0026
SaveOnEvent_ALL_20260908101050085.csv,2026-09-08 10:10:50,-0.0028,-0.0026
SaveOnEvent_ALL_20260908101050866.csv,2026-09-08 10:10:50,-0.0028,-0.0026
SaveOnEvent_ALL_20260908101052134.csv,2026-09-08 10:10:52,-0.0028,-0.003
SaveOnEvent_ALL_20260908101052613.csv,2026-09-08 10:10:52,-0.0028,-0.0026
SaveOnEvent_ALL_20260908101053327.csv,2026-09-08 10:10:53,-0.0028,-0.0026
SaveOnEvent_ALL_20260908101054698.csv,2026-09-08 10:10:54,-0.0028,-0.0026
SaveOnEvent_ALL_20260908101055584.csv,2026-09-08 10:10:55,-0.0028,-0.0026
SaveOnEvent_ALL_20260908101056466.csv,2026-09-08 10:10:56,-0.0028,-0.0026
SaveOnEvent_ALL_20260908101057303.csv,2026-09-08 10:10:57,-0.0028,-0.0026
SaveOnEvent_ALL_20260908101058503.csv,2026-09-08 10:10:58,-0.0032,-0.0026
SaveOnEvent_ALL_20260908101059034.csv,2026-09-08 10:10:59,-0.0028,-0.0026
SaveOnEvent_ALL_20260908101100025.csv,2026-09-08 10:11:00,-0.0028,-0.0026
SaveOnEvent_ALL_20260908101100828.csv,2026-09-08 10:11:00,-0.0032,-0.0026
SaveOnEvent_ALL_20260908101102590.csv,2026-09-08 10:11:02,-0.0028,-0.0026
SaveOnEvent_ALL_20260908101103395.csv,2026-09-08 10:11:03,-0.0028,-0.0026
SaveOnEvent_ALL_20260908101104436.csv,2026-09-08 10:11:04,-0.0032,-0.0026
SaveOnEvent_ALL_20260908101105241.csv,2026-09-08 10:11:05,-0.0028,-0.0026
SaveOnEvent_ALL_20260908101106030.csv,2026-09-08 10:11:06,-0.0028,-0.003
SaveOnEvent_ALL_20260908101106789.csv,2026-09-08 10:11:06,-0.0032,-0.0026
SaveOnEvent_ALL_20260908101108554.csv,2026-09-08 10:11:08,-0.0028,-0.0026
SaveOnEvent_ALL_20260908101109629.csv,2026-09-08 10:11:09,-0.0028,-0.0026
SaveOnEvent_ALL_20260908101110841.csv,2026-09-08 10:11:10,-0.0028,-0.0026
SaveOnEvent_ALL_20260908101111712.csv,2026-09-08 10:11:11,-0.0032,-0.003
SaveOnEvent_ALL_20260908101112759.csv,2026-09-08 10:11:12,-0.0028,-0.0026
SaveOnEvent_ALL_20260908101113612.csv,2026-09-08 10:11:13,-0.0036,-0.0026
SaveOnEvent_ALL_20260908101114926.csv,2026-09-08 10:11:14,-0.0028,-0.003
SaveOnEvent_ALL_20260908101115407.csv,2026-09-08 10:11:15,-0.0028,-0.003
SaveOnEvent_ALL_20260908101116502.csv,2026-09-08 10:11:16,-0.0032,-0.0026
SaveOnEvent_ALL_20260908101117263.csv,2026-09-08 10:11:17,-0.0032,-0.0026
SaveOnEvent_ALL_20260908101118011.csv,2026-09-08 10:11:18,-0.0028,-0.003
SaveOnEvent_ALL_20260908101118812.csv,2026-09-08 10:11:18,-0.0028,-0.0026
SaveOnEvent_ALL_20260908101119674.csv,2026-09-08 10:11:19,-0.0028,-0.0034
SaveOnEvent_ALL_20260908101120439.csv,2026-09-08 10:11:20,-0.0032,-0.0026
SaveOnEvent_ALL_20260908101121431.csv,2026-09-08 10:11:21,-0.0028,-0.0026
SaveOnEvent_ALL_20260908101122250.csv,2026-09-08 10:11:22,-0.0028,-0.0026
SaveOnEvent_ALL_20260908101123069.csv,2026-09-08 10:11:23,-0.0028,-0.0026
SaveOnEvent_ALL_20260908101123828.csv,2026-09-08 10:11:23,-0.0028,-0.0026
SaveOnEvent_ALL_20260908101124672.csv,2026-09-08 10:11:24,-0.0028,-0.0026
SaveOnEvent_ALL_20260908101125425.csv,2026-09-08 10:11:25,-0.0028,-0.0026
SaveOnEvent_ALL_20260908101126362.csv,2026-09-08 10:11:26,-0.0028,-0.0026
SaveOnEvent_ALL_20260908101128203.csv,2026-09-08 10:11:28,-0.0028,-0.0026
SaveOnEvent_ALL_20260908101129358.csv,2026-09-08 10:11:29,-0.0028,-0.0026
SaveOnEvent_ALL_20260908101130282.csv,2026-09-08 10:11:30,-0.0028,-0.0026
SaveOnEvent_ALL_20260908101130781.csv,2026-09-08 10:11:30,-0.0028,-0.0026
SaveOnEvent_ALL_20260908101131692.csv,2026-09-08 10:11:31,-0.0028,-0.0026
SaveOnEvent_ALL_20260908101134414.csv,2026-09-08 10:11:34,-0.0028,-0.0026
SaveOnEvent_ALL_20260908101139019.csv,2026-09-08 10:11:39,-0.0032,-0.0026
SaveOnEvent_ALL_20260908101139928.csv,2026-09-08 10:11:39,-0.0032,-0.0026
SaveOnEvent_ALL_20260908101140810.csv,2026-09-08 10:11:40,-0.0028,-0.003
SaveOnEvent_ALL_20260908101141625.csv,2026-09-08 10:11:41,-0.0028,-0.003
SaveOnEvent_ALL_20260908101143228.csv,2026-09-08 10:11:43,-0.0028,-0.0026
SaveOnEvent_ALL_20260908101144024.csv,2026-09-08 10:11:44,-0.0028,-0.003
SaveOnEvent_ALL_20260908101144731.csv,2026-09-08 10:11:44,-0.0028,-0.0026
SaveOnEvent_ALL_20260908101146130.csv,2026-09-08 10:11:46,-0.0028,-0.0026
SaveOnEvent_ALL_20260908101146975.csv,2026-09-08 10:11:46,-0.0028,-0.003
SaveOnEvent_ALL_20260908101147797.csv,2026-09-08 10:11:47,-0.0028,-0.0026
SaveOnEvent_ALL_20260908101148618.csv,2026-09-08 10:11:48,-0.0028,-0.0026
SaveOnEvent_ALL_20260908101149943.csv,2026-09-08 10:11:49,-0.0028,-0.003
SaveOnEvent_ALL_20260908101150751.csv,2026-09-08 10:11:50,-0.0028,-0.0026
SaveOnEvent_ALL_20260908101152578.csv,2026-09-08 10:11:52,-0.0032,-0.0026
SaveOnEvent_ALL_20260908101154666.csv,2026-09-08 10:11:54,-0.0028,-0.0026
SaveOnEvent_ALL_20260908101155884.csv,2026-09-08 10:11:55,-0.0032,-0.0026
SaveOnEvent_ALL_20260908101158257.csv,2026-09-08 10:11:58,-0.0028,-0.0026
SaveOnEvent_ALL_20260908101158799.csv,2026-09-08 10:11:58,-0.0028,-0.0026
SaveOnEvent_ALL_20260908101200913.csv,2026-09-08 10:12:00,-0.0028,-0.0026
SaveOnEvent_ALL_20260908101202044.csv,2026-09-08 10:12:02,-0.0028,-0.003
SaveOnEvent_ALL_20260908101202551.csv,2026-09-08 10:12:02,-0.0028,-0.0026
SaveOnEvent_ALL_20260908101203596.csv,2026-09-08 10:12:03,-0.0028,-0.0026
SaveOnEvent_ALL_20260908101204466.csv,2026-09-08 10:12:04,-0.0032,-0.0026
SaveOnEvent_ALL_20260908101205732.csv,2026-09-08 10:12:05,-0.0028,-0.0026
SaveOnEvent_ALL_20260908101206422.csv,2026-09-08 10:12:06,-0.0028,-0.0026
SaveOnEvent_ALL_20260908101207268.csv,2026-09-08 10:12:07,-0.0028,-0.003
SaveOnEvent_ALL_20260908101208099.csv,2026-09-08 10:12:08,-0.0028,-0.0026
SaveOnEvent_ALL_20260908101208884.csv,2026-09-08 10:12:08,-0.0028,-0.003
SaveOnEvent_ALL_20260908101210588.csv,2026-09-08 10:12:10,-0.0028,-0.0026
SaveOnEvent_ALL_20260908101211096.csv,2026-09-08 10:12:11,-0.0028,-0.003
SaveOnEvent_ALL_20260908101213047.csv,2026-09-08 10:12:13,-0.0028,-0.0026
SaveOnEvent_ALL_20260908101213891.csv,2026-09-08 10:12:13,-0.0028,-0.003
SaveOnEvent_ALL_20260908101214808.csv,2026-09-08 10:12:14,-0.0028,-0.0034
SaveOnEvent_ALL_20260908101215652.csv,2026-09-08 10:12:15,-0.0028,-0.0026
SaveOnEvent_ALL_20260908101216414.csv,2026-09-08 10:12:16,-0.0032,-0.0026
SaveOnEvent_ALL_20260908101216999.csv,2026-09-08 10:12:16,-0.0028,-0.0026
SaveOnEvent_ALL_20260908101218071.csv,2026-09-08 10:12:18,-0.0028,-0.0026
SaveOnEvent_ALL_20260908101218919.csv,2026-09-08 10:12:18,-0.0028,-0.003
SaveOnEvent_ALL_20260908101220146.csv,2026-09-08 10:12:20,-0.0028,-0.0026
SaveOnEvent_ALL_20260908101222191.csv,2026-09-08 10:12:22,-0.0028,-0.003
SaveOnEvent_ALL_20260908101223292.csv,2026-09-08 10:12:23,-0.0028,-0.0026
SaveOnEvent_ALL_20260908101224260.csv,2026-09-08 10:12:24,-0.0028,-0.0034
SaveOnEvent_ALL_20260908101225169.csv,2026-09-08 10:12:25,-0.0028,-0.0026
SaveOnEvent_ALL_20260908101226265.csv,2026-09-08 10:12:26,-0.0028,-0.0026
SaveOnEvent_ALL_20260908101227624.csv,2026-09-08 10:12:27,-0.0032,-0.0026
SaveOnEvent_ALL_20260908101228443.csv,2026-09-08 10:12:28,-0.0028,-0.0026
SaveOnEvent_ALL_20260908101229278.csv,2026-09-08 10:12:29,-0.0028,-0.0034
SaveOnEvent_ALL_20260908101231699.csv,2026-09-08 10:12:31,-0.0028,-0.0026
SaveOnEvent_ALL_20260908101232689.csv,2026-09-08 10:12:32,-0.0028,-0.0026
SaveOnEvent_ALL_20260908101233482.csv,2026-09-08 10:12:33,-0.0032,-0.0026
SaveOnEvent_ALL_20260908101234512.csv,2026-09-08 10:12:34,-0.0032,-0.0026
SaveOnEvent_ALL_20260908101235404.csv,2026-09-08 10:12:35,-0.0028,-0.0026
SaveOnEvent_ALL_20260908101236659.csv,2026-09-08 10:12:36,-0.0028,-0.0026
SaveOnEvent_ALL_20260908101238122.csv,2026-09-08 10:12:38,-0.0032,-0.0026
SaveOnEvent_ALL_20260908101238950.csv,2026-09-08 10:12:38,-0.0028,-0.0026
SaveOnEvent_ALL_20260908101239788.csv,2026-09-08 10:12:39,-0.0028,-0.0026
SaveOnEvent_ALL_20260908101242302.csv,2026-09-08 10:12:42,-0.0028,-0.0026
SaveOnEvent_ALL_20260908101243890.csv,2026-09-08 10:12:43,-0.0028,-0.003
SaveOnEvent_ALL_20260908101244621.csv,2026-09-08 10:12:44,-0.0028,-0.0026
SaveOnEvent_ALL_20260908101245658.csv,2026-09-08 10:12:45,-0.0032,-0.0026
SaveOnEvent_ALL_20260908101246524.csv,2026-09-08 10:12:46,-0.0028,-0.0026
SaveOnEvent_ALL_20260908101247030.csv,2026-09-08 10:12:47,-0.0028,-0.0026
SaveOnEvent_ALL_20260908101248176.csv,2026-09-08 10:12:48,-0.0028,-0.0026
SaveOnEvent_ALL_20260908101250036.csv,2026-09-08 10:12:50,-0.0028,-0.0026
SaveOnEvent_ALL_20260908101250734.csv,2026-09-08 10:12:50,-0.0028,-0.0026
SaveOnEvent_ALL_20260908101251740.csv,2026-09-08 10:12:51,-0.0036,-0.0026
SaveOnEvent_ALL_20260908101255874.csv,2026-09-08 10:12:55,-0.0032,-0.0026
SaveOnEvent_ALL_20260908101256630.csv,2026-09-08 10:12:56,-0.0028,-0.0026
SaveOnEvent_ALL_20260908101257638.csv,2026-09-08 10:12:57,-0.0028,-0.0026
SaveOnEvent_ALL_20260908101258893.csv,2026-09-08 10:12:58,-0.0028,-0.003
SaveOnEvent_ALL_20260908101259791.csv,2026-09-08 10:12:59,-0.0028,-0.0026
SaveOnEvent_ALL_20260908101301334.csv,2026-09-08 10:13:01,-0.0032,-0.0026
SaveOnEvent_ALL_20260908101302196.csv,2026-09-08 10:13:02,-0.0028,-0.0026
SaveOnEvent_ALL_20260908101303821.csv,2026-09-08 10:13:03,-0.0028,-0.0026
SaveOnEvent_ALL_20260908101304975.csv,2026-09-08 10:13:04,-0.0028,-0.0026
SaveOnEvent_ALL_20260908101305743.csv,2026-09-08 10:13:05,-0.0032,-0.0026
SaveOnEvent_ALL_20260908101306817.csv,2026-09-08 10:13:06,-0.0032,-0.0026
SaveOnEvent_ALL_20260908101309877.csv,2026-09-08 10:13:09,-0.0028,-0.0026
SaveOnEvent_ALL_20260908101310723.csv,2026-09-08 10:13:10,-0.0032,-0.0026
SaveOnEvent_ALL_20260908101311629.csv,2026-09-08 10:13:11,-0.0028,-0.003
SaveOnEvent_ALL_20260908101313016.csv,2026-09-08 10:13:13,-0.0028,-0.0026
SaveOnEvent_ALL_20260908101314721.csv,2026-09-08 10:13:14,-0.0028,-0.0026
SaveOnEvent_ALL_20260908101315846.csv,2026-09-08 10:13:15,-0.0028,-0.0026
SaveOnEvent_ALL_20260908101316678.csv,2026-09-08 10:13:16,-0.0028,-0.0026
SaveOnEvent_ALL_20260908101317447.csv,2026-09-08 10:13:17,-0.0028,-0.003
SaveOnEvent_ALL_20260908101318049.csv,2026-09-08 10:13:18,-0.0028,-0.0026
SaveOnEvent_ALL_20260908101318872.csv,2026-09-08 10:13:18,-0.0028,-0.0026
SaveOnEvent_ALL_20260908101321285.csv,2026-09-08 10:13:21,-0.0032,-0.0026
SaveOnEvent_ALL_20260908101321876.csv,2026-09-08 10:13:21,-0.0032,-0.0026
SaveOnEvent_ALL_20260908101323034.csv,2026-09-08 10:13:23,-0.0028,-0.0026
SaveOnEvent_ALL_20260908101323896.csv,2026-09-08 10:13:23,-0.0028,-0.0026
SaveOnEvent_ALL_20260908101324669.csv,2026-09-08 10:13:24,-0.0036,-0.0034
SaveOnEvent_ALL_20260908101325338.csv,2026-09-08 10:13:25,-0.0028,-0.003
SaveOnEvent_ALL_20260908101326461.csv,2026-09-08 10:13:26,-0.0028,-0.0026
SaveOnEvent_ALL_20260908101327009.csv,2026-09-08 10:13:27,-0.0028,-0.0026
SaveOnEvent_ALL_20260908101328663.csv,2026-09-08 10:13:28,-0.0028,-0.0026
SaveOnEvent_ALL_20260908101329545.csv,2026-09-08 10:13:29,-0.0032,-0.0026
SaveOnEvent_ALL_20260908101330877.csv,2026-09-08 10:13:30,-0.0028,-0.0026
SaveOnEvent_ALL_20260908101332396.csv,2026-09-08 10:13:32,-0.0028,-0.0026
SaveOnEvent_ALL_20260908101333330.csv,2026-09-08 10:13:33,-0.0028,-0.003
SaveOnEvent_ALL_20260908101333878.csv,2026-09-08 10:13:33,-0.0028,-0.0026
SaveOnEvent_ALL_20260908101334672.csv,2026-09-08 10:13:34,-0.0028,-0.0026
SaveOnEvent_ALL_20260908101336066.csv,2026-09-08 10:13:36,-0.0028,-0.003
SaveOnEvent_ALL_20260908101336886.csv,2026-09-08 10:13:36,-0.0028,-0.0026
SaveOnEvent_ALL_20260908101337673.csv,2026-09-08 10:13:37,-0.0028,-0.0026
SaveOnEvent_ALL_20260908101338446.csv,2026-09-08 10:13:38,-0.0028,-0.0026
SaveOnEvent_ALL_20260908101339606.csv,2026-09-08 10:13:39,-0.0032,-0.003
SaveOnEvent_ALL_20260908101340209.csv,2026-09-08 10:13:40,-0.0028,-0.0026
SaveOnEvent_ALL_20260908101341095.csv,2026-09-08 10:13:41,-0.0032,-0.0026
SaveOnEvent_ALL_20260908101342215.csv,2026-09-08 10:13:42,-0.0028,-0.0026
SaveOnEvent_ALL_20260908101343073.csv,2026-09-08 10:13:43,-0.0028,-0.0026
SaveOnEvent_ALL_20260908101344180.csv,2026-09-08 10:13:44,-0.0028,-0.0026
SaveOnEvent_ALL_20260908101347140.csv,2026-09-08 10:13:47,-0.0028,-0.003
SaveOnEvent_ALL_20260908101347702.csv,2026-09-08 10:13:47,-0.0028,-0.0026
SaveOnEvent_ALL_20260908101348607.csv,2026-09-08 10:13:48,-0.0028,-0.0026
SaveOnEvent_ALL_20260908101349751.csv,2026-09-08 10:13:49,-0.0028,-0.0026
SaveOnEvent_ALL_20260908101350870.csv,2026-09-08 10:13:50,-0.0028,-0.0026
SaveOnEvent_ALL_20260908101354058.csv,2026-09-08 10:13:54,-0.0028,-0.0026
SaveOnEvent_ALL_20260908101354802.csv,2026-09-08 10:13:54,-0.0028,-0.0026
SaveOnEvent_ALL_20260908101355679.csv,2026-09-08 10:13:55,-0.0028,-0.003
SaveOnEvent_ALL_20260908101356323.csv,2026-09-08 10:13:56,-0.0028,-0.003
SaveOnEvent_ALL_20260908101357191.csv,2026-09-08 10:13:57,-0.0036,-0.003
SaveOnEvent_ALL_20260908101359362.csv,2026-09-08 10:13:59,-0.0028,-0.0026
SaveOnEvent_ALL_20260908101401430.csv,2026-09-08 10:14:01,-0.0028,-0.0026
SaveOnEvent_ALL_20260908101402394.csv,2026-09-08 10:14:02,-0.0028,-0.0026
SaveOnEvent_ALL_20260908101403279.csv,2026-09-08 10:14:03,-0.0028,-0.0026
SaveOnEvent_ALL_20260908101404212.csv,2026-09-08 10:14:04,-0.0028,-0.0026
SaveOnEvent_ALL_20260908101405140.csv,2026-09-08 10:14:05,-0.0028,-0.0026
SaveOnEvent_ALL_20260908101406006.csv,2026-09-08 10:14:06,-0.0028,-0.0026
SaveOnEvent_ALL_20260908101406966.csv,2026-09-08 10:14:06,-0.0028,-0.0026
SaveOnEvent_ALL_20260908101407720.csv,2026-09-08 10:14:07,-0.0028,-0.0026
SaveOnEvent_ALL_20260908101408642.csv,2026-09-08 10:14:08,-0.0028,-0.0026
SaveOnEvent_ALL_20260908101409296.csv,2026-09-08 10:14:09,-0.0032,-0.0026
SaveOnEvent_ALL_20260908101410147.csv,2026-09-08 10:14:10,-0.0028,-0.0026
SaveOnEvent_ALL_20260908101411398.csv,2026-09-08 10:14:11,-0.0028,-0.0034
SaveOnEvent_ALL_20260908101413341.csv,2026-09-08 10:14:13,-0.0028,-0.0026
SaveOnEvent_ALL_20260908101413982.csv,2026-09-08 10:14:13,-0.0028,-0.003
SaveOnEvent_ALL_20260908101415162.csv,2026-09-08 10:14:15,-0.0028,-0.0026
SaveOnEvent_ALL_20260908101417155.csv,2026-09-08 10:14:17,-0.0032,-0.0026
SaveOnEvent_ALL_20260908101418023.csv,2026-09-08 10:14:18,-0.0028,-0.003
SaveOnEvent_ALL_20260908101418768.csv,2026-09-08 10:14:18,-0.0028,-0.0026
SaveOnEvent_ALL_20260908101419887.csv,2026-09-08 10:14:19,-0.0032,-0.0026
SaveOnEvent_ALL_20260908101420630.csv,2026-09-08 10:14:20,-0.0028,-0.0026
SaveOnEvent_ALL_20260908101421324.csv,2026-09-08 10:14:21,-0.0028,-0.0026
SaveOnEvent_ALL_20260908101422294.csv,2026-09-08 10:14:22,-0.0028,-0.003
SaveOnEvent_ALL_20260908101423489.csv,2026-09-08 10:14:23,-0.0028,-0.0026
SaveOnEvent_ALL_20260908101424425.csv,2026-09-08 10:14:24,-0.0028,-0.0026
SaveOnEvent_ALL_20260908101425259.csv,2026-09-08 10:14:25,-0.0028,-0.0026
SaveOnEvent_ALL_20260908101426292.csv,2026-09-08 10:14:26,-0.0028,-0.0034
SaveOnEvent_ALL_20260908101427168.csv,2026-09-08 10:14:27,-0.0028,-0.0026
SaveOnEvent_ALL_20260908101427668.csv,2026-09-08 10:14:27,-0.0028,-0.0026
SaveOnEvent_ALL_20260908101428540.csv,2026-09-08 10:14:28,-0.0028,-0.0026
SaveOnEvent_ALL_20260908101429428.csv,2026-09-08 10:14:29,-0.0028,-0.0026
SaveOnEvent_ALL_20260908101430464.csv,2026-09-08 10:14:30,-0.0028,-0.0026
SaveOnEvent_ALL_20260908101431199.csv,2026-09-08 10:14:31,-0.0028,-0.0026
SaveOnEvent_ALL_20260908101432028.csv,2026-09-08 10:14:32,-0.0028,-0.0026
SaveOnEvent_ALL_20260908101433501.csv,2026-09-08 10:14:33,-0.0028,-0.003
SaveOnEvent_ALL_20260908101434371.csv,2026-09-08 10:14:34,-0.0028,-0.003
SaveOnEvent_ALL_20260908101435636.csv,2026-09-08 10:14:35,-0.0028,-0.0026
SaveOnEvent_ALL_20260908101438096.csv,2026-09-08 10:14:38,-0.0028,-0.003
SaveOnEvent_ALL_20260908101439008.csv,2026-09-08 10:14:39,-0.0028,-0.0026
SaveOnEvent_ALL_20260908101439814.csv,2026-09-08 10:14:39,-0.0028,-0.0022
SaveOnEvent_ALL_20260908101440867.csv,2026-09-08 10:14:40,-0.0036,-0.003
SaveOnEvent_ALL_20260908101442237.csv,2026-09-08 10:14:42,-0.0028,-0.0026
SaveOnEvent_ALL_20260908101442722.csv,2026-09-08 10:14:42,-0.004,-0.0026
SaveOnEvent_ALL_20260908101443617.csv,2026-09-08 10:14:43,-0.0028,-0.0026
SaveOnEvent_ALL_20260908101444975.csv,2026-09-08 10:14:44,-0.0028,-0.0026
SaveOnEvent_ALL_20260908101449442.csv,2026-09-08 10:14:49,-0.0028,-0.0026
SaveOnEvent_ALL_20260908101450341.csv,2026-09-08 10:14:50,-0.0028,-0.0026
SaveOnEvent_ALL_20260908101451948.csv,2026-09-08 10:14:51,-0.0028,-0.0026
SaveOnEvent_ALL_20260908101453818.csv,2026-09-08 10:14:53,-0.0028,-0.0026
SaveOnEvent_ALL_20260908101455093.csv,2026-09-08 10:14:55,-0.0032,-0.0026
SaveOnEvent_ALL_20260908101456546.csv,2026-09-08 10:14:56,-0.0028,-0.0026
SaveOnEvent_ALL_20260908101458374.csv,2026-09-08 10:14:58,-0.0028,-0.0026
SaveOnEvent_ALL_20260908101459144.csv,2026-09-08 10:14:59,-0.0028,-0.0026
SaveOnEvent_ALL_20260908101500630.csv,2026-09-08 10:15:00,-0.0028,-0.0026
SaveOnEvent_ALL_20260908101501443.csv,2026-09-08 10:15:01,-0.0028,-0.0026
SaveOnEvent_ALL_20260908101502179.csv,2026-09-08 10:15:02,-0.0028,-0.003
SaveOnEvent_ALL_20260908101503416.csv,2026-09-08 10:15:03,-0.0028,-0.0026
SaveOnEvent_ALL_20260908101504399.csv,2026-09-08 10:15:04,-0.0028,-0.003
SaveOnEvent_ALL_20260908101505555.csv,2026-09-08 10:15:05,-0.0028,-0.0026
SaveOnEvent_ALL_20260908101506453.csv,2026-09-08 10:15:06,-0.0028,-0.0026
SaveOnEvent_ALL_20260908101508922.csv,2026-09-08 10:15:08,-0.0028,-0.0026
SaveOnEvent_ALL_20260908101510240.csv,2026-09-08 10:15:10,-0.0028,-0.0034
SaveOnEvent_ALL_20260908101511534.csv,2026-09-08 10:15:11,-0.0032,-0.0026
SaveOnEvent_ALL_20260908101512111.csv,2026-09-08 10:15:12,-0.0028,-0.0026
SaveOnEvent_ALL_20260908101513789.csv,2026-09-08 10:15:13,-0.0028,-0.0026
SaveOnEvent_ALL_20260908101514425.csv,2026-09-08 10:15:14,-0.0028,-0.0026
SaveOnEvent_ALL_20260908101515332.csv,2026-09-08 10:15:15,-0.0032,-0.0026
SaveOnEvent_ALL_20260908101516150.csv,2026-09-08 10:15:16,-0.0028,-0.0026
SaveOnEvent_ALL_20260908101517071.csv,2026-09-08 10:15:17,-0.0028,-0.0026
SaveOnEvent_ALL_20260908101518555.csv,2026-09-08 10:15:18,-0.0032,-0.003
SaveOnEvent_ALL_20260908101519595.csv,2026-09-08 10:15:19,-0.0028,-0.0026
SaveOnEvent_ALL_20260908101520561.csv,2026-09-08 10:15:20,-0.0036,-0.0026
SaveOnEvent_ALL_20260908101521164.csv,2026-09-08 10:15:21,-0.0028,-0.0026
SaveOnEvent_ALL_20260908101522049.csv,2026-09-08 10:15:22,-0.0028,-0.0026
SaveOnEvent_ALL_20260908101522977.csv,2026-09-08 10:15:22,-0.0028,-0.0026
SaveOnEvent_ALL_20260908101524234.csv,2026-09-08 10:15:24,-0.0028,-0.0026
SaveOnEvent_ALL_20260908101525550.csv,2026-09-08 10:15:25,-0.0028,-0.0026
SaveOnEvent_ALL_20260908101526878.csv,2026-09-08 10:15:26,-0.0028,-0.0026
SaveOnEvent_ALL_20260908101527782.csv,2026-09-08 10:15:27,-0.0032,-0.0026
SaveOnEvent_ALL_20260908101528695.csv,2026-09-08 10:15:28,-0.0028,-0.0026
SaveOnEvent_ALL_20260908101529499.csv,2026-09-08 10:15:29,-0.0028,-0.0026
SaveOnEvent_ALL_20260908101530345.csv,2026-09-08 10:15:30,-0.0028,-0.0026
SaveOnEvent_ALL_20260908101532005.csv,2026-09-08 10:15:32,-0.0028,-0.0026
SaveOnEvent_ALL_20260908101532933.csv,2026-09-08 10:15:32,-0.0028,-0.0026
SaveOnEvent_ALL_20260908101533987.csv,2026-09-08 10:15:33,-0.0028,-0.003
SaveOnEvent_ALL_20260908101534921.csv,2026-09-08 10:15:34,-0.0028,-0.003
SaveOnEvent_ALL_20260908101535742.csv,2026-09-08 10:15:35,-0.0028,-0.0026
SaveOnEvent_ALL_20260908101537484.csv,2026-09-08 10:15:37,-0.0028,-0.0026
SaveOnEvent_ALL_20260908101539413.csv,2026-09-08 10:15:39,-0.0028,-0.0026
SaveOnEvent_ALL_20260908101540147.csv,2026-09-08 10:15:40,-0.0028,-0.0026
SaveOnEvent_ALL_20260908101540954.csv,2026-09-08 10:15:40,-0.0028,-0.0026
SaveOnEvent_ALL_20260908101542381.csv,2026-09-08 10:15:42,-0.0028,-0.0026
SaveOnEvent_ALL_20260908101543342.csv,2026-09-08 10:15:43,-0.0028,-0.0038
SaveOnEvent_ALL_20260908101544391.csv,2026-09-08 10:15:44,-0.0028,-0.0026
SaveOnEvent_ALL_20260908101545291.csv,2026-09-08 10:15:45,-0.0028,-0.0026
SaveOnEvent_ALL_20260908101546375.csv,2026-09-08 10:15:46,-0.0028,-0.0018
SaveOnEvent_ALL_20260908101547968.csv,2026-09-08 10:15:47,-0.0036,-0.0026
SaveOnEvent_ALL_20260908101548608.csv,2026-09-08 10:15:48,-0.0028,-0.0026
SaveOnEvent_ALL_20260908101549977.csv,2026-09-08 10:15:49,-0.0028,-0.003
SaveOnEvent_ALL_20260908101551008.csv,2026-09-08 10:15:51,-0.0028,-0.0026
SaveOnEvent_ALL_20260908101552049.csv,2026-09-08 10:15:52,-0.0028,-0.0026
SaveOnEvent_ALL_20260908101552651.csv,2026-09-08 10:15:52,-0.0032,-0.0026
SaveOnEvent_ALL_20260908101553621.csv,2026-09-08 10:15:53,-0.0028,-0.0026
SaveOnEvent_ALL_20260908101554783.csv,2026-09-08 10:15:54,-0.0028,-0.0022
SaveOnEvent_ALL_20260908101555653.csv,2026-09-08 10:15:55,-0.0032,-0.0026
SaveOnEvent_ALL_20260908101556443.csv,2026-09-08 10:15:56,-0.0028,-0.0026
SaveOnEvent_ALL_20260908101557368.csv,2026-09-08 10:15:57,-0.0028,-0.0026
SaveOnEvent_ALL_20260908101558541.csv,2026-09-08 10:15:58,-0.0028,-0.003
SaveOnEvent_ALL_20260908101600446.csv,2026-09-08 10:16:00,-0.0028,-0.003
SaveOnEvent_ALL_20260908101601457.csv,2026-09-08 10:16:01,-0.0028,-0.0026
SaveOnEvent_ALL_20260908101602502.csv,2026-09-08 10:16:02,-0.0028,-0.0026
SaveOnEvent_ALL_20260908101604432.csv,2026-09-08 10:16:04,-0.0028,-0.0026
SaveOnEvent_ALL_20260908101605526.csv,2026-09-08 10:16:05,-0.0028,-0.0026
SaveOnEvent_ALL_20260908101606465.csv,2026-09-08 10:16:06,-0.0028,-0.0026
SaveOnEvent_ALL_20260908101607417.csv,2026-09-08 10:16:07,-0.0028,-0.0026
SaveOnEvent_ALL_20260908101608226.csv,2026-09-08 10:16:08,-0.0036,-0.0026
SaveOnEvent_ALL_20260908101609503.csv,2026-09-08 10:16:09,-0.0028,-0.0026
SaveOnEvent_ALL_20260908101610006.csv,2026-09-08 10:16:10,-0.0032,-0.003
SaveOnEvent_ALL_20260908101610957.csv,2026-09-08 10:16:10,-0.0028,-0.0026
SaveOnEvent_ALL_20260908101611891.csv,2026-09-08 10:16:11,-0.0028,-0.0026
SaveOnEvent_ALL_20260908101612837.csv,2026-09-08 10:16:12,-0.0024,-0.003
SaveOnEvent_ALL_20260908101613753.csv,2026-09-08 10:16:13,-0.0028,-0.0026
SaveOnEvent_ALL_20260908101615482.csv,2026-09-08 10:16:15,-0.0028,-0.0026
SaveOnEvent_ALL_20260908101616377.csv,2026-09-08 10:16:16,-0.0028,-0.0034
SaveOnEvent_ALL_20260908101618204.csv,2026-09-08 10:16:18,-0.0028,-0.0026
SaveOnEvent_ALL_20260908101619563.csv,2026-09-08 10:16:19,-0.0032,-0.0026
SaveOnEvent_ALL_20260908101620581.csv,2026-09-08 10:16:20,-0.0028,-0.0026
SaveOnEvent_ALL_20260908101621251.csv,2026-09-08 10:16:21,-0.0028,-0.0026
SaveOnEvent_ALL_20260908101622145.csv,2026-09-08 10:16:22,-0.0028,-0.0026
SaveOnEvent_ALL_20260908101623261.csv,2026-09-08 10:16:23,-0.0032,-0.003
SaveOnEvent_ALL_20260908101624503.csv,2026-09-08 10:16:24,-0.0032,-0.003
SaveOnEvent_ALL_20260908101625082.csv,2026-09-08 10:16:25,-0.0028,-0.0026
SaveOnEvent_ALL_20260908101626040.csv,2026-09-08 10:16:26,-0.0032,-0.0026
SaveOnEvent_ALL_20260908101626953.csv,2026-09-08 10:16:26,-0.0028,-0.0026
SaveOnEvent_ALL_20260908101627989.csv,2026-09-08 10:16:27,-0.0028,-0.0026
SaveOnEvent_ALL_20260908101629374.csv,2026-09-08 10:16:29,-0.0032,-0.0026
SaveOnEvent_ALL_20260908101630374.csv,2026-09-08 10:16:30,-0.0028,-0.0026
SaveOnEvent_ALL_20260908101631119.csv,2026-09-08 10:16:31,-0.0028,-0.0026
SaveOnEvent_ALL_20260908101632399.csv,2026-09-08 10:16:32,-0.0028,-0.0026
SaveOnEvent_ALL_20260908101633124.csv,2026-09-08 10:16:33,-0.0128,-0.0062
SaveOnEvent_ALL_20260908101635083.csv,2026-09-08 10:16:35,-0.0028,-0.0026
SaveOnEvent_ALL_20260908101635714.csv,2026-09-08 10:16:35,-0.0028,-0.0026
SaveOnEvent_ALL_20260908101636704.csv,2026-09-08 10:16:36,-0.0028,-0.003
SaveOnEvent_ALL_20260908101638496.csv,2026-09-08 10:16:38,-0.0036,-0.0026
SaveOnEvent_ALL_20260908101639113.csv,2026-09-08 10:16:39,-0.0028,-0.0026
SaveOnEvent_ALL_20260908101640051.csv,2026-09-08 10:16:40,-0.0028,-0.0034
SaveOnEvent_ALL_20260908101641602.csv,2026-09-08 10:16:41,-0.0028,-0.003
SaveOnEvent_ALL_20260908101642125.csv,2026-09-08 10:16:42,-0.0024,-0.0026
SaveOnEvent_ALL_20260908101643618.csv,2026-09-08 10:16:43,-0.0028,-0.0026
SaveOnEvent_ALL_20260908101645455.csv,2026-09-08 10:16:45,-0.0028,-0.0018
SaveOnEvent_ALL_20260908101646104.csv,2026-09-08 10:16:46,-0.0028,-0.0026
SaveOnEvent_ALL_20260908101647199.csv,2026-09-08 10:16:47,-0.0028,-0.0026
SaveOnEvent_ALL_20260908101648124.csv,2026-09-08 10:16:48,-0.0028,-0.0026
SaveOnEvent_ALL_20260908101649133.csv,2026-09-08 10:16:49,-0.0032,-0.0026
SaveOnEvent_ALL_20260908101650202.csv,2026-09-08 10:16:50,-0.0028,-0.0026
SaveOnEvent_ALL_20260908101651186.csv,2026-09-08 10:16:51,-0.0028,-0.0026
SaveOnEvent_ALL_20260908101652220.csv,2026-09-08 10:16:52,-0.0028,-0.0034
SaveOnEvent_ALL_20260908101653170.csv,2026-09-08 10:16:53,-0.0028,-0.0026
SaveOnEvent_ALL_20260908101654087.csv,2026-09-08 10:16:54,-0.0028,-0.0026
SaveOnEvent_ALL_20260908101655688.csv,2026-09-08 10:16:55,-0.0036,-0.003
SaveOnEvent_ALL_20260908101656681.csv,2026-09-08 10:16:56,-0.0028,-0.003
SaveOnEvent_ALL_20260908101657219.csv,2026-09-08 10:16:57,-0.0028,-0.0026
SaveOnEvent_ALL_20260908101658184.csv,2026-09-08 10:16:58,-0.0032,-0.0026
SaveOnEvent_ALL_20260908101659523.csv,2026-09-08 10:16:59,-0.0032,-0.0026
SaveOnEvent_ALL_20260908101700109.csv,2026-09-08 10:17:00,-0.0028,-0.003
SaveOnEvent_ALL_20260908101701066.csv,2026-09-08 10:17:01,-0.0028,-0.0026
SaveOnEvent_ALL_20260908101702486.csv,2026-09-08 10:17:02,-0.0028,-0.0026
SaveOnEvent_ALL_20260908101703020.csv,2026-09-08 10:17:03,-0.0028,-0.0026
SaveOnEvent_ALL_20260908101704369.csv,2026-09-08 10:17:04,-0.0028,-0.0026
SaveOnEvent_ALL_20260908101705847.csv,2026-09-08 10:17:05,-0.0028,-0.0026
SaveOnEvent_ALL_20260908101706676.csv,2026-09-08 10:17:06,-0.0028,-0.0026
SaveOnEvent_ALL_20260908101707705.csv,2026-09-08 10:17:07,-0.0028,-0.0026
SaveOnEvent_ALL_20260908101708612.csv,2026-09-08 10:17:08,-0.0028,-0.0026
SaveOnEvent_ALL_20260908101710787.csv,2026-09-08 10:17:10,-0.0032,-0.0026
SaveOnEvent_ALL_20260908101711650.csv,2026-09-08 10:17:11,-0.0032,-0.003
SaveOnEvent_ALL_20260908101712686.csv,2026-09-08 10:17:12,-0.0028,-0.0026
SaveOnEvent_ALL_20260908101713545.csv,2026-09-08 10:17:13,-0.0028,-0.0026
SaveOnEvent_ALL_20260908101715919.csv,2026-09-08 10:17:15,-0.0028,-0.0038
SaveOnEvent_ALL_20260908101716606.csv,2026-09-08 10:17:16,-0.0028,-0.0026
SaveOnEvent_ALL_20260908101717729.csv,2026-09-08 10:17:17,-0.0028,-0.0026
SaveOnEvent_ALL_20260908101719013.csv,2026-09-08 10:17:19,-0.0028,-0.0026
SaveOnEvent_ALL_20260908101719986.csv,2026-09-08 10:17:19,-0.0028,-0.003
SaveOnEvent_ALL_20260908101721275.csv,2026-09-08 10:17:21,-0.0028,-0.0026
SaveOnEvent_ALL_20260908101722022.csv,2026-09-08 10:17:22,-0.0036,-0.003
SaveOnEvent_ALL_20260908101723014.csv,2026-09-08 10:17:23,-0.0028,-0.0026
SaveOnEvent_ALL_20260908101723917.csv,2026-09-08 10:17:23,-0.0028,-0.0026
SaveOnEvent_ALL_20260908101724966.csv,2026-09-08 10:17:24,-0.0028,-0.0026
SaveOnEvent_ALL_20260908101726058.csv,2026-09-08 10:17:26,-0.0028,-0.0026
SaveOnEvent_ALL_20260908101727145.csv,2026-09-08 10:17:27,-0.0028,-0.0026
SaveOnEvent_ALL_20260908101728422.csv,2026-09-08 10:17:28,-0.0028,-0.0026
SaveOnEvent_ALL_20260908101729776.csv,2026-09-08 10:17:29,-0.0028,-0.0026
SaveOnEvent_ALL_20260908101730875.csv,2026-09-08 10:17:30,-0.0028,-0.0026
SaveOnEvent_ALL_20260908101731745.csv,2026-09-08 10:17:31,-0.0032,-0.0026
SaveOnEvent_ALL_20260908101733021.csv,2026-09-08 10:17:33,-0.0028,-0.0026
SaveOnEvent_ALL_20260908101734243.csv,2026-09-08 10:17:34,-0.0032,-0.0026
SaveOnEvent_ALL_20260908101735096.csv,2026-09-08 10:17:35,-0.0028,-0.0026
SaveOnEvent_ALL_20260908101736398.csv,2026-09-08 10:17:36,-0.0028,-0.003
SaveOnEvent_ALL_20260908101736958.csv,2026-09-08 10:17:36,-0.0028,-0.0034
SaveOnEvent_ALL_20260908101737967.csv,2026-09-08 10:17:37,-0.0028,-0.0026
SaveOnEvent_ALL_20260908101738984.csv,2026-09-08 10:17:38,-0.0028,-0.003
SaveOnEvent_ALL_20260908101739993.csv,2026-09-08 10:17:39,-0.0028,-0.0026
SaveOnEvent_ALL_20260908101741006.csv,2026-09-08 10:17:41,-0.0028,-0.0026
SaveOnEvent_ALL_20260908101745267.csv,2026-09-08 10:17:45,-0.0032,-0.003
SaveOnEvent_ALL_20260908101746180.csv,2026-09-08 10:17:46,-0.0028,-0.0026
SaveOnEvent_ALL_20260908101747056.csv,2026-09-08 10:17:47,-0.0032,-0.0026
SaveOnEvent_ALL_20260908101748061.csv,2026-09-08 10:17:48,-0.0032,-0.0026
SaveOnEvent_ALL_20260908101749060.csv,2026-09-08 10:17:49,-0.0028,-0.0026
SaveOnEvent_ALL_20260908101750058.csv,2026-09-08 10:17:50,-0.0032,-0.0026
SaveOnEvent_ALL_20260908101751088.csv,2026-09-08 10:17:51,-0.0032,-0.0026
SaveOnEvent_ALL_20260908101752116.csv,2026-09-08 10:17:52,-0.0032,-0.0026
SaveOnEvent_ALL_20260908101753111.csv,2026-09-08 10:17:53,-0.0028,-0.003
SaveOnEvent_ALL_20260908101754099.csv,2026-09-08 10:17:54,-0.0028,-0.003
SaveOnEvent_ALL_20260908101755649.csv,2026-09-08 10:17:55,-0.0028,-0.0026
SaveOnEvent_ALL_20260908101756624.csv,2026-09-08 10:17:56,-0.0028,-0.0026
SaveOnEvent_ALL_20260908101758031.csv,2026-09-08 10:17:58,-0.0028,-0.0026
SaveOnEvent_ALL_20260908101758775.csv,2026-09-08 10:17:58,-0.0028,-0.0026
SaveOnEvent_ALL_20260908101800218.csv,2026-09-08 10:18:00,-0.0028,-0.0026
SaveOnEvent_ALL_20260908101800891.csv,2026-09-08 10:18:00,-0.0028,-0.0026
SaveOnEvent_ALL_20260908101802329.csv,2026-09-08 10:18:02,-0.0032,-0.0026
SaveOnEvent_ALL_20260908101803385.csv,2026-09-08 10:18:03,-0.0028,-0.0026
SaveOnEvent_ALL_20260908101804132.csv,2026-09-08 10:18:04,-0.0028,-0.0026
SaveOnEvent_ALL_20260908101805642.csv,2026-09-08 10:18:05,-0.0028,-0.0026
SaveOnEvent_ALL_20260908101806229.csv,2026-09-08 10:18:06,-0.0028,-0.0026
SaveOnEvent_ALL_20260908101808584.csv,2026-09-08 10:18:08,-0.0028,-0.003
SaveOnEvent_ALL_20260908101809691.csv,2026-09-08 10:18:09,-0.0028,-0.0026
SaveOnEvent_ALL_20260908101810832.csv,2026-09-08 10:18:10,-0.0028,-0.003
SaveOnEvent_ALL_20260908101811490.csv,2026-09-08 10:18:11,-0.0028,-0.0026
SaveOnEvent_ALL_20260908101812532.csv,2026-09-08 10:18:12,-0.0028,-0.0026
SaveOnEvent_ALL_20260908101813917.csv,2026-09-08 10:18:13,-0.0028,-0.0034
SaveOnEvent_ALL_20260908101814621.csv,2026-09-08 10:18:14,-0.0028,-0.003
SaveOnEvent_ALL_20260908101815641.csv,2026-09-08 10:18:15,-0.0028,-0.003
SaveOnEvent_ALL_20260908101817101.csv,2026-09-08 10:18:17,-0.0028,-0.0026
SaveOnEvent_ALL_20260908101817654.csv,2026-09-08 10:18:17,-0.0028,-0.0026
SaveOnEvent_ALL_20260908101818734.csv,2026-09-08 10:18:18,-0.0028,-0.0026
SaveOnEvent_ALL_20260908101820249.csv,2026-09-08 10:18:20,-0.0028,-0.0026
SaveOnEvent_ALL_20260908101821638.csv,2026-09-08 10:18:21,-0.0028,-0.003
SaveOnEvent_ALL_20260908101822310.csv,2026-09-08 10:18:22,-0.0028,-0.0026
SaveOnEvent_ALL_20260908101823340.csv,2026-09-08 10:18:23,-0.0028,-0.0026
SaveOnEvent_ALL_20260908101824382.csv,2026-09-08 10:18:24,-0.0028,-0.0026
SaveOnEvent_ALL_20260908101825481.csv,2026-09-08 10:18:25,-0.0028,-0.0026
SaveOnEvent_ALL_20260908101827029.csv,2026-09-08 10:18:27,-0.0028,-0.0026
SaveOnEvent_ALL_20260908101827882.csv,2026-09-08 10:18:27,-0.0028,-0.003
SaveOnEvent_ALL_20260908101829514.csv,2026-09-08 10:18:29,-0.0028,-0.003
SaveOnEvent_ALL_20260908101831283.csv,2026-09-08 10:18:31,-0.0036,-0.003
SaveOnEvent_ALL_20260908101831949.csv,2026-09-08 10:18:31,-0.0028,-0.0026
SaveOnEvent_ALL_20260908101833028.csv,2026-09-08 10:18:33,-0.0028,-0.0026
SaveOnEvent_ALL_20260908101835617.csv,2026-09-08 10:18:35,-0.0028,-0.0026
SaveOnEvent_ALL_20260908101837123.csv,2026-09-08 10:18:37,-0.0032,-0.0026
SaveOnEvent_ALL_20260908101837782.csv,2026-09-08 10:18:37,-0.0032,-0.0026
SaveOnEvent_ALL_20260908101840055.csv,2026-09-08 10:18:40,-0.0028,-0.003
SaveOnEvent_ALL_20260908101840886.csv,2026-09-08 10:18:40,-0.0028,-0.0026
SaveOnEvent_ALL_20260908101843092.csv,2026-09-08 10:18:43,-0.0028,-0.003
SaveOnEvent_ALL_20260908101843802.csv,2026-09-08 10:18:43,-0.0032,-0.0026
SaveOnEvent_ALL_20260908101845736.csv,2026-09-08 10:18:45,-0.0028,-0.0026
SaveOnEvent_ALL_20260908101846502.csv,2026-09-08 10:18:46,-0.0028,-0.0026
SaveOnEvent_ALL_20260908101847830.csv,2026-09-08 10:18:47,-0.0028,-0.0026
SaveOnEvent_ALL_20260908101849058.csv,2026-09-08 10:18:49,-0.0028,-0.003
SaveOnEvent_ALL_20260908101849722.csv,2026-09-08 10:18:49,-0.0028,-0.0034
SaveOnEvent_ALL_20260908101851691.csv,2026-09-08 10:18:51,-0.0028,-0.003
SaveOnEvent_ALL_20260908101852375.csv,2026-09-08 10:18:52,-0.0028,-0.0026
SaveOnEvent_ALL_20260908101853514.csv,2026-09-08 10:18:53,-0.0028,-0.0026
SaveOnEvent_ALL_20260908101854555.csv,2026-09-08 10:18:54,-0.0032,-0.0026
SaveOnEvent_ALL_20260908101855717.csv,2026-09-08 10:18:55,-0.0028,-0.0026
SaveOnEvent_ALL_20260908101859582.csv,2026-09-08 10:18:59,-0.0028,-0.0026
SaveOnEvent_ALL_20260908101900241.csv,2026-09-08 10:19:00,-0.0028,-0.0026
SaveOnEvent_ALL_20260908101901313.csv,2026-09-08 10:19:01,-0.0028,-0.003
SaveOnEvent_ALL_20260908101902354.csv,2026-09-08 10:19:02,-0.0028,-0.0026
SaveOnEvent_ALL_20260908101903513.csv,2026-09-08 10:19:03,-0.0028,-0.0026
SaveOnEvent_ALL_20260908101904583.csv,2026-09-08 10:19:04,-0.0028,-0.0026
SaveOnEvent_ALL_20260908101905636.csv,2026-09-08 10:19:05,-0.0028,-0.0026
SaveOnEvent_ALL_20260908101907109.csv,2026-09-08 10:19:07,-0.0028,-0.0026
SaveOnEvent_ALL_20260908101908191.csv,2026-09-08 10:19:08,-0.0028,-0.0026
SaveOnEvent_ALL_20260908101908831.csv,2026-09-08 10:19:08,-0.0028,-0.0026
SaveOnEvent_ALL_20260908101910396.csv,2026-09-08 10:19:10,-0.0032,-0.0026
SaveOnEvent_ALL_20260908101911708.csv,2026-09-08 10:19:11,-0.0028,-0.0026
SaveOnEvent_ALL_20260908101912456.csv,2026-09-08 10:19:12,-0.0032,-0.003
SaveOnEvent_ALL_20260908101913515.csv,2026-09-08 10:19:13,-0.0028,-0.003
SaveOnEvent_ALL_20260908101914523.csv,2026-09-08 10:19:14,-0.0028,-0.0026
SaveOnEvent_ALL_20260908101915668.csv,2026-09-08 10:19:15,-0.0028,-0.0026
SaveOnEvent_ALL_20260908101917009.csv,2026-09-08 10:19:17,-0.0032,-0.003
SaveOnEvent_ALL_20260908101918969.csv,2026-09-08 10:19:18,-0.0028,-0.003
SaveOnEvent_ALL_20260908101920195.csv,2026-09-08 10:19:20,-0.0028,-0.0026
SaveOnEvent_ALL_20260908101920967.csv,2026-09-08 10:19:20,-0.0032,-0.003
SaveOnEvent_ALL_20260908101922049.csv,2026-09-08 10:19:22,-0.0028,-0.0026
SaveOnEvent_ALL_20260908101923222.csv,2026-09-08 10:19:23,-0.0028,-0.003
SaveOnEvent_ALL_20260908101926535.csv,2026-09-08 10:19:26,-0.0028,-0.0026
SaveOnEvent_ALL_20260908101930813.csv,2026-09-08 10:19:30,-0.0028,-0.0026
SaveOnEvent_ALL_20260908101932688.csv,2026-09-08 10:19:32,-0.0028,-0.003
SaveOnEvent_ALL_20260908101933871.csv,2026-09-08 10:19:33,-0.0032,-0.0026
SaveOnEvent_ALL_20260908101934610.csv,2026-09-08 10:19:34,-0.0028,-0.0026
SaveOnEvent_ALL_20260908101935816.csv,2026-09-08 10:19:35,-0.0028,-0.003
SaveOnEvent_ALL_20260908101936883.csv,2026-09-08 10:19:36,-0.0028,-0.0026
SaveOnEvent_ALL_20260908101937961.csv,2026-09-08 10:19:37,-0.0028,-0.0034
SaveOnEvent_ALL_20260908101940224.csv,2026-09-08 10:19:40,-0.0028,-0.0026
SaveOnEvent_ALL_20260908101941476.csv,2026-09-08 10:19:41,-0.0032,-0.0026
SaveOnEvent_ALL_20260908101942626.csv,2026-09-08 10:19:42,-0.0028,-0.0026
SaveOnEvent_ALL_20260908101943311.csv,2026-09-08 10:19:43,-0.0028,-0.003
SaveOnEvent_ALL_20260908101945973.csv,2026-09-08 10:19:45,-0.0028,-0.0026
SaveOnEvent_ALL_20260908101948598.csv,2026-09-08 10:19:48,-0.0032,-0.0026
SaveOnEvent_ALL_20260908101949309.csv,2026-09-08 10:19:49,-0.0032,-0.0026
SaveOnEvent_ALL_20260908101951447.csv,2026-09-08 10:19:51,-0.0028,-0.0026
SaveOnEvent_ALL_20260908101952363.csv,2026-09-08 10:19:52,-0.0028,-0.0026
SaveOnEvent_ALL_20260908101953352.csv,2026-09-08 10:19:53,-0.0028,-0.0026
SaveOnEvent_ALL_20260908101956455.csv,2026-09-08 10:19:56,-0.0032,-0.003
SaveOnEvent_ALL_20260908101957139.csv,2026-09-08 10:19:57,-0.0028,-0.0026
SaveOnEvent_ALL_20260908101958294.csv,2026-09-08 10:19:58,-0.0028,-0.0026
SaveOnEvent_ALL_20260908101959386.csv,2026-09-08 10:19:59,-0.0028,-0.0026
SaveOnEvent_ALL_20260908102000895.csv,2026-09-08 10:20:00,-0.0028,-0.003
SaveOnEvent_ALL_20260908102001609.csv,2026-09-08 10:20:01,-0.0028,-0.0026
SaveOnEvent_ALL_20260908102003201.csv,2026-09-08 10:20:03,-0.0028,-0.003
SaveOnEvent_ALL_20260908102004073.csv,2026-09-08 10:20:04,-0.0028,-0.0026
SaveOnEvent_ALL_20260908102005169.csv,2026-09-08 10:20:05,-0.0028,-0.0026
SaveOnEvent_ALL_20260908102007393.csv,2026-09-08 10:20:07,-0.0028,-0.0026
SaveOnEvent_ALL_20260908102008090.csv,2026-09-08 10:20:08,-0.0036,-0.003
SaveOnEvent_ALL_20260908102009702.csv,2026-09-08 10:20:09,-0.0028,-0.003
SaveOnEvent_ALL_20260908102010421.csv,2026-09-08 10:20:10,-0.0028,-0.0026
SaveOnEvent_ALL_20260908102011565.csv,2026-09-08 10:20:11,-0.0028,-0.0026
SaveOnEvent_ALL_20260908102012668.csv,2026-09-08 10:20:12,-0.0028,-0.0026
SaveOnEvent_ALL_20260908102014299.csv,2026-09-08 10:20:14,-0.0032,-0.003
SaveOnEvent_ALL_20260908102015040.csv,2026-09-08 10:20:15,-0.0032,-0.003
SaveOnEvent_ALL_20260908102016123.csv,2026-09-08 10:20:16,-0.0028,-0.0026
SaveOnEvent_ALL_20260908102017235.csv,2026-09-08 10:20:17,-0.0028,-0.0026
SaveOnEvent_ALL_20260908102018397.csv,2026-09-08 10:20:18,-0.0028,-0.0026
SaveOnEvent_ALL_20260908102019501.csv,2026-09-08 10:20:19,-0.0028,-0.0026
SaveOnEvent_ALL_20260908102022876.csv,2026-09-08 10:20:22,-0.0028,-0.0026
SaveOnEvent_ALL_20260908102024020.csv,2026-09-08 10:20:24,-0.0028,-0.003
SaveOnEvent_ALL_20260908102024901.csv,2026-09-08 10:20:24,-0.0032,-0.0026
SaveOnEvent_ALL_20260908102025881.csv,2026-09-08 10:20:25,-0.0032,-0.003
SaveOnEvent_ALL_20260908102027029.csv,2026-09-08 10:20:27,-0.0028,-0.0026
SaveOnEvent_ALL_20260908102029263.csv,2026-09-08 10:20:29,-0.0028,-0.003
SaveOnEvent_ALL_20260908102030032.csv,2026-09-08 10:20:30,-0.0036,-0.0026
SaveOnEvent_ALL_20260908102031131.csv,2026-09-08 10:20:31,-0.0036,-0.003
SaveOnEvent_ALL_20260908102032292.csv,2026-09-08 10:20:32,-0.0028,-0.0026
SaveOnEvent_ALL_20260908102035208.csv,2026-09-08 10:20:35,-0.0028,-0.0026
SaveOnEvent_ALL_20260908102036372.csv,2026-09-08 10:20:36,-0.0028,-0.0026
SaveOnEvent_ALL_20260908102037898.csv,2026-09-08 10:20:37,-0.0028,-0.0026
SaveOnEvent_ALL_20260908102039062.csv,2026-09-08 10:20:39,-0.0028,-0.0026
SaveOnEvent_ALL_20260908102039786.csv,2026-09-08 10:20:39,-0.0028,-0.0026
SaveOnEvent_ALL_20260908102040951.csv,2026-09-08 10:20:40,-0.0028,-0.0026
SaveOnEvent_ALL_20260908102042083.csv,2026-09-08 10:20:42,-0.0028,-0.003
SaveOnEvent_ALL_20260908102043663.csv,2026-09-08 10:20:43,-0.0028,-0.0026
SaveOnEvent_ALL_20260908102044393.csv,2026-09-08 10:20:44,-0.0032,-0.0026
SaveOnEvent_ALL_20260908102045592.csv,2026-09-08 10:20:45,-0.0028,-0.0026
SaveOnEvent_ALL_20260908102046716.csv,2026-09-08 10:20:46,-0.0028,-0.0026
SaveOnEvent_ALL_20260908102047908.csv,2026-09-08 10:20:47,-0.0036,-0.003
SaveOnEvent_ALL_20260908102049203.csv,2026-09-08 10:20:49,-0.0028,-0.0026
SaveOnEvent_ALL_20260908102050424.csv,2026-09-08 10:20:50,-0.0028,-0.0034
SaveOnEvent_ALL_20260908102052022.csv,2026-09-08 10:20:52,-0.0028,-0.0026
SaveOnEvent_ALL_20260908102052738.csv,2026-09-08 10:20:52,-0.0028,-0.0018
SaveOnEvent_ALL_20260908102054370.csv,2026-09-08 10:20:54,-0.0028,-0.0026
SaveOnEvent_ALL_20260908102055152.csv,2026-09-08 10:20:55,-0.0028,-0.0026
SaveOnEvent_ALL_20260908102056866.csv,2026-09-08 10:20:56,-0.0036,-0.0026
SaveOnEvent_ALL_20260908102057669.csv,2026-09-08 10:20:57,-0.0028,-0.0026
SaveOnEvent_ALL_20260908102059346.csv,2026-09-08 10:20:59,-0.0028,-0.0026
SaveOnEvent_ALL_20260908102059980.csv,2026-09-08 10:20:59,-0.0032,-0.003
SaveOnEvent_ALL_20260908102101710.csv,2026-09-08 10:21:01,-0.0028,-0.0026
SaveOnEvent_ALL_20260908102102639.csv,2026-09-08 10:21:02,-0.0028,-0.003
SaveOnEvent_ALL_20260908102104114.csv,2026-09-08 10:21:04,-0.0028,-0.0026
SaveOnEvent_ALL_20260908102104736.csv,2026-09-08 10:21:04,-0.0036,-0.0026
SaveOnEvent_ALL_20260908102105862.csv,2026-09-08 10:21:05,-0.0028,-0.0026
SaveOnEvent_ALL_20260908102107423.csv,2026-09-08 10:21:07,-0.0028,-0.003
SaveOnEvent_ALL_20260908102108216.csv,2026-09-08 10:21:08,-0.0028,-0.0026
SaveOnEvent_ALL_20260908102109402.csv,2026-09-08 10:21:09,-0.0028,-0.003
SaveOnEvent_ALL_20260908102110592.csv,2026-09-08 10:21:10,-0.0028,-0.003
SaveOnEvent_ALL_20260908102111710.csv,2026-09-08 10:21:11,-0.0028,-0.0026
SaveOnEvent_ALL_20260908102112873.csv,2026-09-08 10:21:12,-0.0028,-0.0026
SaveOnEvent_ALL_20260908102114009.csv,2026-09-08 10:21:14,-0.0028,-0.0022
SaveOnEvent_ALL_20260908102115151.csv,2026-09-08 10:21:15,-0.0028,-0.0026
SaveOnEvent_ALL_20260908102116392.csv,2026-09-08 10:21:16,-0.0028,-0.003
SaveOnEvent_ALL_20260908102118234.csv,2026-09-08 10:21:18,-0.0032,-0.0026
SaveOnEvent_ALL_20260908102118915.csv,2026-09-08 10:21:18,-0.0028,-0.0026
SaveOnEvent_ALL_20260908102120598.csv,2026-09-08 10:21:20,-0.0028,-0.0026
SaveOnEvent_ALL_20260908102121872.csv,2026-09-08 10:21:21,-0.0028,-0.0026
SaveOnEvent_ALL_20260908102123100.csv,2026-09-08 10:21:23,-0.0028,-0.003
SaveOnEvent_ALL_20260908102123779.csv,2026-09-08 10:21:23,-0.0032,-0.003
SaveOnEvent_ALL_20260908102124973.csv,2026-09-08 10:21:24,-0.0028,-0.0022
SaveOnEvent_ALL_20260908102126202.csv,2026-09-08 10:21:26,-0.0032,-0.0026
SaveOnEvent_ALL_20260908102127424.csv,2026-09-08 10:21:27,-0.0028,-0.0026
SaveOnEvent_ALL_20260908102128587.csv,2026-09-08 10:21:28,-0.0028,-0.0026
SaveOnEvent_ALL_20260908102129749.csv,2026-09-08 10:21:29,-0.0032,-0.0026
SaveOnEvent_ALL_20260908102131268.csv,2026-09-08 10:21:31,-0.0028,-0.0026
SaveOnEvent_ALL_20260908102132087.csv,2026-09-08 10:21:32,-0.0028,-0.0026
SaveOnEvent_ALL_20260908102134294.csv,2026-09-08 10:21:34,-0.0036,-0.0026
SaveOnEvent_ALL_20260908102135014.csv,2026-09-08 10:21:35,-0.0028,-0.0026
SaveOnEvent_ALL_20260908102136203.csv,2026-09-08 10:21:36,-0.0028,-0.0026
SaveOnEvent_ALL_20260908102137358.csv,2026-09-08 10:21:37,-0.0032,-0.0026
SaveOnEvent_ALL_20260908102138972.csv,2026-09-08 10:21:38,-0.0028,-0.0026
SaveOnEvent_ALL_20260908102139701.csv,2026-09-08 10:21:39,-0.0028,-0.0026
SaveOnEvent_ALL_20260908102140853.csv,2026-09-08 10:21:40,-0.0028,-0.0026
SaveOnEvent_ALL_20260908102144399.csv,2026-09-08 10:21:44,-0.0028,-0.0026
SaveOnEvent_ALL_20260908102145675.csv,2026-09-08 10:21:45,-0.0028,-0.0026
SaveOnEvent_ALL_20260908102146989.csv,2026-09-08 10:21:46,-0.0028,-0.0026
SaveOnEvent_ALL_20260908102147735.csv,2026-09-08 10:21:47,-0.0028,-0.003
SaveOnEvent_ALL_20260908102148996.csv,2026-09-08 10:21:48,-0.0028,-0.003
SaveOnEvent_ALL_20260908102150872.csv,2026-09-08 10:21:50,-0.0032,-0.0026
SaveOnEvent_ALL_20260908102151790.csv,2026-09-08 10:21:51,-0.0028,-0.0026
SaveOnEvent_ALL_20260908102153270.csv,2026-09-08 10:21:53,-0.0028,-0.0026
SaveOnEvent_ALL_20260908102155762.csv,2026-09-08 10:21:55,-0.0028,-0.0022
SaveOnEvent_ALL_20260908102156532.csv,2026-09-08 10:21:56,-0.0028,-0.0026
SaveOnEvent_ALL_20260908102157724.csv,2026-09-08 10:21:57,-0.0028,-0.0026
SaveOnEvent_ALL_20260908102158904.csv,2026-09-08 10:21:58,-0.0028,-0.0026
SaveOnEvent_ALL_20260908102200081.csv,2026-09-08 10:22:00,-0.0028,-0.003
SaveOnEvent_ALL_20260908102201269.csv,2026-09-08 10:22:01,-0.0028,-0.003
SaveOnEvent_ALL_20260908102202945.csv,2026-09-08 10:22:02,-0.0028,-0.0026
SaveOnEvent_ALL_20260908102203688.csv,2026-09-08 10:22:03,-0.0028,-0.0034
SaveOnEvent_ALL_20260908102204878.csv,2026-09-08 10:22:04,-0.0028,-0.0026
SaveOnEvent_ALL_20260908102206049.csv,2026-09-08 10:22:06,-0.0028,-0.0026
SaveOnEvent_ALL_20260908102207249.csv,2026-09-08 10:22:07,-0.0028,-0.003
SaveOnEvent_ALL_20260908102208967.csv,2026-09-08 10:22:08,-0.0028,-0.003
SaveOnEvent_ALL_20260908102209766.csv,2026-09-08 10:22:09,-0.0028,-0.0026
SaveOnEvent_ALL_20260908102210989.csv,2026-09-08 10:22:10,-0.0028,-0.0026
SaveOnEvent_ALL_20260908102212150.csv,2026-09-08 10:22:12,-0.0028,-0.003
SaveOnEvent_ALL_20260908102213802.csv,2026-09-08 10:22:13,-0.0028,-0.0026
SaveOnEvent_ALL_20260908102215101.csv,2026-09-08 10:22:15,-0.0028,-0.0026
SaveOnEvent_ALL_20260908102215874.csv,2026-09-08 10:22:15,-0.0028,-0.0034
SaveOnEvent_ALL_20260908102217669.csv,2026-09-08 10:22:17,-0.0028,-0.0026
SaveOnEvent_ALL_20260908102218306.csv,2026-09-08 10:22:18,-0.0028,-0.003
SaveOnEvent_ALL_20260908102219487.csv,2026-09-08 10:22:19,-0.0028,-0.0026
SaveOnEvent_ALL_20260908102220749.csv,2026-09-08 10:22:20,-0.0028,-0.0026
SaveOnEvent_ALL_20260908102222017.csv,2026-09-08 10:22:22,-0.0028,-0.0026
SaveOnEvent_ALL_20260908102223199.csv,2026-09-08 10:22:23,-0.0028,-0.0026
SaveOnEvent_ALL_20260908102225105.csv,2026-09-08 10:22:25,-0.0028,-0.0026
SaveOnEvent_ALL_20260908102226329.csv,2026-09-08 10:22:26,-0.0032,-0.0026
SaveOnEvent_ALL_20260908102226971.csv,2026-09-08 10:22:26,-0.0028,-0.0026
SaveOnEvent_ALL_20260908102228164.csv,2026-09-08 10:22:28,-0.0032,-0.0026
SaveOnEvent_ALL_20260908102229348.csv,2026-09-08 10:22:29,-0.0028,-0.0026
SaveOnEvent_ALL_20260908102230568.csv,2026-09-08 10:22:30,-0.0028,-0.0026
SaveOnEvent_ALL_20260908102231736.csv,2026-09-08 10:22:31,-0.0028,-0.003
SaveOnEvent_ALL_20260908102232950.csv,2026-09-08 10:22:32,-0.0028,-0.0026
SaveOnEvent_ALL_20260908102234145.csv,2026-09-08 10:22:34,-0.0028,-0.0026
SaveOnEvent_ALL_20260908102235364.csv,2026-09-08 10:22:35,-0.0028,-0.0026
SaveOnEvent_ALL_20260908102236578.csv,2026-09-08 10:22:36,-0.0032,-0.0026
SaveOnEvent_ALL_20260908102237817.csv,2026-09-08 10:22:37,-0.0032,-0.0026
SaveOnEvent_ALL_20260908102239036.csv,2026-09-08 10:22:39,-0.0028,-0.0026
SaveOnEvent_ALL_20260908102241407.csv,2026-09-08 10:22:41,-0.0028,-0.0026
SaveOnEvent_ALL_20260908102242234.csv,2026-09-08 10:22:42,-0.0028,-0.0034
SaveOnEvent_ALL_20260908102243443.csv,2026-09-08 10:22:43,-0.0028,-0.0026
SaveOnEvent_ALL_20260908102244727.csv,2026-09-08 10:22:44,-0.0028,-0.0026
SaveOnEvent_ALL_20260908102245954.csv,2026-09-08 10:22:45,-0.0028,-0.0026
SaveOnEvent_ALL_20260908102247147.csv,2026-09-08 10:22:47,-0.0028,-0.0026
SaveOnEvent_ALL_20260908102249088.csv,2026-09-08 10:22:49,-0.0028,-0.0026
SaveOnEvent_ALL_20260908102249812.csv,2026-09-08 10:22:49,-0.0028,-0.003
SaveOnEvent_ALL_20260908102251006.csv,2026-09-08 10:22:51,-0.0028,-0.0026
SaveOnEvent_ALL_20260908102252198.csv,2026-09-08 10:22:52,-0.0028,-0.003
SaveOnEvent_ALL_20260908102253427.csv,2026-09-08 10:22:53,-0.0032,-0.0026
SaveOnEvent_ALL_20260908102254640.csv,2026-09-08 10:22:54,-0.0032,-0.0026
SaveOnEvent_ALL_20260908102255877.csv,2026-09-08 10:22:55,-0.0028,-0.0026
SaveOnEvent_ALL_20260908102257095.csv,2026-09-08 10:22:57,-0.0028,-0.0026
SaveOnEvent_ALL_20260908102258907.csv,2026-09-08 10:22:58,-0.0028,-0.0026
SaveOnEvent_ALL_20260908102300356.csv,2026-09-08 10:23:00,-0.0028,-0.0026
SaveOnEvent_ALL_20260908102301197.csv,2026-09-08 10:23:01,-0.0028,-0.0026
SaveOnEvent_ALL_20260908102302408.csv,2026-09-08 10:23:02,-0.0024,-0.0026
SaveOnEvent_ALL_20260908102303794.csv,2026-09-08 10:23:03,-0.0032,-0.0026
SaveOnEvent_ALL_20260908102305091.csv,2026-09-08 10:23:05,-0.0032,-0.0026
SaveOnEvent_ALL_20260908102306863.csv,2026-09-08 10:23:06,-0.0028,-0.0026
SaveOnEvent_ALL_20260908102307602.csv,2026-09-08 10:23:07,-0.0028,-0.0026
SaveOnEvent_ALL_20260908102309518.csv,2026-09-08 10:23:09,-0.0028,-0.0026
SaveOnEvent_ALL_20260908102310193.csv,2026-09-08 10:23:10,-0.0028,-0.0026
SaveOnEvent_ALL_20260908102311537.csv,2026-09-08 10:23:11,-0.0028,-0.0026
SaveOnEvent_ALL_20260908102313425.csv,2026-09-08 10:23:13,-0.0028,-0.0026
SaveOnEvent_ALL_20260908102314763.csv,2026-09-08 10:23:14,-0.0028,-0.0026
SaveOnEvent_ALL_20260908102315468.csv,2026-09-08 10:23:15,-0.0032,-0.003
SaveOnEvent_ALL_20260908102316897.csv,2026-09-08 10:23:16,-0.0024,-0.0026
SaveOnEvent_ALL_20260908102318174.csv,2026-09-08 10:23:18,-0.0028,-0.0026
SaveOnEvent_ALL_20260908102319478.csv,2026-09-08 10:23:19,-0.0028,-0.0026
SaveOnEvent_ALL_20260908102322013.csv,2026-09-08 10:23:22,-0.0032,-0.0026
SaveOnEvent_ALL_20260908102322781.csv,2026-09-08 10:23:22,-0.0028,-0.0034
SaveOnEvent_ALL_20260908102324006.csv,2026-09-08 10:23:24,-0.0028,-0.003
SaveOnEvent_ALL_20260908102325269.csv,2026-09-08 10:23:25,-0.0028,-0.0026
SaveOnEvent_ALL_20260908102326789.csv,2026-09-08 10:23:26,-0.0032,-0.003
SaveOnEvent_ALL_20260908102328516.csv,2026-09-08 10:23:28,-0.0028,-0.0026
SaveOnEvent_ALL_20260908102329297.csv,2026-09-08 10:23:29,-0.0028,-0.0026
SaveOnEvent_ALL_20260908102330529.csv,2026-09-08 10:23:30,-0.0028,-0.003
SaveOnEvent_ALL_20260908102331943.csv,2026-09-08 10:23:31,-0.0028,-0.0026
SaveOnEvent_ALL_20260908102333214.csv,2026-09-08 10:23:33,-0.0028,-0.0026
SaveOnEvent_ALL_20260908102334582.csv,2026-09-08 10:23:34,-0.0028,-0.0026
SaveOnEvent_ALL_20260908102335807.csv,2026-09-08 10:23:35,-0.0028,-0.0026
SaveOnEvent_ALL_20260908102337097.csv,2026-09-08 10:23:37,-0.0032,-0.0026
SaveOnEvent_ALL_20260908102338709.csv,2026-09-08 10:23:38,-0.0028,-0.0026
SaveOnEvent_ALL_20260908102340528.csv,2026-09-08 10:23:40,-0.0032,-0.0026
SaveOnEvent_ALL_20260908102341197.csv,2026-09-08 10:23:41,-0.0036,-0.003
SaveOnEvent_ALL_20260908102343191.csv,2026-09-08 10:23:43,-0.0028,-0.0026
SaveOnEvent_ALL_20260908102343978.csv,2026-09-08 10:23:43,-0.0028,-0.0026
SaveOnEvent_ALL_20260908102345299.csv,2026-09-08 10:23:45,-0.0028,-0.0026
SaveOnEvent_ALL_20260908102346598.csv,2026-09-08 10:23:46,-0.004,-0.0026
SaveOnEvent_ALL_20260908102347872.csv,2026-09-08 10:23:47,-0.0032,-0.003
SaveOnEvent_ALL_20260908102349100.csv,2026-09-08 10:23:49,-0.0028,-0.0026
SaveOnEvent_ALL_20260908102350393.csv,2026-09-08 10:23:50,-0.0028,-0.0026
SaveOnEvent_ALL_20260908102351640.csv,2026-09-08 10:23:51,-0.004,-0.0026
SaveOnEvent_ALL_20260908102352906.csv,2026-09-08 10:23:52,-0.0036,-0.0026
SaveOnEvent_ALL_20260908102354857.csv,2026-09-08 10:23:54,-0.0028,-0.003
SaveOnEvent_ALL_20260908102355774.csv,2026-09-08 10:23:55,-0.0028,-0.0026
SaveOnEvent_ALL_20260908102357051.csv,2026-09-08 10:23:57,-0.0028,-0.0026
SaveOnEvent_ALL_20260908102358280.csv,2026-09-08 10:23:58,-0.0032,-0.0034
SaveOnEvent_ALL_20260908102359513.csv,2026-09-08 10:23:59,-0.0028,-0.003
SaveOnEvent_ALL_20260908102400768.csv,2026-09-08 10:24:00,-0.0028,-0.0026
SaveOnEvent_ALL_20260908102402008.csv,2026-09-08 10:24:02,-0.0032,-0.0026
SaveOnEvent_ALL_20260908102403316.csv,2026-09-08 10:24:03,-0.0028,-0.003
SaveOnEvent_ALL_20260908102404578.csv,2026-09-08 10:24:04,-0.0028,-0.0034
SaveOnEvent_ALL_20260908102405940.csv,2026-09-08 10:24:05,-0.0028,-0.0026
SaveOnEvent_ALL_20260908102407311.csv,2026-09-08 10:24:07,-0.0032,-0.0026
SaveOnEvent_ALL_20260908102408683.csv,2026-09-08 10:24:08,-0.0028,-0.0026
SaveOnEvent_ALL_20260908102409939.csv,2026-09-08 10:24:09,-0.0036,-0.0026
SaveOnEvent_ALL_20260908102411218.csv,2026-09-08 10:24:11,-0.0028,-0.0026
SaveOnEvent_ALL_20260908102412508.csv,2026-09-08 10:24:12,-0.0028,-0.0026
SaveOnEvent_ALL_20260908102413865.csv,2026-09-08 10:24:13,-0.0028,-0.0026
SaveOnEvent_ALL_20260908102415132.csv,2026-09-08 10:24:15,-0.0028,-0.0026
SaveOnEvent_ALL_20260908102417002.csv,2026-09-08 10:24:17,-0.0028,-0.0026
SaveOnEvent_ALL_20260908102418425.csv,2026-09-08 10:24:18,-0.0032,-0.0026
SaveOnEvent_ALL_20260908102419318.csv,2026-09-08 10:24:19,-0.0028,-0.003
SaveOnEvent_ALL_20260908102420596.csv,2026-09-08 10:24:20,-0.0028,-0.0026
SaveOnEvent_ALL_20260908102421885.csv,2026-09-08 10:24:21,-0.0028,-0.0026
SaveOnEvent_ALL_20260908102423159.csv,2026-09-08 10:24:23,-0.0032,-0.0026
SaveOnEvent_ALL_20260908102424464.csv,2026-09-08 10:24:24,-0.0028,-0.003
SaveOnEvent_ALL_20260908102425808.csv,2026-09-08 10:24:25,-0.0028,-0.0026
SaveOnEvent_ALL_20260908102427138.csv,2026-09-08 10:24:27,-0.0028,-0.003
SaveOnEvent_ALL_20260908102428389.csv,2026-09-08 10:24:28,-0.0028,-0.003
SaveOnEvent_ALL_20260908102429680.csv,2026-09-08 10:24:29,-0.0028,-0.0026
SaveOnEvent_ALL_20260908102433972.csv,2026-09-08 10:24:33,-0.0028,-0.0026
SaveOnEvent_ALL_20260908102434785.csv,2026-09-08 10:24:34,-0.0032,-0.0026
SaveOnEvent_ALL_20260908102436819.csv,2026-09-08 10:24:36,-0.0028,-0.0026
SaveOnEvent_ALL_20260908102438128.csv,2026-09-08 10:24:38,-0.004,-0.0026
SaveOnEvent_ALL_20260908102438831.csv,2026-09-08 10:24:38,-0.0028,-0.0026
SaveOnEvent_ALL_20260908102440235.csv,2026-09-08 10:24:40,-0.0028,-0.0026
SaveOnEvent_ALL_20260908102444892.csv,2026-09-08 10:24:44,-0.0028,-0.003
SaveOnEvent_ALL_20260908102447007.csv,2026-09-08 10:24:47,-0.0032,-0.0026
SaveOnEvent_ALL_20260908102447814.csv,2026-09-08 10:24:47,-0.0028,-0.0026
SaveOnEvent_ALL_20260908102449665.csv,2026-09-08 10:24:49,-0.0028,-0.0026
SaveOnEvent_ALL_20260908102450487.csv,2026-09-08 10:24:50,-0.0028,-0.003
SaveOnEvent_ALL_20260908102451772.csv,2026-09-08 10:24:51,-0.0032,-0.0026
SaveOnEvent_ALL_20260908102453569.csv,2026-09-08 10:24:53,-0.0028,-0.0034
SaveOnEvent_ALL_20260908102454355.csv,2026-09-08 10:24:54,-0.0028,-0.0026
SaveOnEvent_ALL_20260908102455687.csv,2026-09-08 10:24:55,-0.0032,-0.003
SaveOnEvent_ALL_20260908102456991.csv,2026-09-08 10:24:56,-0.0036,-0.003
SaveOnEvent_ALL_20260908102458468.csv,2026-09-08 10:24:58,-0.0032,-0.0026
SaveOnEvent_ALL_20260908102459915.csv,2026-09-08 10:24:59,-0.0028,-0.0026
SaveOnEvent_ALL_20260908102501261.csv,2026-09-08 10:25:01,-0.0028,-0.0026
SaveOnEvent_ALL_20260908102502687.csv,2026-09-08 10:25:02,-0.0028,-0.0026
SaveOnEvent_ALL_20260908102504158.csv,2026-09-08 10:25:04,-0.0028,-0.0026
SaveOnEvent_ALL_20260908102505480.csv,2026-09-08 10:25:05,-0.0028,-0.0026
SaveOnEvent_ALL_20260908102506778.csv,2026-09-08 10:25:06,-0.0028,-0.0026
SaveOnEvent_ALL_20260908102508364.csv,2026-09-08 10:25:08,-0.0028,-0.0026
SaveOnEvent_ALL_20260908102509657.csv,2026-09-08 10:25:09,-0.0028,-0.0034
SaveOnEvent_ALL_20260908102511608.csv,2026-09-08 10:25:11,-0.0028,-0.0026
SaveOnEvent_ALL_20260908102512447.csv,2026-09-08 10:25:12,-0.0028,-0.0026
SaveOnEvent_ALL_20260908102513796.csv,2026-09-08 10:25:13,-0.0032,-0.0026
SaveOnEvent_ALL_20260908102515127.csv,2026-09-08 10:25:15,-0.0028,-0.0026
SaveOnEvent_ALL_20260908102517138.csv,2026-09-08 10:25:17,-0.0028,-0.0026
SaveOnEvent_ALL_20260908102517878.csv,2026-09-08 10:25:17,-0.0028,-0.0026
SaveOnEvent_ALL_20260908102519265.csv,2026-09-08 10:25:19,-0.0032,-0.0026
SaveOnEvent_ALL_20260908102520566.csv,2026-09-08 10:25:20,-0.0028,-0.0026
SaveOnEvent_ALL_20260908102521895.csv,2026-09-08 10:25:21,-0.0028,-0.003
SaveOnEvent_ALL_20260908102523198.csv,2026-09-08 10:25:23,-0.0028,-0.003
SaveOnEvent_ALL_20260908102524524.csv,2026-09-08 10:25:24,-0.0032,-0.0026
SaveOnEvent_ALL_20260908102525850.csv,2026-09-08 10:25:25,-0.0028,-0.003
SaveOnEvent_ALL_20260908102527854.csv,2026-09-08 10:25:27,-0.0036,-0.0026
SaveOnEvent_ALL_20260908102529303.csv,2026-09-08 10:25:29,-0.0028,-0.0026
SaveOnEvent_ALL_20260908102529996.csv,2026-09-08 10:25:29,-0.0028,-0.003
SaveOnEvent_ALL_20260908102531420.csv,2026-09-08 10:25:31,-0.0032,-0.0026
SaveOnEvent_ALL_20260908102532742.csv,2026-09-08 10:25:32,-0.0028,-0.003
SaveOnEvent_ALL_20260908102534198.csv,2026-09-08 10:25:34,-0.0028,-0.0034
SaveOnEvent_ALL_20260908102535525.csv,2026-09-08 10:25:35,-0.0028,-0.0026
SaveOnEvent_ALL_20260908102536837.csv,2026-09-08 10:25:36,-0.0028,-0.0026
SaveOnEvent_ALL_20260908102540472.csv,2026-09-08 10:25:40,-0.0028,-0.0026
SaveOnEvent_ALL_20260908102541311.csv,2026-09-08 10:25:41,-0.0028,-0.0026
SaveOnEvent_ALL_20260908102542673.csv,2026-09-08 10:25:42,-0.0028,-0.003
SaveOnEvent_ALL_20260908102544217.csv,2026-09-08 10:25:44,-0.0028,-0.0026
SaveOnEvent_ALL_20260908102545777.csv,2026-09-08 10:25:45,-0.0028,-0.0026
SaveOnEvent_ALL_20260908102547121.csv,2026-09-08 10:25:47,-0.0044,-0.003
SaveOnEvent_ALL_20260908102548598.csv,2026-09-08 10:25:48,-0.0028,-0.0026
SaveOnEvent_ALL_20260908102550134.csv,2026-09-08 10:25:50,-0.0028,-0.0026
SaveOnEvent_ALL_20260908102551502.csv,2026-09-08 10:25:51,-0.0028,-0.0026
SaveOnEvent_ALL_20260908102552838.csv,2026-09-08 10:25:52,-0.0032,-0.0026
SaveOnEvent_ALL_20260908102554271.csv,2026-09-08 10:25:54,-0.0028,-0.0026
SaveOnEvent_ALL_20260908102555741.csv,2026-09-08 10:25:55,-0.0032,-0.003
SaveOnEvent_ALL_20260908102557146.csv,2026-09-08 10:25:57,-0.0028,-0.0026
SaveOnEvent_ALL_20260908102558465.csv,2026-09-08 10:25:58,-0.0028,-0.0026
SaveOnEvent_ALL_20260908102559821.csv,2026-09-08 10:25:59,-0.0032,-0.0026
SaveOnEvent_ALL_20260908102601263.csv,2026-09-08 10:26:01,-0.0036,-0.0026
SaveOnEvent_ALL_20260908102602853.csv,2026-09-08 10:26:02,-0.0028,-0.003
SaveOnEvent_ALL_20260908102604333.csv,2026-09-08 10:26:04,-0.0028,-0.0026
SaveOnEvent_ALL_20260908102605723.csv,2026-09-08 10:26:05,-0.0028,-0.0026
SaveOnEvent_ALL_20260908102607051.csv,2026-09-08 10:26:07,-0.0028,-0.0026
SaveOnEvent_ALL_20260908102608440.csv,2026-09-08 10:26:08,-0.0028,-0.0026
SaveOnEvent_ALL_20260908102610434.csv,2026-09-08 10:26:10,-0.0032,-0.003
SaveOnEvent_ALL_20260908102612019.csv,2026-09-08 10:26:12,-0.0028,-0.0026
SaveOnEvent_ALL_20260908102612750.csv,2026-09-08 10:26:12,-0.0028,-0.003
SaveOnEvent_ALL_20260908102614276.csv,2026-09-08 10:26:14,-0.0028,-0.003
SaveOnEvent_ALL_20260908102615674.csv,2026-09-08 10:26:15,-0.0028,-0.0026
SaveOnEvent_ALL_20260908102617094.csv,2026-09-08 10:26:17,-0.0028,-0.0026
SaveOnEvent_ALL_20260908102618688.csv,2026-09-08 10:26:18,-0.0036,-0.0026
SaveOnEvent_ALL_20260908102620052.csv,2026-09-08 10:26:20,-0.0028,-0.003
SaveOnEvent_ALL_20260908102622123.csv,2026-09-08 10:26:22,-0.0028,-0.0026
SaveOnEvent_ALL_20260908102622864.csv,2026-09-08 10:26:22,-0.0032,-0.0026
SaveOnEvent_ALL_20260908102624408.csv,2026-09-08 10:26:24,-0.0036,-0.0034
SaveOnEvent_ALL_20260908102625764.csv,2026-09-08 10:26:25,-0.0028,-0.0026
SaveOnEvent_ALL_20260908102627255.csv,2026-09-08 10:26:27,-0.0028,-0.0026
SaveOnEvent_ALL_20260908102628626.csv,2026-09-08 10:26:28,-0.0028,-0.0034
SaveOnEvent_ALL_20260908102630193.csv,2026-09-08 10:26:30,-0.0028,-0.003
SaveOnEvent_ALL_20260908102631560.csv,2026-09-08 10:26:31,-0.0032,-0.0026
SaveOnEvent_ALL_20260908102632949.csv,2026-09-08 10:26:32,-0.0028,-0.0026
SaveOnEvent_ALL_20260908102634362.csv,2026-09-08 10:26:34,-0.004,-0.0026
SaveOnEvent_ALL_20260908102635744.csv,2026-09-08 10:26:35,-0.0028,-0.0026
SaveOnEvent_ALL_20260908102637112.csv,2026-09-08 10:26:37,-0.0028,-0.0026
SaveOnEvent_ALL_20260908102638577.csv,2026-09-08 10:26:38,-0.0032,-0.0026
SaveOnEvent_ALL_20260908102639988.csv,2026-09-08 10:26:39,-0.0028,-0.003
SaveOnEvent_ALL_20260908102641375.csv,2026-09-08 10:26:41,-0.0028,-0.0026
SaveOnEvent_ALL_20260908102642963.csv,2026-09-08 10:26:42,-0.0028,-0.0026
SaveOnEvent_ALL_20260908102644368.csv,2026-09-08 10:26:44,-0.0028,-0.003
SaveOnEvent_ALL_20260908102645739.csv,2026-09-08 10:26:45,-0.0032,-0.0026
SaveOnEvent_ALL_20260908102647133.csv,2026-09-08 10:26:47,-0.0028,-0.0026
SaveOnEvent_ALL_20260908102648840.csv,2026-09-08 10:26:48,-0.0028,-0.0026
SaveOnEvent_ALL_20260908102650269.csv,2026-09-08 10:26:50,-0.0028,-0.0026
SaveOnEvent_ALL_20260908102651711.csv,2026-09-08 10:26:51,-0.0028,-0.0026
SaveOnEvent_ALL_20260908102653178.csv,2026-09-08 10:26:53,-0.0028,-0.0026
SaveOnEvent_ALL_20260908102654580.csv,2026-09-08 10:26:54,-0.0028,-0.0026
SaveOnEvent_ALL_20260908102656125.csv,2026-09-08 10:26:56,-0.0028,-0.0026
SaveOnEvent_ALL_20260908102657568.csv,2026-09-08 10:26:57,-0.0028,-0.0026
SaveOnEvent_ALL_20260908102659047.csv,2026-09-08 10:26:59,-0.0028,-0.0026
SaveOnEvent_ALL_20260908102700454.csv,2026-09-08 10:27:00,-0.0032,-0.0026
SaveOnEvent_ALL_20260908102701978.csv,2026-09-08 10:27:01,-0.004,-0.0026
SaveOnEvent_ALL_20260908102703444.csv,2026-09-08 10:27:03,-0.0028,-0.0026
SaveOnEvent_ALL_20260908102704867.csv,2026-09-08 10:27:04,-0.0028,-0.0026
SaveOnEvent_ALL_20260908102706333.csv,2026-09-08 10:27:06,-0.0028,-0.0026
SaveOnEvent_ALL_20260908102707761.csv,2026-09-08 10:27:07,-0.0024,-0.0026
SaveOnEvent_ALL_20260908102709146.csv,2026-09-08 10:27:09,-0.0028,-0.0026
SaveOnEvent_ALL_20260908102710552.csv,2026-09-08 10:27:10,-0.0028,-0.003
SaveOnEvent_ALL_20260908102712272.csv,2026-09-08 10:27:12,-0.0028,-0.0026
SaveOnEvent_ALL_20260908102713703.csv,2026-09-08 10:27:13,-0.0032,-0.003
SaveOnEvent_ALL_20260908102715110.csv,2026-09-08 10:27:15,-0.0032,-0.003
SaveOnEvent_ALL_20260908102716632.csv,2026-09-08 10:27:16,-0.0032,-0.0026
SaveOnEvent_ALL_20260908102718007.csv,2026-09-08 10:27:18,-0.0028,-0.0026
SaveOnEvent_ALL_20260908102719487.csv,2026-09-08 10:27:19,-0.0028,-0.0026
SaveOnEvent_ALL_20260908102720989.csv,2026-09-08 10:27:20,-0.0028,-0.0026
SaveOnEvent_ALL_20260908102722380.csv,2026-09-08 10:27:22,-0.0028,-0.0026
SaveOnEvent_ALL_20260908102723813.csv,2026-09-08 10:27:23,-0.0028,-0.003
SaveOnEvent_ALL_20260908102726032.csv,2026-09-08 10:27:26,-0.0032,-0.0026
SaveOnEvent_ALL_20260908102726788.csv,2026-09-08 10:27:26,-0.0028,-0.003
SaveOnEvent_ALL_20260908102728423.csv,2026-09-08 10:27:28,-0.0028,-0.003
SaveOnEvent_ALL_20260908102729832.csv,2026-09-08 10:27:29,-0.0028,-0.0026
SaveOnEvent_ALL_20260908102731282.csv,2026-09-08 10:27:31,-0.0032,-0.003
SaveOnEvent_ALL_20260908102732796.csv,2026-09-08 10:27:32,-0.0028,-0.0026
SaveOnEvent_ALL_20260908102734311.csv,2026-09-08 10:27:34,-0.0028,-0.003
SaveOnEvent_ALL_20260908102735695.csv,2026-09-08 10:27:35,-0.0028,-0.0026
SaveOnEvent_ALL_20260908102737313.csv,2026-09-08 10:27:37,-0.0028,-0.0026
SaveOnEvent_ALL_20260908102738897.csv,2026-09-08 10:27:38,-0.0028,-0.0026
SaveOnEvent_ALL_20260908102740310.csv,2026-09-08 10:27:40,-0.0028,-0.003
SaveOnEvent_ALL_20260908102741707.csv,2026-09-08 10:27:41,-0.0028,-0.0026
SaveOnEvent_ALL_20260908102743261.csv,2026-09-08 10:27:43,-0.0028,-0.003
SaveOnEvent_ALL_20260908102744655.csv,2026-09-08 10:27:44,-0.0028,-0.0026
SaveOnEvent_ALL_20260908102746104.csv,2026-09-08 10:27:46,-0.0032,-0.0026
SaveOnEvent_ALL_20260908102747639.csv,2026-09-08 10:27:47,-0.0028,-0.0026
SaveOnEvent_ALL_20260908102749230.csv,2026-09-08 10:27:49,-0.0028,-0.0026
SaveOnEvent_ALL_20260908102750669.csv,2026-09-08 10:27:50,-0.0032,-0.0026
SaveOnEvent_ALL_20260908102752224.csv,2026-09-08 10:27:52,-0.0028,-0.0026
SaveOnEvent_ALL_20260908102753634.csv,2026-09-08 10:27:53,-0.0028,-0.0026
SaveOnEvent_ALL_20260908102755025.csv,2026-09-08 10:27:55,-0.0028,-0.0026
SaveOnEvent_ALL_20260908102756446.csv,2026-09-08 10:27:56,-0.0036,-0.0026
SaveOnEvent_ALL_20260908102758046.csv,2026-09-08 10:27:58,-0.0028,-0.0026
SaveOnEvent_ALL_20260908102759457.csv,2026-09-08 10:27:59,-0.0032,-0.003
SaveOnEvent_ALL_20260908102800993.csv,2026-09-08 10:28:00,-0.0028,-0.003
SaveOnEvent_ALL_20260908102802416.csv,2026-09-08 10:28:02,-0.0028,-0.003
SaveOnEvent_ALL_20260908102803896.csv,2026-09-08 10:28:03,-0.0028,-0.0026
SaveOnEvent_ALL_20260908102805309.csv,2026-09-08 10:28:05,-0.0028,-0.0026
SaveOnEvent_ALL_20260908102807057.csv,2026-09-08 10:28:07,-0.0028,-0.0026
SaveOnEvent_ALL_20260908102808508.csv,2026-09-08 10:28:08,-0.0028,-0.0026
SaveOnEvent_ALL_20260908102809963.csv,2026-09-08 10:28:09,-0.0032,-0.0026
SaveOnEvent_ALL_20260908102811491.csv,2026-09-08 10:28:11,-0.0032,-0.003
SaveOnEvent_ALL_20260908102812928.csv,2026-09-08 10:28:12,-0.0028,-0.0026
SaveOnEvent_ALL_20260908102814564.csv,2026-09-08 10:28:14,-0.0032,-0.0026
SaveOnEvent_ALL_20260908102816012.csv,2026-09-08 10:28:16,-0.0032,-0.0026
SaveOnEvent_ALL_20260908102817457.csv,2026-09-08 10:28:17,-0.0028,-0.003
SaveOnEvent_ALL_20260908102818975.csv,2026-09-08 10:28:18,-0.0028,-0.0026
SaveOnEvent_ALL_20260908102820760.csv,2026-09-08 10:28:20,-0.0028,-0.0026
SaveOnEvent_ALL_20260908102822254.csv,2026-09-08 10:28:22,-0.0028,-0.0026
SaveOnEvent_ALL_20260908102823906.csv,2026-09-08 10:28:23,-0.0028,-0.0026
SaveOnEvent_ALL_20260908102825365.csv,2026-09-08 10:28:25,-0.0028,-0.0026
SaveOnEvent_ALL_20260908102826878.csv,2026-09-08 10:28:26,-0.0028,-0.0026
SaveOnEvent_ALL_20260908102828385.csv,2026-09-08 10:28:28,-0.0028,-0.003
SaveOnEvent_ALL_20260908102830106.csv,2026-09-08 10:28:30,-0.0028,-0.0026
SaveOnEvent_ALL_20260908102831551.csv,2026-09-08 10:28:31,-0.0032,-0.0026
SaveOnEvent_ALL_20260908102833073.csv,2026-09-08 10:28:33,-0.0032,-0.003
SaveOnEvent_ALL_20260908102834578.csv,2026-09-08 10:28:34,-0.0028,-0.003
SaveOnEvent_ALL_20260908102836050.csv,2026-09-08 10:28:36,-0.0028,-0.0026
SaveOnEvent_ALL_20260908102838260.csv,2026-09-08 10:28:38,-0.0028,-0.0026
SaveOnEvent_ALL_20260908102839166.csv,2026-09-08 10:28:39,-0.0028,-0.003
SaveOnEvent_ALL_20260908102840607.csv,2026-09-08 10:28:40,-0.0028,-0.0026
SaveOnEvent_ALL_20260908102842299.csv,2026-09-08 10:28:42,-0.0032,-0.0026
SaveOnEvent_ALL_20260908102843913.csv,2026-09-08 10:28:43,-0.0028,-0.0034
SaveOnEvent_ALL_20260908102845403.csv,2026-09-08 10:28:45,-0.0028,-0.003
SaveOnEvent_ALL_20260908102846863.csv,2026-09-08 10:28:46,-0.0028,-0.0026
SaveOnEvent_ALL_20260908102848481.csv,2026-09-08 10:28:48,-0.0028,-0.0026
SaveOnEvent_ALL_20260908102850118.csv,2026-09-08 10:28:50,-0.0028,-0.0026
SaveOnEvent_ALL_20260908102851549.csv,2026-09-08 10:28:51,-0.0028,-0.0026
SaveOnEvent_ALL_20260908102853176.csv,2026-09-08 10:28:53,-0.0028,-0.0026
SaveOnEvent_ALL_20260908102854609.csv,2026-09-08 10:28:54,-0.0032,-0.0026
SaveOnEvent_ALL_20260908102856085.csv,2026-09-08 10:28:56,-0.0028,-0.0026
SaveOnEvent_ALL_20260908102857531.csv,2026-09-08 10:28:57,-0.0028,-0.0034
SaveOnEvent_ALL_20260908102859203.csv,2026-09-08 10:28:59,-0.0028,-0.003
SaveOnEvent_ALL_20260908102900696.csv,2026-09-08 10:29:00,-0.0028,-0.0026
SaveOnEvent_ALL_20260908102902141.csv,2026-09-08 10:29:02,-0.0028,-0.0026
SaveOnEvent_ALL_20260908102903821.csv,2026-09-08 10:29:03,-0.0028,-0.0026
SaveOnEvent_ALL_20260908102905275.csv,2026-09-08 10:29:05,-0.0032,-0.003
SaveOnEvent_ALL_20260908102906754.csv,2026-09-08 10:29:06,-0.0028,-0.0026
SaveOnEvent_ALL_20260908102908206.csv,2026-09-08 10:29:08,-0.0036,-0.0026
SaveOnEvent_ALL_20260908102909850.csv,2026-09-08 10:29:09,-0.0032,-0.0026
SaveOnEvent_ALL_20260908102911446.csv,2026-09-08 10:29:11,-0.0028,-0.003
SaveOnEvent_ALL_20260908102913019.csv,2026-09-08 10:29:13,-0.0036,-0.0034
SaveOnEvent_ALL_20260908102914596.csv,2026-09-08 10:29:14,-0.0028,-0.003
SaveOnEvent_ALL_20260908102916154.csv,2026-09-08 10:29:16,-0.0028,-0.0026
SaveOnEvent_ALL_20260908102917637.csv,2026-09-08 10:29:17,-0.0028,-0.0026
SaveOnEvent_ALL_20260908102919309.csv,2026-09-08 10:29:19,-0.0028,-0.0026
SaveOnEvent_ALL_20260908102920914.csv,2026-09-08 10:29:20,-0.0028,-0.0026
SaveOnEvent_ALL_20260908102922385.csv,2026-09-08 10:29:22,-0.0028,-0.0026
SaveOnEvent_ALL_20260908102924006.csv,2026-09-08 10:29:24,-0.0028,-0.0026
SaveOnEvent_ALL_20260908102925605.csv,2026-09-08 10:29:25,-0.0028,-0.0026
SaveOnEvent_ALL_20260908102927314.csv,2026-09-08 10:29:27,-0.0028,-0.0034
SaveOnEvent_ALL_20260908102928781.csv,2026-09-08 10:29:28,-0.0028,-0.0026
SaveOnEvent_ALL_20260908102930289.csv,2026-09-08 10:29:30,-0.0032,-0.0026
SaveOnEvent_ALL_20260908102931858.csv,2026-09-08 10:29:31,-0.0032,-0.0034
SaveOnEvent_ALL_20260908102933381.csv,2026-09-08 10:29:33,-0.0028,-0.0026
SaveOnEvent_ALL_20260908102935138.csv,2026-09-08 10:29:35,-0.0028,-0.003
SaveOnEvent_ALL_20260908102936918.csv,2026-09-08 10:29:36,-0.0032,-0.0026
SaveOnEvent_ALL_20260908102938427.csv,2026-09-08 10:29:38,-0.0028,-0.003
SaveOnEvent_ALL_20260908102939953.csv,2026-09-08 10:29:39,-0.0028,-0.0026
SaveOnEvent_ALL_20260908102941642.csv,2026-09-08 10:29:41,-0.0028,-0.0026
SaveOnEvent_ALL_20260908102943203.csv,2026-09-08 10:29:43,-0.0028,-0.0026
SaveOnEvent_ALL_20260908102944794.csv,2026-09-08 10:29:44,-0.0028,-0.0026
SaveOnEvent_ALL_20260908102946497.csv,2026-09-08 10:29:46,-0.0032,-0.0026
SaveOnEvent_ALL_20260908102947974.csv,2026-09-08 10:29:47,-0.0028,-0.0026
SaveOnEvent_ALL_20260908102949569.csv,2026-09-08 10:29:49,-0.0036,-0.0026
SaveOnEvent_ALL_20260908102951222.csv,2026-09-08 10:29:51,-0.0028,-0.0026
SaveOnEvent_ALL_20260908102952725.csv,2026-09-08 10:29:52,-0.0028,-0.0026
SaveOnEvent_ALL_20260908102954303.csv,2026-09-08 10:29:54,-0.0028,-0.0026
SaveOnEvent_ALL_20260908102955968.csv,2026-09-08 10:29:55,-0.0028,-0.0026
SaveOnEvent_ALL_20260908102957527.csv,2026-09-08 10:29:57,-0.0028,-0.0026
SaveOnEvent_ALL_20260908102959063.csv,2026-09-08 10:29:59,-0.0032,-0.0026
SaveOnEvent_ALL_20260908103000749.csv,2026-09-08 10:30:00,-0.0028,-0.0026
SaveOnEvent_ALL_20260908103002275.csv,2026-09-08 10:30:02,-0.0028,-0.0026
SaveOnEvent_ALL_20260908103003758.csv,2026-09-08 10:30:03,-0.0028,-0.0026
SaveOnEvent_ALL_20260908103005447.csv,2026-09-08 10:30:05,-0.0028,-0.0026
SaveOnEvent_ALL_20260908103006928.csv,2026-09-08 10:30:06,-0.0032,-0.0026
SaveOnEvent_ALL_20260908103008413.csv,2026-09-08 10:30:08,-0.004,-0.0026
SaveOnEvent_ALL_20260908103010090.csv,2026-09-08 10:30:10,-0.0028,-0.0026
SaveOnEvent_ALL_20260908103011757.csv,2026-09-08 10:30:11,-0.0028,-0.0026
SaveOnEvent_ALL_20260908103013246.csv,2026-09-08 10:30:13,-0.0028,-0.0026
SaveOnEvent_ALL_20260908103014894.csv,2026-09-08 10:30:14,-0.0028,-0.003
SaveOnEvent_ALL_20260908103016392.csv,2026-09-08 10:30:16,-0.0028,-0.0026
SaveOnEvent_ALL_20260908103017895.csv,2026-09-08 10:30:17,-0.0028,-0.0026
SaveOnEvent_ALL_20260908103019563.csv,2026-09-08 10:30:19,-0.0028,-0.0026
SaveOnEvent_ALL_20260908103021069.csv,2026-09-08 10:30:21,-0.0028,-0.0026
SaveOnEvent_ALL_20260908103022659.csv,2026-09-08 10:30:22,-0.0032,-0.0038
SaveOnEvent_ALL_20260908103024419.csv,2026-09-08 10:30:24,-0.0028,-0.003
SaveOnEvent_ALL_20260908103026024.csv,2026-09-08 10:30:26,-0.0028,-0.003
SaveOnEvent_ALL_20260908103027598.csv,2026-09-08 10:30:27,-0.0028,-0.0026
SaveOnEvent_ALL_20260908103029290.csv,2026-09-08 10:30:29,-0.0028,-0.0026
SaveOnEvent_ALL_20260908103030800.csv,2026-09-08 10:30:30,-0.0028,-0.003
SaveOnEvent_ALL_20260908103032375.csv,2026-09-08 10:30:32,-0.0028,-0.0026
SaveOnEvent_ALL_20260908103034084.csv,2026-09-08 10:30:34,-0.0032,-0.003
SaveOnEvent_ALL_20260908103035807.csv,2026-09-08 10:30:35,-0.0028,-0.0026
SaveOnEvent_ALL_20260908103037317.csv,2026-09-08 10:30:37,-0.0028,-0.0026
SaveOnEvent_ALL_20260908103039007.csv,2026-09-08 10:30:39,-0.0032,-0.0026
SaveOnEvent_ALL_20260908103040623.csv,2026-09-08 10:30:40,-0.0028,-0.0026
SaveOnEvent_ALL_20260908103042328.csv,2026-09-08 10:30:42,-0.0028,-0.0026
SaveOnEvent_ALL_20260908103044185.csv,2026-09-08 10:30:44,-0.0028,-0.0026
SaveOnEvent_ALL_20260908103045703.csv,2026-09-08 10:30:45,-0.0028,-0.0026
SaveOnEvent_ALL_20260908103047458.csv,2026-09-08 10:30:47,-0.0028,-0.0026
SaveOnEvent_ALL_20260908103049018.csv,2026-09-08 10:30:49,-0.0028,-0.0026
SaveOnEvent_ALL_20260908103050626.csv,2026-09-08 10:30:50,-0.0028,-0.0026
SaveOnEvent_ALL_20260908103052362.csv,2026-09-08 10:30:52,-0.0032,-0.0026
SaveOnEvent_ALL_20260908103053930.csv,2026-09-08 10:30:53,-0.0028,-0.0026
SaveOnEvent_ALL_20260908103055612.csv,2026-09-08 10:30:55,-0.0028,-0.0026
SaveOnEvent_ALL_20260908103057328.csv,2026-09-08 10:30:57,-0.0028,-0.003
SaveOnEvent_ALL_20260908103058857.csv,2026-09-08 10:30:58,-0.0032,-0.003
SaveOnEvent_ALL_20260908103100422.csv,2026-09-08 10:31:00,-0.0028,-0.0026
SaveOnEvent_ALL_20260908103102250.csv,2026-09-08 10:31:02,-0.0028,-0.0026
SaveOnEvent_ALL_20260908103103861.csv,2026-09-08 10:31:03,-0.0028,-0.0026
SaveOnEvent_ALL_20260908103105409.csv,2026-09-08 10:31:05,-0.0028,-0.0026
SaveOnEvent_ALL_20260908103107144.csv,2026-09-08 10:31:07,-0.0028,-0.0026
SaveOnEvent_ALL_20260908103108804.csv,2026-09-08 10:31:08,-0.0028,-0.0026
SaveOnEvent_ALL_20260908103110322.csv,2026-09-08 10:31:10,-0.0028,-0.0026
SaveOnEvent_ALL_20260908103112195.csv,2026-09-08 10:31:12,-0.0028,-0.0026
SaveOnEvent_ALL_20260908103113761.csv,2026-09-08 10:31:13,-0.0036,-0.0026
SaveOnEvent_ALL_20260908103115522.csv,2026-09-08 10:31:15,-0.0028,-0.0026
SaveOnEvent_ALL_20260908103117107.csv,2026-09-08 10:31:17,-0.0028,-0.0026
SaveOnEvent_ALL_20260908103118808.csv,2026-09-08 10:31:18,-0.0028,-0.0026
SaveOnEvent_ALL_20260908103120386.csv,2026-09-08 10:31:20,-0.0028,-0.003
SaveOnEvent_ALL_20260908103122028.csv,2026-09-08 10:31:22,-0.0028,-0.0026
SaveOnEvent_ALL_20260908103123765.csv,2026-09-08 10:31:23,-0.0032,-0.0026
SaveOnEvent_ALL_20260908103125362.csv,2026-09-08 10:31:25,-0.0036,-0.0026
SaveOnEvent_ALL_20260908103126958.csv,2026-09-08 10:31:26,-0.0028,-0.0026
SaveOnEvent_ALL_20260908103128660.csv,2026-09-08 10:31:28,-0.0028,-0.0026
SaveOnEvent_ALL_20260908103130242.csv,2026-09-08 10:31:30,-0.0028,-0.0026
SaveOnEvent_ALL_20260908103132617.csv,2026-09-08 10:31:32,-0.0032,-0.0026
SaveOnEvent_ALL_20260908103133593.csv,2026-09-08 10:31:33,-0.0032,-0.0026
SaveOnEvent_ALL_20260908103135384.csv,2026-09-08 10:31:35,-0.0028,-0.003
SaveOnEvent_ALL_20260908103136944.csv,2026-09-08 10:31:36,-0.0028,-0.003
SaveOnEvent_ALL_20260908103138864.csv,2026-09-08 10:31:38,-0.0032,-0.0034
SaveOnEvent_ALL_20260908103140528.csv,2026-09-08 10:31:40,-0.0028,-0.0026
SaveOnEvent_ALL_20260908103142263.csv,2026-09-08 10:31:42,-0.0028,-0.0026
SaveOnEvent_ALL_20260908103143907.csv,2026-09-08 10:31:43,-0.0028,-0.0042
SaveOnEvent_ALL_20260908103145506.csv,2026-09-08 10:31:45,-0.0028,-0.003
SaveOnEvent_ALL_20260908103147227.csv,2026-09-08 10:31:47,-0.0028,-0.0026
SaveOnEvent_ALL_20260908103148791.csv,2026-09-08 10:31:48,-0.0028,-0.0022
SaveOnEvent_ALL_20260908103150357.csv,2026-09-08 10:31:50,-0.0028,-0.0026
SaveOnEvent_ALL_20260908103152089.csv,2026-09-08 10:31:52,-0.0028,-0.0026
SaveOnEvent_ALL_20260908103153686.csv,2026-09-08 10:31:53,-0.0028,-0.003
SaveOnEvent_ALL_20260908103155273.csv,2026-09-08 10:31:55,-0.0032,-0.0026
SaveOnEvent_ALL_20260908103157063.csv,2026-09-08 10:31:57,-0.0028,-0.003
SaveOnEvent_ALL_20260908103158633.csv,2026-09-08 10:31:58,-0.0028,-0.0026
SaveOnEvent_ALL_20260908103200405.csv,2026-09-08 10:32:00,-0.0028,-0.0026
SaveOnEvent_ALL_20260908103202003.csv,2026-09-08 10:32:02,-0.0028,-0.0034
SaveOnEvent_ALL_20260908103203787.csv,2026-09-08 10:32:03,-0.0028,-0.0026
SaveOnEvent_ALL_20260908103205434.csv,2026-09-08 10:32:05,-0.0028,-0.003
SaveOnEvent_ALL_20260908103207017.csv,2026-09-08 10:32:07,-0.0028,-0.003
SaveOnEvent_ALL_20260908103208757.csv,2026-09-08 10:32:08,-0.0028,-0.0026
SaveOnEvent_ALL_20260908103210339.csv,2026-09-08 10:32:10,-0.0028,-0.003
SaveOnEvent_ALL_20260908103211933.csv,2026-09-08 10:32:11,-0.0028,-0.0026
SaveOnEvent_ALL_20260908103213676.csv,2026-09-08 10:32:13,-0.0028,-0.0026
SaveOnEvent_ALL_20260908103215280.csv,2026-09-08 10:32:15,-0.0032,-0.003
SaveOnEvent_ALL_20260908103217036.csv,2026-09-08 10:32:17,-0.0028,-0.0026
SaveOnEvent_ALL_20260908103218620.csv,2026-09-08 10:32:18,-0.0028,-0.0026
SaveOnEvent_ALL_20260908103220229.csv,2026-09-08 10:32:20,-0.0032,-0.0026
SaveOnEvent_ALL_20260908103221964.csv,2026-09-08 10:32:21,-0.0028,-0.0026
SaveOnEvent_ALL_20260908103223549.csv,2026-09-08 10:32:23,-0.0028,-0.0026
SaveOnEvent_ALL_20260908103225195.csv,2026-09-08 10:32:25,-0.0028,-0.0034
SaveOnEvent_ALL_20260908103227046.csv,2026-09-08 10:32:27,-0.0032,-0.0026
SaveOnEvent_ALL_20260908103228637.csv,2026-09-08 10:32:28,-0.0032,-0.0026
SaveOnEvent_ALL_20260908103230272.csv,2026-09-08 10:32:30,-0.0028,-0.003
SaveOnEvent_ALL_20260908103232270.csv,2026-09-08 10:32:32,-0.0028,-0.0026
SaveOnEvent_ALL_20260908103234070.csv,2026-09-08 10:32:34,-0.0028,-0.0026
SaveOnEvent_ALL_20260908103235831.csv,2026-09-08 10:32:35,-0.0028,-0.003
SaveOnEvent_ALL_20260908103237551.csv,2026-09-08 10:32:37,-0.0028,-0.0026
SaveOnEvent_ALL_20260908103239375.csv,2026-09-08 10:32:39,-0.0028,-0.0026
SaveOnEvent_ALL_20260908103241283.csv,2026-09-08 10:32:41,-0.0028,-0.003
SaveOnEvent_ALL_20260908103243248.csv,2026-09-08 10:32:43,-0.0028,-0.003
SaveOnEvent_ALL_20260908103244889.csv,2026-09-08 10:32:44,-0.0028,-0.0026
SaveOnEvent_ALL_20260908103246734.csv,2026-09-08 10:32:46,-0.0032,-0.0026
SaveOnEvent_ALL_20260908103248348.csv,2026-09-08 10:32:48,-0.0028,-0.0026
SaveOnEvent_ALL_20260908103250093.csv,2026-09-08 10:32:50,-0.0028,-0.0026
SaveOnEvent_ALL_20260908103251838.csv,2026-09-08 10:32:51,-0.0032,-0.0026
SaveOnEvent_ALL_20260908103253491.csv,2026-09-08 10:32:53,-0.0032,-0.0026
SaveOnEvent_ALL_20260908103255179.csv,2026-09-08 10:32:55,-0.0032,-0.003
SaveOnEvent_ALL_20260908103256918.csv,2026-09-08 10:32:56,-0.0036,-0.0026
SaveOnEvent_ALL_20260908103258653.csv,2026-09-08 10:32:58,-0.0028,-0.003
SaveOnEvent_ALL_20260908103300243.csv,2026-09-08 10:33:00,-0.0028,-0.003
SaveOnEvent_ALL_20260908103302019.csv,2026-09-08 10:33:02,-0.0028,-0.003
SaveOnEvent_ALL_20260908103303957.csv,2026-09-08 10:33:03,-0.0032,-0.0026
SaveOnEvent_ALL_20260908103305720.csv,2026-09-08 10:33:05,-0.0032,-0.0026
SaveOnEvent_ALL_20260908103307372.csv,2026-09-08 10:33:07,-0.0036,-0.0026
SaveOnEvent_ALL_20260908103309258.csv,2026-09-08 10:33:09,-0.0028,-0.0026
SaveOnEvent_ALL_20260908103310984.csv,2026-09-08 10:33:10,-0.0028,-0.0026
SaveOnEvent_ALL_20260908103312714.csv,2026-09-08 10:33:12,-0.0036,-0.0026
SaveOnEvent_ALL_20260908103314380.csv,2026-09-08 10:33:14,-0.0032,-0.0026
SaveOnEvent_ALL_20260908103316145.csv,2026-09-08 10:33:16,-0.0028,-0.0026
SaveOnEvent_ALL_20260908103318595.csv,2026-09-08 10:33:18,-0.0028,-0.0026
SaveOnEvent_ALL_20260908103319590.csv,2026-09-08 10:33:19,-0.0028,-0.0026
SaveOnEvent_ALL_20260908103321350.csv,2026-09-08 10:33:21,-0.0028,-0.003
SaveOnEvent_ALL_20260908103323084.csv,2026-09-08 10:33:23,-0.0028,-0.0034
SaveOnEvent_ALL_20260908103324815.csv,2026-09-08 10:33:24,-0.0032,-0.0026
SaveOnEvent_ALL_20260908103326648.csv,2026-09-08 10:33:26,-0.0032,-0.0026
SaveOnEvent_ALL_20260908103328257.csv,2026-09-08 10:33:28,-0.0028,-0.0026
SaveOnEvent_ALL_20260908103329951.csv,2026-09-08 10:33:29,-0.0036,-0.0026
SaveOnEvent_ALL_20260908103331695.csv,2026-09-08 10:33:31,-0.0028,-0.0034
SaveOnEvent_ALL_20260908103333443.csv,2026-09-08 10:33:33,-0.0036,-0.0026
SaveOnEvent_ALL_20260908103335349.csv,2026-09-08 10:33:35,-0.0028,-0.0026
SaveOnEvent_ALL_20260908103337004.csv,2026-09-08 10:33:37,-0.0028,-0.0026
SaveOnEvent_ALL_20260908103338922.csv,2026-09-08 10:33:38,-0.0032,-0.003
SaveOnEvent_ALL_20260908103340684.csv,2026-09-08 10:33:40,-0.0028,-0.0026
SaveOnEvent_ALL_20260908103342494.csv,2026-09-08 10:33:42,-0.0028,-0.0026
SaveOnEvent_ALL_20260908103344260.csv,2026-09-08 10:33:44,-0.0028,-0.0026
SaveOnEvent_ALL_20260908103346729.csv,2026-09-08 10:33:46,-0.0028,-0.0026
SaveOnEvent_ALL_20260908103347619.csv,2026-09-08 10:33:47,-0.0032,-0.0026
SaveOnEvent_ALL_20260908103349378.csv,2026-09-08 10:33:49,-0.0028,-0.0026
SaveOnEvent_ALL_20260908103351136.csv,2026-09-08 10:33:51,-0.0032,-0.003
SaveOnEvent_ALL_20260908103352837.csv,2026-09-08 10:33:52,-0.0028,-0.0026
SaveOnEvent_ALL_20260908103354711.csv,2026-09-08 10:33:54,-0.0028,-0.0026
SaveOnEvent_ALL_20260908103356504.csv,2026-09-08 10:33:56,-0.0028,-0.0026
SaveOnEvent_ALL_20260908103358262.csv,2026-09-08 10:33:58,-0.0028,-0.0026
SaveOnEvent_ALL_20260908103400083.csv,2026-09-08 10:34:00,-0.0028,-0.0026
SaveOnEvent_ALL_20260908103401717.csv,2026-09-08 10:34:01,-0.0028,-0.0026
SaveOnEvent_ALL_20260908103403345.csv,2026-09-08 10:34:03,-0.0028,-0.003
SaveOnEvent_ALL_20260908103405213.csv,2026-09-08 10:34:05,-0.0032,-0.0026
SaveOnEvent_ALL_20260908103406846.csv,2026-09-08 10:34:06,-0.0028,-0.003
SaveOnEvent_ALL_20260908103408512.csv,2026-09-08 10:34:08,-0.0028,-0.0026
SaveOnEvent_ALL_20260908103410349.csv,2026-09-08 10:34:10,-0.0036,-0.003
SaveOnEvent_ALL_20260908103412029.csv,2026-09-08 10:34:12,-0.0028,-0.0026
SaveOnEvent_ALL_20260908103413916.csv,2026-09-08 10:34:13,-0.0032,-0.0026
SaveOnEvent_ALL_20260908103415609.csv,2026-09-08 10:34:15,-0.0028,-0.003
SaveOnEvent_ALL_20260908103417505.csv,2026-09-08 10:34:17,-0.0028,-0.0026
SaveOnEvent_ALL_20260908103419180.csv,2026-09-08 10:34:19,-0.0028,-0.0026
SaveOnEvent_ALL_20260908103420835.csv,2026-09-08 10:34:20,-0.0028,-0.003
SaveOnEvent_ALL_20260908103422864.csv,2026-09-08 10:34:22,-0.0028,-0.0026
SaveOnEvent_ALL_20260908103424527.csv,2026-09-08 10:34:24,-0.0028,-0.0026
SaveOnEvent_ALL_20260908103426481.csv,2026-09-08 10:34:26,-0.0028,-0.003
SaveOnEvent_ALL_20260908103428360.csv,2026-09-08 10:34:28,-0.0028,-0.0026
SaveOnEvent_ALL_20260908103430233.csv,2026-09-08 10:34:30,-0.0036,-0.0026
SaveOnEvent_ALL_20260908103431891.csv,2026-09-08 10:34:31,-0.0028,-0.003
SaveOnEvent_ALL_20260908103433773.csv,2026-09-08 10:34:33,-0.0024,-0.0026
SaveOnEvent_ALL_20260908103435498.csv,2026-09-08 10:34:35,-0.0032,-0.0026
SaveOnEvent_ALL_20260908103437180.csv,2026-09-08 10:34:37,-0.0028,-0.0026
SaveOnEvent_ALL_20260908103439008.csv,2026-09-08 10:34:39,-0.0028,-0.0026
SaveOnEvent_ALL_20260908103440771.csv,2026-09-08 10:34:40,-0.0028,-0.0026
SaveOnEvent_ALL_20260908103442641.csv,2026-09-08 10:34:42,-0.0032,-0.003
SaveOnEvent_ALL_20260908103444536.csv,2026-09-08 10:34:44,-0.0028,-0.0026
SaveOnEvent_ALL_20260908103446295.csv,2026-09-08 10:34:46,-0.0028,-0.0026
SaveOnEvent_ALL_20260908103448161.csv,2026-09-08 10:34:48,-0.0036,-0.0026
SaveOnEvent_ALL_20260908103449856.csv,2026-09-08 10:34:49,-0.0028,-0.0026
SaveOnEvent_ALL_20260908103451522.csv,2026-09-08 10:34:51,-0.0032,-0.0026
SaveOnEvent_ALL_20260908103453437.csv,2026-09-08 10:34:53,-0.0028,-0.0026
SaveOnEvent_ALL_20260908103455245.csv,2026-09-08 10:34:55,-0.0024,-0.0026
SaveOnEvent_ALL_20260908103457192.csv,2026-09-08 10:34:57,-0.0032,-0.0026
SaveOnEvent_ALL_20260908103459130.csv,2026-09-08 10:34:59,-0.0028,-0.0026
SaveOnEvent_ALL_20260908103500832.csv,2026-09-08 10:35:00,-0.0028,-0.003
SaveOnEvent_ALL_20260908103502552.csv,2026-09-08 10:35:02,-0.0028,-0.0026
SaveOnEvent_ALL_20260908103504468.csv,2026-09-08 10:35:04,-0.0028,-0.0026
SaveOnEvent_ALL_20260908103506157.csv,2026-09-08 10:35:06,-0.0028,-0.0026
SaveOnEvent_ALL_20260908103508103.csv,2026-09-08 10:35:08,-0.0028,-0.0026
SaveOnEvent_ALL_20260908103509842.csv,2026-09-08 10:35:09,-0.0028,-0.0026
SaveOnEvent_ALL_20260908103511781.csv,2026-09-08 10:35:11,-0.0032,-0.003
SaveOnEvent_ALL_20260908103513486.csv,2026-09-08 10:35:13,-0.0032,-0.0026
SaveOnEvent_ALL_20260908103515403.csv,2026-09-08 10:35:15,-0.0028,-0.0026
SaveOnEvent_ALL_20260908103517551.csv,2026-09-08 10:35:17,-0.0028,-0.0026
SaveOnEvent_ALL_20260908103519273.csv,2026-09-08 10:35:19,-0.0032,-0.0026
SaveOnEvent_ALL_20260908103520985.csv,2026-09-08 10:35:20,-0.0028,-0.003
SaveOnEvent_ALL_20260908103522846.csv,2026-09-08 10:35:22,-0.0028,-0.0026
SaveOnEvent_ALL_20260908103524644.csv,2026-09-08 10:35:24,-0.0028,-0.0026
SaveOnEvent_ALL_20260908103526521.csv,2026-09-08 10:35:26,-0.0028,-0.0026
SaveOnEvent_ALL_20260908103528451.csv,2026-09-08 10:35:28,-0.0028,-0.0026
SaveOnEvent_ALL_20260908103530341.csv,2026-09-08 10:35:30,-0.0032,-0.0026
SaveOnEvent_ALL_20260908103532053.csv,2026-09-08 10:35:32,-0.0028,-0.003
SaveOnEvent_ALL_20260908103534143.csv,2026-09-08 10:35:34,-0.0028,-0.003
SaveOnEvent_ALL_20260908103536233.csv,2026-09-08 10:35:36,-0.0032,-0.0026
SaveOnEvent_ALL_20260908103537975.csv,2026-09-08 10:35:37,-0.0028,-0.0034
SaveOnEvent_ALL_20260908103539691.csv,2026-09-08 10:35:39,-0.0028,-0.0026
SaveOnEvent_ALL_20260908103541657.csv,2026-09-08 10:35:41,-0.0032,-0.0026
SaveOnEvent_ALL_20260908103543826.csv,2026-09-08 10:35:43,-0.0028,-0.0026
SaveOnEvent_ALL_20260908103545642.csv,2026-09-08 10:35:45,-0.0028,-0.003
SaveOnEvent_ALL_20260908103547552.csv,2026-09-08 10:35:47,-0.0028,-0.0026
SaveOnEvent_ALL_20260908103549382.csv,2026-09-08 10:35:49,-0.0028,-0.003
SaveOnEvent_ALL_20260908103551283.csv,2026-09-08 10:35:51,-0.0028,-0.0026
SaveOnEvent_ALL_20260908103553006.csv,2026-09-08 10:35:53,-0.0028,-0.0026
SaveOnEvent_ALL_20260908103554910.csv,2026-09-08 10:35:54,-0.0032,-0.0026
SaveOnEvent_ALL_20260908103556621.csv,2026-09-08 10:35:56,-0.0028,-0.003
SaveOnEvent_ALL_20260908103558554.csv,2026-09-08 10:35:58,-0.0028,-0.003
SaveOnEvent_ALL_20260908103600273.csv,2026-09-08 10:36:00,-0.0028,-0.003
SaveOnEvent_ALL_20260908103602296.csv,2026-09-08 10:36:02,-0.0028,-0.003
SaveOnEvent_ALL_20260908103604041.csv,2026-09-08 10:36:04,-0.0032,-0.003
SaveOnEvent_ALL_20260908103605979.csv,2026-09-08 10:36:05,-0.0028,-0.0026
SaveOnEvent_ALL_20260908103607693.csv,2026-09-08 10:36:07,-0.0028,-0.003
SaveOnEvent_ALL_20260908103609681.csv,2026-09-08 10:36:09,-0.004,-0.003
SaveOnEvent_ALL_20260908103611442.csv,2026-09-08 10:36:11,-0.0028,-0.0026
SaveOnEvent_ALL_20260908103613545.csv,2026-09-08 10:36:13,-0.0032,-0.0026
SaveOnEvent_ALL_20260908103615358.csv,2026-09-08 10:36:15,-0.0028,-0.0026
SaveOnEvent_ALL_20260908103617353.csv,2026-09-08 10:36:17,-0.0032,-0.003
SaveOnEvent_ALL_20260908103619102.csv,2026-09-08 10:36:19,-0.0028,-0.0026
SaveOnEvent_ALL_20260908103621062.csv,2026-09-08 10:36:21,-0.0028,-0.0026
SaveOnEvent_ALL_20260908103622784.csv,2026-09-08 10:36:22,-0.0032,-0.0034
SaveOnEvent_ALL_20260908103624699.csv,2026-09-08 10:36:24,-0.0028,-0.003
SaveOnEvent_ALL_20260908103626590.csv,2026-09-08 10:36:26,-0.0028,-0.0034
SaveOnEvent_ALL_20260908103628343.csv,2026-09-08 10:36:28,-0.0028,-0.003
SaveOnEvent_ALL_20260908103630321.csv,2026-09-08 10:36:30,-0.0028,-0.003
SaveOnEvent_ALL_20260908103632386.csv,2026-09-08 10:36:32,-0.0028,-0.003
SaveOnEvent_ALL_20260908103634238.csv,2026-09-08 10:36:34,-0.0028,-0.0026
SaveOnEvent_ALL_20260908103636157.csv,2026-09-08 10:36:36,-0.0028,-0.003
SaveOnEvent_ALL_20260908103638242.csv,2026-09-08 10:36:38,-0.0028,-0.0026
SaveOnEvent_ALL_20260908103640090.csv,2026-09-08 10:36:40,-0.0028,-0.0026
SaveOnEvent_ALL_20260908103642080.csv,2026-09-08 10:36:42,-0.0028,-0.0026
SaveOnEvent_ALL_20260908103643980.csv,2026-09-08 10:36:43,-0.0028,-0.0026
SaveOnEvent_ALL_20260908103645928.csv,2026-09-08 10:36:45,-0.0028,-0.0026
SaveOnEvent_ALL_20260908103647685.csv,2026-09-08 10:36:47,-0.0032,-0.0026
SaveOnEvent_ALL_20260908103649691.csv,2026-09-08 10:36:49,-0.0028,-0.0026
SaveOnEvent_ALL_20260908103651644.csv,2026-09-08 10:36:51,-0.0032,-0.0026
SaveOnEvent_ALL_20260908103653420.csv,2026-09-08 10:36:53,-0.0028,-0.0026
SaveOnEvent_ALL_20260908103655385.csv,2026-09-08 10:36:55,-0.0032,-0.003
SaveOnEvent_ALL_20260908103657452.csv,2026-09-08 10:36:57,-0.0028,-0.003
SaveOnEvent_ALL_20260908103659295.csv,2026-09-08 10:36:59,-0.0032,-0.0026
SaveOnEvent_ALL_20260908103701361.csv,2026-09-08 10:37:01,-0.0028,-0.0034
SaveOnEvent_ALL_20260908103703151.csv,2026-09-08 10:37:03,-0.0028,-0.003
SaveOnEvent_ALL_20260908103705145.csv,2026-09-08 10:37:05,-0.0028,-0.0026
SaveOnEvent_ALL_20260908103706900.csv,2026-09-08 10:37:06,-0.0028,-0.0026
SaveOnEvent_ALL_20260908103708875.csv,2026-09-08 10:37:08,-0.0028,-0.0042
SaveOnEvent_ALL_20260908103710630.csv,2026-09-08 10:37:10,-0.0028,-0.003
SaveOnEvent_ALL_20260908103712618.csv,2026-09-08 10:37:12,-0.0028,-0.003
SaveOnEvent_ALL_20260908103714444.csv,2026-09-08 10:37:14,-0.0028,-0.0026
SaveOnEvent_ALL_20260908103716405.csv,2026-09-08 10:37:16,-0.0028,-0.003
SaveOnEvent_ALL_20260908103718178.csv,2026-09-08 10:37:18,-0.0036,-0.0034
SaveOnEvent_ALL_20260908103720249.csv,2026-09-08 10:37:20,-0.0032,-0.0026
SaveOnEvent_ALL_20260908103722002.csv,2026-09-08 10:37:22,-0.0028,-0.0026
SaveOnEvent_ALL_20260908103724070.csv,2026-09-08 10:37:24,-0.0028,-0.0026
SaveOnEvent_ALL_20260908103726057.csv,2026-09-08 10:37:26,-0.0032,-0.003
SaveOnEvent_ALL_20260908103727811.csv,2026-09-08 10:37:27,-0.0028,-0.0026
SaveOnEvent_ALL_20260908103729660.csv,2026-09-08 10:37:29,-0.0028,-0.0026
SaveOnEvent_ALL_20260908103731616.csv,2026-09-08 10:37:31,-0.0028,-0.0026
SaveOnEvent_ALL_20260908103733599.csv,2026-09-08 10:37:33,-0.0028,-0.0026
SaveOnEvent_ALL_20260908103735350.csv,2026-09-08 10:37:35,-0.0028,-0.0026
SaveOnEvent_ALL_20260908103737323.csv,2026-09-08 10:37:37,-0.0028,-0.003
SaveOnEvent_ALL_20260908103739099.csv,2026-09-08 10:37:39,-0.0028,-0.0026
SaveOnEvent_ALL_20260908103741294.csv,2026-09-08 10:37:41,-0.0028,-0.0026
SaveOnEvent_ALL_20260908103743433.csv,2026-09-08 10:37:43,-0.0032,-0.0026
SaveOnEvent_ALL_20260908103745442.csv,2026-09-08 10:37:45,-0.0028,-0.003
SaveOnEvent_ALL_20260908103747463.csv,2026-09-08 10:37:47,-0.0028,-0.0026
SaveOnEvent_ALL_20260908103750317.csv,2026-09-08 10:37:50,-0.0028,-0.0026
SaveOnEvent_ALL_20260908103751462.csv,2026-09-08 10:37:51,-0.0028,-0.0026
SaveOnEvent_ALL_20260908103753463.csv,2026-09-08 10:37:53,-0.0028,-0.0026
SaveOnEvent_ALL_20260908103755314.csv,2026-09-08 10:37:55,-0.0028,-0.0026
SaveOnEvent_ALL_20260908103757329.csv,2026-09-08 10:37:57,-0.0032,-0.003
SaveOnEvent_ALL_20260908103759162.csv,2026-09-08 10:37:59,-0.0032,-0.0026
SaveOnEvent_ALL_20260908103801198.csv,2026-09-08 10:38:01,-0.0028,-0.0026
SaveOnEvent_ALL_20260908103802986.csv,2026-09-08 10:38:02,-0.0028,-0.003
SaveOnEvent_ALL_20260908103805209.csv,2026-09-08 10:38:05,-0.0028,-0.003
SaveOnEvent_ALL_20260908103807218.csv,2026-09-08 10:38:07,-0.0028,-0.0022
SaveOnEvent_ALL_20260908103809002.csv,2026-09-08 10:38:09,-0.0024,-0.0026
SaveOnEvent_ALL_20260908103811085.csv,2026-09-08 10:38:11,-0.0028,-0.0026
SaveOnEvent_ALL_20260908103813240.csv,2026-09-08 10:38:13,-0.0028,-0.0026
SaveOnEvent_ALL_20260908103815071.csv,2026-09-08 10:38:15,-0.0028,-0.003
SaveOnEvent_ALL_20260908103817076.csv,2026-09-08 10:38:17,-0.004,-0.0026
SaveOnEvent_ALL_20260908103818906.csv,2026-09-08 10:38:18,-0.0036,-0.003
SaveOnEvent_ALL_20260908103821048.csv,2026-09-08 10:38:21,-0.0028,-0.003
SaveOnEvent_ALL_20260908103823112.csv,2026-09-08 10:38:23,-0.0028,-0.0026
SaveOnEvent_ALL_20260908103824918.csv,2026-09-08 10:38:24,-0.0028,-0.0026
SaveOnEvent_ALL_20260908103826728.csv,2026-09-08 10:38:26,-0.0028,-0.0026
SaveOnEvent_ALL_20260908103828783.csv,2026-09-08 10:38:28,-0.0032,-0.0026
SaveOnEvent_ALL_20260908103830818.csv,2026-09-08 10:38:30,-0.0028,-0.0026
SaveOnEvent_ALL_20260908103833591.csv,2026-09-08 10:38:33,-0.0028,-0.003
SaveOnEvent_ALL_20260908103834707.csv,2026-09-08 10:38:34,-0.0032,-0.0022
SaveOnEvent_ALL_20260908103836873.csv,2026-09-08 10:38:36,-0.0028,-0.0034
SaveOnEvent_ALL_20260908103838843.csv,2026-09-08 10:38:38,-0.0028,-0.003
SaveOnEvent_ALL_20260908103840857.csv,2026-09-08 10:38:40,-0.0028,-0.0026
SaveOnEvent_ALL_20260908103842684.csv,2026-09-08 10:38:42,-0.0028,-0.0026
SaveOnEvent_ALL_20260908103844829.csv,2026-09-08 10:38:44,-0.0028,-0.0026
SaveOnEvent_ALL_20260908103846733.csv,2026-09-08 10:38:46,-0.0028,-0.003
SaveOnEvent_ALL_20260908103848860.csv,2026-09-08 10:38:48,-0.0028,-0.0026
SaveOnEvent_ALL_20260908103850768.csv,2026-09-08 10:38:50,-0.0028,-0.0026
SaveOnEvent_ALL_20260908103852832.csv,2026-09-08 10:38:52,-0.0028,-0.0026
SaveOnEvent_ALL_20260908103854658.csv,2026-09-08 10:38:54,-0.0028,-0.0026
SaveOnEvent_ALL_20260908103857658.csv,2026-09-08 10:38:57,-0.0028,-0.0026
SaveOnEvent_ALL_20260908103858818.csv,2026-09-08 10:38:58,-0.0032,-0.003
SaveOnEvent_ALL_20260908103900827.csv,2026-09-08 10:39:00,-0.0028,-0.0026
SaveOnEvent_ALL_20260908103902626.csv,2026-09-08 10:39:02,-0.0032,-0.003
SaveOnEvent_ALL_20260908103904682.csv,2026-09-08 10:39:04,-0.0032,-0.0026
SaveOnEvent_ALL_20260908103906743.csv,2026-09-08 10:39:06,-0.0028,-0.003
SaveOnEvent_ALL_20260908103908616.csv,2026-09-08 10:39:08,-0.0036,-0.0026
SaveOnEvent_ALL_20260908103910705.csv,2026-09-08 10:39:10,-0.0036,-0.0026
SaveOnEvent_ALL_20260908103912860.csv,2026-09-08 10:39:12,-0.0028,-0.003
SaveOnEvent_ALL_20260908103914792.csv,2026-09-08 10:39:14,-0.0028,-0.003
SaveOnEvent_ALL_20260908103916924.csv,2026-09-08 10:39:16,-0.0028,-0.0034
SaveOnEvent_ALL_20260908103919699.csv,2026-09-08 10:39:19,-0.0028,-0.0034
SaveOnEvent_ALL_20260908103920986.csv,2026-09-08 10:39:20,-0.0028,-0.0026
SaveOnEvent_ALL_20260908103923180.csv,2026-09-08 10:39:23,-0.0028,-0.003
SaveOnEvent_ALL_20260908103925238.csv,2026-09-08 10:39:25,-0.0032,-0.0026
SaveOnEvent_ALL_20260908103927255.csv,2026-09-08 10:39:27,-0.0028,-0.0034
SaveOnEvent_ALL_20260908103930154.csv,2026-09-08 10:39:30,-0.0032,-0.0026
SaveOnEvent_ALL_20260908103931266.csv,2026-09-08 10:39:31,-0.0028,-0.003
SaveOnEvent_ALL_20260908103933426.csv,2026-09-08 10:39:33,-0.0028,-0.0026
SaveOnEvent_ALL_20260908103935773.csv,2026-09-08 10:39:35,-0.0028,-0.0026
SaveOnEvent_ALL_20260908103937784.csv,2026-09-08 10:39:37,-0.0028,-0.0034
SaveOnEvent_ALL_20260908103939759.csv,2026-09-08 10:39:39,-0.0028,-0.003
SaveOnEvent_ALL_20260908103941780.csv,2026-09-08 10:39:41,-0.0028,-0.003
SaveOnEvent_ALL_20260908103943696.csv,2026-09-08 10:39:43,-0.0028,-0.0026
SaveOnEvent_ALL_20260908103945762.csv,2026-09-08 10:39:45,-0.0024,-0.003
SaveOnEvent_ALL_20260908103947653.csv,2026-09-08 10:39:47,-0.0028,-0.0026
SaveOnEvent_ALL_20260908103949727.csv,2026-09-08 10:39:49,-0.0028,-0.0026
SaveOnEvent_ALL_20260908103951603.csv,2026-09-08 10:39:51,-0.0028,-0.0038
SaveOnEvent_ALL_20260908103953931.csv,2026-09-08 10:39:53,-0.0032,-0.003
SaveOnEvent_ALL_20260908103955979.csv,2026-09-08 10:39:55,-0.0032,-0.0026
SaveOnEvent_ALL_20260908103958222.csv,2026-09-08 10:39:58,-0.0032,-0.0026
SaveOnEvent_ALL_20260908104000086.csv,2026-09-08 10:40:00,-0.0028,-0.0026
SaveOnEvent_ALL_20260908104002138.csv,2026-09-08 10:40:02,-0.0028,-0.0026
SaveOnEvent_ALL_20260908104004211.csv,2026-09-08 10:40:04,-0.0028,-0.0026
SaveOnEvent_ALL_20260908104006240.csv,2026-09-08 10:40:06,-0.0032,-0.0026
SaveOnEvent_ALL_20260908104008208.csv,2026-09-08 10:40:08,-0.0028,-0.0026
SaveOnEvent_ALL_20260908104010282.csv,2026-09-08 10:40:10,-0.0028,-0.0026
SaveOnEvent_ALL_20260908104012478.csv,2026-09-08 10:40:12,-0.0032,-0.0038
SaveOnEvent_ALL_20260908104014630.csv,2026-09-08 10:40:14,-0.0028,-0.0026
SaveOnEvent_ALL_20260908104016824.csv,2026-09-08 10:40:16,-0.0028,-0.0026
SaveOnEvent_ALL_20260908104018904.csv,2026-09-08 10:40:18,-0.0028,-0.0026
SaveOnEvent_ALL_20260908104020776.csv,2026-09-08 10:40:20,-0.0028,-0.0026
SaveOnEvent_ALL_20260908104022934.csv,2026-09-08 10:40:22,-0.0028,-0.0026
SaveOnEvent_ALL_20260908104024868.csv,2026-09-08 10:40:24,-0.0028,-0.003
SaveOnEvent_ALL_20260908104026958.csv,2026-09-08 10:40:26,-0.0028,-0.0026
SaveOnEvent_ALL_20260908104028942.csv,2026-09-08 10:40:28,-0.0032,-0.0026
SaveOnEvent_ALL_20260908104031176.csv,2026-09-08 10:40:31,-0.0028,-0.0026
SaveOnEvent_ALL_20260908104033333.csv,2026-09-08 10:40:33,-0.0028,-0.0026
SaveOnEvent_ALL_20260908104035600.csv,2026-09-08 10:40:35,-0.0028,-0.0026
SaveOnEvent_ALL_20260908104037507.csv,2026-09-08 10:40:37,-0.0028,-0.0038
SaveOnEvent_ALL_20260908104039808.csv,2026-09-08 10:40:39,-0.0032,-0.003
SaveOnEvent_ALL_20260908104041810.csv,2026-09-08 10:40:41,-0.0028,-0.0026
SaveOnEvent_ALL_20260908104044065.csv,2026-09-08 10:40:44,-0.0028,-0.0026
SaveOnEvent_ALL_20260908104045961.csv,2026-09-08 10:40:45,-0.0028,-0.0026
SaveOnEvent_ALL_20260908104048064.csv,2026-09-08 10:40:48,-0.0028,-0.0026
SaveOnEvent_ALL_20260908104049959.csv,2026-09-08 10:40:49,-0.0028,-0.003
SaveOnEvent_ALL_20260908104052102.csv,2026-09-08 10:40:52,-0.0028,-0.003
SaveOnEvent_ALL_20260908104054448.csv,2026-09-08 10:40:54,-0.0032,-0.0026
SaveOnEvent_ALL_20260908104056539.csv,2026-09-08 10:40:56,-0.0028,-0.003
SaveOnEvent_ALL_20260908104058670.csv,2026-09-08 10:40:58,-0.0028,-0.0026
SaveOnEvent_ALL_20260908104100854.csv,2026-09-08 10:41:00,-0.0032,-0.0026
SaveOnEvent_ALL_20260908104102763.csv,2026-09-08 10:41:02,-0.0028,-0.0026
SaveOnEvent_ALL_20260908104104864.csv,2026-09-08 10:41:04,-0.0028,-0.003
SaveOnEvent_ALL_20260908104107022.csv,2026-09-08 10:41:07,-0.0032,-0.0026
SaveOnEvent_ALL_20260908104109194.csv,2026-09-08 10:41:09,-0.0032,-0.0026
SaveOnEvent_ALL_20260908104111148.csv,2026-09-08 10:41:11,-0.0028,-0.0026
SaveOnEvent_ALL_20260908104113286.csv,2026-09-08 10:41:13,-0.0036,-0.0026
SaveOnEvent_ALL_20260908104115346.csv,2026-09-08 10:41:15,-0.0028,-0.0026
SaveOnEvent_ALL_20260908104117556.csv,2026-09-08 10:41:17,-0.0028,-0.0026
SaveOnEvent_ALL_20260908104119556.csv,2026-09-08 10:41:19,-0.004,-0.003
SaveOnEvent_ALL_20260908104121740.csv,2026-09-08 10:41:21,-0.0036,-0.0026
SaveOnEvent_ALL_20260908104123930.csv,2026-09-08 10:41:23,-0.0032,-0.003
SaveOnEvent_ALL_20260908104126062.csv,2026-09-08 10:41:26,-0.0028,-0.0026
SaveOnEvent_ALL_20260908104128404.csv,2026-09-08 10:41:28,-0.0028,-0.0026
SaveOnEvent_ALL_20260908104130729.csv,2026-09-08 10:41:30,-0.0028,-0.0026
SaveOnEvent_ALL_20260908104132707.csv,2026-09-08 10:41:32,-0.0028,-0.0022
SaveOnEvent_ALL_20260908104134955.csv,2026-09-08 10:41:34,-0.0028,-0.0026
SaveOnEvent_ALL_20260908104136894.csv,2026-09-08 10:41:36,-0.0028,-0.0026
SaveOnEvent_ALL_20260908104139027.csv,2026-09-08 10:41:39,-0.0028,-0.0026
SaveOnEvent_ALL_20260908104141211.csv,2026-09-08 10:41:41,-0.0028,-0.0026
SaveOnEvent_ALL_20260908104143366.csv,2026-09-08 10:41:43,-0.0028,-0.0026
SaveOnEvent_ALL_20260908104145305.csv,2026-09-08 10:41:45,-0.0028,-0.003
SaveOnEvent_ALL_20260908104147643.csv,2026-09-08 10:41:47,-0.0028,-0.0026
SaveOnEvent_ALL_20260908104149860.csv,2026-09-08 10:41:49,-0.0028,-0.003
SaveOnEvent_ALL_20260908104152015.csv,2026-09-08 10:41:52,-0.0032,-0.0026
SaveOnEvent_ALL_20260908104153962.csv,2026-09-08 10:41:53,-0.0028,-0.0026
SaveOnEvent_ALL_20260908104156147.csv,2026-09-08 10:41:56,-0.0028,-0.0026
SaveOnEvent_ALL_20260908104158451.csv,2026-09-08 10:41:58,-0.0028,-0.0026
SaveOnEvent_ALL_20260908104200597.csv,2026-09-08 10:42:00,-0.0028,-0.003
SaveOnEvent_ALL_20260908104202643.csv,2026-09-08 10:42:02,-0.0032,-0.0026
SaveOnEvent_ALL_20260908104204817.csv,2026-09-08 10:42:04,-0.0028,-0.0026
SaveOnEvent_ALL_20260908104207048.csv,2026-09-08 10:42:07,-0.0028,-0.0026
SaveOnEvent_ALL_20260908104209190.csv,2026-09-08 10:42:09,-0.0032,-0.0026
SaveOnEvent_ALL_20260908104211376.csv,2026-09-08 10:42:11,-0.0028,-0.0026
SaveOnEvent_ALL_20260908104213724.csv,2026-09-08 10:42:13,-0.0028,-0.0026
SaveOnEvent_ALL_20260908104215868.csv,2026-09-08 10:42:15,-0.0036,-0.003
SaveOnEvent_ALL_20260908104218085.csv,2026-09-08 10:42:18,-0.0028,-0.0034
SaveOnEvent_ALL_20260908104220036.csv,2026-09-08 10:42:20,-0.0028,-0.003
SaveOnEvent_ALL_20260908104222358.csv,2026-09-08 10:42:22,-0.0032,-0.0026
SaveOnEvent_ALL_20260908104224577.csv,2026-09-08 10:42:24,-0.0028,-0.0026
SaveOnEvent_ALL_20260908104226766.csv,2026-09-08 10:42:26,-0.0028,-0.003
SaveOnEvent_ALL_20260908104229030.csv,2026-09-08 10:42:29,-0.0032,-0.0038
SaveOnEvent_ALL_20260908104231346.csv,2026-09-08 10:42:31,-0.0028,-0.003
SaveOnEvent_ALL_20260908104233509.csv,2026-09-08 10:42:33,-0.0028,-0.003
SaveOnEvent_ALL_20260908104235794.csv,2026-09-08 10:42:35,-0.0036,-0.0022
SaveOnEvent_ALL_20260908104237780.csv,2026-09-08 10:42:37,-0.0028,-0.0026
SaveOnEvent_ALL_20260908104239969.csv,2026-09-08 10:42:39,-0.0028,-0.0026
SaveOnEvent_ALL_20260908104242276.csv,2026-09-08 10:42:42,-0.0028,-0.0026
SaveOnEvent_ALL_20260908104244432.csv,2026-09-08 10:42:44,-0.0032,-0.0026
SaveOnEvent_ALL_20260908104246647.csv,2026-09-08 10:42:46,-0.0028,-0.003
SaveOnEvent_ALL_20260908104248815.csv,2026-09-08 10:42:48,-0.0032,-0.0026
SaveOnEvent_ALL_20260908104251011.csv,2026-09-08 10:42:51,-0.0028,-0.0034
SaveOnEvent_ALL_20260908104253245.csv,2026-09-08 10:42:53,-0.0028,-0.0026
SaveOnEvent_ALL_20260908104255746.csv,2026-09-08 10:42:55,-0.0028,-0.003
SaveOnEvent_ALL_20260908104258029.csv,2026-09-08 10:42:58,-0.0024,-0.0026
SaveOnEvent_ALL_20260908104300216.csv,2026-09-08 10:43:00,-0.0036,-0.0026
SaveOnEvent_ALL_20260908104302449.csv,2026-09-08 10:43:02,-0.0028,-0.0026
SaveOnEvent_ALL_20260908104304749.csv,2026-09-08 10:43:04,-0.0028,-0.0026
SaveOnEvent_ALL_20260908104306935.csv,2026-09-08 10:43:06,-0.0028,-0.0026
SaveOnEvent_ALL_20260908104309121.csv,2026-09-08 10:43:09,-0.0032,-0.0026
SaveOnEvent_ALL_20260908104311313.csv,2026-09-08 10:43:11,-0.0028,-0.0026
SaveOnEvent_ALL_20260908104313600.csv,2026-09-08 10:43:13,-0.0028,-0.0026
SaveOnEvent_ALL_20260908104315802.csv,2026-09-08 10:43:15,-0.0032,-0.0026
SaveOnEvent_ALL_20260908104318005.csv,2026-09-08 10:43:18,-0.0028,-0.0038
SaveOnEvent_ALL_20260908104320196.csv,2026-09-08 10:43:20,-0.0028,-0.0026
SaveOnEvent_ALL_20260908104322457.csv,2026-09-08 10:43:22,-0.0028,-0.0026
SaveOnEvent_ALL_20260908104324684.csv,2026-09-08 10:43:24,-0.0028,-0.0026
SaveOnEvent_ALL_20260908104326955.csv,2026-09-08 10:43:26,-0.004,-0.003
SaveOnEvent_ALL_20260908104329221.csv,2026-09-08 10:43:29,-0.0028,-0.003
SaveOnEvent_ALL_20260908104331432.csv,2026-09-08 10:43:31,-0.0032,-0.0026
SaveOnEvent_ALL_20260908104333686.csv,2026-09-08 10:43:33,-0.0028,-0.0026
SaveOnEvent_ALL_20260908104335988.csv,2026-09-08 10:43:35,-0.0032,-0.0026
SaveOnEvent_ALL_20260908104338308.csv,2026-09-08 10:43:38,-0.0028,-0.0026
SaveOnEvent_ALL_20260908104340542.csv,2026-09-08 10:43:40,-0.0028,-0.0026
SaveOnEvent_ALL_20260908104342810.csv,2026-09-08 10:43:42,-0.0028,-0.003
SaveOnEvent_ALL_20260908104345139.csv,2026-09-08 10:43:45,-0.0028,-0.0026
SaveOnEvent_ALL_20260908104347381.csv,2026-09-08 10:43:47,-0.0032,-0.0026
SaveOnEvent_ALL_20260908104349601.csv,2026-09-08 10:43:49,-0.0028,-0.003
SaveOnEvent_ALL_20260908104351891.csv,2026-09-08 10:43:51,-0.0028,-0.0018
SaveOnEvent_ALL_20260908104354113.csv,2026-09-08 10:43:54,-0.0032,-0.0038
SaveOnEvent_ALL_20260908104356458.csv,2026-09-08 10:43:56,-0.0028,-0.003
SaveOnEvent_ALL_20260908104358909.csv,2026-09-08 10:43:58,-0.0028,-0.0026
SaveOnEvent_ALL_20260908104401187.csv,2026-09-08 10:44:01,-0.0028,-0.003
SaveOnEvent_ALL_20260908104403426.csv,2026-09-08 10:44:03,-0.0028,-0.003
SaveOnEvent_ALL_20260908104405700.csv,2026-09-08 10:44:05,-0.0028,-0.0026
SaveOnEvent_ALL_20260908104407922.csv,2026-09-08 10:44:07,-0.0032,-0.003
SaveOnEvent_ALL_20260908104410215.csv,2026-09-08 10:44:10,-0.0028,-0.0026
SaveOnEvent_ALL_20260908104412471.csv,2026-09-08 10:44:12,-0.0028,-0.0034
SaveOnEvent_ALL_20260908104414874.csv,2026-09-08 10:44:14,-0.0028,-0.0026
SaveOnEvent_ALL_20260908104417202.csv,2026-09-08 10:44:17,-0.0032,-0.0026
SaveOnEvent_ALL_20260908104419468.csv,2026-09-08 10:44:19,-0.0028,-0.0026
SaveOnEvent_ALL_20260908104421773.csv,2026-09-08 10:44:21,-0.0028,-0.0026
SaveOnEvent_ALL_20260908104424070.csv,2026-09-08 10:44:24,-0.004,-0.0026
SaveOnEvent_ALL_20260908104426380.csv,2026-09-08 10:44:26,-0.0028,-0.0026
SaveOnEvent_ALL_20260908104428657.csv,2026-09-08 10:44:28,-0.0028,-0.0026
SaveOnEvent_ALL_20260908104430960.csv,2026-09-08 10:44:30,-0.0028,-0.0026
SaveOnEvent_ALL_20260908104433337.csv,2026-09-08 10:44:33,-0.0032,-0.0034
SaveOnEvent_ALL_20260908104435594.csv,2026-09-08 10:44:35,-0.0032,-0.0026
SaveOnEvent_ALL_20260908104437845.csv,2026-09-08 10:44:37,-0.0028,-0.003
SaveOnEvent_ALL_20260908104440097.csv,2026-09-08 10:44:40,-0.0028,-0.003
SaveOnEvent_ALL_20260908104442374.csv,2026-09-08 10:44:42,-0.0032,-0.003
SaveOnEvent_ALL_20260908104444926.csv,2026-09-08 10:44:44,-0.0028,-0.0026
SaveOnEvent_ALL_20260908104447301.csv,2026-09-08 10:44:47,-0.0028,-0.0026
SaveOnEvent_ALL_20260908104449567.csv,2026-09-08 10:44:49,-0.0032,-0.0034
SaveOnEvent_ALL_20260908104451815.csv,2026-09-08 10:44:51,-0.0032,-0.0026
SaveOnEvent_ALL_20260908104454110.csv,2026-09-08 10:44:54,-0.0032,-0.0026
SaveOnEvent_ALL_20260908104456486.csv,2026-09-08 10:44:56,-0.0028,-0.0026
SaveOnEvent_ALL_20260908104458916.csv,2026-09-08 10:44:58,-0.0028,-0.0026
SaveOnEvent_ALL_20260908104501303.csv,2026-09-08 10:45:01,-0.0028,-0.0026
SaveOnEvent_ALL_20260908104503569.csv,2026-09-08 10:45:03,-0.0028,-0.0026
SaveOnEvent_ALL_20260908104505882.csv,2026-09-08 10:45:05,-0.0024,-0.003
SaveOnEvent_ALL_20260908104508293.csv,2026-09-08 10:45:08,-0.0028,-0.003
SaveOnEvent_ALL_20260908104510580.csv,2026-09-08 10:45:10,-0.0028,-0.0026
SaveOnEvent_ALL_20260908104512847.csv,2026-09-08 10:45:12,-0.0028,-0.0026
SaveOnEvent_ALL_20260908104515388.csv,2026-09-08 10:45:15,-0.0028,-0.0026
SaveOnEvent_ALL_20260908104517808.csv,2026-09-08 10:45:17,-0.0028,-0.0026
SaveOnEvent_ALL_20260908104520225.csv,2026-09-08 10:45:20,-0.0028,-0.0022
SaveOnEvent_ALL_20260908104522553.csv,2026-09-08 10:45:22,-0.0028,-0.0034
SaveOnEvent_ALL_20260908104524978.csv,2026-09-08 10:45:24,-0.0028,-0.0026
SaveOnEvent_ALL_20260908104527311.csv,2026-09-08 10:45:27,-0.0028,-0.0026
SaveOnEvent_ALL_20260908104529631.csv,2026-09-08 10:45:29,-0.0028,-0.003
SaveOnEvent_ALL_20260908104531953.csv,2026-09-08 10:45:31,-0.0028,-0.0026
SaveOnEvent_ALL_20260908104534433.csv,2026-09-08 10:45:34,-0.0028,-0.003
SaveOnEvent_ALL_20260908104536751.csv,2026-09-08 10:45:36,-0.0028,-0.0026
SaveOnEvent_ALL_20260908104539104.csv,2026-09-08 10:45:39,-0.0036,-0.0026
SaveOnEvent_ALL_20260908104541403.csv,2026-09-08 10:45:41,-0.0028,-0.003
SaveOnEvent_ALL_20260908104543752.csv,2026-09-08 10:45:43,-0.0028,-0.0026
SaveOnEvent_ALL_20260908104546049.csv,2026-09-08 10:45:46,-0.0032,-0.0026
SaveOnEvent_ALL_20260908104548436.csv,2026-09-08 10:45:48,-0.0028,-0.0026
SaveOnEvent_ALL_20260908104550741.csv,2026-09-08 10:45:50,-0.0036,-0.003
SaveOnEvent_ALL_20260908104553065.csv,2026-09-08 10:45:53,-0.0032,-0.0026
SaveOnEvent_ALL_20260908104555367.csv,2026-09-08 10:45:55,-0.0032,-0.0034
SaveOnEvent_ALL_20260908104557626.csv,2026-09-08 10:45:57,-0.0028,-0.0026
SaveOnEvent_ALL_20260908104559967.csv,2026-09-08 10:45:59,-0.0028,-0.0034
SaveOnEvent_ALL_20260908104602260.csv,2026-09-08 10:46:02,-0.0028,-0.0026
SaveOnEvent_ALL_20260908104604596.csv,2026-09-08 10:46:04,-0.0028,-0.0026
SaveOnEvent_ALL_20260908104606920.csv,2026-09-08 10:46:06,-0.0028,-0.003
SaveOnEvent_ALL_20260908104609351.csv,2026-09-08 10:46:09,-0.0028,-0.0026
SaveOnEvent_ALL_20260908104611698.csv,2026-09-08 10:46:11,-0.0032,-0.0026
SaveOnEvent_ALL_20260908104614088.csv,2026-09-08 10:46:14,-0.0028,-0.003
SaveOnEvent_ALL_20260908104616443.csv,2026-09-08 10:46:16,-0.0036,-0.003
SaveOnEvent_ALL_20260908104618757.csv,2026-09-08 10:46:18,-0.0028,-0.0026
SaveOnEvent_ALL_20260908104621161.csv,2026-09-08 10:46:21,-0.0028,-0.0026
SaveOnEvent_ALL_20260908104623652.csv,2026-09-08 10:46:23,-0.0028,-0.0026
SaveOnEvent_ALL_20260908104625970.csv,2026-09-08 10:46:25,-0.0028,-0.0026
SaveOnEvent_ALL_20260908104628496.csv,2026-09-08 10:46:28,-0.0036,-0.003
SaveOnEvent_ALL_20260908104630838.csv,2026-09-08 10:46:30,-0.0032,-0.0026
SaveOnEvent_ALL_20260908104633152.csv,2026-09-08 10:46:33,-0.0028,-0.003
SaveOnEvent_ALL_20260908104635550.csv,2026-09-08 10:46:35,-0.0028,-0.0026
SaveOnEvent_ALL_20260908104637872.csv,2026-09-08 10:46:37,-0.0028,-0.0026
SaveOnEvent_ALL_20260908104640227.csv,2026-09-08 10:46:40,-0.0032,-0.0026
SaveOnEvent_ALL_20260908104642738.csv,2026-09-08 10:46:42,-0.0032,-0.0026
SaveOnEvent_ALL_20260908104645319.csv,2026-09-08 10:46:45,-0.0028,-0.0026
SaveOnEvent_ALL_20260908104647934.csv,2026-09-08 10:46:47,-0.0032,-0.003
SaveOnEvent_ALL_20260908104650284.csv,2026-09-08 10:46:50,-0.0036,-0.0026
SaveOnEvent_ALL_20260908104652750.csv,2026-09-08 10:46:52,-0.0032,-0.0034
SaveOnEvent_ALL_20260908104655068.csv,2026-09-08 10:46:55,-0.0028,-0.0026
SaveOnEvent_ALL_20260908104657599.csv,2026-09-08 10:46:57,-0.0028,-0.003
SaveOnEvent_ALL_20260908104659922.csv,2026-09-08 10:46:59,-0.0032,-0.0026
SaveOnEvent_ALL_20260908104702282.csv,2026-09-08 10:47:02,-0.0036,-0.003
SaveOnEvent_ALL_20260908104704702.csv,2026-09-08 10:47:04,-0.0028,-0.003
SaveOnEvent_ALL_20260908104707114.csv,2026-09-08 10:47:07,-0.0028,-0.0026
SaveOnEvent_ALL_20260908104709471.csv,2026-09-08 10:47:09,-0.0028,-0.0026
SaveOnEvent_ALL_20260908104711807.csv,2026-09-08 10:47:11,-0.0024,-0.0026
SaveOnEvent_ALL_20260908104714311.csv,2026-09-08 10:47:14,-0.0032,-0.0026
SaveOnEvent_ALL_20260908104716664.csv,2026-09-08 10:47:16,-0.0032,-0.0026
SaveOnEvent_ALL_20260908104719185.csv,2026-09-08 10:47:19,-0.0032,-0.0026
SaveOnEvent_ALL_20260908104721798.csv,2026-09-08 10:47:21,-0.0032,-0.0026
SaveOnEvent_ALL_20260908104724184.csv,2026-09-08 10:47:24,-0.0028,-0.003
SaveOnEvent_ALL_20260908104726616.csv,2026-09-08 10:47:26,-0.0032,-0.003
SaveOnEvent_ALL_20260908104728964.csv,2026-09-08 10:47:28,-0.0028,-0.003
SaveOnEvent_ALL_20260908104731312.csv,2026-09-08 10:47:31,-0.0028,-0.0026
SaveOnEvent_ALL_20260908104733647.csv,2026-09-08 10:47:33,-0.0028,-0.003
SaveOnEvent_ALL_20260908104736035.csv,2026-09-08 10:47:36,-0.0032,-0.0026
SaveOnEvent_ALL_20260908104738628.csv,2026-09-08 10:47:38,-0.0028,-0.003
SaveOnEvent_ALL_20260908104740960.csv,2026-09-08 10:47:40,-0.0028,-0.0026
SaveOnEvent_ALL_20260908104743360.csv,2026-09-08 10:47:43,-0.0028,-0.0026
SaveOnEvent_ALL_20260908104745811.csv,2026-09-08 10:47:45,-0.0032,-0.003
SaveOnEvent_ALL_20260908104748207.csv,2026-09-08 10:47:48,-0.0028,-0.0026
SaveOnEvent_ALL_20260908104750613.csv,2026-09-08 10:47:50,-0.0036,-0.003
SaveOnEvent_ALL_20260908104752972.csv,2026-09-08 10:47:52,-0.0028,-0.0026
SaveOnEvent_ALL_20260908104755348.csv,2026-09-08 10:47:55,-0.0028,-0.0026
SaveOnEvent_ALL_20260908104758056.csv,2026-09-08 10:47:58,-0.0028,-0.0026
SaveOnEvent_ALL_20260908104800696.csv,2026-09-08 10:48:00,-0.0028,-0.0026
SaveOnEvent_ALL_20260908104803197.csv,2026-09-08 10:48:03,-0.0028,-0.0026
SaveOnEvent_ALL_20260908104805761.csv,2026-09-08 10:48:05,-0.0028,-0.0026
SaveOnEvent_ALL_20260908104808189.csv,2026-09-08 10:48:08,-0.0032,-0.0026
SaveOnEvent_ALL_20260908104810651.csv,2026-09-08 10:48:10,-0.0028,-0.0026
SaveOnEvent_ALL_20260908104813060.csv,2026-09-08 10:48:13,-0.0028,-0.0026
SaveOnEvent_ALL_20260908104815558.csv,2026-09-08 10:48:15,-0.0028,-0.0026
SaveOnEvent_ALL_20260908104817953.csv,2026-09-08 10:48:17,-0.0028,-0.0026
SaveOnEvent_ALL_20260908104820352.csv,2026-09-08 10:48:20,-0.0028,-0.0026
SaveOnEvent_ALL_20260908104822882.csv,2026-09-08 10:48:22,-0.002,-0.0026
SaveOnEvent_ALL_20260908104825465.csv,2026-09-08 10:48:25,-0.0028,-0.0026
SaveOnEvent_ALL_20260908104827858.csv,2026-09-08 10:48:27,-0.0032,-0.0026
SaveOnEvent_ALL_20260908104830445.csv,2026-09-08 10:48:30,-0.0032,-0.0026
SaveOnEvent_ALL_20260908104833006.csv,2026-09-08 10:48:33,-0.0028,-0.0026
SaveOnEvent_ALL_20260908104835577.csv,2026-09-08 10:48:35,-0.0036,-0.0026
SaveOnEvent_ALL_20260908104838014.csv,2026-09-08 10:48:38,-0.0032,-0.0026
SaveOnEvent_ALL_20260908104840698.csv,2026-09-08 10:48:40,-0.0032,-0.0026
SaveOnEvent_ALL_20260908104843074.csv,2026-09-08 10:48:43,-0.0028,-0.003
SaveOnEvent_ALL_20260908104845529.csv,2026-09-08 10:48:45,-0.0032,-0.0022
SaveOnEvent_ALL_20260908104847940.csv,2026-09-08 10:48:47,-0.0028,-0.0026
SaveOnEvent_ALL_20260908104850464.csv,2026-09-08 10:48:50,-0.0028,-0.0026
SaveOnEvent_ALL_20260908104853072.csv,2026-09-08 10:48:53,-0.0032,-0.003
SaveOnEvent_ALL_20260908104855505.csv,2026-09-08 10:48:55,-0.0032,-0.003
SaveOnEvent_ALL_20260908104857945.csv,2026-09-08 10:48:57,-0.0028,-0.003
SaveOnEvent_ALL_20260908104900481.csv,2026-09-08 10:49:00,-0.0032,-0.0026
SaveOnEvent_ALL_20260908104902872.csv,2026-09-08 10:49:02,-0.0028,-0.0026
SaveOnEvent_ALL_20260908104905283.csv,2026-09-08 10:49:05,-0.0036,-0.0026
SaveOnEvent_ALL_20260908104907719.csv,2026-09-08 10:49:07,-0.0028,-0.0026
SaveOnEvent_ALL_20260908104910108.csv,2026-09-08 10:49:10,-0.0028,-0.003
SaveOnEvent_ALL_20260908104912505.csv,2026-09-08 10:49:12,-0.0028,-0.003
SaveOnEvent_ALL_20260908104915071.csv,2026-09-08 10:49:15,-0.0032,-0.0026
SaveOnEvent_ALL_20260908104917470.csv,2026-09-08 10:49:17,-0.0028,-0.0026
SaveOnEvent_ALL_20260908104919922.csv,2026-09-08 10:49:19,-0.0028,-0.0026
SaveOnEvent_ALL_20260908104922345.csv,2026-09-08 10:49:22,-0.0032,-0.003
SaveOnEvent_ALL_20260908104924767.csv,2026-09-08 10:49:24,-0.0028,-0.0026
SaveOnEvent_ALL_20260908104927169.csv,2026-09-08 10:49:27,-0.0028,-0.003
SaveOnEvent_ALL_20260908104929711.csv,2026-09-08 10:49:29,-0.0028,-0.003
SaveOnEvent_ALL_20260908104932114.csv,2026-09-08 10:49:32,-0.0028,-0.003
SaveOnEvent_ALL_20260908104934581.csv,2026-09-08 10:49:34,-0.0028,-0.0026
SaveOnEvent_ALL_20260908104937105.csv,2026-09-08 10:49:37,-0.0032,-0.003
SaveOnEvent_ALL_20260908104939533.csv,2026-09-08 10:49:39,-0.0028,-0.0038
SaveOnEvent_ALL_20260908104941979.csv,2026-09-08 10:49:41,-0.0028,-0.0026
SaveOnEvent_ALL_20260908104944572.csv,2026-09-08 10:49:44,-0.0028,-0.0026
SaveOnEvent_ALL_20260908104947163.csv,2026-09-08 10:49:47,-0.0032,-0.003
SaveOnEvent_ALL_20260908104949891.csv,2026-09-08 10:49:49,-0.0028,-0.0026
SaveOnEvent_ALL_20260908104952433.csv,2026-09-08 10:49:52,-0.0028,-0.0026
SaveOnEvent_ALL_20260908104954898.csv,2026-09-08 10:49:54,-0.0028,-0.0026
SaveOnEvent_ALL_20260908104957481.csv,2026-09-08 10:49:57,-0.0028,-0.0042
SaveOnEvent_ALL_20260908105000053.csv,2026-09-08 10:50:00,-0.0028,-0.0026
SaveOnEvent_ALL_20260908105002535.csv,2026-09-08 10:50:02,-0.0028,-0.0026
SaveOnEvent_ALL_20260908105005047.csv,2026-09-08 10:50:05,-0.0032,-0.003
SaveOnEvent_ALL_20260908105007649.csv,2026-09-08 10:50:07,-0.0032,-0.0026
SaveOnEvent_ALL_20260908105010172.csv,2026-09-08 10:50:10,-0.0032,-0.003
SaveOnEvent_ALL_20260908105012623.csv,2026-09-08 10:50:12,-0.0032,-0.003
SaveOnEvent_ALL_20260908105015190.csv,2026-09-08 10:50:15,-0.0032,-0.003
SaveOnEvent_ALL_20260908105017663.csv,2026-09-08 10:50:17,-0.0028,-0.003
SaveOnEvent_ALL_20260908105020145.csv,2026-09-08 10:50:20,-0.0032,-0.0026
SaveOnEvent_ALL_20260908105022671.csv,2026-09-08 10:50:22,-0.0028,-0.0026
SaveOnEvent_ALL_20260908105025103.csv,2026-09-08 10:50:25,-0.0032,-0.003
SaveOnEvent_ALL_20260908105027615.csv,2026-09-08 10:50:27,-0.0028,-0.0026
SaveOnEvent_ALL_20260908105030120.csv,2026-09-08 10:50:30,-0.0032,-0.0026
SaveOnEvent_ALL_20260908105032884.csv,2026-09-08 10:50:32,-0.0032,-0.0026
SaveOnEvent_ALL_20260908105035339.csv,2026-09-08 10:50:35,-0.0028,-0.0026
SaveOnEvent_ALL_20260908105037806.csv,2026-09-08 10:50:37,-0.0028,-0.0026
SaveOnEvent_ALL_20260908105040278.csv,2026-09-08 10:50:40,-0.0028,-0.0038
SaveOnEvent_ALL_20260908105042777.csv,2026-09-08 10:50:42,-0.0028,-0.0026
SaveOnEvent_ALL_20260908105045501.csv,2026-09-08 10:50:45,-0.0028,-0.0026
SaveOnEvent_ALL_20260908105048081.csv,2026-09-08 10:50:48,-0.0028,-0.0026
SaveOnEvent_ALL_20260908105050581.csv,2026-09-08 10:50:50,-0.0036,-0.0026
SaveOnEvent_ALL_20260908105053141.csv,2026-09-08 10:50:53,-0.0028,-0.0026
SaveOnEvent_ALL_20260908105055768.csv,2026-09-08 10:50:55,-0.0028,-0.0026
SaveOnEvent_ALL_20260908105058459.csv,2026-09-08 10:50:58,-0.0028,-0.0026
SaveOnEvent_ALL_20260908105101038.csv,2026-09-08 10:51:01,-0.0028,-0.0026
SaveOnEvent_ALL_20260908105103697.csv,2026-09-08 10:51:03,-0.0028,-0.0026
SaveOnEvent_ALL_20260908105106230.csv,2026-09-08 10:51:06,-0.0028,-0.0026
SaveOnEvent_ALL_20260908105108713.csv,2026-09-08 10:51:08,-0.0028,-0.003
SaveOnEvent_ALL_20260908105111195.csv,2026-09-08 10:51:11,-0.0028,-0.0026
SaveOnEvent_ALL_20260908105113690.csv,2026-09-08 10:51:13,-0.0028,-0.003
SaveOnEvent_ALL_20260908105116263.csv,2026-09-08 10:51:16,-0.0028,-0.0026
SaveOnEvent_ALL_20260908105118903.csv,2026-09-08 10:51:18,-0.0028,-0.003
SaveOnEvent_ALL_20260908105121517.csv,2026-09-08 10:51:21,-0.0028,-0.003
SaveOnEvent_ALL_20260908105124295.csv,2026-09-08 10:51:24,-0.0028,-0.0026
SaveOnEvent_ALL_20260908105126793.csv,2026-09-08 10:51:26,-0.0036,-0.0026
SaveOnEvent_ALL_20260908105129355.csv,2026-09-08 10:51:29,-0.0028,-0.0026
SaveOnEvent_ALL_20260908105131898.csv,2026-09-08 10:51:31,-0.0032,-0.0026
SaveOnEvent_ALL_20260908105134457.csv,2026-09-08 10:51:34,-0.0028,-0.0026
SaveOnEvent_ALL_20260908105137072.csv,2026-09-08 10:51:37,-0.0028,-0.003
SaveOnEvent_ALL_20260908105139734.csv,2026-09-08 10:51:39,-0.0028,-0.0026
SaveOnEvent_ALL_20260908105142445.csv,2026-09-08 10:51:42,-0.0028,-0.0026
SaveOnEvent_ALL_20260908105144991.csv,2026-09-08 10:51:44,-0.0028,-0.0026
SaveOnEvent_ALL_20260908105147552.csv,2026-09-08 10:51:47,-0.0028,-0.003
SaveOnEvent_ALL_20260908105150050.csv,2026-09-08 10:51:50,-0.0028,-0.0026
SaveOnEvent_ALL_20260908105152702.csv,2026-09-08 10:51:52,-0.0028,-0.003
SaveOnEvent_ALL_20260908105155239.csv,2026-09-08 10:51:55,-0.0028,-0.0026
SaveOnEvent_ALL_20260908105157778.csv,2026-09-08 10:51:57,-0.0028,-0.0026
SaveOnEvent_ALL_20260908105200306.csv,2026-09-08 10:52:00,-0.0032,-0.0026
SaveOnEvent_ALL_20260908105203028.csv,2026-09-08 10:52:03,-0.0028,-0.0026
SaveOnEvent_ALL_20260908105205552.csv,2026-09-08 10:52:05,-0.0028,-0.0026
SaveOnEvent_ALL_20260908105208233.csv,2026-09-08 10:52:08,-0.0028,-0.0026
SaveOnEvent_ALL_20260908105210799.csv,2026-09-08 10:52:10,-0.0032,-0.0026
SaveOnEvent_ALL_20260908105213328.csv,2026-09-08 10:52:13,-0.0036,-0.0026
SaveOnEvent_ALL_20260908105215925.csv,2026-09-08 10:52:15,-0.0028,-0.0026
SaveOnEvent_ALL_20260908105218727.csv,2026-09-08 10:52:18,-0.0028,-0.0038
SaveOnEvent_ALL_20260908105221297.csv,2026-09-08 10:52:21,-0.0028,-0.0026
SaveOnEvent_ALL_20260908105223844.csv,2026-09-08 10:52:23,-0.0028,-0.0026
SaveOnEvent_ALL_20260908105226536.csv,2026-09-08 10:52:26,-0.0028,-0.0026
SaveOnEvent_ALL_20260908105229101.csv,2026-09-08 10:52:29,-0.0028,-0.003
SaveOnEvent_ALL_20260908105231741.csv,2026-09-08 10:52:31,-0.0028,-0.003
SaveOnEvent_ALL_20260908105234281.csv,2026-09-08 10:52:34,-0.0032,-0.003
SaveOnEvent_ALL_20260908105236804.csv,2026-09-08 10:52:36,-0.0028,-0.0026
SaveOnEvent_ALL_20260908105239369.csv,2026-09-08 10:52:39,-0.0032,-0.003
SaveOnEvent_ALL_20260908105241913.csv,2026-09-08 10:52:41,-0.0032,-0.0026
SaveOnEvent_ALL_20260908105244667.csv,2026-09-08 10:52:44,-0.0036,-0.0026
SaveOnEvent_ALL_20260908105247235.csv,2026-09-08 10:52:47,-0.0028,-0.0026
SaveOnEvent_ALL_20260908105249802.csv,2026-09-08 10:52:49,-0.0028,-0.0022
SaveOnEvent_ALL_20260908105252327.csv,2026-09-08 10:52:52,-0.0032,-0.003
SaveOnEvent_ALL_20260908105254969.csv,2026-09-08 10:52:54,-0.0032,-0.0026
SaveOnEvent_ALL_20260908105257535.csv,2026-09-08 10:52:57,-0.0028,-0.0026
SaveOnEvent_ALL_20260908105300196.csv,2026-09-08 10:53:00,-0.0028,-0.0026
SaveOnEvent_ALL_20260908105302786.csv,2026-09-08 10:53:02,-0.0028,-0.0034
SaveOnEvent_ALL_20260908105305338.csv,2026-09-08 10:53:05,-0.0028,-0.0026
SaveOnEvent_ALL_20260908105307883.csv,2026-09-08 10:53:07,-0.0028,-0.003
SaveOnEvent_ALL_20260908105310445.csv,2026-09-08 10:53:10,-0.0028,-0.003
SaveOnEvent_ALL_20260908105313041.csv,2026-09-08 10:53:13,-0.0028,-0.0026
SaveOnEvent_ALL_20260908105315575.csv,2026-09-08 10:53:15,-0.0028,-0.0026
SaveOnEvent_ALL_20260908105318142.csv,2026-09-08 10:53:18,-0.0028,-0.0026
SaveOnEvent_ALL_20260908105320700.csv,2026-09-08 10:53:20,-0.0036,-0.003
SaveOnEvent_ALL_20260908105323417.csv,2026-09-08 10:53:23,-0.0036,-0.0026
SaveOnEvent_ALL_20260908105326024.csv,2026-09-08 10:53:26,-0.0028,-0.003
SaveOnEvent_ALL_20260908105328648.csv,2026-09-08 10:53:28,-0.0032,-0.003
SaveOnEvent_ALL_20260908105331337.csv,2026-09-08 10:53:31,-0.0028,-0.0026
SaveOnEvent_ALL_20260908105333925.csv,2026-09-08 10:53:33,-0.0032,-0.0038
SaveOnEvent_ALL_20260908105336803.csv,2026-09-08 10:53:36,-0.0028,-0.0026
SaveOnEvent_ALL_20260908105339350.csv,2026-09-08 10:53:39,-0.0028,-0.0026
SaveOnEvent_ALL_20260908105341919.csv,2026-09-08 10:53:41,-0.0028,-0.003
SaveOnEvent_ALL_20260908105344505.csv,2026-09-08 10:53:44,-0.0028,-0.0026
SaveOnEvent_ALL_20260908105347167.csv,2026-09-08 10:53:47,-0.0028,-0.0026
SaveOnEvent_ALL_20260908105349761.csv,2026-09-08 10:53:49,-0.0028,-0.003
SaveOnEvent_ALL_20260908105352321.csv,2026-09-08 10:53:52,-0.0032,-0.0026
SaveOnEvent_ALL_20260908105354890.csv,2026-09-08 10:53:54,-0.0028,-0.0026
SaveOnEvent_ALL_20260908105357603.csv,2026-09-08 10:53:57,-0.0032,-0.0026
SaveOnEvent_ALL_20260908105400211.csv,2026-09-08 10:54:00,-0.0028,-0.0026
SaveOnEvent_ALL_20260908105402805.csv,2026-09-08 10:54:02,-0.0028,-0.0034
SaveOnEvent_ALL_20260908105405356.csv,2026-09-08 10:54:05,-0.0028,-0.0026
SaveOnEvent_ALL_20260908105408154.csv,2026-09-08 10:54:08,-0.0028,-0.0034
SaveOnEvent_ALL_20260908105410768.csv,2026-09-08 10:54:10,-0.0028,-0.0026
SaveOnEvent_ALL_20260908105413476.csv,2026-09-08 10:54:13,-0.0028,-0.0026
SaveOnEvent_ALL_20260908105416131.csv,2026-09-08 10:54:16,-0.0028,-0.003
SaveOnEvent_ALL_20260908105418749.csv,2026-09-08 10:54:18,-0.0028,-0.0026
SaveOnEvent_ALL_20260908105421334.csv,2026-09-08 10:54:21,-0.0028,-0.0026
SaveOnEvent_ALL_20260908105423956.csv,2026-09-08 10:54:23,-0.0028,-0.0026
SaveOnEvent_ALL_20260908105426619.csv,2026-09-08 10:54:26,-0.0036,-0.0026
SaveOnEvent_ALL_20260908105429222.csv,2026-09-08 10:54:29,-0.0028,-0.0046
SaveOnEvent_ALL_20260908105432026.csv,2026-09-08 10:54:32,-0.0028,-0.003
SaveOnEvent_ALL_20260908105434723.csv,2026-09-08 10:54:34,-0.0028,-0.0034
SaveOnEvent_ALL_20260908105437350.csv,2026-09-08 10:54:37,-0.0032,-0.003
SaveOnEvent_ALL_20260908105439977.csv,2026-09-08 10:54:39,-0.0032,-0.0026
SaveOnEvent_ALL_20260908105442615.csv,2026-09-08 10:54:42,-0.0028,-0.0026
SaveOnEvent_ALL_20260908105445543.csv,2026-09-08 10:54:45,-0.0028,-0.003
SaveOnEvent_ALL_20260908105448181.csv,2026-09-08 10:54:48,-0.0032,-0.0026
SaveOnEvent_ALL_20260908105450858.csv,2026-09-08 10:54:50,-0.0028,-0.003
SaveOnEvent_ALL_20260908105453475.csv,2026-09-08 10:54:53,-0.0028,-0.003
SaveOnEvent_ALL_20260908105456115.csv,2026-09-08 10:54:56,-0.0028,-0.0026
SaveOnEvent_ALL_20260908105458822.csv,2026-09-08 10:54:58,-0.0032,-0.0026
SaveOnEvent_ALL_20260908105501643.csv,2026-09-08 10:55:01,-0.0028,-0.0026
SaveOnEvent_ALL_20260908105504356.csv,2026-09-08 10:55:04,-0.0028,-0.003
SaveOnEvent_ALL_20260908105506962.csv,2026-09-08 10:55:06,-0.0028,-0.003
SaveOnEvent_ALL_20260908105509748.csv,2026-09-08 10:55:09,-0.0028,-0.0026
SaveOnEvent_ALL_20260908105512359.csv,2026-09-08 10:55:12,-0.0028,-0.0026
SaveOnEvent_ALL_20260908105515022.csv,2026-09-08 10:55:15,-0.0028,-0.0026
SaveOnEvent_ALL_20260908105517663.csv,2026-09-08 10:55:17,-0.0028,-0.0026
SaveOnEvent_ALL_20260908105520371.csv,2026-09-08 10:55:20,-0.0036,-0.0026
SaveOnEvent_ALL_20260908105523175.csv,2026-09-08 10:55:23,-0.0028,-0.0026
SaveOnEvent_ALL_20260908105525877.csv,2026-09-08 10:55:25,-0.0028,-0.0026
SaveOnEvent_ALL_20260908105528484.csv,2026-09-08 10:55:28,-0.0028,-0.0026
SaveOnEvent_ALL_20260908105531122.csv,2026-09-08 10:55:31,-0.0032,-0.0026
SaveOnEvent_ALL_20260908105533975.csv,2026-09-08 10:55:33,-0.0036,-0.003
SaveOnEvent_ALL_20260908105536579.csv,2026-09-08 10:55:36,-0.0028,-0.0026
SaveOnEvent_ALL_20260908105539382.csv,2026-09-08 10:55:39,-0.0028,-0.0026
SaveOnEvent_ALL_20260908105542063.csv,2026-09-08 10:55:42,-0.0028,-0.003
SaveOnEvent_ALL_20260908105544747.csv,2026-09-08 10:55:44,-0.0032,-0.0026
SaveOnEvent_ALL_20260908105547362.csv,2026-09-08 10:55:47,-0.0028,-0.0034
SaveOnEvent_ALL_20260908105550083.csv,2026-09-08 10:55:50,-0.0028,-0.0034
SaveOnEvent_ALL_20260908105552837.csv,2026-09-08 10:55:52,-0.0036,-0.003
SaveOnEvent_ALL_20260908105555480.csv,2026-09-08 10:55:55,-0.0036,-0.0026
SaveOnEvent_ALL_20260908105558193.csv,2026-09-08 10:55:58,-0.0028,-0.0026
SaveOnEvent_ALL_20260908105600840.csv,2026-09-08 10:56:00,-0.0028,-0.003
SaveOnEvent_ALL_20260908105603549.csv,2026-09-08 10:56:03,-0.0028,-0.0026
SaveOnEvent_ALL_20260908105606436.csv,2026-09-08 10:56:06,-0.0032,-0.0026
SaveOnEvent_ALL_20260908105609203.csv,2026-09-08 10:56:09,-0.0028,-0.003
SaveOnEvent_ALL_20260908105611858.csv,2026-09-08 10:56:11,-0.0028,-0.0026
SaveOnEvent_ALL_20260908105614609.csv,2026-09-08 10:56:14,-0.0032,-0.0026
SaveOnEvent_ALL_20260908105617608.csv,2026-09-08 10:56:17,-0.0028,-0.0034
SaveOnEvent_ALL_20260908105620250.csv,2026-09-08 10:56:20,-0.0028,-0.003
SaveOnEvent_ALL_20260908105623077.csv,2026-09-08 10:56:23,-0.0032,-0.0026
SaveOnEvent_ALL_20260908105625747.csv,2026-09-08 10:56:25,-0.0032,-0.0026
SaveOnEvent_ALL_20260908105628413.csv,2026-09-08 10:56:28,-0.0028,-0.0026
SaveOnEvent_ALL_20260908105631420.csv,2026-09-08 10:56:31,-0.0028,-0.0026
SaveOnEvent_ALL_20260908105634186.csv,2026-09-08 10:56:34,-0.0028,-0.0022
SaveOnEvent_ALL_20260908105637150.csv,2026-09-08 10:56:37,-0.0028,-0.0038
SaveOnEvent_ALL_20260908105639829.csv,2026-09-08 10:56:39,-0.0032,-0.003
SaveOnEvent_ALL_20260908105642564.csv,2026-09-08 10:56:42,-0.0028,-0.0026
SaveOnEvent_ALL_20260908105645255.csv,2026-09-08 10:56:45,-0.0028,-0.0026
SaveOnEvent_ALL_20260908105647921.csv,2026-09-08 10:56:47,-0.0028,-0.0026
SaveOnEvent_ALL_20260908105650609.csv,2026-09-08 10:56:50,-0.0032,-0.003
SaveOnEvent_ALL_20260908105653470.csv,2026-09-08 10:56:53,-0.0028,-0.0034
SaveOnEvent_ALL_20260908105656154.csv,2026-09-08 10:56:56,-0.0028,-0.0026
SaveOnEvent_ALL_20260908105658855.csv,2026-09-08 10:56:58,-0.0028,-0.003
SaveOnEvent_ALL_20260908105701762.csv,2026-09-08 10:57:01,-0.0036,-0.0026
SaveOnEvent_ALL_20260908105704659.csv,2026-09-08 10:57:04,-0.0032,-0.003
SaveOnEvent_ALL_20260908105707522.csv,2026-09-08 10:57:07,-0.0028,-0.0026
SaveOnEvent_ALL_20260908105710401.csv,2026-09-08 10:57:10,-0.0028,-0.003
SaveOnEvent_ALL_20260908105713255.csv,2026-09-08 10:57:13,-0.0028,-0.0038
SaveOnEvent_ALL_20260908105715962.csv,2026-09-08 10:57:15,-0.0028,-0.003
SaveOnEvent_ALL_20260908105718631.csv,2026-09-08 10:57:18,-0.0032,-0.0026
SaveOnEvent_ALL_20260908105721562.csv,2026-09-08 10:57:21,-0.0028,-0.0026
SaveOnEvent_ALL_20260908105724274.csv,2026-09-08 10:57:24,-0.0032,-0.0026
SaveOnEvent_ALL_20260908105727010.csv,2026-09-08 10:57:27,-0.0028,-0.0026
SaveOnEvent_ALL_20260908105729712.csv,2026-09-08 10:57:29,-0.0036,-0.003
SaveOnEvent_ALL_20260908105732662.csv,2026-09-08 10:57:32,-0.0028,-0.0026
SaveOnEvent_ALL_20260908105735481.csv,2026-09-08 10:57:35,-0.0032,-0.0026
SaveOnEvent_ALL_20260908105738476.csv,2026-09-08 10:57:38,-0.0032,-0.003
SaveOnEvent_ALL_20260908105741330.csv,2026-09-08 10:57:41,-0.0028,-0.0026
SaveOnEvent_ALL_20260908105744112.csv,2026-09-08 10:57:44,-0.0032,-0.0026
SaveOnEvent_ALL_20260908105747009.csv,2026-09-08 10:57:47,-0.0028,-0.003
SaveOnEvent_ALL_20260908105749712.csv,2026-09-08 10:57:49,-0.0028,-0.0026
SaveOnEvent_ALL_20260908105752457.csv,2026-09-08 10:57:52,-0.0028,-0.0026
SaveOnEvent_ALL_20260908105755291.csv,2026-09-08 10:57:55,-0.0028,-0.003
SaveOnEvent_ALL_20260908105757998.csv,2026-09-08 10:57:57,-0.0028,-0.0026
SaveOnEvent_ALL_20260908105800874.csv,2026-09-08 10:58:00,-0.0028,-0.0026
SaveOnEvent_ALL_20260908105803638.csv,2026-09-08 10:58:03,-0.0036,-0.003
SaveOnEvent_ALL_20260908105806407.csv,2026-09-08 10:58:06,-0.0028,-0.0026
SaveOnEvent_ALL_20260908105809269.csv,2026-09-08 10:58:09,-0.0032,-0.0026
SaveOnEvent_ALL_20260908105812048.csv,2026-09-08 10:58:12,-0.0032,-0.0026
SaveOnEvent_ALL_20260908105814751.csv,2026-09-08 10:58:14,-0.0028,-0.0026
SaveOnEvent_ALL_20260908105817538.csv,2026-09-08 10:58:17,-0.0028,-0.0026
SaveOnEvent_ALL_20260908105820443.csv,2026-09-08 10:58:20,-0.0028,-0.0026
SaveOnEvent_ALL_20260908105823410.csv,2026-09-08 10:58:23,-0.0032,-0.0034
SaveOnEvent_ALL_20260908105826350.csv,2026-09-08 10:58:26,-0.0028,-0.0026
SaveOnEvent_ALL_20260908105829221.csv,2026-09-08 10:58:29,-0.0028,-0.003
SaveOnEvent_ALL_20260908105831963.csv,2026-09-08 10:58:31,-0.0032,-0.003
SaveOnEvent_ALL_20260908105834688.csv,2026-09-08 10:58:34,-0.0032,-0.0026
SaveOnEvent_ALL_20260908105837406.csv,2026-09-08 10:58:37,-0.0028,-0.0026
SaveOnEvent_ALL_20260908105840220.csv,2026-09-08 10:58:40,-0.0028,-0.0026
SaveOnEvent_ALL_20260908105843038.csv,2026-09-08 10:58:43,-0.0032,-0.0026
SaveOnEvent_ALL_20260908105846080.csv,2026-09-08 10:58:46,-0.0028,-0.0026
SaveOnEvent_ALL_20260908105848891.csv,2026-09-08 10:58:48,-0.0028,-0.003
SaveOnEvent_ALL_20260908105851792.csv,2026-09-08 10:58:51,-0.0028,-0.0026
SaveOnEvent_ALL_20260908105854592.csv,2026-09-08 10:58:54,-0.0028,-0.0034
SaveOnEvent_ALL_20260908105857363.csv,2026-09-08 10:58:57,-0.0036,-0.0026
SaveOnEvent_ALL_20260908105900364.csv,2026-09-08 10:59:00,-0.0028,-0.003
SaveOnEvent_ALL_20260908105903403.csv,2026-09-08 10:59:03,-0.0032,-0.0026
SaveOnEvent_ALL_20260908105906157.csv,2026-09-08 10:59:06,-0.0028,-0.0026
SaveOnEvent_ALL_20260908105909229.csv,2026-09-08 10:59:09,-0.0028,-0.0026
SaveOnEvent_ALL_20260908105912171.csv,2026-09-08 10:59:12,-0.0028,-0.003
SaveOnEvent_ALL_20260908105915011.csv,2026-09-08 10:59:15,-0.0028,-0.0026
SaveOnEvent_ALL_20260908105917735.csv,2026-09-08 10:59:17,-0.0028,-0.0038
SaveOnEvent_ALL_20260908105920567.csv,2026-09-08 10:59:20,-0.0028,-0.0026
SaveOnEvent_ALL_20260908105923549.csv,2026-09-08 10:59:23,-0.0032,-0.0026
SaveOnEvent_ALL_20260908105926315.csv,2026-09-08 10:59:26,-0.0028,-0.0026
SaveOnEvent_ALL_20260908105929087.csv,2026-09-08 10:59:29,-0.0028,-0.0026
SaveOnEvent_ALL_20260908105931900.csv,2026-09-08 10:59:31,-0.0032,-0.003
SaveOnEvent_ALL_20260908105934674.csv,2026-09-08 10:59:34,-0.004,-0.0022
SaveOnEvent_ALL_20260908105937554.csv,2026-09-08 10:59:37,-0.0028,-0.0026
SaveOnEvent_ALL_20260908105940503.csv,2026-09-08 10:59:40,-0.0036,-0.003
SaveOnEvent_ALL_20260908105943362.csv,2026-09-08 10:59:43,-0.0028,-0.0026
SaveOnEvent_ALL_20260908105946169.csv,2026-09-08 10:59:46,-0.0032,-0.0026
SaveOnEvent_ALL_20260908105948992.csv,2026-09-08 10:59:48,-0.0032,-0.0034
SaveOnEvent_ALL_20260908105951771.csv,2026-09-08 10:59:51,-0.0032,-0.0034
SaveOnEvent_ALL_20260908105954560.csv,2026-09-08 10:59:54,-0.0028,-0.0026
SaveOnEvent_ALL_20260908105957341.csv,2026-09-08 10:59:57,-0.0028,-0.0026
SaveOnEvent_ALL_20260908110000090.csv,2026-09-08 11:00:00,-0.0024,-0.0026
SaveOnEvent_ALL_20260908110002957.csv,2026-09-08 11:00:02,-0.0028,-0.003
SaveOnEvent_ALL_20260908110005736.csv,2026-09-08 11:00:05,-0.0028,-0.0026
SaveOnEvent_ALL_20260908110008588.csv,2026-09-08 11:00:08,-0.0028,-0.003
SaveOnEvent_ALL_20260908110011384.csv,2026-09-08 11:00:11,-0.0032,-0.003
SaveOnEvent_ALL_20260908110014169.csv,2026-09-08 11:00:14,-0.0028,-0.0022
SaveOnEvent_ALL_20260908110017098.csv,2026-09-08 11:00:17,-0.0028,-0.0026
SaveOnEvent_ALL_20260908110020050.csv,2026-09-08 11:00:20,-0.0028,-0.0026
SaveOnEvent_ALL_20260908110022865.csv,2026-09-08 11:00:22,-0.0028,-0.003
SaveOnEvent_ALL_20260908110025685.csv,2026-09-08 11:00:25,-0.0032,-0.003
SaveOnEvent_ALL_20260908110028459.csv,2026-09-08 11:00:28,-0.0028,-0.0022
SaveOnEvent_ALL_20260908110031443.csv,2026-09-08 11:00:31,-0.0032,-0.0034
SaveOnEvent_ALL_20260908110034397.csv,2026-09-08 11:00:34,-0.0028,-0.003
SaveOnEvent_ALL_20260908110037353.csv,2026-09-08 11:00:37,-0.0036,-0.0026
SaveOnEvent_ALL_20260908110040464.csv,2026-09-08 11:00:40,-0.0028,-0.003
SaveOnEvent_ALL_20260908110043457.csv,2026-09-08 11:00:43,-0.0028,-0.003
SaveOnEvent_ALL_20260908110046355.csv,2026-09-08 11:00:46,-0.0036,-0.0026
SaveOnEvent_ALL_20260908110049306.csv,2026-09-08 11:00:49,-0.0028,-0.0026
SaveOnEvent_ALL_20260908110052198.csv,2026-09-08 11:00:52,-0.0028,-0.0026
SaveOnEvent_ALL_20260908110055072.csv,2026-09-08 11:00:55,-0.0032,-0.0026
SaveOnEvent_ALL_20260908110058137.csv,2026-09-08 11:00:58,-0.0024,-0.0026
SaveOnEvent_ALL_20260908110100991.csv,2026-09-08 11:01:00,-0.0028,-0.0022
SaveOnEvent_ALL_20260908110103798.csv,2026-09-08 11:01:03,-0.0032,-0.0026
SaveOnEvent_ALL_20260908110106652.csv,2026-09-08 11:01:06,-0.0028,-0.0034
SaveOnEvent_ALL_20260908110109527.csv,2026-09-08 11:01:09,-0.004,-0.0026
SaveOnEvent_ALL_20260908110112433.csv,2026-09-08 11:01:12,-0.0028,-0.0026
SaveOnEvent_ALL_20260908110115361.csv,2026-09-08 11:01:15,-0.0028,-0.0026
SaveOnEvent_ALL_20260908110118151.csv,2026-09-08 11:01:18,-0.0028,-0.003
SaveOnEvent_ALL_20260908110121135.csv,2026-09-08 11:01:21,-0.0028,-0.0026
SaveOnEvent_ALL_20260908110124017.csv,2026-09-08 11:01:24,-0.0028,-0.0026
SaveOnEvent_ALL_20260908110126853.csv,2026-09-08 11:01:26,-0.0028,-0.0026
SaveOnEvent_ALL_20260908110129795.csv,2026-09-08 11:01:29,-0.0028,-0.0026
SaveOnEvent_ALL_20260908110132831.csv,2026-09-08 11:01:32,-0.0024,-0.0026
SaveOnEvent_ALL_20260908110135806.csv,2026-09-08 11:01:35,-0.0028,-0.003
SaveOnEvent_ALL_20260908110138653.csv,2026-09-08 11:01:38,-0.0028,-0.0022
SaveOnEvent_ALL_20260908110141516.csv,2026-09-08 11:01:41,-0.0032,-0.0026
SaveOnEvent_ALL_20260908110144478.csv,2026-09-08 11:01:44,-0.0032,-0.0026
SaveOnEvent_ALL_20260908110147347.csv,2026-09-08 11:01:47,-0.0032,-0.0034
SaveOnEvent_ALL_20260908110150195.csv,2026-09-08 11:01:50,-0.0032,-0.0034
SaveOnEvent_ALL_20260908110153094.csv,2026-09-08 11:01:53,-0.0028,-0.0026
SaveOnEvent_ALL_20260908110155929.csv,2026-09-08 11:01:55,-0.0032,-0.0026
SaveOnEvent_ALL_20260908110158905.csv,2026-09-08 11:01:58,-0.0032,-0.0026
SaveOnEvent_ALL_20260908110201839.csv,2026-09-08 11:02:01,-0.0032,-0.0026
SaveOnEvent_ALL_20260908110204693.csv,2026-09-08 11:02:04,-0.0028,-0.0026
SaveOnEvent_ALL_20260908110207548.csv,2026-09-08 11:02:07,-0.0036,-0.0042
SaveOnEvent_ALL_20260908110210465.csv,2026-09-08 11:02:10,-0.0028,-0.0034
SaveOnEvent_ALL_20260908110213475.csv,2026-09-08 11:02:13,-0.0032,-0.003
SaveOnEvent_ALL_20260908110216437.csv,2026-09-08 11:02:16,-0.0036,-0.0026
SaveOnEvent_ALL_20260908110219383.csv,2026-09-08 11:02:19,-0.0028,-0.003
SaveOnEvent_ALL_20260908110222356.csv,2026-09-08 11:02:22,-0.0032,-0.003
SaveOnEvent_ALL_20260908110225288.csv,2026-09-08 11:02:25,-0.004,-0.0034
SaveOnEvent_ALL_20260908110228130.csv,2026-09-08 11:02:28,-0.0028,-0.0034
SaveOnEvent_ALL_20260908110231240.csv,2026-09-08 11:02:31,-0.0028,-0.0026
SaveOnEvent_ALL_20260908110234172.csv,2026-09-08 11:02:34,-0.0028,-0.003
SaveOnEvent_ALL_20260908110237021.csv,2026-09-08 11:02:37,-0.0032,-0.0026
SaveOnEvent_ALL_20260908110240010.csv,2026-09-08 11:02:40,-0.0032,-0.0026
SaveOnEvent_ALL_20260908110242944.csv,2026-09-08 11:02:42,-0.0028,-0.0026
SaveOnEvent_ALL_20260908110245857.csv,2026-09-08 11:02:45,-0.0028,-0.0026
SaveOnEvent_ALL_20260908110248740.csv,2026-09-08 11:02:48,-0.0028,-0.0026
SaveOnEvent_ALL_20260908110251666.csv,2026-09-08 11:02:51,-0.0036,-0.0026
SaveOnEvent_ALL_20260908110254643.csv,2026-09-08 11:02:54,-0.0028,-0.0026
SaveOnEvent_ALL_20260908110257488.csv,2026-09-08 11:02:57,-0.0036,-0.003
SaveOnEvent_ALL_20260908110300341.csv,2026-09-08 11:03:00,-0.0032,-0.0026
SaveOnEvent_ALL_20260908110303251.csv,2026-09-08 11:03:03,-0.0028,-0.003
SaveOnEvent_ALL_20260908110306105.csv,2026-09-08 11:03:06,-0.0036,-0.0026
SaveOnEvent_ALL_20260908110309014.csv,2026-09-08 11:03:09,-0.0028,-0.003
SaveOnEvent_ALL_20260908110311932.csv,2026-09-08 11:03:11,-0.0028,-0.0038
SaveOnEvent_ALL_20260908110314839.csv,2026-09-08 11:03:14,-0.0028,-0.0026
SaveOnEvent_ALL_20260908110317965.csv,2026-09-08 11:03:17,-0.0028,-0.0026
SaveOnEvent_ALL_20260908110320975.csv,2026-09-08 11:03:20,-0.0028,-0.003
SaveOnEvent_ALL_20260908110324046.csv,2026-09-08 11:03:24,-0.0028,-0.0026
SaveOnEvent_ALL_20260908110326935.csv,2026-09-08 11:03:26,-0.0032,-0.0026
SaveOnEvent_ALL_20260908110330873.csv,2026-09-08 11:03:30,-0.0032,-0.0026
SaveOnEvent_ALL_20260908110333833.csv,2026-09-08 11:03:33,-0.0028,-0.0026
SaveOnEvent_ALL_20260908110336730.csv,2026-09-08 11:03:36,-0.0032,-0.0026
SaveOnEvent_ALL_20260908110340043.csv,2026-09-08 11:03:40,-0.0032,-0.0026
SaveOnEvent_ALL_20260908110342954.csv,2026-09-08 11:03:42,-0.0036,-0.0026
SaveOnEvent_ALL_20260908110345885.csv,2026-09-08 11:03:45,-0.0028,-0.0026
SaveOnEvent_ALL_20260908110348770.csv,2026-09-08 11:03:48,-0.0028,-0.0026
SaveOnEvent_ALL_20260908110351969.csv,2026-09-08 11:03:51,-0.0032,-0.0026
SaveOnEvent_ALL_20260908110355512.csv,2026-09-08 11:03:55,-0.0032,-0.0026
SaveOnEvent_ALL_20260908110358420.csv,2026-09-08 11:03:58,-0.0028,-0.0034
SaveOnEvent_ALL_20260908110401459.csv,2026-09-08 11:04:01,-0.0028,-0.0018
SaveOnEvent_ALL_20260908110404454.csv,2026-09-08 11:04:04,-0.0028,-0.0026
SaveOnEvent_ALL_20260908110407373.csv,2026-09-08 11:04:07,-0.0028,-0.003
SaveOnEvent_ALL_20260908110410286.csv,2026-09-08 11:04:10,-0.0028,-0.0026
SaveOnEvent_ALL_20260908110413179.csv,2026-09-08 11:04:13,-0.0028,-0.0026
SaveOnEvent_ALL_20260908110416312.csv,2026-09-08 11:04:16,-0.0032,-0.0026
SaveOnEvent_ALL_20260908110419226.csv,2026-09-08 11:04:19,-0.0028,-0.0026
SaveOnEvent_ALL_20260908110422126.csv,2026-09-08 11:04:22,-0.0032,-0.0026
SaveOnEvent_ALL_20260908110425242.csv,2026-09-08 11:04:25,-0.0036,-0.0026
SaveOnEvent_ALL_20260908110428189.csv,2026-09-08 11:04:28,-0.0028,-0.0026
SaveOnEvent_ALL_20260908110431143.csv,2026-09-08 11:04:31,-0.004,-0.003
SaveOnEvent_ALL_20260908110434077.csv,2026-09-08 11:04:34,-0.0028,-0.0026
SaveOnEvent_ALL_20260908110437012.csv,2026-09-08 11:04:37,-0.0028,-0.0026
SaveOnEvent_ALL_20260908110440127.csv,2026-09-08 11:04:40,-0.0028,-0.003
SaveOnEvent_ALL_20260908110443041.csv,2026-09-08 11:04:43,-0.0028,-0.0026
SaveOnEvent_ALL_20260908110446097.csv,2026-09-08 11:04:46,-0.0032,-0.003
SaveOnEvent_ALL_20260908110449060.csv,2026-09-08 11:04:49,-0.0028,-0.0026
SaveOnEvent_ALL_20260908110452256.csv,2026-09-08 11:04:52,-0.0028,-0.0026
SaveOnEvent_ALL_20260908110455191.csv,2026-09-08 11:04:55,-0.0028,-0.0026
SaveOnEvent_ALL_20260908110458383.csv,2026-09-08 11:04:58,-0.0028,-0.003
SaveOnEvent_ALL_20260908110501433.csv,2026-09-08 11:05:01,-0.0028,-0.0026
SaveOnEvent_ALL_20260908110504386.csv,2026-09-08 11:05:04,-0.0028,-0.0026
SaveOnEvent_ALL_20260908110507502.csv,2026-09-08 11:05:07,-0.0028,-0.0026
SaveOnEvent_ALL_20260908110510499.csv,2026-09-08 11:05:10,-0.0028,-0.0026
SaveOnEvent_ALL_20260908110513455.csv,2026-09-08 11:05:13,-0.0032,-0.003
SaveOnEvent_ALL_20260908110516874.csv,2026-09-08 11:05:16,-0.0032,-0.003
SaveOnEvent_ALL_20260908110519898.csv,2026-09-08 11:05:19,-0.0028,-0.0026
SaveOnEvent_ALL_20260908110522989.csv,2026-09-08 11:05:22,-0.0036,-0.0026
SaveOnEvent_ALL_20260908110526038.csv,2026-09-08 11:05:26,-0.0028,-0.003
SaveOnEvent_ALL_20260908110528995.csv,2026-09-08 11:05:28,-0.0028,-0.0026
SaveOnEvent_ALL_20260908110531999.csv,2026-09-08 11:05:31,-0.0028,-0.0026
SaveOnEvent_ALL_20260908110534974.csv,2026-09-08 11:05:34,-0.0028,-0.0034
SaveOnEvent_ALL_20260908110538592.csv,2026-09-08 11:05:38,-0.0028,-0.003
SaveOnEvent_ALL_20260908110541606.csv,2026-09-08 11:05:41,-0.0028,-0.0026
SaveOnEvent_ALL_20260908110544612.csv,2026-09-08 11:05:44,-0.0028,-0.0026
SaveOnEvent_ALL_20260908110547565.csv,2026-09-08 11:05:47,-0.0028,-0.0026
SaveOnEvent_ALL_20260908110550510.csv,2026-09-08 11:05:50,-0.0032,-0.0038
SaveOnEvent_ALL_20260908110553497.csv,2026-09-08 11:05:53,-0.0028,-0.0034
SaveOnEvent_ALL_20260908110556497.csv,2026-09-08 11:05:56,-0.0032,-0.003
SaveOnEvent_ALL_20260908110559654.csv,2026-09-08 11:05:59,-0.0032,-0.0026
SaveOnEvent_ALL_20260908110602629.csv,2026-09-08 11:06:02,-0.0032,-0.0034
SaveOnEvent_ALL_20260908110605645.csv,2026-09-08 11:06:05,-0.0028,-0.003
SaveOnEvent_ALL_20260908110608693.csv,2026-09-08 11:06:08,-0.0036,-0.0026
SaveOnEvent_ALL_20260908110611930.csv,2026-09-08 11:06:11,-0.0028,-0.003
SaveOnEvent_ALL_20260908110614919.csv,2026-09-08 11:06:14,-0.004,-0.003
SaveOnEvent_ALL_20260908110618243.csv,2026-09-08 11:06:18,-0.0032,-0.0026
SaveOnEvent_ALL_20260908110621322.csv,2026-09-08 11:06:21,-0.0028,-0.0026
SaveOnEvent_ALL_20260908110624330.csv,2026-09-08 11:06:24,-0.0028,-0.0034
SaveOnEvent_ALL_20260908110627339.csv,2026-09-08 11:06:27,-0.0028,-0.0026
SaveOnEvent_ALL_20260908110630282.csv,2026-09-08 11:06:30,-0.0028,-0.0026
SaveOnEvent_ALL_20260908110633891.csv,2026-09-08 11:06:33,-0.0028,-0.0034
SaveOnEvent_ALL_20260908110636962.csv,2026-09-08 11:06:36,-0.0028,-0.0026
SaveOnEvent_ALL_20260908110640002.csv,2026-09-08 11:06:40,-0.004,-0.0026
SaveOnEvent_ALL_20260908110642994.csv,2026-09-08 11:06:42,-0.0028,-0.0026
SaveOnEvent_ALL_20260908110646051.csv,2026-09-08 11:06:46,-0.0028,-0.0034
SaveOnEvent_ALL_20260908110649043.csv,2026-09-08 11:06:49,-0.0028,-0.003
SaveOnEvent_ALL_20260908110652439.csv,2026-09-08 11:06:52,-0.0036,-0.003
SaveOnEvent_ALL_20260908110655852.csv,2026-09-08 11:06:55,-0.0036,-0.003
SaveOnEvent_ALL_20260908110658872.csv,2026-09-08 11:06:58,-0.0028,-0.003
SaveOnEvent_ALL_20260908110701913.csv,2026-09-08 11:07:01,-0.0028,-0.0026
SaveOnEvent_ALL_20260908110704922.csv,2026-09-08 11:07:04,-0.0028,-0.003
SaveOnEvent_ALL_20260908110707996.csv,2026-09-08 11:07:07,-0.0028,-0.0026
SaveOnEvent_ALL_20260908110711070.csv,2026-09-08 11:07:11,-0.0028,-0.0026
SaveOnEvent_ALL_20260908110714153.csv,2026-09-08 11:07:14,-0.0028,-0.003
SaveOnEvent_ALL_20260908110717258.csv,2026-09-08 11:07:17,-0.0032,-0.0026
SaveOnEvent_ALL_20260908110720265.csv,2026-09-08 11:07:20,-0.0028,-0.003
SaveOnEvent_ALL_20260908110723454.csv,2026-09-08 11:07:23,-0.0028,-0.003
SaveOnEvent_ALL_20260908110726534.csv,2026-09-08 11:07:26,-0.0028,-0.0034
SaveOnEvent_ALL_20260908110729566.csv,2026-09-08 11:07:29,-0.0028,-0.003
SaveOnEvent_ALL_20260908110732672.csv,2026-09-08 11:07:32,-0.0032,-0.0026
SaveOnEvent_ALL_20260908110735687.csv,2026-09-08 11:07:35,-0.0032,-0.0026
SaveOnEvent_ALL_20260908110738742.csv,2026-09-08 11:07:38,-0.0028,-0.0026
SaveOnEvent_ALL_20260908110741852.csv,2026-09-08 11:07:41,-0.0028,-0.0026
SaveOnEvent_ALL_20260908110744896.csv,2026-09-08 11:07:44,-0.0032,-0.003
SaveOnEvent_ALL_20260908110748149.csv,2026-09-08 11:07:48,-0.0028,-0.0042
SaveOnEvent_ALL_20260908110751242.csv,2026-09-08 11:07:51,-0.0028,-0.0026
SaveOnEvent_ALL_20260908110754262.csv,2026-09-08 11:07:54,-0.0028,-0.0026
SaveOnEvent_ALL_20260908110757759.csv,2026-09-08 11:07:57,-0.0032,-0.0026
SaveOnEvent_ALL_20260908110800802.csv,2026-09-08 11:08:00,-0.0028,-0.003
SaveOnEvent_ALL_20260908110804088.csv,2026-09-08 11:08:04,-0.0028,-0.0026
SaveOnEvent_ALL_20260908110807568.csv,2026-09-08 11:08:07,-0.0028,-0.0026
SaveOnEvent_ALL_20260908110811067.csv,2026-09-08 11:08:11,-0.0028,-0.0026
SaveOnEvent_ALL_20260908110814389.csv,2026-09-08 11:08:14,-0.0028,-0.0026
SaveOnEvent_ALL_20260908110817678.csv,2026-09-08 11:08:17,-0.0028,-0.0026
SaveOnEvent_ALL_20260908110820820.csv,2026-09-08 11:08:20,-0.0028,-0.0026
SaveOnEvent_ALL_20260908110823958.csv,2026-09-08 11:08:23,-0.0028,-0.0026
SaveOnEvent_ALL_20260908110827003.csv,2026-09-08 11:08:27,-0.0028,-0.0034
SaveOnEvent_ALL_20260908110830036.csv,2026-09-08 11:08:30,-0.0028,-0.0026
SaveOnEvent_ALL_20260908110833306.csv,2026-09-08 11:08:33,-0.0028,-0.0026
SaveOnEvent_ALL_20260908110836381.csv,2026-09-08 11:08:36,-0.0028,-0.003
SaveOnEvent_ALL_20260908110839520.csv,2026-09-08 11:08:39,-0.0028,-0.0034
SaveOnEvent_ALL_20260908110842887.csv,2026-09-08 11:08:42,-0.0036,-0.0026
SaveOnEvent_ALL_20260908110845950.csv,2026-09-08 11:08:45,-0.0028,-0.0026
SaveOnEvent_ALL_20260908110849453.csv,2026-09-08 11:08:49,-0.0028,-0.0026
SaveOnEvent_ALL_20260908110852552.csv,2026-09-08 11:08:52,-0.0028,-0.0026
SaveOnEvent_ALL_20260908110855779.csv,2026-09-08 11:08:55,-0.0028,-0.0026
SaveOnEvent_ALL_20260908110859213.csv,2026-09-08 11:08:59,-0.0028,-0.0026
SaveOnEvent_ALL_20260908110902385.csv,2026-09-08 11:09:02,-0.0028,-0.003
SaveOnEvent_ALL_20260908110905575.csv,2026-09-08 11:09:05,-0.0028,-0.0026
SaveOnEvent_ALL_20260908110908770.csv,2026-09-08 11:09:08,-0.0028,-0.0026
SaveOnEvent_ALL_20260908110911935.csv,2026-09-08 11:09:11,-0.0032,-0.003
SaveOnEvent_ALL_20260908110915198.csv,2026-09-08 11:09:15,-0.0028,-0.0034
SaveOnEvent_ALL_20260908110918303.csv,2026-09-08 11:09:18,-0.0028,-0.003
SaveOnEvent_ALL_20260908110921362.csv,2026-09-08 11:09:21,-0.0028,-0.0026
SaveOnEvent_ALL_20260908110924639.csv,2026-09-08 11:09:24,-0.0036,-0.0026
SaveOnEvent_ALL_20260908110927774.csv,2026-09-08 11:09:27,-0.0036,-0.0026
SaveOnEvent_ALL_20260908110931046.csv,2026-09-08 11:09:31,-0.0028,-0.0026
SaveOnEvent_ALL_20260908110934645.csv,2026-09-08 11:09:34,-0.0028,-0.0034
SaveOnEvent_ALL_20260908110937924.csv,2026-09-08 11:09:37,-0.0028,-0.0034
SaveOnEvent_ALL_20260908110941137.csv,2026-09-08 11:09:41,-0.0036,-0.0026
SaveOnEvent_ALL_20260908110944270.csv,2026-09-08 11:09:44,-0.0028,-0.0026
SaveOnEvent_ALL_20260908110947872.csv,2026-09-08 11:09:47,-0.0028,-0.0026
SaveOnEvent_ALL_20260908110951057.csv,2026-09-08 11:09:51,-0.0032,-0.0026
SaveOnEvent_ALL_20260908110954172.csv,2026-09-08 11:09:54,-0.0032,-0.0026
SaveOnEvent_ALL_20260908110957443.csv,2026-09-08 11:09:57,-0.0028,-0.0026
SaveOnEvent_ALL_20260908111000553.csv,2026-09-08 11:10:00,-0.0028,-0.0026
SaveOnEvent_ALL_20260908111003652.csv,2026-09-08 11:10:03,-0.0028,-0.003
SaveOnEvent_ALL_20260908111006760.csv,2026-09-08 11:10:06,-0.0028,-0.0026
SaveOnEvent_ALL_20260908111009962.csv,2026-09-08 11:10:09,-0.0028,-0.0018
SaveOnEvent_ALL_20260908111013075.csv,2026-09-08 11:10:13,-0.0028,-0.0022
SaveOnEvent_ALL_20260908111016337.csv,2026-09-08 11:10:16,-0.0028,-0.0026
SaveOnEvent_ALL_20260908111020047.csv,2026-09-08 11:10:20,-0.0028,-0.0026
SaveOnEvent_ALL_20260908111023368.csv,2026-09-08 11:10:23,-0.0032,-0.0034
SaveOnEvent_ALL_20260908111026812.csv,2026-09-08 11:10:26,-0.0028,-0.0026
SaveOnEvent_ALL_20260908111030090.csv,2026-09-08 11:10:30,-0.0036,-0.0026
SaveOnEvent_ALL_20260908111033359.csv,2026-09-08 11:10:33,-0.0028,-0.0026
SaveOnEvent_ALL_20260908111036525.csv,2026-09-08 11:10:36,-0.0028,-0.0026
SaveOnEvent_ALL_20260908111039798.csv,2026-09-08 11:10:39,-0.0036,-0.0026
SaveOnEvent_ALL_20260908111042914.csv,2026-09-08 11:10:42,-0.0032,-0.0034
SaveOnEvent_ALL_20260908111046167.csv,2026-09-08 11:10:46,-0.0032,-0.0026
SaveOnEvent_ALL_20260908111049460.csv,2026-09-08 11:10:49,-0.0028,-0.0026
SaveOnEvent_ALL_20260908111052804.csv,2026-09-08 11:10:52,-0.0036,-0.0026
SaveOnEvent_ALL_20260908111055916.csv,2026-09-08 11:10:55,-0.0028,-0.0026
SaveOnEvent_ALL_20260908111059730.csv,2026-09-08 11:10:59,-0.0028,-0.0026
SaveOnEvent_ALL_20260908111102899.csv,2026-09-08 11:11:02,-0.0028,-0.0026
SaveOnEvent_ALL_20260908111106096.csv,2026-09-08 11:11:06,-0.0028,-0.0026
SaveOnEvent_ALL_20260908111109474.csv,2026-09-08 11:11:09,-0.0028,-0.003
SaveOnEvent_ALL_20260908111112630.csv,2026-09-08 11:11:12,-0.0036,-0.0026
SaveOnEvent_ALL_20260908111115761.csv,2026-09-08 11:11:15,-0.0032,-0.0026
SaveOnEvent_ALL_20260908111118930.csv,2026-09-08 11:11:18,-0.0024,-0.0026
SaveOnEvent_ALL_20260908111122104.csv,2026-09-08 11:11:22,-0.0028,-0.003
SaveOnEvent_ALL_20260908111125470.csv,2026-09-08 11:11:25,-0.0032,-0.003
SaveOnEvent_ALL_20260908111128614.csv,2026-09-08 11:11:28,-0.0028,-0.0026
SaveOnEvent_ALL_20260908111131744.csv,2026-09-08 11:11:31,-0.0028,-0.003
SaveOnEvent_ALL_20260908111135493.csv,2026-09-08 11:11:35,-0.0028,-0.0026
SaveOnEvent_ALL_20260908111138666.csv,2026-09-08 11:11:38,-0.0028,-0.0034
SaveOnEvent_ALL_20260908111142104.csv,2026-09-08 11:11:42,-0.0032,-0.0026
SaveOnEvent_ALL_20260908111145324.csv,2026-09-08 11:11:45,-0.0028,-0.0034
SaveOnEvent_ALL_20260908111148580.csv,2026-09-08 11:11:48,-0.0028,-0.003
SaveOnEvent_ALL_20260908111152009.csv,2026-09-08 11:11:52,-0.0028,-0.003
SaveOnEvent_ALL_20260908111155354.csv,2026-09-08 11:11:55,-0.0028,-0.003
SaveOnEvent_ALL_20260908111158776.csv,2026-09-08 11:11:58,-0.0028,-0.003
SaveOnEvent_ALL_20260908111201939.csv,2026-09-08 11:12:01,-0.0028,-0.0026
SaveOnEvent_ALL_20260908111205101.csv,2026-09-08 11:12:05,-0.0028,-0.0034
SaveOnEvent_ALL_20260908111208292.csv,2026-09-08 11:12:08,-0.0036,-0.003
SaveOnEvent_ALL_20260908111211555.csv,2026-09-08 11:12:11,-0.0036,-0.0026
SaveOnEvent_ALL_20260908111214715.csv,2026-09-08 11:12:14,-0.0024,-0.0026
SaveOnEvent_ALL_20260908111217989.csv,2026-09-08 11:12:17,-0.0028,-0.0026
SaveOnEvent_ALL_20260908111221694.csv,2026-09-08 11:12:21,-0.0028,-0.0026
SaveOnEvent_ALL_20260908111224947.csv,2026-09-08 11:12:24,-0.0032,-0.003
SaveOnEvent_ALL_20260908111228631.csv,2026-09-08 11:12:28,-0.0028,-0.0026
SaveOnEvent_ALL_20260908111232020.csv,2026-09-08 11:12:32,-0.0028,-0.0026
SaveOnEvent_ALL_20260908111235180.csv,2026-09-08 11:12:35,-0.0028,-0.0022
SaveOnEvent_ALL_20260908111238337.csv,2026-09-08 11:12:38,-0.0028,-0.0026
SaveOnEvent_ALL_20260908111241812.csv,2026-09-08 11:12:41,-0.0028,-0.0026
SaveOnEvent_ALL_20260908111244987.csv,2026-09-08 11:12:44,-0.0032,-0.0026
SaveOnEvent_ALL_20260908111248863.csv,2026-09-08 11:12:48,-0.0028,-0.0026
SaveOnEvent_ALL_20260908111252714.csv,2026-09-08 11:12:52,-0.0028,-0.003
SaveOnEvent_ALL_20260908111255993.csv,2026-09-08 11:12:55,-0.0032,-0.003
SaveOnEvent_ALL_20260908111259591.csv,2026-09-08 11:12:59,-0.0032,-0.0034
SaveOnEvent_ALL_20260908111302798.csv,2026-09-08 11:13:02,-0.0032,-0.0022
SaveOnEvent_ALL_20260908111306885.csv,2026-09-08 11:13:06,-0.0024,-0.0034
SaveOnEvent_ALL_20260908111310434.csv,2026-09-08 11:13:10,-0.0028,-0.003
SaveOnEvent_ALL_20260908111313628.csv,2026-09-08 11:13:13,-0.0028,-0.0026
SaveOnEvent_ALL_20260908111317333.csv,2026-09-08 11:13:17,-0.0028,-0.003
SaveOnEvent_ALL_20260908111320528.csv,2026-09-08 11:13:20,-0.0028,-0.0038
SaveOnEvent_ALL_20260908111324312.csv,2026-09-08 11:13:24,-0.0032,-0.003
SaveOnEvent_ALL_20260908111327601.csv,2026-09-08 11:13:27,-0.0028,-0.0026
SaveOnEvent_ALL_20260908111331088.csv,2026-09-08 11:13:31,-0.0032,-0.003
SaveOnEvent_ALL_20260908111335094.csv,2026-09-08 11:13:35,-0.0036,-0.0026
SaveOnEvent_ALL_20260908111338324.csv,2026-09-08 11:13:38,-0.0032,-0.0026
SaveOnEvent_ALL_20260908111341749.csv,2026-09-08 11:13:41,-0.0028,-0.003
SaveOnEvent_ALL_20260908111345533.csv,2026-09-08 11:13:45,-0.0032,-0.0026
SaveOnEvent_ALL_20260908111348755.csv,2026-09-08 11:13:48,-0.0028,-0.0034
SaveOnEvent_ALL_20260908111352266.csv,2026-09-08 11:13:52,-0.0028,-0.003
SaveOnEvent_ALL_20260908111355641.csv,2026-09-08 11:13:55,-0.0028,-0.003
SaveOnEvent_ALL_20260908111359352.csv,2026-09-08 11:13:59,-0.0028,-0.0026
SaveOnEvent_ALL_20260908111402897.csv,2026-09-08 11:14:02,-0.0036,-0.003
SaveOnEvent_ALL_20260908111406160.csv,2026-09-08 11:14:06,-0.0036,-0.0026
SaveOnEvent_ALL_20260908111409750.csv,2026-09-08 11:14:09,-0.0032,-0.0026
SaveOnEvent_ALL_20260908111413451.csv,2026-09-08 11:14:13,-0.0028,-0.003
SaveOnEvent_ALL_20260908111416749.csv,2026-09-08 11:14:16,-0.0028,-0.0034
SaveOnEvent_ALL_20260908111420083.csv,2026-09-08 11:14:20,-0.0028,-0.0026
SaveOnEvent_ALL_20260908111423620.csv,2026-09-08 11:14:23,-0.0028,-0.0026
SaveOnEvent_ALL_20260908111426877.csv,2026-09-08 11:14:26,-0.0024,-0.003
SaveOnEvent_ALL_20260908111430240.csv,2026-09-08 11:14:30,-0.0028,-0.003
SaveOnEvent_ALL_20260908111433607.csv,2026-09-08 11:14:33,-0.0028,-0.0026
SaveOnEvent_ALL_20260908111436845.csv,2026-09-08 11:14:36,-0.0036,-0.003
SaveOnEvent_ALL_20260908111440470.csv,2026-09-08 11:14:40,-0.0028,-0.003
SaveOnEvent_ALL_20260908111444084.csv,2026-09-08 11:14:44,-0.0028,-0.0026
SaveOnEvent_ALL_20260908111447372.csv,2026-09-08 11:14:47,-0.0028,-0.0026
SaveOnEvent_ALL_20260908111450998.csv,2026-09-08 11:14:50,-0.0028,-0.0026
SaveOnEvent_ALL_20260908111454270.csv,2026-09-08 11:14:54,-0.0036,-0.0026
SaveOnEvent_ALL_20260908111458039.csv,2026-09-08 11:14:58,-0.0032,-0.003
SaveOnEvent_ALL_20260908111501317.csv,2026-09-08 11:15:01,-0.0028,-0.0022
SaveOnEvent_ALL_20260908111505324.csv,2026-09-08 11:15:05,-0.0036,-0.0034
SaveOnEvent_ALL_20260908111508959.csv,2026-09-08 11:15:08,-0.0028,-0.0034
SaveOnEvent_ALL_20260908111512806.csv,2026-09-08 11:15:12,-0.0028,-0.0026
SaveOnEvent_ALL_20260908111516518.csv,2026-09-08 11:15:16,-0.0028,-0.0034
SaveOnEvent_ALL_20260908111520418.csv,2026-09-08 11:15:20,-0.0032,-0.0026
SaveOnEvent_ALL_20260908111523626.csv,2026-09-08 11:15:23,-0.0028,-0.0026
SaveOnEvent_ALL_20260908111527231.csv,2026-09-08 11:15:27,-0.0028,-0.003
SaveOnEvent_ALL_20260908111530845.csv,2026-09-08 11:15:30,-0.0028,-0.003
SaveOnEvent_ALL_20260908111534464.csv,2026-09-08 11:15:34,-0.0032,-0.0034
SaveOnEvent_ALL_20260908111538146.csv,2026-09-08 11:15:38,-0.0028,-0.0026
SaveOnEvent_ALL_20260908111541474.csv,2026-09-08 11:15:41,-0.0032,-0.003
SaveOnEvent_ALL_20260908111545151.csv,2026-09-08 11:15:45,-0.0028,-0.0026
SaveOnEvent_ALL_20260908111548780.csv,2026-09-08 11:15:48,-0.0028,-0.003
SaveOnEvent_ALL_20260908111553107.csv,2026-09-08 11:15:53,-0.0028,-0.0026
SaveOnEvent_ALL_20260908111556368.csv,2026-09-08 11:15:56,-0.0032,-0.003
SaveOnEvent_ALL_20260908111600012.csv,2026-09-08 11:16:00,-0.0032,-0.0022
SaveOnEvent_ALL_20260908111603835.csv,2026-09-08 11:16:03,-0.0036,-0.0026
SaveOnEvent_ALL_20260908111607440.csv,2026-09-08 11:16:07,-0.0028,-0.0018
SaveOnEvent_ALL_20260908111610741.csv,2026-09-08 11:16:10,-0.0028,-0.003
SaveOnEvent_ALL_20260908111614845.csv,2026-09-08 11:16:14,-0.0028,-0.0026
SaveOnEvent_ALL_20260908111618618.csv,2026-09-08 11:16:18,-0.0028,-0.003
SaveOnEvent_ALL_20260908111622285.csv,2026-09-08 11:16:22,-0.0032,-0.0026
SaveOnEvent_ALL_20260908111625718.csv,2026-09-08 11:16:25,-0.0028,-0.0026
SaveOnEvent_ALL_20260908111630230.csv,2026-09-08 11:16:30,-0.0028,-0.0026
SaveOnEvent_ALL_20260908111634092.csv,2026-09-08 11:16:34,-0.0032,-0.003
SaveOnEvent_ALL_20260908111637783.csv,2026-09-08 11:16:37,-0.0036,-0.0034
SaveOnEvent_ALL_20260908111641260.csv,2026-09-08 11:16:41,-0.0028,-0.003
SaveOnEvent_ALL_20260908111645117.csv,2026-09-08 11:16:45,-0.0032,-0.0026
SaveOnEvent_ALL_20260908111648875.csv,2026-09-08 11:16:48,-0.0036,-0.0026
SaveOnEvent_ALL_20260908111652311.csv,2026-09-08 11:16:52,-0.0028,-0.003
SaveOnEvent_ALL_20260908111655975.csv,2026-09-08 11:16:55,-0.0028,-0.0026
SaveOnEvent_ALL_20260908111700089.csv,2026-09-08 11:17:00,-0.0032,-0.003
SaveOnEvent_ALL_20260908111703648.csv,2026-09-08 11:17:03,-0.0028,-0.0026
SaveOnEvent_ALL_20260908111707300.csv,2026-09-08 11:17:07,-0.0028,-0.003
SaveOnEvent_ALL_20260908111710993.csv,2026-09-08 11:17:10,-0.0028,-0.0026
SaveOnEvent_ALL_20260908111715003.csv,2026-09-08 11:17:15,-0.0028,-0.0026
SaveOnEvent_ALL_20260908111718597.csv,2026-09-08 11:17:18,-0.0028,-0.0026
SaveOnEvent_ALL_20260908111721894.csv,2026-09-08 11:17:21,-0.0032,-0.0026
SaveOnEvent_ALL_20260908111725184.csv,2026-09-08 11:17:25,-0.0032,-0.0026
SaveOnEvent_ALL_20260908111728484.csv,2026-09-08 11:17:28,-0.0032,-0.003
SaveOnEvent_ALL_20260908111731788.csv,2026-09-08 11:17:31,-0.0032,-0.003
SaveOnEvent_ALL_20260908111735541.csv,2026-09-08 11:17:35,-0.0032,-0.0034
SaveOnEvent_ALL_20260908111738888.csv,2026-09-08 11:17:38,-0.0032,-0.0026
SaveOnEvent_ALL_20260908111742681.csv,2026-09-08 11:17:42,-0.0032,-0.0026
SaveOnEvent_ALL_20260908111745982.csv,2026-09-08 11:17:45,-0.0032,-0.0034
SaveOnEvent_ALL_20260908111749792.csv,2026-09-08 11:17:49,-0.0028,-0.0026
SaveOnEvent_ALL_20260908111753109.csv,2026-09-08 11:17:53,-0.0028,-0.0026
SaveOnEvent_ALL_20260908111756650.csv,2026-09-08 11:17:56,-0.0028,-0.0026
SaveOnEvent_ALL_20260908111800714.csv,2026-09-08 11:18:00,-0.0028,-0.0026
SaveOnEvent_ALL_20260908111804069.csv,2026-09-08 11:18:04,-0.0028,-0.0026
SaveOnEvent_ALL_20260908111807760.csv,2026-09-08 11:18:07,-0.0028,-0.003
SaveOnEvent_ALL_20260908111811072.csv,2026-09-08 11:18:11,-0.0032,-0.0026
SaveOnEvent_ALL_20260908111814769.csv,2026-09-08 11:18:14,-0.0028,-0.0026
SaveOnEvent_ALL_20260908111818838.csv,2026-09-08 11:18:18,-0.0028,-0.0026
SaveOnEvent_ALL_20260908111822723.csv,2026-09-08 11:18:22,-0.0028,-0.003
SaveOnEvent_ALL_20260908111826083.csv,2026-09-08 11:18:26,-0.0028,-0.0026
SaveOnEvent_ALL_20260908111829812.csv,2026-09-08 11:18:29,-0.0028,-0.003
SaveOnEvent_ALL_20260908111834254.csv,2026-09-08 11:18:34,-0.0028,-0.0026
SaveOnEvent_ALL_20260908111837816.csv,2026-09-08 11:18:37,-0.0036,-0.0034
SaveOnEvent_ALL_20260908111841736.csv,2026-09-08 11:18:41,-0.004,-0.003
SaveOnEvent_ALL_20260908111845907.csv,2026-09-08 11:18:45,-0.0028,-0.0022
SaveOnEvent_ALL_20260908111849452.csv,2026-09-08 11:18:49,-0.0028,-0.0026
SaveOnEvent_ALL_20260908111853223.csv,2026-09-08 11:18:53,-0.0036,-0.0034
SaveOnEvent_ALL_20260908111856587.csv,2026-09-08 11:18:56,-0.0036,-0.0026
SaveOnEvent_ALL_20260908111900366.csv,2026-09-08 11:19:00,-0.0032,-0.0026
SaveOnEvent_ALL_20260908111904509.csv,2026-09-08 11:19:04,-0.0028,-0.0026
SaveOnEvent_ALL_20260908111907968.csv,2026-09-08 11:19:07,-0.0036,-0.003
SaveOnEvent_ALL_20260908111911728.csv,2026-09-08 11:19:11,-0.0032,-0.0026
SaveOnEvent_ALL_20260908111915863.csv,2026-09-08 11:19:15,-0.0028,-0.0034
SaveOnEvent_ALL_20260908111919337.csv,2026-09-08 11:19:19,-0.0028,-0.0026
SaveOnEvent_ALL_20260908111922729.csv,2026-09-08 11:19:22,-0.0028,-0.0026
SaveOnEvent_ALL_20260908111926089.csv,2026-09-08 11:19:26,-0.004,-0.003
SaveOnEvent_ALL_20260908111930285.csv,2026-09-08 11:19:30,-0.0032,-0.0026
SaveOnEvent_ALL_20260908111934127.csv,2026-09-08 11:19:34,-0.0028,-0.0026
SaveOnEvent_ALL_20260908111937853.csv,2026-09-08 11:19:37,-0.0028,-0.0034
SaveOnEvent_ALL_20260908111941271.csv,2026-09-08 11:19:41,-0.0028,-0.0034
SaveOnEvent_ALL_20260908111944995.csv,2026-09-08 11:19:44,-0.0028,-0.0026
SaveOnEvent_ALL_20260908111948811.csv,2026-09-08 11:19:48,-0.0032,-0.003
SaveOnEvent_ALL_20260908111952142.csv,2026-09-08 11:19:52,-0.0028,-0.0026
SaveOnEvent_ALL_20260908111955973.csv,2026-09-08 11:19:55,-0.0032,-0.003
SaveOnEvent_ALL_20260908111959739.csv,2026-09-08 11:19:59,-0.004,-0.003
SaveOnEvent_ALL_20260908112004211.csv,2026-09-08 11:20:04,-0.0028,-0.0026
SaveOnEvent_ALL_20260908112008047.csv,2026-09-08 11:20:08,-0.0032,-0.0026
SaveOnEvent_ALL_20260908112011555.csv,2026-09-08 11:20:11,-0.0032,-0.003
SaveOnEvent_ALL_20260908112015364.csv,2026-09-08 11:20:15,-0.0028,-0.0026
SaveOnEvent_ALL_20260908112019549.csv,2026-09-08 11:20:19,-0.0028,-0.0026
SaveOnEvent_ALL_20260908112023409.csv,2026-09-08 11:20:23,-0.0028,-0.003
SaveOnEvent_ALL_20260908112026907.csv,2026-09-08 11:20:26,-0.0032,-0.0034
SaveOnEvent_ALL_20260908112030677.csv,2026-09-08 11:20:30,-0.0028,-0.003
SaveOnEvent_ALL_20260908112035087.csv,2026-09-08 11:20:35,-0.0028,-0.0026
SaveOnEvent_ALL_20260908112038926.csv,2026-09-08 11:20:38,-0.0032,-0.0026
SaveOnEvent_ALL_20260908112042364.csv,2026-09-08 11:20:42,-0.0032,-0.0026
SaveOnEvent_ALL_20260908112046419.csv,2026-09-08 11:20:46,-0.0028,-0.0026
SaveOnEvent_ALL_20260908112050858.csv,2026-09-08 11:20:50,-0.0028,-0.0026
SaveOnEvent_ALL_20260908112054517.csv,2026-09-08 11:20:54,-0.0032,-0.003
SaveOnEvent_ALL_20260908112057931.csv,2026-09-08 11:20:57,-0.0036,-0.003
SaveOnEvent_ALL_20260908112101394.csv,2026-09-08 11:21:01,-0.0028,-0.0026
SaveOnEvent_ALL_20260908112105249.csv,2026-09-08 11:21:05,-0.0036,-0.003
SaveOnEvent_ALL_20260908112109457.csv,2026-09-08 11:21:09,-0.0028,-0.0026
SaveOnEvent_ALL_20260908112112900.csv,2026-09-08 11:21:12,-0.0032,-0.0034
SaveOnEvent_ALL_20260908112116799.csv,2026-09-08 11:21:16,-0.0028,-0.003
SaveOnEvent_ALL_20260908112120690.csv,2026-09-08 11:21:20,-0.0028,-0.003
SaveOnEvent_ALL_20260908112124502.csv,2026-09-08 11:21:24,-0.0036,-0.0026
SaveOnEvent_ALL_20260908112130263.csv,2026-09-08 11:21:30,-0.0028,-0.0026
SaveOnEvent_ALL_20260908112132150.csv,2026-09-08 11:21:32,-0.0028,-0.0026
SaveOnEvent_ALL_20260908112136011.csv,2026-09-08 11:21:36,-0.0028,-0.003
SaveOnEvent_ALL_20260908112139806.csv,2026-09-08 11:21:39,-0.0028,-0.0026
SaveOnEvent_ALL_20260908112143343.csv,2026-09-08 11:21:43,-0.0036,-0.003
SaveOnEvent_ALL_20260908112147190.csv,2026-09-08 11:21:47,-0.0028,-0.0026
SaveOnEvent_ALL_20260908112150715.csv,2026-09-08 11:21:50,-0.0032,-0.0026
SaveOnEvent_ALL_20260908112154568.csv,2026-09-08 11:21:54,-0.0036,-0.003
SaveOnEvent_ALL_20260908112158506.csv,2026-09-08 11:21:58,-0.0028,-0.0026
SaveOnEvent_ALL_20260908112202538.csv,2026-09-08 11:22:02,-0.0024,-0.0026
SaveOnEvent_ALL_20260908112205984.csv,2026-09-08 11:22:05,-0.0028,-0.0026
SaveOnEvent_ALL_20260908112209634.csv,2026-09-08 11:22:09,-0.0028,-0.0026
SaveOnEvent_ALL_20260908112213442.csv,2026-09-08 11:22:13,-0.0036,-0.003
SaveOnEvent_ALL_20260908112217271.csv,2026-09-08 11:22:17,-0.0028,-0.003
SaveOnEvent_ALL_20260908112220879.csv,2026-09-08 11:22:20,-0.004,-0.0026
SaveOnEvent_ALL_20260908112225084.csv,2026-09-08 11:22:25,-0.0028,-0.0026
SaveOnEvent_ALL_20260908112228656.csv,2026-09-08 11:22:28,-0.0028,-0.0026
SaveOnEvent_ALL_20260908112232127.csv,2026-09-08 11:22:32,-0.0028,-0.0026
SaveOnEvent_ALL_20260908112236595.csv,2026-09-08 11:22:36,-0.0028,-0.003
SaveOnEvent_ALL_20260908112240078.csv,2026-09-08 11:22:40,-0.0028,-0.0026
SaveOnEvent_ALL_20260908112243573.csv,2026-09-08 11:22:43,-0.0028,-0.0026
SaveOnEvent_ALL_20260908112247439.csv,2026-09-08 11:22:47,-0.0032,-0.0026
SaveOnEvent_ALL_20260908112251374.csv,2026-09-08 11:22:51,-0.0036,-0.0034
SaveOnEvent_ALL_20260908112254834.csv,2026-09-08 11:22:54,-0.0028,-0.003
SaveOnEvent_ALL_20260908112258582.csv,2026-09-08 11:22:58,-0.0028,-0.0026
SaveOnEvent_ALL_20260908112302866.csv,2026-09-08 11:23:02,-0.004,-0.0026
SaveOnEvent_ALL_20260908112306304.csv,2026-09-08 11:23:06,-0.0028,-0.003
SaveOnEvent_ALL_20260908112310276.csv,2026-09-08 11:23:10,-0.0032,-0.0026
SaveOnEvent_ALL_20260908112313715.csv,2026-09-08 11:23:13,-0.0028,-0.0026
SaveOnEvent_ALL_20260908112317311.csv,2026-09-08 11:23:17,-0.0028,-0.0026
SaveOnEvent_ALL_20260908112322048.csv,2026-09-08 11:23:22,-0.0036,-0.0026
SaveOnEvent_ALL_20260908112326687.csv,2026-09-08 11:23:26,-0.0032,-0.0026
SaveOnEvent_ALL_20260908112331341.csv,2026-09-08 11:23:31,-0.0028,-0.0034
SaveOnEvent_ALL_20260908112335354.csv,2026-09-08 11:23:35,-0.0028,-0.0026
SaveOnEvent_ALL_20260908112339216.csv,2026-09-08 11:23:39,-0.0028,-0.0026
SaveOnEvent_ALL_20260908112343074.csv,2026-09-08 11:23:43,-0.0028,-0.0026
SaveOnEvent_ALL_20260908112347046.csv,2026-09-08 11:23:47,-0.0028,-0.003
SaveOnEvent_ALL_20260908112350608.csv,2026-09-08 11:23:50,-0.0032,-0.0026
SaveOnEvent_ALL_20260908112355312.csv,2026-09-08 11:23:55,-0.0032,-0.003
SaveOnEvent_ALL_20260908112401404.csv,2026-09-08 11:24:01,-0.0028,-0.0034
SaveOnEvent_ALL_20260908112403281.csv,2026-09-08 11:24:03,-0.0032,-0.003
SaveOnEvent_ALL_20260908112406807.csv,2026-09-08 11:24:06,-0.0028,-0.0026
SaveOnEvent_ALL_20260908112410958.csv,2026-09-08 11:24:10,-0.0028,-0.0046
SaveOnEvent_ALL_20260908112415085.csv,2026-09-08 11:24:15,-0.0032,-0.0034
SaveOnEvent_ALL_20260908112418592.csv,2026-09-08 11:24:18,-0.0028,-0.003
SaveOnEvent_ALL_20260908112422123.csv,2026-09-08 11:24:22,-0.0028,-0.0026
SaveOnEvent_ALL_20260908112425748.csv,2026-09-08 11:24:25,-0.0028,-0.0026
SaveOnEvent_ALL_20260908112430396.csv,2026-09-08 11:24:30,-0.0028,-0.0026
SaveOnEvent_ALL_20260908112434911.csv,2026-09-08 11:24:34,-0.0028,-0.0034
SaveOnEvent_ALL_20260908112438555.csv,2026-09-08 11:24:38,-0.004,-0.0026
SaveOnEvent_ALL_20260908112442433.csv,2026-09-08 11:24:42,-0.0028,-0.0026
SaveOnEvent_ALL_20260908112446385.csv,2026-09-08 11:24:46,-0.0028,-0.003
SaveOnEvent_ALL_20260908112449905.csv,2026-09-08 11:24:49,-0.0028,-0.003
SaveOnEvent_ALL_20260908112453427.csv,2026-09-08 11:24:53,-0.0028,-0.0026
SaveOnEvent_ALL_20260908112457328.csv,2026-09-08 11:24:57,-0.0032,-0.003
SaveOnEvent_ALL_20260908112501255.csv,2026-09-08 11:25:01,-0.0028,-0.0026
SaveOnEvent_ALL_20260908112504894.csv,2026-09-08 11:25:04,-0.0024,-0.0026
SaveOnEvent_ALL_20260908112508419.csv,2026-09-08 11:25:08,-0.0028,-0.003
SaveOnEvent_ALL_20260908112512379.csv,2026-09-08 11:25:12,-0.0028,-0.0026
SaveOnEvent_ALL_20260908112515970.csv,2026-09-08 11:25:15,-0.0028,-0.003
SaveOnEvent_ALL_20260908112520063.csv,2026-09-08 11:25:20,-0.0028,-0.003
SaveOnEvent_ALL_20260908112523966.csv,2026-09-08 11:25:23,-0.0028,-0.0034
SaveOnEvent_ALL_20260908112527511.csv,2026-09-08 11:25:27,-0.004,-0.0026
SaveOnEvent_ALL_20260908112531545.csv,2026-09-08 11:25:31,-0.0028,-0.0026
SaveOnEvent_ALL_20260908112535488.csv,2026-09-08 11:25:35,-0.0032,-0.003
SaveOnEvent_ALL_20260908112539006.csv,2026-09-08 11:25:39,-0.0028,-0.0026
SaveOnEvent_ALL_20260908112542573.csv,2026-09-08 11:25:42,-0.0028,-0.0038
SaveOnEvent_ALL_20260908112546527.csv,2026-09-08 11:25:46,-0.0028,-0.003
SaveOnEvent_ALL_20260908112550519.csv,2026-09-08 11:25:50,-0.0028,-0.0026
SaveOnEvent_ALL_20260908112554586.csv,2026-09-08 11:25:54,-0.004,-0.0026
SaveOnEvent_ALL_20260908112558146.csv,2026-09-08 11:25:58,-0.0032,-0.0026
SaveOnEvent_ALL_20260908112601669.csv,2026-09-08 11:26:01,-0.0028,-0.0022
SaveOnEvent_ALL_20260908112605858.csv,2026-09-08 11:26:05,-0.0028,-0.0038
SaveOnEvent_ALL_20260908112609938.csv,2026-09-08 11:26:09,-0.0028,-0.0026
SaveOnEvent_ALL_20260908112613999.csv,2026-09-08 11:26:13,-0.0036,-0.0034
SaveOnEvent_ALL_20260908112617642.csv,2026-09-08 11:26:17,-0.0028,-0.003
SaveOnEvent_ALL_20260908112621593.csv,2026-09-08 11:26:21,-0.0028,-0.0026
SaveOnEvent_ALL_20260908112625567.csv,2026-09-08 11:26:25,-0.0028,-0.003
SaveOnEvent_ALL_20260908112629580.csv,2026-09-08 11:26:29,-0.0028,-0.0026
SaveOnEvent_ALL_20260908112633184.csv,2026-09-08 11:26:33,-0.0032,-0.0026
SaveOnEvent_ALL_20260908112637727.csv,2026-09-08 11:26:37,-0.0036,-0.0022
SaveOnEvent_ALL_20260908112641731.csv,2026-09-08 11:26:41,-0.0032,-0.0026
SaveOnEvent_ALL_20260908112645519.csv,2026-09-08 11:26:45,-0.0032,-0.0026
SaveOnEvent_ALL_20260908112649525.csv,2026-09-08 11:26:49,-0.0028,-0.0026
SaveOnEvent_ALL_20260908112654266.csv,2026-09-08 11:26:54,-0.0028,-0.003
SaveOnEvent_ALL_20260908112657866.csv,2026-09-08 11:26:57,-0.0032,-0.003
SaveOnEvent_ALL_20260908112701841.csv,2026-09-08 11:27:01,-0.0028,-0.0026
SaveOnEvent_ALL_20260908112705855.csv,2026-09-08 11:27:05,-0.0028,-0.0026
SaveOnEvent_ALL_20260908112709473.csv,2026-09-08 11:27:09,-0.004,-0.0026
SaveOnEvent_ALL_20260908112714276.csv,2026-09-08 11:27:14,-0.0028,-0.0026
SaveOnEvent_ALL_20260908112718754.csv,2026-09-08 11:27:18,-0.0028,-0.0026
SaveOnEvent_ALL_20260908112722328.csv,2026-09-08 11:27:22,-0.0028,-0.0026
SaveOnEvent_ALL_20260908112726612.csv,2026-09-08 11:27:26,-0.0028,-0.0026
SaveOnEvent_ALL_20260908112730585.csv,2026-09-08 11:27:30,-0.0032,-0.0034
SaveOnEvent_ALL_20260908112734693.csv,2026-09-08 11:27:34,-0.0028,-0.0026
SaveOnEvent_ALL_20260908112738327.csv,2026-09-08 11:27:38,-0.0032,-0.0026
SaveOnEvent_ALL_20260908112742332.csv,2026-09-08 11:27:42,-0.0032,-0.003
SaveOnEvent_ALL_20260908112746334.csv,2026-09-08 11:27:46,-0.0028,-0.0026
SaveOnEvent_ALL_20260908112750004.csv,2026-09-08 11:27:50,-0.0028,-0.003
SaveOnEvent_ALL_20260908112753905.csv,2026-09-08 11:27:53,-0.0028,-0.003
SaveOnEvent_ALL_20260908112758210.csv,2026-09-08 11:27:58,-0.0028,-0.003
SaveOnEvent_ALL_20260908112802630.csv,2026-09-08 11:28:02,-0.0028,-0.0034
SaveOnEvent_ALL_20260908112806849.csv,2026-09-08 11:28:06,-0.0028,-0.0026
SaveOnEvent_ALL_20260908112811256.csv,2026-09-08 11:28:11,-0.0028,-0.0026
SaveOnEvent_ALL_20260908112815100.csv,2026-09-08 11:28:15,-0.0028,-0.0026
SaveOnEvent_ALL_20260908112819116.csv,2026-09-08 11:28:19,-0.004,-0.0026
SaveOnEvent_ALL_20260908112823086.csv,2026-09-08 11:28:23,-0.0032,-0.0022
SaveOnEvent_ALL_20260908112827327.csv,2026-09-08 11:28:27,-0.0028,-0.0034
SaveOnEvent_ALL_20260908112833694.csv,2026-09-08 11:28:33,-0.0028,-0.0026
SaveOnEvent_ALL_20260908112835774.csv,2026-09-08 11:28:35,-0.0028,-0.0026
SaveOnEvent_ALL_20260908112839784.csv,2026-09-08 11:28:39,-0.0032,-0.0026
SaveOnEvent_ALL_20260908112844638.csv,2026-09-08 11:28:44,-0.0028,-0.0026
SaveOnEvent_ALL_20260908112848748.csv,2026-09-08 11:28:48,-0.0028,-0.0026
SaveOnEvent_ALL_20260908112853047.csv,2026-09-08 11:28:53,-0.0028,-0.003
SaveOnEvent_ALL_20260908112856764.csv,2026-09-08 11:28:56,-0.0028,-0.0026
SaveOnEvent_ALL_20260908112900847.csv,2026-09-08 11:29:00,-0.0032,-0.0026
SaveOnEvent_ALL_20260908112905308.csv,2026-09-08 11:29:05,-0.0028,-0.0026
SaveOnEvent_ALL_20260908112909106.csv,2026-09-08 11:29:09,-0.0028,-0.003
SaveOnEvent_ALL_20260908112913616.csv,2026-09-08 11:29:13,-0.0032,-0.003
SaveOnEvent_ALL_20260908112919551.csv,2026-09-08 11:29:19,-0.0028,-0.0026
SaveOnEvent_ALL_20260908112921894.csv,2026-09-08 11:29:21,-0.0032,-0.003
SaveOnEvent_ALL_20260908112926228.csv,2026-09-08 11:29:26,-0.0028,-0.003
SaveOnEvent_ALL_20260908112930385.csv,2026-09-08 11:29:30,-0.004,-0.0026
SaveOnEvent_ALL_20260908112934840.csv,2026-09-08 11:29:34,-0.0028,-0.0026
SaveOnEvent_ALL_20260908112938923.csv,2026-09-08 11:29:38,-0.0028,-0.003
SaveOnEvent_ALL_20260908112943784.csv,2026-09-08 11:29:43,-0.0032,-0.0026
SaveOnEvent_ALL_20260908112947822.csv,2026-09-08 11:29:47,-0.0036,-0.0026
SaveOnEvent_ALL_20260908112952526.csv,2026-09-08 11:29:52,-0.0032,-0.0034
SaveOnEvent_ALL_20260908112956686.csv,2026-09-08 11:29:56,-0.0028,-0.0026
SaveOnEvent_ALL_20260908113000389.csv,2026-09-08 11:30:00,-0.0032,-0.003
SaveOnEvent_ALL_20260908113004005.csv,2026-09-08 11:30:04,-0.0028,-0.003
SaveOnEvent_ALL_20260908113008888.csv,2026-09-08 11:30:08,-0.0028,-0.0026
SaveOnEvent_ALL_20260908113013534.csv,2026-09-08 11:30:13,-0.0028,-0.0026
SaveOnEvent_ALL_20260908113018117.csv,2026-09-08 11:30:18,-0.0028,-0.003
SaveOnEvent_ALL_20260908113022263.csv,2026-09-08 11:30:22,-0.0032,-0.0026
SaveOnEvent_ALL_20260908113026741.csv,2026-09-08 11:30:26,-0.0028,-0.0026
SaveOnEvent_ALL_20260908113030943.csv,2026-09-08 11:30:30,-0.004,-0.0026
SaveOnEvent_ALL_20260908113035160.csv,2026-09-08 11:30:35,-0.0028,-0.0026
SaveOnEvent_ALL_20260908113039454.csv,2026-09-08 11:30:39,-0.0028,-0.003
SaveOnEvent_ALL_20260908113043077.csv,2026-09-08 11:30:43,-0.0032,-0.0026
SaveOnEvent_ALL_20260908113047669.csv,2026-09-08 11:30:47,-0.0032,-0.0034
SaveOnEvent_ALL_20260908113051987.csv,2026-09-08 11:30:51,-0.0032,-0.0026
SaveOnEvent_ALL_20260908113056070.csv,2026-09-08 11:30:56,-0.0028,-0.003
SaveOnEvent_ALL_20260908113101047.csv,2026-09-08 11:31:01,-0.0036,-0.0026
SaveOnEvent_ALL_20260908113105150.csv,2026-09-08 11:31:05,-0.0028,-0.0026
SaveOnEvent_ALL_20260908113109307.csv,2026-09-08 11:31:09,-0.0028,-0.0026
SaveOnEvent_ALL_20260908113114190.csv,2026-09-08 11:31:14,-0.0036,-0.003
SaveOnEvent_ALL_20260908113119163.csv,2026-09-08 11:31:19,-0.0028,-0.0026
SaveOnEvent_ALL_20260908113123372.csv,2026-09-08 11:31:23,-0.0028,-0.0026
SaveOnEvent_ALL_20260908113127944.csv,2026-09-08 11:31:27,-0.0028,-0.0034
SaveOnEvent_ALL_20260908113132609.csv,2026-09-08 11:31:32,-0.0036,-0.003
SaveOnEvent_ALL_20260908113137230.csv,2026-09-08 11:31:37,-0.0028,-0.0026
SaveOnEvent_ALL_20260908113140898.csv,2026-09-08 11:31:40,-0.0028,-0.0026
SaveOnEvent_ALL_20260908113145785.csv,2026-09-08 11:31:45,-0.0028,-0.0026
SaveOnEvent_ALL_20260908113149962.csv,2026-09-08 11:31:49,-0.0032,-0.0026
SaveOnEvent_ALL_20260908113154051.csv,2026-09-08 11:31:54,-0.0028,-0.0026
SaveOnEvent_ALL_20260908113158491.csv,2026-09-08 11:31:58,-0.0028,-0.0026
SaveOnEvent_ALL_20260908113203412.csv,2026-09-08 11:32:03,-0.0028,-0.0026
SaveOnEvent_ALL_20260908113207988.csv,2026-09-08 11:32:07,-0.0032,-0.0026
SaveOnEvent_ALL_20260908113212739.csv,2026-09-08 11:32:12,-0.0032,-0.003
SaveOnEvent_ALL_20260908113217301.csv,2026-09-08 11:32:17,-0.0028,-0.0034
SaveOnEvent_ALL_20260908113221488.csv,2026-09-08 11:32:21,-0.0028,-0.0026
SaveOnEvent_ALL_20260908113226039.csv,2026-09-08 11:32:26,-0.0032,-0.003
SaveOnEvent_ALL_20260908113230590.csv,2026-09-08 11:32:30,-0.0028,-0.0026
SaveOnEvent_ALL_20260908113234810.csv,2026-09-08 11:32:34,-0.0028,-0.0026
SaveOnEvent_ALL_20260908113239167.csv,2026-09-08 11:32:39,-0.0028,-0.0026
SaveOnEvent_ALL_20260908113243586.csv,2026-09-08 11:32:43,-0.0036,-0.0026
SaveOnEvent_ALL_20260908113248268.csv,2026-09-08 11:32:48,-0.0036,-0.0026
SaveOnEvent_ALL_20260908113253132.csv,2026-09-08 11:32:53,-0.0028,-0.0026
SaveOnEvent_ALL_20260908113257613.csv,2026-09-08 11:32:57,-0.0032,-0.003
SaveOnEvent_ALL_20260908113301823.csv,2026-09-08 11:33:01,-0.0032,-0.0026
SaveOnEvent_ALL_20260908113306604.csv,2026-09-08 11:33:06,-0.0028,-0.0046
SaveOnEvent_ALL_20260908113313031.csv,2026-09-08 11:33:13,-0.0028,-0.0026
SaveOnEvent_ALL_20260908113315448.csv,2026-09-08 11:33:15,-0.0028,-0.0026
SaveOnEvent_ALL_20260908113319718.csv,2026-09-08 11:33:19,-0.0032,-0.003
SaveOnEvent_ALL_20260908113323618.csv,2026-09-08 11:33:23,-0.0028,-0.003
SaveOnEvent_ALL_20260908113328018.csv,2026-09-08 11:33:28,-0.0032,-0.0026
SaveOnEvent_ALL_20260908113332943.csv,2026-09-08 11:33:32,-0.0028,-0.0026
SaveOnEvent_ALL_20260908113337726.csv,2026-09-08 11:33:37,-0.0028,-0.0026
SaveOnEvent_ALL_20260908113342465.csv,2026-09-08 11:33:42,-0.0036,-0.0026
SaveOnEvent_ALL_20260908113347481.csv,2026-09-08 11:33:47,-0.0032,-0.0022
SaveOnEvent_ALL_20260908113352192.csv,2026-09-08 11:33:52,-0.0028,-0.003
SaveOnEvent_ALL_20260908113356517.csv,2026-09-08 11:33:56,-0.0028,-0.0026
SaveOnEvent_ALL_20260908113401280.csv,2026-09-08 11:34:01,-0.0036,-0.0026
SaveOnEvent_ALL_20260908113405966.csv,2026-09-08 11:34:05,-0.0036,-0.0026
SaveOnEvent_ALL_20260908113410597.csv,2026-09-08 11:34:10,-0.0028,-0.0026
SaveOnEvent_ALL_20260908113415275.csv,2026-09-08 11:34:15,-0.0036,-0.0026
SaveOnEvent_ALL_20260908113420079.csv,2026-09-08 11:34:20,-0.0028,-0.0026
SaveOnEvent_ALL_20260908113424733.csv,2026-09-08 11:34:24,-0.0028,-0.0026
SaveOnEvent_ALL_20260908113429395.csv,2026-09-08 11:34:29,-0.0036,-0.0026
SaveOnEvent_ALL_20260908113434513.csv,2026-09-08 11:34:34,-0.0036,-0.0026
SaveOnEvent_ALL_20260908113439209.csv,2026-09-08 11:34:39,-0.0028,-0.003
SaveOnEvent_ALL_20260908113444059.csv,2026-09-08 11:34:44,-0.0032,-0.003
SaveOnEvent_ALL_20260908113448992.csv,2026-09-08 11:34:48,-0.0028,-0.003
SaveOnEvent_ALL_20260908113453760.csv,2026-09-08 11:34:53,-0.0028,-0.0026
SaveOnEvent_ALL_20260908113458416.csv,2026-09-08 11:34:58,-0.0032,-0.0022
SaveOnEvent_ALL_20260908113503305.csv,2026-09-08 11:35:03,-0.0036,-0.0026
SaveOnEvent_ALL_20260908113508311.csv,2026-09-08 11:35:08,-0.0028,-0.003
SaveOnEvent_ALL_20260908113512992.csv,2026-09-08 11:35:12,-0.0028,-0.003
SaveOnEvent_ALL_20260908113517914.csv,2026-09-08 11:35:17,-0.0028,-0.003
SaveOnEvent_ALL_20260908113524944.csv,2026-09-08 11:35:24,-0.004,-0.0026
SaveOnEvent_ALL_20260908113527463.csv,2026-09-08 11:35:27,-0.0028,-0.0026
SaveOnEvent_ALL_20260908113532176.csv,2026-09-08 11:35:32,-0.0032,-0.003
SaveOnEvent_ALL_20260908113536956.csv,2026-09-08 11:35:36,-0.0028,-0.0026
SaveOnEvent_ALL_20260908113541822.csv,2026-09-08 11:35:41,-0.0028,-0.0026
SaveOnEvent_ALL_20260908113546571.csv,2026-09-08 11:35:46,-0.0028,-0.0034
SaveOnEvent_ALL_20260908113551235.csv,2026-09-08 11:35:51,-0.0028,-0.003
SaveOnEvent_ALL_20260908113555957.csv,2026-09-08 11:35:55,-0.0028,-0.003
SaveOnEvent_ALL_20260908113600697.csv,2026-09-08 11:36:00,-0.0028,-0.0026
SaveOnEvent_ALL_20260908113605395.csv,2026-09-08 11:36:05,-0.0028,-0.0026
SaveOnEvent_ALL_20260908113610066.csv,2026-09-08 11:36:10,-0.0028,-0.0026
SaveOnEvent_ALL_20260908113614777.csv,2026-09-08 11:36:14,-0.0028,-0.0026
SaveOnEvent_ALL_20260908113619570.csv,2026-09-08 11:36:19,-0.0028,-0.0042
SaveOnEvent_ALL_20260908113624457.csv,2026-09-08 11:36:24,-0.0028,-0.0034
SaveOnEvent_ALL_20260908113629292.csv,2026-09-08 11:36:29,-0.0028,-0.003
SaveOnEvent_ALL_20260908113634034.csv,2026-09-08 11:36:34,-0.0028,-0.003
SaveOnEvent_ALL_20260908113638756.csv,2026-09-08 11:36:38,-0.0028,-0.0026
SaveOnEvent_ALL_20260908113643459.csv,2026-09-08 11:36:43,-0.0028,-0.0026
SaveOnEvent_ALL_20260908113648202.csv,2026-09-08 11:36:48,-0.0028,-0.0026
SaveOnEvent_ALL_20260908113653130.csv,2026-09-08 11:36:53,-0.004,-0.0026
SaveOnEvent_ALL_20260908113657817.csv,2026-09-08 11:36:57,-0.0028,-0.003
SaveOnEvent_ALL_20260908113702855.csv,2026-09-08 11:37:02,-0.0032,-0.0026
SaveOnEvent_ALL_20260908113707835.csv,2026-09-08 11:37:07,-0.0028,-0.0026
SaveOnEvent_ALL_20260908113715096.csv,2026-09-08 11:37:15,-0.0032,-0.003
SaveOnEvent_ALL_20260908113717634.csv,2026-09-08 11:37:17,-0.0028,-0.0026
SaveOnEvent_ALL_20260908113725301.csv,2026-09-08 11:37:25,-0.0028,-0.0026
SaveOnEvent_ALL_20260908113727842.csv,2026-09-08 11:37:27,-0.0032,-0.0026
SaveOnEvent_ALL_20260908113732592.csv,2026-09-08 11:37:32,-0.0044,-0.0026
SaveOnEvent_ALL_20260908113737478.csv,2026-09-08 11:37:37,-0.0036,-0.0026
SaveOnEvent_ALL_20260908113742289.csv,2026-09-08 11:37:42,-0.0036,-0.0026
SaveOnEvent_ALL_20260908113747266.csv,2026-09-08 11:37:47,-0.0028,-0.0026
SaveOnEvent_ALL_20260908113752212.csv,2026-09-08 11:37:52,-0.0028,-0.0026
SaveOnEvent_ALL_20260908113757161.csv,2026-09-08 11:37:57,-0.0028,-0.0038
SaveOnEvent_ALL_20260908113802289.csv,2026-09-08 11:38:02,-0.0032,-0.0038
SaveOnEvent_ALL_20260908113807064.csv,2026-09-08 11:38:07,-0.0028,-0.0026
SaveOnEvent_ALL_20260908113811829.csv,2026-09-08 11:38:11,-0.0032,-0.0026
SaveOnEvent_ALL_20260908113816916.csv,2026-09-08 11:38:16,-0.0036,-0.0034
SaveOnEvent_ALL_20260908113821746.csv,2026-09-08 11:38:21,-0.0028,-0.003
SaveOnEvent_ALL_20260908113826464.csv,2026-09-08 11:38:26,-0.0028,-0.003
SaveOnEvent_ALL_20260908113831464.csv,2026-09-08 11:38:31,-0.0032,-0.003
SaveOnEvent_ALL_20260908113836198.csv,2026-09-08 11:38:36,-0.0036,-0.003
SaveOnEvent_ALL_20260908113841152.csv,2026-09-08 11:38:41,-0.0036,-0.0026
SaveOnEvent_ALL_20260908113845938.csv,2026-09-08 11:38:45,-0.0036,-0.003
SaveOnEvent_ALL_20260908113850935.csv,2026-09-08 11:38:50,-0.0028,-0.0026
SaveOnEvent_ALL_20260908113855867.csv,2026-09-08 11:38:55,-0.0028,-0.0026
SaveOnEvent_ALL_20260908113900743.csv,2026-09-08 11:39:00,-0.004,-0.0026
SaveOnEvent_ALL_20260908113905646.csv,2026-09-08 11:39:05,-0.0028,-0.0026
SaveOnEvent_ALL_20260908113910469.csv,2026-09-08 11:39:10,-0.0028,-0.0026
SaveOnEvent_ALL_20260908113915507.csv,2026-09-08 11:39:15,-0.0028,-0.0026
SaveOnEvent_ALL_20260908113920219.csv,2026-09-08 11:39:20,-0.0028,-0.0026
SaveOnEvent_ALL_20260908113925094.csv,2026-09-08 11:39:25,-0.0028,-0.0026
SaveOnEvent_ALL_20260908113929885.csv,2026-09-08 11:39:29,-0.004,-0.0026
SaveOnEvent_ALL_20260908113934817.csv,2026-09-08 11:39:34,-0.0028,-0.0026
SaveOnEvent_ALL_20260908113939605.csv,2026-09-08 11:39:39,-0.0028,-0.003
SaveOnEvent_ALL_20260908113944435.csv,2026-09-08 11:39:44,-0.0032,-0.003
SaveOnEvent_ALL_20260908113949253.csv,2026-09-08 11:39:49,-0.0028,-0.0022
SaveOnEvent_ALL_20260908113954316.csv,2026-09-08 11:39:54,-0.0028,-0.0034
SaveOnEvent_ALL_20260908113959338.csv,2026-09-08 11:39:59,-0.0032,-0.003
SaveOnEvent_ALL_20260908114004152.csv,2026-09-08 11:40:04,-0.0028,-0.0026
SaveOnEvent_ALL_20260908114009352.csv,2026-09-08 11:40:09,-0.0028,-0.003
SaveOnEvent_ALL_20260908114014201.csv,2026-09-08 11:40:14,-0.0028,-0.0038
SaveOnEvent_ALL_20260908114019188.csv,2026-09-08 11:40:19,-0.0028,-0.003
SaveOnEvent_ALL_20260908114024263.csv,2026-09-08 11:40:24,-0.0028,-0.0026
SaveOnEvent_ALL_20260908114029160.csv,2026-09-08 11:40:29,-0.0028,-0.0026
SaveOnEvent_ALL_20260908114034049.csv,2026-09-08 11:40:34,-0.0028,-0.0026
SaveOnEvent_ALL_20260908114038982.csv,2026-09-08 11:40:38,-0.0032,-0.0026
SaveOnEvent_ALL_20260908114043804.csv,2026-09-08 11:40:43,-0.0028,-0.0026
SaveOnEvent_ALL_20260908114048795.csv,2026-09-08 11:40:48,-0.004,-0.0026
SaveOnEvent_ALL_20260908114053886.csv,2026-09-08 11:40:53,-0.0032,-0.0026
SaveOnEvent_ALL_20260908114058781.csv,2026-09-08 11:40:58,-0.0028,-0.0026
SaveOnEvent_ALL_20260908114103638.csv,2026-09-08 11:41:03,-0.0028,-0.0038
SaveOnEvent_ALL_20260908114108749.csv,2026-09-08 11:41:08,-0.0028,-0.005
SaveOnEvent_ALL_20260908114113774.csv,2026-09-08 11:41:13,-0.0032,-0.0026
SaveOnEvent_ALL_20260908114118611.csv,2026-09-08 11:41:18,-0.0036,-0.0026
SaveOnEvent_ALL_20260908114123446.csv,2026-09-08 11:41:23,-0.0028,-0.0026
SaveOnEvent_ALL_20260908114128314.csv,2026-09-08 11:41:28,-0.0028,-0.0026
SaveOnEvent_ALL_20260908114133156.csv,2026-09-08 11:41:33,-0.0028,-0.003
SaveOnEvent_ALL_20260908114138160.csv,2026-09-08 11:41:38,-0.0028,-0.0026
SaveOnEvent_ALL_20260908114143226.csv,2026-09-08 11:41:43,-0.0032,-0.003
SaveOnEvent_ALL_20260908114148325.csv,2026-09-08 11:41:48,-0.0032,-0.0038
SaveOnEvent_ALL_20260908114153481.csv,2026-09-08 11:41:53,-0.0028,-0.0034
SaveOnEvent_ALL_20260908114158450.csv,2026-09-08 11:41:58,-0.0032,-0.0022
SaveOnEvent_ALL_20260908114203658.csv,2026-09-08 11:42:03,-0.0028,-0.003
SaveOnEvent_ALL_20260908114209017.csv,2026-09-08 11:42:09,-0.0036,-0.0026
SaveOnEvent_ALL_20260908114213920.csv,2026-09-08 11:42:13,-0.0028,-0.0038
SaveOnEvent_ALL_20260908114218935.csv,2026-09-08 11:42:18,-0.0032,-0.0022
SaveOnEvent_ALL_20260908114224023.csv,2026-09-08 11:42:24,-0.0028,-0.003
SaveOnEvent_ALL_20260908114228910.csv,2026-09-08 11:42:28,-0.0028,-0.003
SaveOnEvent_ALL_20260908114233754.csv,2026-09-08 11:42:33,-0.0036,-0.003
SaveOnEvent_ALL_20260908114239106.csv,2026-09-08 11:42:39,-0.0028,-0.0026
SaveOnEvent_ALL_20260908114244333.csv,2026-09-08 11:42:44,-0.0032,-0.0026
SaveOnEvent_ALL_20260908114249174.csv,2026-09-08 11:42:49,-0.0036,-0.0026
SaveOnEvent_ALL_20260908114254542.csv,2026-09-08 11:42:54,-0.0028,-0.0026
SaveOnEvent_ALL_20260908114259736.csv,2026-09-08 11:42:59,-0.0028,-0.003
SaveOnEvent_ALL_20260908114305134.csv,2026-09-08 11:43:05,-0.0028,-0.0026
SaveOnEvent_ALL_20260908114310270.csv,2026-09-08 11:43:10,-0.0028,-0.0026
SaveOnEvent_ALL_20260908114315370.csv,2026-09-08 11:43:15,-0.0036,-0.003
SaveOnEvent_ALL_20260908114320335.csv,2026-09-08 11:43:20,-0.0028,-0.003
SaveOnEvent_ALL_20260908114325469.csv,2026-09-08 11:43:25,-0.004,-0.003
SaveOnEvent_ALL_20260908114330597.csv,2026-09-08 11:43:30,-0.0028,-0.0026
SaveOnEvent_ALL_20260908114335724.csv,2026-09-08 11:43:35,-0.0032,-0.003
SaveOnEvent_ALL_20260908114340699.csv,2026-09-08 11:43:40,-0.0028,-0.0026
SaveOnEvent_ALL_20260908114345768.csv,2026-09-08 11:43:45,-0.0028,-0.0026
SaveOnEvent_ALL_20260908114350705.csv,2026-09-08 11:43:50,-0.0032,-0.003
SaveOnEvent_ALL_20260908114355641.csv,2026-09-08 11:43:55,-0.0032,-0.0026
SaveOnEvent_ALL_20260908114400552.csv,2026-09-08 11:44:00,-0.0028,-0.003
SaveOnEvent_ALL_20260908114405409.csv,2026-09-08 11:44:05,-0.0028,-0.0026
SaveOnEvent_ALL_20260908114410620.csv,2026-09-08 11:44:10,-0.0028,-0.0026
SaveOnEvent_ALL_20260908114415694.csv,2026-09-08 11:44:15,-0.0032,-0.0026
SaveOnEvent_ALL_20260908114420857.csv,2026-09-08 11:44:20,-0.0036,-0.0026
SaveOnEvent_ALL_20260908114426004.csv,2026-09-08 11:44:26,-0.0028,-0.0034
SaveOnEvent_ALL_20260908114431130.csv,2026-09-08 11:44:31,-0.0032,-0.0026
SaveOnEvent_ALL_20260908114436195.csv,2026-09-08 11:44:36,-0.0032,-0.0026
SaveOnEvent_ALL_20260908114441383.csv,2026-09-08 11:44:41,-0.0028,-0.0038
SaveOnEvent_ALL_20260908114446377.csv,2026-09-08 11:44:46,-0.0028,-0.0026
SaveOnEvent_ALL_20260908114451564.csv,2026-09-08 11:44:51,-0.0028,-0.0038
SaveOnEvent_ALL_20260908114456711.csv,2026-09-08 11:44:56,-0.0028,-0.0034
SaveOnEvent_ALL_20260908114501812.csv,2026-09-08 11:45:01,-0.0028,-0.0026
SaveOnEvent_ALL_20260908114507094.csv,2026-09-08 11:45:07,-0.0028,-0.0026
SaveOnEvent_ALL_20260908114512029.csv,2026-09-08 11:45:12,-0.0028,-0.0026
SaveOnEvent_ALL_20260908114517352.csv,2026-09-08 11:45:17,-0.0028,-0.0026
SaveOnEvent_ALL_20260908114522391.csv,2026-09-08 11:45:22,-0.0028,-0.0026
SaveOnEvent_ALL_20260908114527575.csv,2026-09-08 11:45:27,-0.0028,-0.0026
SaveOnEvent_ALL_20260908114532518.csv,2026-09-08 11:45:32,-0.0028,-0.003
SaveOnEvent_ALL_20260908114537576.csv,2026-09-08 11:45:37,-0.0028,-0.0026
SaveOnEvent_ALL_20260908114542756.csv,2026-09-08 11:45:42,-0.0024,-0.0026
SaveOnEvent_ALL_20260908114547919.csv,2026-09-08 11:45:47,-0.0028,-0.0026
SaveOnEvent_ALL_20260908114552975.csv,2026-09-08 11:45:52,-0.0032,-0.0034
SaveOnEvent_ALL_20260908114557946.csv,2026-09-08 11:45:57,-0.0028,-0.003
SaveOnEvent_ALL_20260908114603245.csv,2026-09-08 11:46:03,-0.0032,-0.003
SaveOnEvent_ALL_20260908114608323.csv,2026-09-08 11:46:08,-0.0032,-0.0026
SaveOnEvent_ALL_20260908114613398.csv,2026-09-08 11:46:13,-0.0028,-0.0026
SaveOnEvent_ALL_20260908114618523.csv,2026-09-08 11:46:18,-0.0028,-0.0018
SaveOnEvent_ALL_20260908114623558.csv,2026-09-08 11:46:23,-0.0028,-0.0026
SaveOnEvent_ALL_20260908114628790.csv,2026-09-08 11:46:28,-0.0032,-0.003
SaveOnEvent_ALL_20260908114633941.csv,2026-09-08 11:46:33,-0.0028,-0.003
SaveOnEvent_ALL_20260908114639141.csv,2026-09-08 11:46:39,-0.0036,-0.003
SaveOnEvent_ALL_20260908114644236.csv,2026-09-08 11:46:44,-0.0032,-0.0034
SaveOnEvent_ALL_20260908114649487.csv,2026-09-08 11:46:49,-0.0028,-0.0026
SaveOnEvent_ALL_20260908114654762.csv,2026-09-08 11:46:54,-0.0032,-0.0026
SaveOnEvent_ALL_20260908114659798.csv,2026-09-08 11:46:59,-0.004,-0.003
SaveOnEvent_ALL_20260908114704803.csv,2026-09-08 11:47:04,-0.0028,-0.0026
SaveOnEvent_ALL_20260908114709889.csv,2026-09-08 11:47:09,-0.0028,-0.0034
SaveOnEvent_ALL_20260908114715157.csv,2026-09-08 11:47:15,-0.0032,-0.003
SaveOnEvent_ALL_20260908114720217.csv,2026-09-08 11:47:20,-0.0028,-0.003
SaveOnEvent_ALL_20260908114725218.csv,2026-09-08 11:47:25,-0.0028,-0.0026
SaveOnEvent_ALL_20260908114730463.csv,2026-09-08 11:47:30,-0.0028,-0.0026
SaveOnEvent_ALL_20260908114735474.csv,2026-09-08 11:47:35,-0.0032,-0.0042
SaveOnEvent_ALL_20260908114740460.csv,2026-09-08 11:47:40,-0.0036,-0.0026
SaveOnEvent_ALL_20260908114745483.csv,2026-09-08 11:47:45,-0.0028,-0.0026
SaveOnEvent_ALL_20260908114750779.csv,2026-09-08 11:47:50,-0.0028,-0.0026
SaveOnEvent_ALL_20260908114756065.csv,2026-09-08 11:47:56,-0.0028,-0.0026
SaveOnEvent_ALL_20260908114801154.csv,2026-09-08 11:48:01,-0.0036,-0.0034
SaveOnEvent_ALL_20260908114806140.csv,2026-09-08 11:48:06,-0.0032,-0.0026
SaveOnEvent_ALL_20260908114811485.csv,2026-09-08 11:48:11,-0.0032,-0.0026
SaveOnEvent_ALL_20260908114816667.csv,2026-09-08 11:48:16,-0.0032,-0.003
SaveOnEvent_ALL_20260908114821735.csv,2026-09-08 11:48:21,-0.0028,-0.0026
SaveOnEvent_ALL_20260908114827118.csv,2026-09-08 11:48:27,-0.0028,-0.003
SaveOnEvent_ALL_20260908114832353.csv,2026-09-08 11:48:32,-0.0028,-0.0026
SaveOnEvent_ALL_20260908114837399.csv,2026-09-08 11:48:37,-0.0028,-0.0042
SaveOnEvent_ALL_20260908114842515.csv,2026-09-08 11:48:42,-0.0028,-0.0026
SaveOnEvent_ALL_20260908114847856.csv,2026-09-08 11:48:47,-0.0028,-0.003
SaveOnEvent_ALL_20260908114852871.csv,2026-09-08 11:48:52,-0.0032,-0.0026
SaveOnEvent_ALL_20260908114857940.csv,2026-09-08 11:48:57,-0.0028,-0.0026
SaveOnEvent_ALL_20260908114903043.csv,2026-09-08 11:49:03,-0.0044,-0.0026
SaveOnEvent_ALL_20260908114908230.csv,2026-09-08 11:49:08,-0.0028,-0.003
SaveOnEvent_ALL_20260908114913286.csv,2026-09-08 11:49:13,-0.0024,-0.003
SaveOnEvent_ALL_20260908114918428.csv,2026-09-08 11:49:18,-0.0028,-0.003
SaveOnEvent_ALL_20260908114923553.csv,2026-09-08 11:49:23,-0.0044,-0.0026
SaveOnEvent_ALL_20260908114928605.csv,2026-09-08 11:49:28,-0.0028,-0.003
SaveOnEvent_ALL_20260908114933846.csv,2026-09-08 11:49:33,-0.0032,-0.0034
SaveOnEvent_ALL_20260908114938878.csv,2026-09-08 11:49:38,-0.0032,-0.003
SaveOnEvent_ALL_20260908114944036.csv,2026-09-08 11:49:44,-0.0028,-0.0026
SaveOnEvent_ALL_20260908114949265.csv,2026-09-08 11:49:49,-0.0028,-0.0046
SaveOnEvent_ALL_20260908114954578.csv,2026-09-08 11:49:54,-0.0032,-0.0026
SaveOnEvent_ALL_20260908114959784.csv,2026-09-08 11:49:59,-0.0028,-0.0026
SaveOnEvent_ALL_20260908115005026.csv,2026-09-08 11:50:05,-0.0028,-0.003
SaveOnEvent_ALL_20260908115010222.csv,2026-09-08 11:50:10,-0.0028,-0.0022
SaveOnEvent_ALL_20260908115015391.csv,2026-09-08 11:50:15,-0.0028,-0.0026
SaveOnEvent_ALL_20260908115020652.csv,2026-09-08 11:50:20,-0.0028,-0.0026
SaveOnEvent_ALL_20260908115025997.csv,2026-09-08 11:50:25,-0.0028,-0.0026
SaveOnEvent_ALL_20260908115031415.csv,2026-09-08 11:50:31,-0.0032,-0.0026
SaveOnEvent_ALL_20260908115036828.csv,2026-09-08 11:50:36,-0.0028,-0.0026
SaveOnEvent_ALL_20260908115041934.csv,2026-09-08 11:50:41,-0.0032,-0.0026
SaveOnEvent_ALL_20260908115049689.csv,2026-09-08 11:50:49,-0.0028,-0.0026
SaveOnEvent_ALL_20260908115052382.csv,2026-09-08 11:50:52,-0.004,-0.003
SaveOnEvent_ALL_20260908115057741.csv,2026-09-08 11:50:57,-0.0028,-0.003
SaveOnEvent_ALL_20260908115102980.csv,2026-09-08 11:51:02,-0.0028,-0.0026
SaveOnEvent_ALL_20260908115108154.csv,2026-09-08 11:51:08,-0.0028,-0.003
SaveOnEvent_ALL_20260908115113227.csv,2026-09-08 11:51:13,-0.0032,-0.003
SaveOnEvent_ALL_20260908115118865.csv,2026-09-08 11:51:18,-0.0028,-0.003
SaveOnEvent_ALL_20260908115126852.csv,2026-09-08 11:51:26,-0.0028,-0.003
SaveOnEvent_ALL_20260908115129586.csv,2026-09-08 11:51:29,-0.0036,-0.003
SaveOnEvent_ALL_20260908115134966.csv,2026-09-08 11:51:34,-0.0028,-0.0026
SaveOnEvent_ALL_20260908115140341.csv,2026-09-08 11:51:40,-0.0028,-0.0026
SaveOnEvent_ALL_20260908115145565.csv,2026-09-08 11:51:45,-0.0028,-0.0026
SaveOnEvent_ALL_20260908115150787.csv,2026-09-08 11:51:50,-0.0028,-0.0034
SaveOnEvent_ALL_20260908115156069.csv,2026-09-08 11:51:56,-0.0028,-0.0034
SaveOnEvent_ALL_20260908115201522.csv,2026-09-08 11:52:01,-0.0028,-0.0026
SaveOnEvent_ALL_20260908115206769.csv,2026-09-08 11:52:06,-0.0028,-0.0038
SaveOnEvent_ALL_20260908115212049.csv,2026-09-08 11:52:12,-0.0044,-0.0034
SaveOnEvent_ALL_20260908115217305.csv,2026-09-08 11:52:17,-0.0028,-0.0026
SaveOnEvent_ALL_20260908115222468.csv,2026-09-08 11:52:22,-0.0032,-0.0026
SaveOnEvent_ALL_20260908115227798.csv,2026-09-08 11:52:27,-0.0028,-0.0026
SaveOnEvent_ALL_20260908115233076.csv,2026-09-08 11:52:33,-0.0032,-0.003
SaveOnEvent_ALL_20260908115238268.csv,2026-09-08 11:52:38,-0.0036,-0.0026
SaveOnEvent_ALL_20260908115243435.csv,2026-09-08 11:52:43,-0.0028,-0.0026
SaveOnEvent_ALL_20260908115248787.csv,2026-09-08 11:52:48,-0.0028,-0.003
SaveOnEvent_ALL_20260908115254087.csv,2026-09-08 11:52:54,-0.0028,-0.0026
SaveOnEvent_ALL_20260908115259281.csv,2026-09-08 11:52:59,-0.0028,-0.003
SaveOnEvent_ALL_20260908115304838.csv,2026-09-08 11:53:04,-0.0028,-0.003
SaveOnEvent_ALL_20260908115310233.csv,2026-09-08 11:53:10,-0.0032,-0.0038
SaveOnEvent_ALL_20260908115315425.csv,2026-09-08 11:53:15,-0.0032,-0.0026
SaveOnEvent_ALL_20260908115320581.csv,2026-09-08 11:53:20,-0.0028,-0.003
SaveOnEvent_ALL_20260908115325792.csv,2026-09-08 11:53:25,-0.0028,-0.0026
SaveOnEvent_ALL_20260908115331538.csv,2026-09-08 11:53:31,-0.0028,-0.0034
SaveOnEvent_ALL_20260908115337186.csv,2026-09-08 11:53:37,-0.0036,-0.0026
SaveOnEvent_ALL_20260908115342652.csv,2026-09-08 11:53:42,-0.0028,-0.0026
SaveOnEvent_ALL_20260908115347918.csv,2026-09-08 11:53:47,-0.0028,-0.0026
SaveOnEvent_ALL_20260908115353510.csv,2026-09-08 11:53:53,-0.0032,-0.0026
SaveOnEvent_ALL_20260908115358774.csv,2026-09-08 11:53:58,-0.0028,-0.003
SaveOnEvent_ALL_20260908115403980.csv,2026-09-08 11:54:03,-0.0028,-0.003
SaveOnEvent_ALL_20260908115409549.csv,2026-09-08 11:54:09,-0.0032,-0.003
SaveOnEvent_ALL_20260908115414777.csv,2026-09-08 11:54:14,-0.0032,-0.0026
SaveOnEvent_ALL_20260908115420133.csv,2026-09-08 11:54:20,-0.0032,-0.003
SaveOnEvent_ALL_20260908115425362.csv,2026-09-08 11:54:25,-0.0036,-0.003
SaveOnEvent_ALL_20260908115430734.csv,2026-09-08 11:54:30,-0.0032,-0.0026
SaveOnEvent_ALL_20260908115435990.csv,2026-09-08 11:54:35,-0.0032,-0.003
SaveOnEvent_ALL_20260908115441276.csv,2026-09-08 11:54:41,-0.0036,-0.0034
SaveOnEvent_ALL_20260908115446660.csv,2026-09-08 11:54:46,-0.0032,-0.0026
SaveOnEvent_ALL_20260908115451863.csv,2026-09-08 11:54:51,-0.0028,-0.0026
SaveOnEvent_ALL_20260908115457591.csv,2026-09-08 11:54:57,-0.0028,-0.0026
SaveOnEvent_ALL_20260908115502849.csv,2026-09-08 11:55:02,-0.0028,-0.0038
SaveOnEvent_ALL_20260908115508112.csv,2026-09-08 11:55:08,-0.0028,-0.0026
SaveOnEvent_ALL_20260908115513603.csv,2026-09-08 11:55:13,-0.0032,-0.003
SaveOnEvent_ALL_20260908115519307.csv,2026-09-08 11:55:19,-0.0028,-0.003
SaveOnEvent_ALL_20260908115524574.csv,2026-09-08 11:55:24,-0.0032,-0.0026
SaveOnEvent_ALL_20260908115529816.csv,2026-09-08 11:55:29,-0.0028,-0.0026
SaveOnEvent_ALL_20260908115535127.csv,2026-09-08 11:55:35,-0.0028,-0.0026
SaveOnEvent_ALL_20260908115540678.csv,2026-09-08 11:55:40,-0.0036,-0.003
SaveOnEvent_ALL_20260908115546052.csv,2026-09-08 11:55:46,-0.0028,-0.0026
SaveOnEvent_ALL_20260908115551299.csv,2026-09-08 11:55:51,-0.0036,-0.003
SaveOnEvent_ALL_20260908115556602.csv,2026-09-08 11:55:56,-0.004,-0.0026
SaveOnEvent_ALL_20260908115601884.csv,2026-09-08 11:56:01,-0.0028,-0.0026
SaveOnEvent_ALL_20260908115607208.csv,2026-09-08 11:56:07,-0.0032,-0.0026
SaveOnEvent_ALL_20260908115612556.csv,2026-09-08 11:56:12,-0.0036,-0.0026
SaveOnEvent_ALL_20260908115617903.csv,2026-09-08 11:56:17,-0.0028,-0.0042
SaveOnEvent_ALL_20260908115623411.csv,2026-09-08 11:56:23,-0.0028,-0.003
SaveOnEvent_ALL_20260908115628796.csv,2026-09-08 11:56:28,-0.0028,-0.0026
SaveOnEvent_ALL_20260908115634124.csv,2026-09-08 11:56:34,-0.0032,-0.0026
SaveOnEvent_ALL_20260908115639683.csv,2026-09-08 11:56:39,-0.0028,-0.0034
SaveOnEvent_ALL_20260908115644966.csv,2026-09-08 11:56:44,-0.0032,-0.003
SaveOnEvent_ALL_20260908115650296.csv,2026-09-08 11:56:50,-0.0028,-0.0026
SaveOnEvent_ALL_20260908115655710.csv,2026-09-08 11:56:55,-0.0028,-0.0026
SaveOnEvent_ALL_20260908115700963.csv,2026-09-08 11:57:00,-0.0032,-0.003
SaveOnEvent_ALL_20260908115706518.csv,2026-09-08 11:57:06,-0.0036,-0.0026
SaveOnEvent_ALL_20260908115712068.csv,2026-09-08 11:57:12,-0.0028,-0.003
SaveOnEvent_ALL_20260908115717440.csv,2026-09-08 11:57:17,-0.0028,-0.0026
SaveOnEvent_ALL_20260908115722848.csv,2026-09-08 11:57:22,-0.0028,-0.003
SaveOnEvent_ALL_20260908115728463.csv,2026-09-08 11:57:28,-0.0036,-0.003
SaveOnEvent_ALL_20260908115733804.csv,2026-09-08 11:57:33,-0.0032,-0.003
SaveOnEvent_ALL_20260908115739137.csv,2026-09-08 11:57:39,-0.0028,-0.003
SaveOnEvent_ALL_20260908115744477.csv,2026-09-08 11:57:44,-0.0028,-0.003
SaveOnEvent_ALL_20260908115750056.csv,2026-09-08 11:57:50,-0.0032,-0.0026
SaveOnEvent_ALL_20260908115755572.csv,2026-09-08 11:57:55,-0.0032,-0.0026
SaveOnEvent_ALL_20260908115800928.csv,2026-09-08 11:58:00,-0.0032,-0.0026
SaveOnEvent_ALL_20260908115806519.csv,2026-09-08 11:58:06,-0.0028,-0.0026
SaveOnEvent_ALL_20260908115811891.csv,2026-09-08 11:58:11,-0.0032,-0.003
SaveOnEvent_ALL_20260908115817206.csv,2026-09-08 11:58:17,-0.0028,-0.0026
SaveOnEvent_ALL_20260908115822702.csv,2026-09-08 11:58:22,-0.0028,-0.0026
SaveOnEvent_ALL_20260908115828099.csv,2026-09-08 11:58:28,-0.0028,-0.0026
SaveOnEvent_ALL_20260908115833469.csv,2026-09-08 11:58:33,-0.0028,-0.0038
SaveOnEvent_ALL_20260908115841837.csv,2026-09-08 11:58:41,-0.0032,-0.0026
SaveOnEvent_ALL_20260908115844602.csv,2026-09-08 11:58:44,-0.0028,-0.003
SaveOnEvent_ALL_20260908115850038.csv,2026-09-08 11:58:50,-0.0032,-0.003
SaveOnEvent_ALL_20260908115855371.csv,2026-09-08 11:58:55,-0.0032,-0.0026
SaveOnEvent_ALL_20260908115901010.csv,2026-09-08 11:59:01,-0.0028,-0.0026
SaveOnEvent_ALL_20260908115906380.csv,2026-09-08 11:59:06,-0.0032,-0.003
SaveOnEvent_ALL_20260908115911957.csv,2026-09-08 11:59:11,-0.0032,-0.0034
SaveOnEvent_ALL_20260908115917328.csv,2026-09-08 11:59:17,-0.0032,-0.003
SaveOnEvent_ALL_20260908115922735.csv,2026-09-08 11:59:22,-0.0036,-0.003
SaveOnEvent_ALL_20260908115928134.csv,2026-09-08 11:59:28,-0.0036,-0.0026
SaveOnEvent_ALL_20260908115933573.csv,2026-09-08 11:59:33,-0.0032,-0.0026
SaveOnEvent_ALL_20260908115939481.csv,2026-09-08 11:59:39,-0.0028,-0.0026
SaveOnEvent_ALL_20260908115945463.csv,2026-09-08 11:59:45,-0.0028,-0.0026
SaveOnEvent_ALL_20260908115950903.csv,2026-09-08 11:59:50,-0.0028,-0.003
SaveOnEvent_ALL_20260908115956352.csv,2026-09-08 11:59:56,-0.0028,-0.003
SaveOnEvent_ALL_20260908120004475.csv,2026-09-08 12:00:04,-0.0028,-0.0026
SaveOnEvent_ALL_20260908120007305.csv,2026-09-08 12:00:07,-0.0044,-0.0026
SaveOnEvent_ALL_20260908120012653.csv,2026-09-08 12:00:12,-0.0028,-0.003
SaveOnEvent_ALL_20260908120018296.csv,2026-09-08 12:00:18,-0.0028,-0.0026
SaveOnEvent_ALL_20260908120023901.csv,2026-09-08 12:00:23,-0.0032,-0.0034
SaveOnEvent_ALL_20260908120029461.csv,2026-09-08 12:00:29,-0.0028,-0.003
SaveOnEvent_ALL_20260908120035112.csv,2026-09-08 12:00:35,-0.0028,-0.0034
SaveOnEvent_ALL_20260908120040690.csv,2026-09-08 12:00:40,-0.0032,-0.003
SaveOnEvent_ALL_20260908120046594.csv,2026-09-08 12:00:46,-0.0028,-0.0026
SaveOnEvent_ALL_20260908120052378.csv,2026-09-08 12:00:52,-0.0028,-0.0026
SaveOnEvent_ALL_20260908120057837.csv,2026-09-08 12:00:57,-0.0028,-0.0026
SaveOnEvent_ALL_20260908120103421.csv,2026-09-08 12:01:03,-0.0028,-0.0026
SaveOnEvent_ALL_20260908120109317.csv,2026-09-08 12:01:09,-0.0028,-0.0026
SaveOnEvent_ALL_20260908120114842.csv,2026-09-08 12:01:14,-0.0028,-0.0034
SaveOnEvent_ALL_20260908120120245.csv,2026-09-08 12:01:20,-0.0028,-0.0026
SaveOnEvent_ALL_20260908120125703.csv,2026-09-08 12:01:25,-0.0028,-0.0026
SaveOnEvent_ALL_20260908120131142.csv,2026-09-08 12:01:31,-0.0032,-0.0026
SaveOnEvent_ALL_20260908120136797.csv,2026-09-08 12:01:36,-0.0028,-0.0034
SaveOnEvent_ALL_20260908120142217.csv,2026-09-08 12:01:42,-0.0028,-0.003
SaveOnEvent_ALL_20260908120147839.csv,2026-09-08 12:01:47,-0.0032,-0.0038
SaveOnEvent_ALL_20260908120153546.csv,2026-09-08 12:01:53,-0.0032,-0.003
SaveOnEvent_ALL_20260908120159384.csv,2026-09-08 12:01:59,-0.0044,-0.0026
SaveOnEvent_ALL_20260908120205144.csv,2026-09-08 12:02:05,-0.0028,-0.003
SaveOnEvent_ALL_20260908120210942.csv,2026-09-08 12:02:10,-0.0028,-0.003
SaveOnEvent_ALL_20260908120216419.csv,2026-09-08 12:02:16,-0.0028,-0.0026
SaveOnEvent_ALL_20260908120222145.csv,2026-09-08 12:02:22,-0.0032,-0.0026
SaveOnEvent_ALL_20260908120227884.csv,2026-09-08 12:02:27,-0.0028,-0.0026
SaveOnEvent_ALL_20260908120233562.csv,2026-09-08 12:02:33,-0.0032,-0.003
SaveOnEvent_ALL_20260908120239221.csv,2026-09-08 12:02:39,-0.0028,-0.0038
SaveOnEvent_ALL_20260908120244841.csv,2026-09-08 12:02:44,-0.0032,-0.003
SaveOnEvent_ALL_20260908120250380.csv,2026-09-08 12:02:50,-0.0028,-0.003
SaveOnEvent_ALL_20260908120256073.csv,2026-09-08 12:02:56,-0.0028,-0.0034
SaveOnEvent_ALL_20260908120301913.csv,2026-09-08 12:03:01,-0.0028,-0.0026
SaveOnEvent_ALL_20260908120307383.csv,2026-09-08 12:03:07,-0.0028,-0.0026
SaveOnEvent_ALL_20260908120313085.csv,2026-09-08 12:03:13,-0.0028,-0.0026
SaveOnEvent_ALL_20260908120318604.csv,2026-09-08 12:03:18,-0.0028,-0.0026
SaveOnEvent_ALL_20260908120324123.csv,2026-09-08 12:03:24,-0.0028,-0.0026
SaveOnEvent_ALL_20260908120329802.csv,2026-09-08 12:03:29,-0.0032,-0.003
SaveOnEvent_ALL_20260908120335288.csv,2026-09-08 12:03:35,-0.0028,-0.0026
SaveOnEvent_ALL_20260908120340953.csv,2026-09-08 12:03:40,-0.0028,-0.0026
SaveOnEvent_ALL_20260908120346793.csv,2026-09-08 12:03:46,-0.0028,-0.003
SaveOnEvent_ALL_20260908120352402.csv,2026-09-08 12:03:52,-0.0028,-0.0026
SaveOnEvent_ALL_20260908120357909.csv,2026-09-08 12:03:57,-0.0032,-0.0026
SaveOnEvent_ALL_20260908120403811.csv,2026-09-08 12:04:03,-0.0036,-0.0026
SaveOnEvent_ALL_20260908120409350.csv,2026-09-08 12:04:09,-0.0032,-0.0026
SaveOnEvent_ALL_20260908120414881.csv,2026-09-08 12:04:14,-0.0028,-0.003
SaveOnEvent_ALL_20260908120420858.csv,2026-09-08 12:04:20,-0.0028,-0.0038
SaveOnEvent_ALL_20260908120426448.csv,2026-09-08 12:04:26,-0.0032,-0.0026
SaveOnEvent_ALL_20260908120431965.csv,2026-09-08 12:04:31,-0.0028,-0.0034
SaveOnEvent_ALL_20260908120437564.csv,2026-09-08 12:04:37,-0.0028,-0.0026
SaveOnEvent_ALL_20260908120443063.csv,2026-09-08 12:04:43,-0.0032,-0.0026
SaveOnEvent_ALL_20260908120448735.csv,2026-09-08 12:04:48,-0.0032,-0.003
SaveOnEvent_ALL_20260908120454363.csv,2026-09-08 12:04:54,-0.0028,-0.0026
SaveOnEvent_ALL_20260908120500302.csv,2026-09-08 12:05:00,-0.0028,-0.0038
SaveOnEvent_ALL_20260908120506065.csv,2026-09-08 12:05:06,-0.0028,-0.0026
SaveOnEvent_ALL_20260908120511968.csv,2026-09-08 12:05:11,-0.0032,-0.003
SaveOnEvent_ALL_20260908120517668.csv,2026-09-08 12:05:17,-0.0028,-0.0026
SaveOnEvent_ALL_20260908120523342.csv,2026-09-08 12:05:23,-0.0036,-0.0026
SaveOnEvent_ALL_20260908120529006.csv,2026-09-08 12:05:29,-0.0036,-0.0034
SaveOnEvent_ALL_20260908120534790.csv,2026-09-08 12:05:34,-0.0028,-0.0026
SaveOnEvent_ALL_20260908120540301.csv,2026-09-08 12:05:40,-0.004,-0.003
SaveOnEvent_ALL_20260908120546062.csv,2026-09-08 12:05:46,-0.0028,-0.0026
SaveOnEvent_ALL_20260908120551766.csv,2026-09-08 12:05:51,-0.0028,-0.0026
SaveOnEvent_ALL_20260908120557323.csv,2026-09-08 12:05:57,-0.004,-0.0038
SaveOnEvent_ALL_20260908120603129.csv,2026-09-08 12:06:03,-0.0028,-0.0026
SaveOnEvent_ALL_20260908120608729.csv,2026-09-08 12:06:08,-0.004,-0.0026
SaveOnEvent_ALL_20260908120614281.csv,2026-09-08 12:06:14,-0.0028,-0.003
SaveOnEvent_ALL_20260908120619886.csv,2026-09-08 12:06:19,-0.0028,-0.0026
SaveOnEvent_ALL_20260908120625518.csv,2026-09-08 12:06:25,-0.0032,-0.0026
SaveOnEvent_ALL_20260908120631118.csv,2026-09-08 12:06:31,-0.0028,-0.0026
SaveOnEvent_ALL_20260908120636891.csv,2026-09-08 12:06:36,-0.0028,-0.0026
SaveOnEvent_ALL_20260908120642821.csv,2026-09-08 12:06:42,-0.0028,-0.0026
SaveOnEvent_ALL_20260908120648355.csv,2026-09-08 12:06:48,-0.0028,-0.003
SaveOnEvent_ALL_20260908120654039.csv,2026-09-08 12:06:54,-0.0032,-0.0026
SaveOnEvent_ALL_20260908120659798.csv,2026-09-08 12:06:59,-0.0028,-0.0026
SaveOnEvent_ALL_20260908120705643.csv,2026-09-08 12:07:05,-0.0028,-0.0026
SaveOnEvent_ALL_20260908120711219.csv,2026-09-08 12:07:11,-0.0028,-0.003
SaveOnEvent_ALL_20260908120717018.csv,2026-09-08 12:07:17,-0.0028,-0.0026
SaveOnEvent_ALL_20260908120722602.csv,2026-09-08 12:07:22,-0.004,-0.003
SaveOnEvent_ALL_20260908120728439.csv,2026-09-08 12:07:28,-0.0032,-0.0026
SaveOnEvent_ALL_20260908120734194.csv,2026-09-08 12:07:34,-0.0028,-0.003
SaveOnEvent_ALL_20260908120739897.csv,2026-09-08 12:07:39,-0.0036,-0.003
SaveOnEvent_ALL_20260908120745652.csv,2026-09-08 12:07:45,-0.004,-0.003
SaveOnEvent_ALL_20260908120751384.csv,2026-09-08 12:07:51,-0.0036,-0.0026
SaveOnEvent_ALL_20260908120757002.csv,2026-09-08 12:07:57,-0.0028,-0.003
SaveOnEvent_ALL_20260908120802777.csv,2026-09-08 12:08:02,-0.0032,-0.0034
SaveOnEvent_ALL_20260908120808346.csv,2026-09-08 12:08:08,-0.0032,-0.003
SaveOnEvent_ALL_20260908120813966.csv,2026-09-08 12:08:13,-0.0032,-0.0026
SaveOnEvent_ALL_20260908120819747.csv,2026-09-08 12:08:19,-0.004,-0.0026
SaveOnEvent_ALL_20260908120825415.csv,2026-09-08 12:08:25,-0.0028,-0.0026
SaveOnEvent_ALL_20260908120831440.csv,2026-09-08 12:08:31,-0.0032,-0.0034
SaveOnEvent_ALL_20260908120837247.csv,2026-09-08 12:08:37,-0.0032,-0.0026
SaveOnEvent_ALL_20260908120842902.csv,2026-09-08 12:08:42,-0.0036,-0.0026
SaveOnEvent_ALL_20260908120848678.csv,2026-09-08 12:08:48,-0.0028,-0.0026
SaveOnEvent_ALL_20260908120854403.csv,2026-09-08 12:08:54,-0.0032,-0.003
SaveOnEvent_ALL_20260908120900146.csv,2026-09-08 12:09:00,-0.0028,-0.0026
SaveOnEvent_ALL_20260908120905847.csv,2026-09-08 12:09:05,-0.0028,-0.0026
SaveOnEvent_ALL_20260908120911471.csv,2026-09-08 12:09:11,-0.0032,-0.0034
SaveOnEvent_ALL_20260908120917113.csv,2026-09-08 12:09:17,-0.0032,-0.003
SaveOnEvent_ALL_20260908120922845.csv,2026-09-08 12:09:22,-0.0028,-0.0038
SaveOnEvent_ALL_20260908120928781.csv,2026-09-08 12:09:28,-0.0028,-0.003
SaveOnEvent_ALL_20260908120934493.csv,2026-09-08 12:09:34,-0.0032,-0.0026
SaveOnEvent_ALL_20260908120940162.csv,2026-09-08 12:09:40,-0.0028,-0.0026
SaveOnEvent_ALL_20260908120945861.csv,2026-09-08 12:09:45,-0.0028,-0.0026
SaveOnEvent_ALL_20260908120951757.csv,2026-09-08 12:09:51,-0.0028,-0.0026
SaveOnEvent_ALL_20260908120957510.csv,2026-09-08 12:09:57,-0.0028,-0.0026
SaveOnEvent_ALL_20260908121003481.csv,2026-09-08 12:10:03,-0.004,-0.0038
SaveOnEvent_ALL_20260908121009420.csv,2026-09-08 12:10:09,-0.004,-0.0026
SaveOnEvent_ALL_20260908121015295.csv,2026-09-08 12:10:15,-0.0032,-0.0034
SaveOnEvent_ALL_20260908121020938.csv,2026-09-08 12:10:20,-0.0028,-0.003
SaveOnEvent_ALL_20260908121026731.csv,2026-09-08 12:10:26,-0.0032,-0.003
SaveOnEvent_ALL_20260908121032493.csv,2026-09-08 12:10:32,-0.0032,-0.003
SaveOnEvent_ALL_20260908121038157.csv,2026-09-08 12:10:38,-0.0028,-0.0034
SaveOnEvent_ALL_20260908121044041.csv,2026-09-08 12:10:44,-0.0032,-0.0026
SaveOnEvent_ALL_20260908121050102.csv,2026-09-08 12:10:50,-0.004,-0.0026
SaveOnEvent_ALL_20260908121056223.csv,2026-09-08 12:10:56,-0.0032,-0.0026
SaveOnEvent_ALL_20260908121102026.csv,2026-09-08 12:11:02,-0.0036,-0.003
SaveOnEvent_ALL_20260908121108019.csv,2026-09-08 12:11:08,-0.0044,-0.003
SaveOnEvent_ALL_20260908121114063.csv,2026-09-08 12:11:14,-0.0028,-0.0034
SaveOnEvent_ALL_20260908121119947.csv,2026-09-08 12:11:19,-0.0028,-0.0026
SaveOnEvent_ALL_20260908121125810.csv,2026-09-08 12:11:25,-0.0028,-0.0026
SaveOnEvent_ALL_20260908121131670.csv,2026-09-08 12:11:31,-0.0032,-0.0026
SaveOnEvent_ALL_20260908121137730.csv,2026-09-08 12:11:37,-0.0028,-0.003
SaveOnEvent_ALL_20260908121143688.csv,2026-09-08 12:11:43,-0.0028,-0.0026
SaveOnEvent_ALL_20260908121149468.csv,2026-09-08 12:11:49,-0.0028,-0.0022
SaveOnEvent_ALL_20260908121155533.csv,2026-09-08 12:11:55,-0.0028,-0.0034
SaveOnEvent_ALL_20260908121201680.csv,2026-09-08 12:12:01,-0.0044,-0.0026
SaveOnEvent_ALL_20260908121207731.csv,2026-09-08 12:12:07,-0.0032,-0.0026
SaveOnEvent_ALL_20260908121213504.csv,2026-09-08 12:12:13,-0.0028,-0.0026
SaveOnEvent_ALL_20260908121219334.csv,2026-09-08 12:12:19,-0.0028,-0.0026
SaveOnEvent_ALL_20260908121225240.csv,2026-09-08 12:12:25,-0.0032,-0.0026
SaveOnEvent_ALL_20260908121230970.csv,2026-09-08 12:12:30,-0.0028,-0.003
SaveOnEvent_ALL_20260908121236854.csv,2026-09-08 12:12:36,-0.0032,-0.0026
SaveOnEvent_ALL_20260908121242712.csv,2026-09-08 12:12:42,-0.0032,-0.0026
SaveOnEvent_ALL_20260908121248525.csv,2026-09-08 12:12:48,-0.0032,-0.0026
SaveOnEvent_ALL_20260908121254615.csv,2026-09-08 12:12:54,-0.0028,-0.0026
SaveOnEvent_ALL_20260908121300353.csv,2026-09-08 12:13:00,-0.004,-0.003
SaveOnEvent_ALL_20260908121306461.csv,2026-09-08 12:13:06,-0.0028,-0.0034
SaveOnEvent_ALL_20260908121312547.csv,2026-09-08 12:13:12,-0.0036,-0.0026
SaveOnEvent_ALL_20260908121318312.csv,2026-09-08 12:13:18,-0.0036,-0.0026
SaveOnEvent_ALL_20260908121324067.csv,2026-09-08 12:13:24,-0.0036,-0.0034
SaveOnEvent_ALL_20260908121330099.csv,2026-09-08 12:13:30,-0.0032,-0.0026
SaveOnEvent_ALL_20260908121336122.csv,2026-09-08 12:13:36,-0.0036,-0.0038
SaveOnEvent_ALL_20260908121342207.csv,2026-09-08 12:13:42,-0.0036,-0.0026
SaveOnEvent_ALL_20260908121348013.csv,2026-09-08 12:13:48,-0.0028,-0.0034
SaveOnEvent_ALL_20260908121353758.csv,2026-09-08 12:13:53,-0.0028,-0.003
SaveOnEvent_ALL_20260908121359541.csv,2026-09-08 12:13:59,-0.0028,-0.0026
SaveOnEvent_ALL_20260908121408200.csv,2026-09-08 12:14:08,-0.0028,-0.003
SaveOnEvent_ALL_20260908121411212.csv,2026-09-08 12:14:11,-0.0028,-0.0034
SaveOnEvent_ALL_20260908121416966.csv,2026-09-08 12:14:16,-0.0036,-0.003
SaveOnEvent_ALL_20260908121422735.csv,2026-09-08 12:14:22,-0.0028,-0.003
SaveOnEvent_ALL_20260908121428574.csv,2026-09-08 12:14:28,-0.0032,-0.003
SaveOnEvent_ALL_20260908121434476.csv,2026-09-08 12:14:34,-0.0024,-0.0026
SaveOnEvent_ALL_20260908121440360.csv,2026-09-08 12:14:40,-0.0032,-0.0038
SaveOnEvent_ALL_20260908121446214.csv,2026-09-08 12:14:46,-0.0028,-0.0026
SaveOnEvent_ALL_20260908121452113.csv,2026-09-08 12:14:52,-0.0036,-0.0038
SaveOnEvent_ALL_20260908121458187.csv,2026-09-08 12:14:58,-0.0028,-0.0042
SaveOnEvent_ALL_20260908121504108.csv,2026-09-08 12:15:04,-0.0028,-0.003
SaveOnEvent_ALL_20260908121510114.csv,2026-09-08 12:15:10,-0.0032,-0.0026
SaveOnEvent_ALL_20260908121515935.csv,2026-09-08 12:15:15,-0.0032,-0.003
SaveOnEvent_ALL_20260908121521740.csv,2026-09-08 12:15:21,-0.0028,-0.0038
SaveOnEvent_ALL_20260908121527631.csv,2026-09-08 12:15:27,-0.0028,-0.003
SaveOnEvent_ALL_20260908121533952.csv,2026-09-08 12:15:33,-0.0028,-0.0022
SaveOnEvent_ALL_20260908121539915.csv,2026-09-08 12:15:39,-0.0028,-0.003
SaveOnEvent_ALL_20260908121545959.csv,2026-09-08 12:15:45,-0.0028,-0.0026
SaveOnEvent_ALL_20260908121555061.csv,2026-09-08 12:15:55,-0.0032,-0.0042
SaveOnEvent_ALL_20260908121558182.csv,2026-09-08 12:15:58,-0.0032,-0.0022
SaveOnEvent_ALL_20260908121604118.csv,2026-09-08 12:16:04,-0.0028,-0.0026
SaveOnEvent_ALL_20260908121610042.csv,2026-09-08 12:16:10,-0.0028,-0.0026
SaveOnEvent_ALL_20260908121615964.csv,2026-09-08 12:16:15,-0.0032,-0.0026
SaveOnEvent_ALL_20260908121622070.csv,2026-09-08 12:16:22,-0.0032,-0.0038
SaveOnEvent_ALL_20260908121627986.csv,2026-09-08 12:16:27,-0.0036,-0.003
SaveOnEvent_ALL_20260908121633869.csv,2026-09-08 12:16:33,-0.0032,-0.0026
SaveOnEvent_ALL_20260908121639802.csv,2026-09-08 12:16:39,-0.0028,-0.003
SaveOnEvent_ALL_20260908121645708.csv,2026-09-08 12:16:45,-0.0028,-0.0038
SaveOnEvent_ALL_20260908121651605.csv,2026-09-08 12:16:51,-0.0028,-0.0026
SaveOnEvent_ALL_20260908121657470.csv,2026-09-08 12:16:57,-0.0028,-0.003
SaveOnEvent_ALL_20260908121703444.csv,2026-09-08 12:17:03,-0.0028,-0.0026
SaveOnEvent_ALL_20260908121709547.csv,2026-09-08 12:17:09,-0.0032,-0.003
SaveOnEvent_ALL_20260908121715595.csv,2026-09-08 12:17:15,-0.0028,-0.003
SaveOnEvent_ALL_20260908121721758.csv,2026-09-08 12:17:21,-0.004,-0.0034
SaveOnEvent_ALL_20260908121727603.csv,2026-09-08 12:17:27,-0.0044,-0.0026
SaveOnEvent_ALL_20260908121733587.csv,2026-09-08 12:17:33,-0.0028,-0.0038
SaveOnEvent_ALL_20260908121739451.csv,2026-09-08 12:17:39,-0.0032,-0.0022
SaveOnEvent_ALL_20260908121745428.csv,2026-09-08 12:17:45,-0.0028,-0.0026
SaveOnEvent_ALL_20260908121751481.csv,2026-09-08 12:17:51,-0.0028,-0.0026
SaveOnEvent_ALL_20260908121757580.csv,2026-09-08 12:17:57,-0.0028,-0.003
SaveOnEvent_ALL_20260908121803498.csv,2026-09-08 12:18:03,-0.0028,-0.003
SaveOnEvent_ALL_20260908121809446.csv,2026-09-08 12:18:09,-0.0044,-0.003
SaveOnEvent_ALL_20260908121815320.csv,2026-09-08 12:18:15,-0.0036,-0.0026
SaveOnEvent_ALL_20260908121821409.csv,2026-09-08 12:18:21,-0.004,-0.0026
SaveOnEvent_ALL_20260908121827555.csv,2026-09-08 12:18:27,-0.0028,-0.0034
SaveOnEvent_ALL_20260908121833734.csv,2026-09-08 12:18:33,-0.0036,-0.0034
SaveOnEvent_ALL_20260908121839615.csv,2026-09-08 12:18:39,-0.0028,-0.0026
SaveOnEvent_ALL_20260908121845897.csv,2026-09-08 12:18:45,-0.0032,-0.0026
SaveOnEvent_ALL_20260908121852013.csv,2026-09-08 12:18:52,-0.0032,-0.0026
SaveOnEvent_ALL_20260908121858090.csv,2026-09-08 12:18:58,-0.0028,-0.0026
SaveOnEvent_ALL_20260908121904094.csv,2026-09-08 12:19:04,-0.0028,-0.0026
SaveOnEvent_ALL_20260908121910008.csv,2026-09-08 12:19:10,-0.0028,-0.003
SaveOnEvent_ALL_20260908121916235.csv,2026-09-08 12:19:16,-0.0036,-0.0026
SaveOnEvent_ALL_20260908121922357.csv,2026-09-08 12:19:22,-0.0028,-0.0026
SaveOnEvent_ALL_20260908121928430.csv,2026-09-08 12:19:28,-0.0032,-0.0026
SaveOnEvent_ALL_20260908121934713.csv,2026-09-08 12:19:34,-0.0028,-0.003
SaveOnEvent_ALL_20260908121940646.csv,2026-09-08 12:19:40,-0.0028,-0.0026
SaveOnEvent_ALL_20260908121946754.csv,2026-09-08 12:19:46,-0.0028,-0.0026
SaveOnEvent_ALL_20260908121952776.csv,2026-09-08 12:19:52,-0.0036,-0.0026
SaveOnEvent_ALL_20260908122001643.csv,2026-09-08 12:20:01,-0.0036,-0.0026
SaveOnEvent_ALL_20260908122004703.csv,2026-09-08 12:20:04,-0.004,-0.0026
SaveOnEvent_ALL_20260908122010634.csv,2026-09-08 12:20:10,-0.0028,-0.003
SaveOnEvent_ALL_20260908122016634.csv,2026-09-08 12:20:16,-0.0028,-0.003
SaveOnEvent_ALL_20260908122022869.csv,2026-09-08 12:20:22,-0.0032,-0.0026
SaveOnEvent_ALL_20260908122028888.csv,2026-09-08 12:20:28,-0.0036,-0.003
SaveOnEvent_ALL_20260908122035104.csv,2026-09-08 12:20:35,-0.0028,-0.003
SaveOnEvent_ALL_20260908122041059.csv,2026-09-08 12:20:41,-0.0028,-0.0034
SaveOnEvent_ALL_20260908122047131.csv,2026-09-08 12:20:47,-0.0032,-0.0026
SaveOnEvent_ALL_20260908122056021.csv,2026-09-08 12:20:56,-0.0036,-0.003
SaveOnEvent_ALL_20260908122059284.csv,2026-09-08 12:20:59,-0.0028,-0.003
SaveOnEvent_ALL_20260908122105421.csv,2026-09-08 12:21:05,-0.0036,-0.003
SaveOnEvent_ALL_20260908122111600.csv,2026-09-08 12:21:11,-0.0028,-0.0026
SaveOnEvent_ALL_20260908122117649.csv,2026-09-08 12:21:17,-0.0028,-0.0026
SaveOnEvent_ALL_20260908122123694.csv,2026-09-08 12:21:23,-0.0028,-0.0034
SaveOnEvent_ALL_20260908122129693.csv,2026-09-08 12:21:29,-0.0028,-0.0026
SaveOnEvent_ALL_20260908122135853.csv,2026-09-08 12:21:35,-0.0032,-0.0034
SaveOnEvent_ALL_20260908122142014.csv,2026-09-08 12:21:42,-0.0028,-0.0026
SaveOnEvent_ALL_20260908122148045.csv,2026-09-08 12:21:48,-0.0032,-0.003
SaveOnEvent_ALL_20260908122154269.csv,2026-09-08 12:21:54,-0.0032,-0.0026
SaveOnEvent_ALL_20260908122200629.csv,2026-09-08 12:22:00,-0.0028,-0.0038
SaveOnEvent_ALL_20260908122207168.csv,2026-09-08 12:22:07,-0.0032,-0.0026
SaveOnEvent_ALL_20260908122216203.csv,2026-09-08 12:22:16,-0.0036,-0.0026
SaveOnEvent_ALL_20260908122219295.csv,2026-09-08 12:22:19,-0.0028,-0.0026
SaveOnEvent_ALL_20260908122225252.csv,2026-09-08 12:22:25,-0.004,-0.0034
SaveOnEvent_ALL_20260908122231509.csv,2026-09-08 12:22:31,-0.004,-0.0034
SaveOnEvent_ALL_20260908122237611.csv,2026-09-08 12:22:37,-0.0032,-0.0026
SaveOnEvent_ALL_20260908122243875.csv,2026-09-08 12:22:43,-0.0028,-0.0034
SaveOnEvent_ALL_20260908122250027.csv,2026-09-08 12:22:50,-0.0028,-0.0026
SaveOnEvent_ALL_20260908122256144.csv,2026-09-08 12:22:56,-0.0032,-0.0034
SaveOnEvent_ALL_20260908122302481.csv,2026-09-08 12:23:02,-0.0036,-0.0026
SaveOnEvent_ALL_20260908122311725.csv,2026-09-08 12:23:11,-0.0032,-0.0042
SaveOnEvent_ALL_20260908122315045.csv,2026-09-08 12:23:15,-0.0032,-0.0034
SaveOnEvent_ALL_20260908122321179.csv,2026-09-08 12:23:21,-0.0032,-0.003
SaveOnEvent_ALL_20260908122327470.csv,2026-09-08 12:23:27,-0.0032,-0.0026
SaveOnEvent_ALL_20260908122333509.csv,2026-09-08 12:23:33,-0.0028,-0.0026
SaveOnEvent_ALL_20260908122339597.csv,2026-09-08 12:23:39,-0.0028,-0.003
SaveOnEvent_ALL_20260908122348602.csv,2026-09-08 12:23:48,-0.004,-0.0026
SaveOnEvent_ALL_20260908122351780.csv,2026-09-08 12:23:51,-0.0028,-0.0026
SaveOnEvent_ALL_20260908122357839.csv,2026-09-08 12:23:57,-0.0028,-0.0026
SaveOnEvent_ALL_20260908122403946.csv,2026-09-08 12:24:03,-0.0036,-0.003
SaveOnEvent_ALL_20260908122410090.csv,2026-09-08 12:24:10,-0.0032,-0.003
SaveOnEvent_ALL_20260908122416400.csv,2026-09-08 12:24:16,-0.0028,-0.0026
SaveOnEvent_ALL_20260908122422515.csv,2026-09-08 12:24:22,-0.0028,-0.0042
SaveOnEvent_ALL_20260908122428977.csv,2026-09-08 12:24:28,-0.0028,-0.0026
SaveOnEvent_ALL_20260908122435278.csv,2026-09-08 12:24:35,-0.004,-0.0026
SaveOnEvent_ALL_20260908122441471.csv,2026-09-08 12:24:41,-0.0028,-0.0038
SaveOnEvent_ALL_20260908122447598.csv,2026-09-08 12:24:47,-0.0028,-0.003
SaveOnEvent_ALL_20260908122453667.csv,2026-09-08 12:24:53,-0.0032,-0.0026
SaveOnEvent_ALL_20260908122459775.csv,2026-09-08 12:24:59,-0.0044,-0.0026
SaveOnEvent_ALL_20260908122505813.csv,2026-09-08 12:25:05,-0.0032,-0.0026
SaveOnEvent_ALL_20260908122511963.csv,2026-09-08 12:25:11,-0.0028,-0.0026
SaveOnEvent_ALL_20260908122518184.csv,2026-09-08 12:25:18,-0.0032,-0.0026
SaveOnEvent_ALL_20260908122524500.csv,2026-09-08 12:25:24,-0.0048,-0.0038
SaveOnEvent_ALL_20260908122531118.csv,2026-09-08 12:25:31,-0.0028,-0.0026
SaveOnEvent_ALL_20260908122540468.csv,2026-09-08 12:25:40,-0.004,-0.0026
SaveOnEvent_ALL_20260908122543746.csv,2026-09-08 12:25:43,-0.0032,-0.0026
SaveOnEvent_ALL_20260908122550121.csv,2026-09-08 12:25:50,-0.0032,-0.003
SaveOnEvent_ALL_20260908122556226.csv,2026-09-08 12:25:56,-0.0028,-0.0026
SaveOnEvent_ALL_20260908122602372.csv,2026-09-08 12:26:02,-0.0036,-0.003
SaveOnEvent_ALL_20260908122608611.csv,2026-09-08 12:26:08,-0.0028,-0.0026
SaveOnEvent_ALL_20260908122614723.csv,2026-09-08 12:26:14,-0.0028,-0.003
SaveOnEvent_ALL_20260908122620905.csv,2026-09-08 12:26:20,-0.0028,-0.003
SaveOnEvent_ALL_20260908122630398.csv,2026-09-08 12:26:30,-0.0028,-0.003
SaveOnEvent_ALL_20260908122633545.csv,2026-09-08 12:26:33,-0.0032,-0.0026
SaveOnEvent_ALL_20260908122639647.csv,2026-09-08 12:26:39,-0.0028,-0.003
SaveOnEvent_ALL_20260908122645934.csv,2026-09-08 12:26:45,-0.0028,-0.0034
SaveOnEvent_ALL_20260908122652138.csv,2026-09-08 12:26:52,-0.0028,-0.0026
SaveOnEvent_ALL_20260908122658416.csv,2026-09-08 12:26:58,-0.0036,-0.0026
SaveOnEvent_ALL_20260908122704584.csv,2026-09-08 12:27:04,-0.004,-0.0026
SaveOnEvent_ALL_20260908122711275.csv,2026-09-08 12:27:11,-0.0028,-0.003
SaveOnEvent_ALL_20260908122717594.csv,2026-09-08 12:27:17,-0.0028,-0.0034
SaveOnEvent_ALL_20260908122723877.csv,2026-09-08 12:27:23,-0.0028,-0.0034
SaveOnEvent_ALL_20260908122730352.csv,2026-09-08 12:27:30,-0.0028,-0.0026
SaveOnEvent_ALL_20260908122736746.csv,2026-09-08 12:27:36,-0.0028,-0.0026
SaveOnEvent_ALL_20260908122743076.csv,2026-09-08 12:27:43,-0.0036,-0.0026
SaveOnEvent_ALL_20260908122749382.csv,2026-09-08 12:27:49,-0.0028,-0.0026
SaveOnEvent_ALL_20260908122755690.csv,2026-09-08 12:27:55,-0.004,-0.0042
SaveOnEvent_ALL_20260908122801926.csv,2026-09-08 12:28:01,-0.0032,-0.0026
SaveOnEvent_ALL_20260908122808241.csv,2026-09-08 12:28:08,-0.0028,-0.003
SaveOnEvent_ALL_20260908122814418.csv,2026-09-08 12:28:14,-0.0028,-0.0026
SaveOnEvent_ALL_20260908122820584.csv,2026-09-08 12:28:20,-0.0028,-0.003
SaveOnEvent_ALL_20260908122826734.csv,2026-09-08 12:28:26,-0.0028,-0.003
SaveOnEvent_ALL_20260908122833360.csv,2026-09-08 12:28:33,-0.0048,-0.003
SaveOnEvent_ALL_20260908122839589.csv,2026-09-08 12:28:39,-0.0028,-0.0026
SaveOnEvent_ALL_20260908122845975.csv,2026-09-08 12:28:45,-0.0028,-0.0026
SaveOnEvent_ALL_20260908122855333.csv,2026-09-08 12:28:55,-0.0032,-0.0034
SaveOnEvent_ALL_20260908122858781.csv,2026-09-08 12:28:58,-0.0028,-0.0034
SaveOnEvent_ALL_20260908122905262.csv,2026-09-08 12:29:05,-0.0036,-0.0038
SaveOnEvent_ALL_20260908122911441.csv,2026-09-08 12:29:11,-0.0028,-0.0026
SaveOnEvent_ALL_20260908122917639.csv,2026-09-08 12:29:17,-0.0036,-0.003
SaveOnEvent_ALL_20260908122923870.csv,2026-09-08 12:29:23,-0.0032,-0.0026
SaveOnEvent_ALL_20260908122930194.csv,2026-09-08 12:29:30,-0.0036,-0.003
SaveOnEvent_ALL_20260908122936391.csv,2026-09-08 12:29:36,-0.0032,-0.0026
SaveOnEvent_ALL_20260908122942892.csv,2026-09-08 12:29:42,-0.0036,-0.0022
SaveOnEvent_ALL_20260908122949178.csv,2026-09-08 12:29:49,-0.0036,-0.0026
SaveOnEvent_ALL_20260908122955622.csv,2026-09-08 12:29:55,-0.0028,-0.0026
SaveOnEvent_ALL_20260908123002068.csv,2026-09-08 12:30:02,-0.0036,-0.0026
SaveOnEvent_ALL_20260908123008265.csv,2026-09-08 12:30:08,-0.0028,-0.005
SaveOnEvent_ALL_20260908123014499.csv,2026-09-08 12:30:14,-0.0028,-0.003
SaveOnEvent_ALL_20260908123021038.csv,2026-09-08 12:30:21,-0.0028,-0.0026
SaveOnEvent_ALL_20260908123027390.csv,2026-09-08 12:30:27,-0.0028,-0.0042
SaveOnEvent_ALL_20260908123033780.csv,2026-09-08 12:30:33,-0.0028,-0.0026
SaveOnEvent_ALL_20260908123040176.csv,2026-09-08 12:30:40,-0.0028,-0.0026
SaveOnEvent_ALL_20260908123046452.csv,2026-09-08 12:30:46,-0.0028,-0.0026
SaveOnEvent_ALL_20260908123052917.csv,2026-09-08 12:30:52,-0.0028,-0.0026
SaveOnEvent_ALL_20260908123059190.csv,2026-09-08 12:30:59,-0.0032,-0.0026
SaveOnEvent_ALL_20260908123105439.csv,2026-09-08 12:31:05,-0.0028,-0.003
SaveOnEvent_ALL_20260908123111662.csv,2026-09-08 12:31:11,-0.0036,-0.0026
SaveOnEvent_ALL_20260908123118078.csv,2026-09-08 12:31:18,-0.0032,-0.0026
SaveOnEvent_ALL_20260908123127392.csv,2026-09-08 12:31:27,-0.0028,-0.0026
SaveOnEvent_ALL_20260908123130658.csv,2026-09-08 12:31:30,-0.0036,-0.0038
SaveOnEvent_ALL_20260908123136938.csv,2026-09-08 12:31:36,-0.0028,-0.0026
SaveOnEvent_ALL_20260908123146385.csv,2026-09-08 12:31:46,-0.0028,-0.0038
SaveOnEvent_ALL_20260908123149644.csv,2026-09-08 12:31:49,-0.0032,-0.0026
SaveOnEvent_ALL_20260908123158946.csv,2026-09-08 12:31:58,-0.0032,-0.0026
SaveOnEvent_ALL_20260908123202286.csv,2026-09-08 12:32:02,-0.0028,-0.0026
SaveOnEvent_ALL_20260908123208612.csv,2026-09-08 12:32:08,-0.0036,-0.0026
SaveOnEvent_ALL_20260908123214980.csv,2026-09-08 12:32:14,-0.0032,-0.003
SaveOnEvent_ALL_20260908123221217.csv,2026-09-08 12:32:21,-0.0032,-0.0034
SaveOnEvent_ALL_20260908123227534.csv,2026-09-08 12:32:27,-0.0032,-0.003
SaveOnEvent_ALL_20260908123233915.csv,2026-09-08 12:32:33,-0.0028,-0.0026
SaveOnEvent_ALL_20260908123240266.csv,2026-09-08 12:32:40,-0.0028,-0.003
SaveOnEvent_ALL_20260908123246564.csv,2026-09-08 12:32:46,-0.0028,-0.0042
SaveOnEvent_ALL_20260908123253085.csv,2026-09-08 12:32:53,-0.0044,-0.0034
SaveOnEvent_ALL_20260908123259534.csv,2026-09-08 12:32:59,-0.0028,-0.0026
SaveOnEvent_ALL_20260908123306306.csv,2026-09-08 12:33:06,-0.0028,-0.0026
SaveOnEvent_ALL_20260908123312782.csv,2026-09-08 12:33:12,-0.0028,-0.0026
SaveOnEvent_ALL_20260908123319270.csv,2026-09-08 12:33:19,-0.0036,-0.0026
SaveOnEvent_ALL_20260908123325596.csv,2026-09-08 12:33:25,-0.0028,-0.0026
SaveOnEvent_ALL_20260908123331931.csv,2026-09-08 12:33:31,-0.0032,-0.003
SaveOnEvent_ALL_20260908123338353.csv,2026-09-08 12:33:38,-0.0028,-0.003
SaveOnEvent_ALL_20260908123344648.csv,2026-09-08 12:33:44,-0.0032,-0.0026
SaveOnEvent_ALL_20260908123351234.csv,2026-09-08 12:33:51,-0.0028,-0.0026
SaveOnEvent_ALL_20260908123357759.csv,2026-09-08 12:33:57,-0.0028,-0.0026
SaveOnEvent_ALL_20260908123404084.csv,2026-09-08 12:34:04,-0.004,-0.0026
SaveOnEvent_ALL_20260908123410539.csv,2026-09-08 12:34:10,-0.0036,-0.003
SaveOnEvent_ALL_20260908123417117.csv,2026-09-08 12:34:17,-0.0028,-0.0026
SaveOnEvent_ALL_20260908123423566.csv,2026-09-08 12:34:23,-0.0028,-0.0026
SaveOnEvent_ALL_20260908123430019.csv,2026-09-08 12:34:30,-0.004,-0.0026
SaveOnEvent_ALL_20260908123436652.csv,2026-09-08 12:34:36,-0.0028,-0.0026
SaveOnEvent_ALL_20260908123446222.csv,2026-09-08 12:34:46,-0.0032,-0.0026
SaveOnEvent_ALL_20260908123449506.csv,2026-09-08 12:34:49,-0.0036,-0.0022
SaveOnEvent_ALL_20260908123455849.csv,2026-09-08 12:34:55,-0.0032,-0.0026
SaveOnEvent_ALL_20260908123502176.csv,2026-09-08 12:35:02,-0.0032,-0.0026
SaveOnEvent_ALL_20260908123508674.csv,2026-09-08 12:35:08,-0.0032,-0.0034
SaveOnEvent_ALL_20260908123515062.csv,2026-09-08 12:35:15,-0.0036,-0.0026
SaveOnEvent_ALL_20260908123521817.csv,2026-09-08 12:35:21,-0.0028,-0.0038
SaveOnEvent_ALL_20260908123528421.csv,2026-09-08 12:35:28,-0.0044,-0.0038
SaveOnEvent_ALL_20260908123534835.csv,2026-09-08 12:35:34,-0.0028,-0.0026
SaveOnEvent_ALL_20260908123541228.csv,2026-09-08 12:35:41,-0.0032,-0.003
SaveOnEvent_ALL_20260908123547728.csv,2026-09-08 12:35:47,-0.0032,-0.0026
SaveOnEvent_ALL_20260908123554407.csv,2026-09-08 12:35:54,-0.0028,-0.003
SaveOnEvent_ALL_20260908123600945.csv,2026-09-08 12:36:00,-0.0032,-0.0026
SaveOnEvent_ALL_20260908123607356.csv,2026-09-08 12:36:07,-0.0032,-0.0034
SaveOnEvent_ALL_20260908123613956.csv,2026-09-08 12:36:13,-0.0032,-0.0026
SaveOnEvent_ALL_20260908123620353.csv,2026-09-08 12:36:20,-0.0032,-0.0034
SaveOnEvent_ALL_20260908123626881.csv,2026-09-08 12:36:26,-0.0032,-0.003
SaveOnEvent_ALL_20260908123633291.csv,2026-09-08 12:36:33,-0.0032,-0.0026
SaveOnEvent_ALL_20260908123639725.csv,2026-09-08 12:36:39,-0.0032,-0.0026
SaveOnEvent_ALL_20260908123646370.csv,2026-09-08 12:36:46,-0.0032,-0.0038
SaveOnEvent_ALL_20260908123652827.csv,2026-09-08 12:36:52,-0.004,-0.0026
SaveOnEvent_ALL_20260908123659439.csv,2026-09-08 12:36:59,-0.0028,-0.0042
SaveOnEvent_ALL_20260908123706079.csv,2026-09-08 12:37:06,-0.0036,-0.0046
SaveOnEvent_ALL_20260908123712677.csv,2026-09-08 12:37:12,-0.0028,-0.0034
SaveOnEvent_ALL_20260908123719520.csv,2026-09-08 12:37:19,-0.0028,-0.003
SaveOnEvent_ALL_20260908123726292.csv,2026-09-08 12:37:26,-0.0028,-0.0026
SaveOnEvent_ALL_20260908123732848.csv,2026-09-08 12:37:32,-0.0032,-0.0026
SaveOnEvent_ALL_20260908123739250.csv,2026-09-08 12:37:39,-0.0028,-0.0026
SaveOnEvent_ALL_20260908123745820.csv,2026-09-08 12:37:45,-0.0028,-0.0026
SaveOnEvent_ALL_20260908123752441.csv,2026-09-08 12:37:52,-0.0036,-0.003
SaveOnEvent_ALL_20260908123758884.csv,2026-09-08 12:37:58,-0.0036,-0.0038
SaveOnEvent_ALL_20260908123805329.csv,2026-09-08 12:38:05,-0.0028,-0.0038
SaveOnEvent_ALL_20260908123811947.csv,2026-09-08 12:38:11,-0.0028,-0.0026
SaveOnEvent_ALL_20260908123818713.csv,2026-09-08 12:38:18,-0.0036,-0.0026
SaveOnEvent_ALL_20260908123825147.csv,2026-09-08 12:38:25,-0.0044,-0.003
SaveOnEvent_ALL_20260908123831618.csv,2026-09-08 12:38:31,-0.0032,-0.003
SaveOnEvent_ALL_20260908123838086.csv,2026-09-08 12:38:38,-0.004,-0.003
SaveOnEvent_ALL_20260908123847727.csv,2026-09-08 12:38:47,-0.0036,-0.003
SaveOnEvent_ALL_20260908123851344.csv,2026-09-08 12:38:51,-0.0032,-0.0034
SaveOnEvent_ALL_20260908123857899.csv,2026-09-08 12:38:57,-0.0028,-0.0026
SaveOnEvent_ALL_20260908123908060.csv,2026-09-08 12:39:08,-0.0036,-0.003
SaveOnEvent_ALL_20260908123911421.csv,2026-09-08 12:39:11,-0.0036,-0.0054
SaveOnEvent_ALL_20260908123918234.csv,2026-09-08 12:39:18,-0.0032,-0.003
SaveOnEvent_ALL_20260908123924669.csv,2026-09-08 12:39:24,-0.0032,-0.0034
SaveOnEvent_ALL_20260908123931215.csv,2026-09-08 12:39:31,-0.0028,-0.0026
SaveOnEvent_ALL_20260908123937788.csv,2026-09-08 12:39:37,-0.004,-0.003
SaveOnEvent_ALL_20260908123947455.csv,2026-09-08 12:39:47,-0.0028,-0.0026
SaveOnEvent_ALL_20260908123950931.csv,2026-09-08 12:39:50,-0.0036,-0.0042
SaveOnEvent_ALL_20260908123957464.csv,2026-09-08 12:39:57,-0.0032,-0.0026
SaveOnEvent_ALL_20260908124003988.csv,2026-09-08 12:40:03,-0.0036,-0.0026
SaveOnEvent_ALL_20260908124010441.csv,2026-09-08 12:40:10,-0.0028,-0.0026
SaveOnEvent_ALL_20260908124017176.csv,2026-09-08 12:40:17,-0.004,-0.0026
SaveOnEvent_ALL_20260908124023885.csv,2026-09-08 12:40:23,-0.0032,-0.0026
SaveOnEvent_ALL_20260908124030392.csv,2026-09-08 12:40:30,-0.0028,-0.003
SaveOnEvent_ALL_20260908124037117.csv,2026-09-08 12:40:37,-0.0032,-0.003
SaveOnEvent_ALL_20260908124043633.csv,2026-09-08 12:40:43,-0.0032,-0.0026
SaveOnEvent_ALL_20260908124050280.csv,2026-09-08 12:40:50,-0.0032,-0.0026
SaveOnEvent_ALL_20260908124056833.csv,2026-09-08 12:40:56,-0.0028,-0.0026
SaveOnEvent_ALL_20260908124103458.csv,2026-09-08 12:41:03,-0.0036,-0.003
SaveOnEvent_ALL_20260908124110134.csv,2026-09-08 12:41:10,-0.0028,-0.0026
SaveOnEvent_ALL_20260908124116696.csv,2026-09-08 12:41:16,-0.0028,-0.0034
SaveOnEvent_ALL_20260908124123314.csv,2026-09-08 12:41:23,-0.0036,-0.0026
SaveOnEvent_ALL_20260908124129921.csv,2026-09-08 12:41:29,-0.0032,-0.0026
SaveOnEvent_ALL_20260908124136419.csv,2026-09-08 12:41:36,-0.0032,-0.003
SaveOnEvent_ALL_20260908124142885.csv,2026-09-08 12:41:42,-0.0028,-0.003
SaveOnEvent_ALL_20260908124149619.csv,2026-09-08 12:41:49,-0.0028,-0.0042
SaveOnEvent_ALL_20260908124156188.csv,2026-09-08 12:41:56,-0.0032,-0.0026
SaveOnEvent_ALL_20260908124202712.csv,2026-09-08 12:42:02,-0.0036,-0.0026
SaveOnEvent_ALL_20260908124209666.csv,2026-09-08 12:42:09,-0.0028,-0.0026
SaveOnEvent_ALL_20260908124216334.csv,2026-09-08 12:42:16,-0.0032,-0.0026
SaveOnEvent_ALL_20260908124222926.csv,2026-09-08 12:42:22,-0.0032,-0.0026
SaveOnEvent_ALL_20260908124229796.csv,2026-09-08 12:42:29,-0.0032,-0.0026
SaveOnEvent_ALL_20260908124236314.csv,2026-09-08 12:42:36,-0.0028,-0.0026
SaveOnEvent_ALL_20260908124242877.csv,2026-09-08 12:42:42,-0.0028,-0.003
SaveOnEvent_ALL_20260908124249649.csv,2026-09-08 12:42:49,-0.004,-0.0026
SaveOnEvent_ALL_20260908124256175.csv,2026-09-08 12:42:56,-0.0028,-0.0026
SaveOnEvent_ALL_20260908124302723.csv,2026-09-08 12:43:02,-0.0028,-0.0026
SaveOnEvent_ALL_20260908124309457.csv,2026-09-08 12:43:09,-0.0028,-0.0042
SaveOnEvent_ALL_20260908124316012.csv,2026-09-08 12:43:16,-0.0028,-0.0038
SaveOnEvent_ALL_20260908124322502.csv,2026-09-08 12:43:22,-0.0028,-0.0026
SaveOnEvent_ALL_20260908124329058.csv,2026-09-08 12:43:29,-0.0028,-0.0026
SaveOnEvent_ALL_20260908124335750.csv,2026-09-08 12:43:35,-0.0032,-0.0026
SaveOnEvent_ALL_20260908124342486.csv,2026-09-08 12:43:42,-0.0028,-0.0026
SaveOnEvent_ALL_20260908124349358.csv,2026-09-08 12:43:49,-0.0032,-0.0034
SaveOnEvent_ALL_20260908124355988.csv,2026-09-08 12:43:55,-0.0036,-0.0026
SaveOnEvent_ALL_20260908124402694.csv,2026-09-08 12:44:02,-0.0048,-0.0038
SaveOnEvent_ALL_20260908124409551.csv,2026-09-08 12:44:09,-0.004,-0.0034
SaveOnEvent_ALL_20260908124416155.csv,2026-09-08 12:44:16,-0.0032,-0.003
SaveOnEvent_ALL_20260908124423029.csv,2026-09-08 12:44:23,-0.0032,-0.0026
SaveOnEvent_ALL_20260908124429729.csv,2026-09-08 12:44:29,-0.0028,-0.0026
SaveOnEvent_ALL_20260908124436607.csv,2026-09-08 12:44:36,-0.0028,-0.0026
SaveOnEvent_ALL_20260908124443462.csv,2026-09-08 12:44:43,-0.0028,-0.0026
SaveOnEvent_ALL_20260908124450341.csv,2026-09-08 12:44:50,-0.004,-0.0038
SaveOnEvent_ALL_20260908124457235.csv,2026-09-08 12:44:57,-0.0028,-0.0026
SaveOnEvent_ALL_20260908124504055.csv,2026-09-08 12:45:04,-0.0036,-0.0026
SaveOnEvent_ALL_20260908124510710.csv,2026-09-08 12:45:10,-0.004,-0.0026
SaveOnEvent_ALL_20260908124517467.csv,2026-09-08 12:45:17,-0.0032,-0.003
SaveOnEvent_ALL_20260908124524154.csv,2026-09-08 12:45:24,-0.0028,-0.0034
SaveOnEvent_ALL_20260908124534038.csv,2026-09-08 12:45:34,-0.004,-0.0038
SaveOnEvent_ALL_20260908124537514.csv,2026-09-08 12:45:37,-0.0032,-0.003
SaveOnEvent_ALL_20260908124544093.csv,2026-09-08 12:45:44,-0.0036,-0.0026
SaveOnEvent_ALL_20260908124551191.csv,2026-09-08 12:45:51,-0.0036,-0.0026
SaveOnEvent_ALL_20260908124558151.csv,2026-09-08 12:45:58,-0.0028,-0.0026
SaveOnEvent_ALL_20260908124604844.csv,2026-09-08 12:46:04,-0.0028,-0.0026
SaveOnEvent_ALL_20260908124611435.csv,2026-09-08 12:46:11,-0.0028,-0.003
SaveOnEvent_ALL_20260908124618329.csv,2026-09-08 12:46:18,-0.0028,-0.0034
SaveOnEvent_ALL_20260908124625092.csv,2026-09-08 12:46:25,-0.0032,-0.0038
SaveOnEvent_ALL_20260908124631772.csv,2026-09-08 12:46:31,-0.0032,-0.003
SaveOnEvent_ALL_20260908124638480.csv,2026-09-08 12:46:38,-0.004,-0.0026
SaveOnEvent_ALL_20260908124645158.csv,2026-09-08 12:46:45,-0.0032,-0.0026
SaveOnEvent_ALL_20260908124652265.csv,2026-09-08 12:46:52,-0.0036,-0.0026
SaveOnEvent_ALL_20260908124659039.csv,2026-09-08 12:46:59,-0.0032,-0.003
SaveOnEvent_ALL_20260908124705738.csv,2026-09-08 12:47:05,-0.0028,-0.0026
SaveOnEvent_ALL_20260908124712580.csv,2026-09-08 12:47:12,-0.0028,-0.003
SaveOnEvent_ALL_20260908124719460.csv,2026-09-08 12:47:19,-0.0032,-0.0026
SaveOnEvent_ALL_20260908124726290.csv,2026-09-08 12:47:26,-0.0028,-0.0026
SaveOnEvent_ALL_20260908124732996.csv,2026-09-08 12:47:32,-0.0028,-0.0034
SaveOnEvent_ALL_20260908124739651.csv,2026-09-08 12:47:39,-0.0028,-0.003
SaveOnEvent_ALL_20260908124746546.csv,2026-09-08 12:47:46,-0.0028,-0.0038
SaveOnEvent_ALL_20260908124753274.csv,2026-09-08 12:47:53,-0.0028,-0.0026
SaveOnEvent_ALL_20260908124759964.csv,2026-09-08 12:47:59,-0.0028,-0.0046
SaveOnEvent_ALL_20260908124806707.csv,2026-09-08 12:48:06,-0.0032,-0.003
SaveOnEvent_ALL_20260908124813814.csv,2026-09-08 12:48:13,-0.0032,-0.0026
SaveOnEvent_ALL_20260908124820497.csv,2026-09-08 12:48:20,-0.0032,-0.003
SaveOnEvent_ALL_20260908124827158.csv,2026-09-08 12:48:27,-0.0028,-0.003
SaveOnEvent_ALL_20260908124833842.csv,2026-09-08 12:48:33,-0.0044,-0.0034
SaveOnEvent_ALL_20260908124840748.csv,2026-09-08 12:48:40,-0.0028,-0.003
SaveOnEvent_ALL_20260908124847587.csv,2026-09-08 12:48:47,-0.0032,-0.0038
SaveOnEvent_ALL_20260908124854412.csv,2026-09-08 12:48:54,-0.0032,-0.003
SaveOnEvent_ALL_20260908124901118.csv,2026-09-08 12:49:01,-0.0028,-0.0026
SaveOnEvent_ALL_20260908124907908.csv,2026-09-08 12:49:07,-0.0028,-0.003
SaveOnEvent_ALL_20260908124914607.csv,2026-09-08 12:49:14,-0.0028,-0.0038
SaveOnEvent_ALL_20260908124921389.csv,2026-09-08 12:49:21,-0.004,-0.003
SaveOnEvent_ALL_20260908124928160.csv,2026-09-08 12:49:28,-0.0028,-0.0026
SaveOnEvent_ALL_20260908124935136.csv,2026-09-08 12:49:35,-0.0028,-0.0026
SaveOnEvent_ALL_20260908124942057.csv,2026-09-08 12:49:42,-0.0028,-0.003
SaveOnEvent_ALL_20260908124949167.csv,2026-09-08 12:49:49,-0.0028,-0.003
SaveOnEvent_ALL_20260908124956252.csv,2026-09-08 12:49:56,-0.0028,-0.0046
SaveOnEvent_ALL_20260908125003237.csv,2026-09-08 12:50:03,-0.0032,-0.0038
SaveOnEvent_ALL_20260908125010162.csv,2026-09-08 12:50:10,-0.0028,-0.0026
SaveOnEvent_ALL_20260908125017118.csv,2026-09-08 12:50:17,-0.0028,-0.003
SaveOnEvent_ALL_20260908125023971.csv,2026-09-08 12:50:23,-0.0032,-0.0034
SaveOnEvent_ALL_20260908125031151.csv,2026-09-08 12:50:31,-0.0032,-0.0042
SaveOnEvent_ALL_20260908125037958.csv,2026-09-08 12:50:37,-0.0048,-0.0026
SaveOnEvent_ALL_20260908125044754.csv,2026-09-08 12:50:44,-0.0028,-0.003
SaveOnEvent_ALL_20260908125051816.csv,2026-09-08 12:50:51,-0.0028,-0.0034
SaveOnEvent_ALL_20260908125102026.csv,2026-09-08 12:51:02,-0.0028,-0.003
SaveOnEvent_ALL_20260908125105665.csv,2026-09-08 12:51:05,-0.0028,-0.003
SaveOnEvent_ALL_20260908125112689.csv,2026-09-08 12:51:12,-0.0028,-0.0026
SaveOnEvent_ALL_20260908125121267.csv,2026-09-08 12:51:21,-0.0028,-0.0026
SaveOnEvent_ALL_20260908125126333.csv,2026-09-08 12:51:26,-0.0032,-0.003
SaveOnEvent_ALL_20260908125133165.csv,2026-09-08 12:51:33,-0.0028,-0.0026
SaveOnEvent_ALL_20260908125140066.csv,2026-09-08 12:51:40,-0.004,-0.0026
SaveOnEvent_ALL_20260908125146901.csv,2026-09-08 12:51:46,-0.0032,-0.0026
SaveOnEvent_ALL_20260908125153697.csv,2026-09-08 12:51:53,-0.0036,-0.0026
SaveOnEvent_ALL_20260908125200433.csv,2026-09-08 12:52:00,-0.0032,-0.0026
SaveOnEvent_ALL_20260908125207530.csv,2026-09-08 12:52:07,-0.0036,-0.0034
SaveOnEvent_ALL_20260908125214726.csv,2026-09-08 12:52:14,-0.0048,-0.0046
SaveOnEvent_ALL_20260908125221761.csv,2026-09-08 12:52:21,-0.0028,-0.0026
SaveOnEvent_ALL_20260908125228669.csv,2026-09-08 12:52:28,-0.0028,-0.0038
SaveOnEvent_ALL_20260908125235819.csv,2026-09-08 12:52:35,-0.0028,-0.0034
SaveOnEvent_ALL_20260908125242698.csv,2026-09-08 12:52:42,-0.0028,-0.003
SaveOnEvent_ALL_20260908125249994.csv,2026-09-08 12:52:49,-0.0028,-0.0026
SaveOnEvent_ALL_20260908125257079.csv,2026-09-08 12:52:57,-0.0036,-0.0026
SaveOnEvent_ALL_20260908125304069.csv,2026-09-08 12:53:04,-0.0036,-0.003
SaveOnEvent_ALL_20260908125310990.csv,2026-09-08 12:53:10,-0.0028,-0.003
SaveOnEvent_ALL_20260908125318183.csv,2026-09-08 12:53:18,-0.0036,-0.0026
SaveOnEvent_ALL_20260908125325228.csv,2026-09-08 12:53:25,-0.0036,-0.003
SaveOnEvent_ALL_20260908125332111.csv,2026-09-08 12:53:32,-0.0028,-0.003
SaveOnEvent_ALL_20260908125339247.csv,2026-09-08 12:53:39,-0.0028,-0.0034
SaveOnEvent_ALL_20260908125345996.csv,2026-09-08 12:53:45,-0.0036,-0.0026
SaveOnEvent_ALL_20260908125352964.csv,2026-09-08 12:53:52,-0.0028,-0.0034
SaveOnEvent_ALL_20260908125400229.csv,2026-09-08 12:54:00,-0.0032,-0.0026
SaveOnEvent_ALL_20260908125407039.csv,2026-09-08 12:54:07,-0.0028,-0.003
SaveOnEvent_ALL_20260908125413900.csv,2026-09-08 12:54:13,-0.0032,-0.0026
SaveOnEvent_ALL_20260908125420774.csv,2026-09-08 12:54:20,-0.0032,-0.0026
SaveOnEvent_ALL_20260908125427636.csv,2026-09-08 12:54:27,-0.0028,-0.0026
SaveOnEvent_ALL_20260908125434491.csv,2026-09-08 12:54:34,-0.0036,-0.003
SaveOnEvent_ALL_20260908125441936.csv,2026-09-08 12:54:41,-0.0036,-0.003
SaveOnEvent_ALL_20260908125448751.csv,2026-09-08 12:54:48,-0.0036,-0.003
SaveOnEvent_ALL_20260908125455660.csv,2026-09-08 12:54:55,-0.0028,-0.0026
SaveOnEvent_ALL_20260908125502550.csv,2026-09-08 12:55:02,-0.0028,-0.0026
SaveOnEvent_ALL_20260908125509401.csv,2026-09-08 12:55:09,-0.0028,-0.003
SaveOnEvent_ALL_20260908125516743.csv,2026-09-08 12:55:16,-0.004,-0.0026
SaveOnEvent_ALL_20260908125524007.csv,2026-09-08 12:55:24,-0.0048,-0.0026
SaveOnEvent_ALL_20260908125530838.csv,2026-09-08 12:55:30,-0.0032,-0.0038
SaveOnEvent_ALL_20260908125537943.csv,2026-09-08 12:55:37,-0.0032,-0.003
SaveOnEvent_ALL_20260908125545066.csv,2026-09-08 12:55:45,-0.0028,-0.0026
SaveOnEvent_ALL_20260908125551907.csv,2026-09-08 12:55:51,-0.0048,-0.0038
SaveOnEvent_ALL_20260908125558826.csv,2026-09-08 12:55:58,-0.0032,-0.0026
SaveOnEvent_ALL_20260908125605973.csv,2026-09-08 12:56:05,-0.0028,-0.003
SaveOnEvent_ALL_20260908125613137.csv,2026-09-08 12:56:13,-0.0032,-0.0034
SaveOnEvent_ALL_20260908125620100.csv,2026-09-08 12:56:20,-0.0032,-0.0026
SaveOnEvent_ALL_20260908125626998.csv,2026-09-08 12:56:26,-0.0032,-0.0026
SaveOnEvent_ALL_20260908125634256.csv,2026-09-08 12:56:34,-0.0032,-0.0038
SaveOnEvent_ALL_20260908125641218.csv,2026-09-08 12:56:41,-0.0028,-0.0026
SaveOnEvent_ALL_20260908125651767.csv,2026-09-08 12:56:51,-0.004,-0.0026
SaveOnEvent_ALL_20260908125655439.csv,2026-09-08 12:56:55,-0.0028,-0.0026
SaveOnEvent_ALL_20260908125702595.csv,2026-09-08 12:57:02,-0.0036,-0.0026
SaveOnEvent_ALL_20260908125709802.csv,2026-09-08 12:57:09,-0.0036,-0.0034
SaveOnEvent_ALL_20260908125716837.csv,2026-09-08 12:57:16,-0.0028,-0.003
SaveOnEvent_ALL_20260908125724116.csv,2026-09-08 12:57:24,-0.0028,-0.0042
SaveOnEvent_ALL_20260908125731306.csv,2026-09-08 12:57:31,-0.004,-0.003
SaveOnEvent_ALL_20260908125738332.csv,2026-09-08 12:57:38,-0.0028,-0.0034
SaveOnEvent_ALL_20260908125745258.csv,2026-09-08 12:57:45,-0.0036,-0.0034
SaveOnEvent_ALL_20260908125752345.csv,2026-09-08 12:57:52,-0.0028,-0.0046
SaveOnEvent_ALL_20260908125802901.csv,2026-09-08 12:58:02,-0.004,-0.0026
SaveOnEvent_ALL_20260908125806502.csv,2026-09-08 12:58:06,-0.0028,-0.0026
SaveOnEvent_ALL_20260908125816858.csv,2026-09-08 12:58:16,-0.0028,-0.0034
SaveOnEvent_ALL_20260908125820717.csv,2026-09-08 12:58:20,-0.0032,-0.0034
SaveOnEvent_ALL_20260908125827642.csv,2026-09-08 12:58:27,-0.004,-0.0038
SaveOnEvent_ALL_20260908125834603.csv,2026-09-08 12:58:34,-0.0028,-0.0026
SaveOnEvent_ALL_20260908125841602.csv,2026-09-08 12:58:41,-0.0048,-0.003
SaveOnEvent_ALL_20260908125848730.csv,2026-09-08 12:58:48,-0.0032,-0.003
SaveOnEvent_ALL_20260908125855817.csv,2026-09-08 12:58:55,-0.0028,-0.0042
SaveOnEvent_ALL_20260908125903301.csv,2026-09-08 12:59:03,-0.0032,-0.0026
SaveOnEvent_ALL_20260908125910437.csv,2026-09-08 12:59:10,-0.0032,-0.003
SaveOnEvent_ALL_20260908125917550.csv,2026-09-08 12:59:17,-0.0036,-0.003
SaveOnEvent_ALL_20260908125924741.csv,2026-09-08 12:59:24,-0.0032,-0.0026
SaveOnEvent_ALL_20260908125931756.csv,2026-09-08 12:59:31,-0.0036,-0.0038
SaveOnEvent_ALL_20260908125938910.csv,2026-09-08 12:59:38,-0.0036,-0.0042
SaveOnEvent_ALL_20260908125946060.csv,2026-09-08 12:59:46,-0.0036,-0.003
SaveOnEvent_ALL_20260908125953273.csv,2026-09-08 12:59:53,-0.004,-0.0034
SaveOnEvent_ALL_20260908130000373.csv,2026-09-08 13:00:00,-0.0036,-0.003
SaveOnEvent_ALL_20260908130007455.csv,2026-09-08 13:00:07,-0.0036,-0.0026
SaveOnEvent_ALL_20260908130014561.csv,2026-09-08 13:00:14,-0.0028,-0.0026
SaveOnEvent_ALL_20260908130021491.csv,2026-09-08 13:00:21,-0.0032,-0.0034
SaveOnEvent_ALL_20260908130028554.csv,2026-09-08 13:00:28,-0.0044,-0.0026
SaveOnEvent_ALL_20260908130035539.csv,2026-09-08 13:00:35,-0.0028,-0.003
SaveOnEvent_ALL_20260908130042810.csv,2026-09-08 13:00:42,-0.0028,-0.0034
SaveOnEvent_ALL_20260908130049998.csv,2026-09-08 13:00:49,-0.0032,-0.0042
SaveOnEvent_ALL_20260908130057134.csv,2026-09-08 13:00:57,-0.004,-0.0038
SaveOnEvent_ALL_20260908130104315.csv,2026-09-08 13:01:04,-0.0032,-0.0026
SaveOnEvent_ALL_20260908130111597.csv,2026-09-08 13:01:11,-0.0044,-0.0026
SaveOnEvent_ALL_20260908130118724.csv,2026-09-08 13:01:18,-0.0032,-0.0026
SaveOnEvent_ALL_20260908130125859.csv,2026-09-08 13:01:25,-0.004,-0.0026
SaveOnEvent_ALL_20260908130132915.csv,2026-09-08 13:01:32,-0.0028,-0.0034
SaveOnEvent_ALL_20260908130139942.csv,2026-09-08 13:01:39,-0.004,-0.0034
SaveOnEvent_ALL_20260908130147054.csv,2026-09-08 13:01:47,-0.0036,-0.0026
SaveOnEvent_ALL_20260908130154091.csv,2026-09-08 13:01:54,-0.0028,-0.003
SaveOnEvent_ALL_20260908130201452.csv,2026-09-08 13:02:01,-0.0028,-0.003
SaveOnEvent_ALL_20260908130208671.csv,2026-09-08 13:02:08,-0.0028,-0.0026
SaveOnEvent_ALL_20260908130215781.csv,2026-09-08 13:02:15,-0.0028,-0.003
SaveOnEvent_ALL_20260908130222881.csv,2026-09-08 13:02:22,-0.0028,-0.0026
SaveOnEvent_ALL_20260908130230399.csv,2026-09-08 13:02:30,-0.0032,-0.0026
SaveOnEvent_ALL_20260908130237649.csv,2026-09-08 13:02:37,-0.0036,-0.003
SaveOnEvent_ALL_20260908130245007.csv,2026-09-08 13:02:45,-0.0028,-0.0034
SaveOnEvent_ALL_20260908130252298.csv,2026-09-08 13:02:52,-0.0036,-0.0026
SaveOnEvent_ALL_20260908130259599.csv,2026-09-08 13:02:59,-0.0032,-0.0026
SaveOnEvent_ALL_20260908130306691.csv,2026-09-08 13:03:06,-0.0036,-0.0042
SaveOnEvent_ALL_20260908130314037.csv,2026-09-08 13:03:14,-0.0032,-0.0042
SaveOnEvent_ALL_20260908130321211.csv,2026-09-08 13:03:21,-0.0028,-0.003
SaveOnEvent_ALL_20260908130328512.csv,2026-09-08 13:03:28,-0.0032,-0.003
SaveOnEvent_ALL_20260908130336119.csv,2026-09-08 13:03:36,-0.0028,-0.0026
SaveOnEvent_ALL_20260908130343213.csv,2026-09-08 13:03:43,-0.0032,-0.0034
SaveOnEvent_ALL_20260908130350437.csv,2026-09-08 13:03:50,-0.0028,-0.0034
SaveOnEvent_ALL_20260908130357988.csv,2026-09-08 13:03:57,-0.0044,-0.003
SaveOnEvent_ALL_20260908130405378.csv,2026-09-08 13:04:05,-0.0028,-0.0026
SaveOnEvent_ALL_20260908130412730.csv,2026-09-08 13:04:12,-0.0028,-0.0038
SaveOnEvent_ALL_20260908130420369.csv,2026-09-08 13:04:20,-0.0028,-0.0026
SaveOnEvent_ALL_20260908130430868.csv,2026-09-08 13:04:30,-0.0028,-0.0026
SaveOnEvent_ALL_20260908130434641.csv,2026-09-08 13:04:34,-0.0032,-0.0034
SaveOnEvent_ALL_20260908130442110.csv,2026-09-08 13:04:42,-0.0028,-0.0026
SaveOnEvent_ALL_20260908130452903.csv,2026-09-08 13:04:52,-0.0028,-0.003
SaveOnEvent_ALL_20260908130456572.csv,2026-09-08 13:04:56,-0.0028,-0.0042
SaveOnEvent_ALL_20260908130503727.csv,2026-09-08 13:05:03,-0.0028,-0.003
SaveOnEvent_ALL_20260908130510987.csv,2026-09-08 13:05:10,-0.0028,-0.0034
SaveOnEvent_ALL_20260908130518064.csv,2026-09-08 13:05:18,-0.0028,-0.0034
SaveOnEvent_ALL_20260908130525235.csv,2026-09-08 13:05:25,-0.0036,-0.0034
SaveOnEvent_ALL_20260908130535843.csv,2026-09-08 13:05:35,-0.0032,-0.0026
SaveOnEvent_ALL_20260908130539626.csv,2026-09-08 13:05:39,-0.0032,-0.0026
SaveOnEvent_ALL_20260908130546835.csv,2026-09-08 13:05:46,-0.0028,-0.0026
SaveOnEvent_ALL_20260908130554098.csv,2026-09-08 13:05:54,-0.0028,-0.003
SaveOnEvent_ALL_20260908130601460.csv,2026-09-08 13:06:01,-0.0032,-0.0026
SaveOnEvent_ALL_20260908130608804.csv,2026-09-08 13:06:08,-0.0028,-0.0026
SaveOnEvent_ALL_20260908130616349.csv,2026-09-08 13:06:16,-0.0036,-0.003
SaveOnEvent_ALL_20260908130623731.csv,2026-09-08 13:06:23,-0.0028,-0.0054
SaveOnEvent_ALL_20260908130631112.csv,2026-09-08 13:06:31,-0.0028,-0.0026
SaveOnEvent_ALL_20260908130638606.csv,2026-09-08 13:06:38,-0.004,-0.0026
SaveOnEvent_ALL_20260908130645772.csv,2026-09-08 13:06:45,-0.0032,-0.0026
SaveOnEvent_ALL_20260908130656509.csv,2026-09-08 13:06:56,-0.0028,-0.0042
SaveOnEvent_ALL_20260908130700218.csv,2026-09-08 13:07:00,-0.0028,-0.0034
SaveOnEvent_ALL_20260908130707412.csv,2026-09-08 13:07:07,-0.0032,-0.003
SaveOnEvent_ALL_20260908130714554.csv,2026-09-08 13:07:14,-0.0028,-0.0034
SaveOnEvent_ALL_20260908130721787.csv,2026-09-08 13:07:21,-0.0036,-0.003
SaveOnEvent_ALL_20260908130729379.csv,2026-09-08 13:07:29,-0.0032,-0.0034
SaveOnEvent_ALL_20260908130736719.csv,2026-09-08 13:07:36,-0.0036,-0.0026
SaveOnEvent_ALL_20260908130744094.csv,2026-09-08 13:07:44,-0.0036,-0.003
SaveOnEvent_ALL_20260908130751622.csv,2026-09-08 13:07:51,-0.0028,-0.003
SaveOnEvent_ALL_20260908130802604.csv,2026-09-08 13:08:02,-0.0028,-0.003
SaveOnEvent_ALL_20260908130806606.csv,2026-09-08 13:08:06,-0.0032,-0.003
SaveOnEvent_ALL_20260908130813906.csv,2026-09-08 13:08:13,-0.0044,-0.0034
SaveOnEvent_ALL_20260908130821283.csv,2026-09-08 13:08:21,-0.0036,-0.0026
SaveOnEvent_ALL_20260908130828703.csv,2026-09-08 13:08:28,-0.0032,-0.0026
SaveOnEvent_ALL_20260908130836257.csv,2026-09-08 13:08:36,-0.0028,-0.0026
SaveOnEvent_ALL_20260908130843623.csv,2026-09-08 13:08:43,-0.0044,-0.0026
SaveOnEvent_ALL_20260908130850736.csv,2026-09-08 13:08:50,-0.0028,-0.003
SaveOnEvent_ALL_20260908130858108.csv,2026-09-08 13:08:58,-0.0028,-0.003
SaveOnEvent_ALL_20260908130905323.csv,2026-09-08 13:09:05,-0.0036,-0.0038
SaveOnEvent_ALL_20260908130912745.csv,2026-09-08 13:09:12,-0.0028,-0.0026
SaveOnEvent_ALL_20260908130920008.csv,2026-09-08 13:09:20,-0.0028,-0.0038
SaveOnEvent_ALL_20260908130927249.csv,2026-09-08 13:09:27,-0.0028,-0.0026
SaveOnEvent_ALL_20260908130934761.csv,2026-09-08 13:09:34,-0.0028,-0.0026
SaveOnEvent_ALL_20260908130942021.csv,2026-09-08 13:09:42,-0.0032,-0.003
SaveOnEvent_ALL_20260908130949255.csv,2026-09-08 13:09:49,-0.0036,-0.0026
SaveOnEvent_ALL_20260908130956518.csv,2026-09-08 13:09:56,-0.0064,-0.0034
SaveOnEvent_ALL_20260908131003967.csv,2026-09-08 13:10:03,-0.004,-0.0026
SaveOnEvent_ALL_20260908131011405.csv,2026-09-08 13:10:11,-0.0032,-0.0038
SaveOnEvent_ALL_20260908131022377.csv,2026-09-08 13:10:22,-0.0028,-0.0026
SaveOnEvent_ALL_20260908131026106.csv,2026-09-08 13:10:26,-0.004,-0.003
SaveOnEvent_ALL_20260908131033631.csv,2026-09-08 13:10:33,-0.004,-0.0026
SaveOnEvent_ALL_20260908131041092.csv,2026-09-08 13:10:41,-0.0032,-0.0026
SaveOnEvent_ALL_20260908131048352.csv,2026-09-08 13:10:48,-0.0032,-0.003
SaveOnEvent_ALL_20260908131055830.csv,2026-09-08 13:10:55,-0.0032,-0.003
SaveOnEvent_ALL_20260908131103100.csv,2026-09-08 13:11:03,-0.0028,-0.0026
SaveOnEvent_ALL_20260908131113946.csv,2026-09-08 13:11:13,-0.0028,-0.0026
SaveOnEvent_ALL_20260908131117663.csv,2026-09-08 13:11:17,-0.0044,-0.0038
SaveOnEvent_ALL_20260908131124912.csv,2026-09-08 13:11:24,-0.0032,-0.0038
SaveOnEvent_ALL_20260908131132230.csv,2026-09-08 13:11:32,-0.0036,-0.0042
SaveOnEvent_ALL_20260908131139639.csv,2026-09-08 13:11:39,-0.0036,-0.0054
SaveOnEvent_ALL_20260908131147034.csv,2026-09-08 13:11:47,-0.0032,-0.0054
SaveOnEvent_ALL_20260908131154380.csv,2026-09-08 13:11:54,-0.0032,-0.003
SaveOnEvent_ALL_20260908131205455.csv,2026-09-08 13:12:05,-0.0028,-0.0026
SaveOnEvent_ALL_20260908131209405.csv,2026-09-08 13:12:09,-0.0036,-0.0026
SaveOnEvent_ALL_20260908131216675.csv,2026-09-08 13:12:16,-0.0032,-0.0034
SaveOnEvent_ALL_20260908131227655.csv,2026-09-08 13:12:27,-0.0036,-0.0034
SaveOnEvent_ALL_20260908131231431.csv,2026-09-08 13:12:31,-0.0032,-0.0034
SaveOnEvent_ALL_20260908131239217.csv,2026-09-08 13:12:39,-0.0036,-0.005
SaveOnEvent_ALL_20260908131246759.csv,2026-09-08 13:12:46,-0.0032,-0.0034
SaveOnEvent_ALL_20260908131254236.csv,2026-09-08 13:12:54,-0.0028,-0.0038
SaveOnEvent_ALL_20260908131302000.csv,2026-09-08 13:13:02,-0.0028,-0.0026
SaveOnEvent_ALL_20260908131309393.csv,2026-09-08 13:13:09,-0.0036,-0.0026
SaveOnEvent_ALL_20260908131316660.csv,2026-09-08 13:13:16,-0.0028,-0.0038
SaveOnEvent_ALL_20260908131323962.csv,2026-09-08 13:13:23,-0.0048,-0.0038
SaveOnEvent_ALL_20260908131331543.csv,2026-09-08 13:13:31,-0.0028,-0.0034
SaveOnEvent_ALL_20260908131338871.csv,2026-09-08 13:13:38,-0.0036,-0.003
SaveOnEvent_ALL_20260908131346295.csv,2026-09-08 13:13:46,-0.0028,-0.0026
SaveOnEvent_ALL_20260908131353649.csv,2026-09-08 13:13:53,-0.0028,-0.0026
SaveOnEvent_ALL_20260908131401288.csv,2026-09-08 13:14:01,-0.0028,-0.0038
SaveOnEvent_ALL_20260908131408830.csv,2026-09-08 13:14:08,-0.0028,-0.0026
SaveOnEvent_ALL_20260908131416186.csv,2026-09-08 13:14:16,-0.0028,-0.0026
SaveOnEvent_ALL_20260908131423550.csv,2026-09-08 13:14:23,-0.0028,-0.003
SaveOnEvent_ALL_20260908131431329.csv,2026-09-08 13:14:31,-0.0032,-0.0034
SaveOnEvent_ALL_20260908131438677.csv,2026-09-08 13:14:38,-0.0028,-0.0038
SaveOnEvent_ALL_20260908131446094.csv,2026-09-08 13:14:46,-0.004,-0.003
SaveOnEvent_ALL_20260908131453588.csv,2026-09-08 13:14:53,-0.0032,-0.0026
SaveOnEvent_ALL_20260908131500922.csv,2026-09-08 13:15:00,-0.0032,-0.0026
SaveOnEvent_ALL_20260908131508536.csv,2026-09-08 13:15:08,-0.004,-0.0026
SaveOnEvent_ALL_20260908131515942.csv,2026-09-08 13:15:15,-0.0028,-0.003
SaveOnEvent_ALL_20260908131523627.csv,2026-09-08 13:15:23,-0.0056,-0.0026
SaveOnEvent_ALL_20260908131531102.csv,2026-09-08 13:15:31,-0.0028,-0.0042
SaveOnEvent_ALL_20260908131538447.csv,2026-09-08 13:15:38,-0.0048,-0.0026
SaveOnEvent_ALL_20260908131545840.csv,2026-09-08 13:15:45,-0.0028,-0.0046
SaveOnEvent_ALL_20260908131553397.csv,2026-09-08 13:15:53,-0.0028,-0.003
SaveOnEvent_ALL_20260908131600944.csv,2026-09-08 13:16:00,-0.0028,-0.0042
SaveOnEvent_ALL_20260908131608382.csv,2026-09-08 13:16:08,-0.004,-0.003
SaveOnEvent_ALL_20260908131615800.csv,2026-09-08 13:16:15,-0.0028,-0.0034
SaveOnEvent_ALL_20260908131623201.csv,2026-09-08 13:16:23,-0.0032,-0.003
SaveOnEvent_ALL_20260908131630539.csv,2026-09-08 13:16:30,-0.0032,-0.0026
SaveOnEvent_ALL_20260908131637881.csv,2026-09-08 13:16:37,-0.0032,-0.0038
SaveOnEvent_ALL_20260908131645280.csv,2026-09-08 13:16:45,-0.0028,-0.0046
SaveOnEvent_ALL_20260908131656575.csv,2026-09-08 13:16:56,-0.0044,-0.0034
SaveOnEvent_ALL_20260908131700404.csv,2026-09-08 13:17:00,-0.004,-0.0034
SaveOnEvent_ALL_20260908131707873.csv,2026-09-08 13:17:07,-0.0028,-0.0026
SaveOnEvent_ALL_20260908131715317.csv,2026-09-08 13:17:15,-0.0028,-0.003
SaveOnEvent_ALL_20260908131722926.csv,2026-09-08 13:17:22,-0.0028,-0.0026
SaveOnEvent_ALL_20260908131730495.csv,2026-09-08 13:17:30,-0.0032,-0.0034
SaveOnEvent_ALL_20260908131738245.csv,2026-09-08 13:17:38,-0.0036,-0.003
SaveOnEvent_ALL_20260908131745884.csv,2026-09-08 13:17:45,-0.0036,-0.0026
SaveOnEvent_ALL_20260908131753264.csv,2026-09-08 13:17:53,-0.0036,-0.003
SaveOnEvent_ALL_20260908131800709.csv,2026-09-08 13:18:00,-0.0028,-0.003
SaveOnEvent_ALL_20260908131808322.csv,2026-09-08 13:18:08,-0.0028,-0.003
SaveOnEvent_ALL_20260908131815730.csv,2026-09-08 13:18:15,-0.0032,-0.003
SaveOnEvent_ALL_20260908131823159.csv,2026-09-08 13:18:23,-0.0032,-0.0026
SaveOnEvent_ALL_20260908131830682.csv,2026-09-08 13:18:30,-0.0036,-0.003
SaveOnEvent_ALL_20260908131838346.csv,2026-09-08 13:18:38,-0.0032,-0.0026
SaveOnEvent_ALL_20260908131845820.csv,2026-09-08 13:18:45,-0.0028,-0.003
SaveOnEvent_ALL_20260908131853402.csv,2026-09-08 13:18:53,-0.0032,-0.0026
SaveOnEvent_ALL_20260908131900859.csv,2026-09-08 13:19:00,-0.0028,-0.003
SaveOnEvent_ALL_20260908131908503.csv,2026-09-08 13:19:08,-0.0032,-0.0026
SaveOnEvent_ALL_20260908131915973.csv,2026-09-08 13:19:15,-0.0032,-0.0026
SaveOnEvent_ALL_20260908131923478.csv,2026-09-08 13:19:23,-0.0028,-0.0034
SaveOnEvent_ALL_20260908131931155.csv,2026-09-08 13:19:31,-0.0036,-0.003
SaveOnEvent_ALL_20260908131938587.csv,2026-09-08 13:19:38,-0.0036,-0.0042
SaveOnEvent_ALL_20260908131946051.csv,2026-09-08 13:19:46,-0.0028,-0.0026
SaveOnEvent_ALL_20260908131953774.csv,2026-09-08 13:19:53,-0.0028,-0.0026
SaveOnEvent_ALL_20260908132001260.csv,2026-09-08 13:20:01,-0.0032,-0.0026
SaveOnEvent_ALL_20260908132008973.csv,2026-09-08 13:20:08,-0.0036,-0.003
SaveOnEvent_ALL_20260908132016487.csv,2026-09-08 13:20:16,-0.0036,-0.0026
SaveOnEvent_ALL_20260908132023972.csv,2026-09-08 13:20:23,-0.0032,-0.0034
SaveOnEvent_ALL_20260908132031441.csv,2026-09-08 13:20:31,-0.0028,-0.0026
SaveOnEvent_ALL_20260908132039405.csv,2026-09-08 13:20:39,-0.0028,-0.0026
SaveOnEvent_ALL_20260908132047097.csv,2026-09-08 13:20:47,-0.0028,-0.0042
SaveOnEvent_ALL_20260908132054640.csv,2026-09-08 13:20:54,-0.0028,-0.0026
SaveOnEvent_ALL_20260908132102143.csv,2026-09-08 13:21:02,-0.0028,-0.0038
SaveOnEvent_ALL_20260908132109937.csv,2026-09-08 13:21:09,-0.0032,-0.0038
SaveOnEvent_ALL_20260908132117450.csv,2026-09-08 13:21:17,-0.0036,-0.0026
SaveOnEvent_ALL_20260908132125048.csv,2026-09-08 13:21:25,-0.0036,-0.0034
SaveOnEvent_ALL_20260908132132870.csv,2026-09-08 13:21:32,-0.0036,-0.0038
SaveOnEvent_ALL_20260908132140406.csv,2026-09-08 13:21:40,-0.004,-0.0026
SaveOnEvent_ALL_20260908132148042.csv,2026-09-08 13:21:48,-0.0036,-0.0038
SaveOnEvent_ALL_20260908132155668.csv,2026-09-08 13:21:55,-0.0032,-0.0026
SaveOnEvent_ALL_20260908132203247.csv,2026-09-08 13:22:03,-0.0036,-0.003
SaveOnEvent_ALL_20260908132211269.csv,2026-09-08 13:22:11,-0.0032,-0.003
SaveOnEvent_ALL_20260908132218956.csv,2026-09-08 13:22:18,-0.0028,-0.003
SaveOnEvent_ALL_20260908132226659.csv,2026-09-08 13:22:26,-0.0028,-0.0026
SaveOnEvent_ALL_20260908132234331.csv,2026-09-08 13:22:34,-0.0028,-0.0026
SaveOnEvent_ALL_20260908132242092.csv,2026-09-08 13:22:42,-0.0036,-0.003
SaveOnEvent_ALL_20260908132249631.csv,2026-09-08 13:22:49,-0.0028,-0.0026
SaveOnEvent_ALL_20260908132257329.csv,2026-09-08 13:22:57,-0.0032,-0.0034
SaveOnEvent_ALL_20260908132304823.csv,2026-09-08 13:23:04,-0.0028,-0.0034
SaveOnEvent_ALL_20260908132312454.csv,2026-09-08 13:23:12,-0.0028,-0.0026
SaveOnEvent_ALL_20260908132320082.csv,2026-09-08 13:23:20,-0.0032,-0.0042
SaveOnEvent_ALL_20260908132331631.csv,2026-09-08 13:23:31,-0.0028,-0.0026
SaveOnEvent_ALL_20260908132335657.csv,2026-09-08 13:23:35,-0.0028,-0.0026
SaveOnEvent_ALL_20260908132343256.csv,2026-09-08 13:23:43,-0.0028,-0.003
SaveOnEvent_ALL_20260908132350984.csv,2026-09-08 13:23:50,-0.0032,-0.0026
SaveOnEvent_ALL_20260908132358544.csv,2026-09-08 13:23:58,-0.0028,-0.0026
SaveOnEvent_ALL_20260908132406256.csv,2026-09-08 13:24:06,-0.0028,-0.0038
SaveOnEvent_ALL_20260908132413738.csv,2026-09-08 13:24:13,-0.0032,-0.0026
SaveOnEvent_ALL_20260908132421361.csv,2026-09-08 13:24:21,-0.0032,-0.0038
SaveOnEvent_ALL_20260908132432552.csv,2026-09-08 13:24:32,-0.0028,-0.0034
SaveOnEvent_ALL_20260908132436455.csv,2026-09-08 13:24:36,-0.0044,-0.0038
SaveOnEvent_ALL_20260908132444050.csv,2026-09-08 13:24:44,-0.0036,-0.0034
SaveOnEvent_ALL_20260908132451678.csv,2026-09-08 13:24:51,-0.0032,-0.0042
SaveOnEvent_ALL_20260908132459462.csv,2026-09-08 13:24:59,-0.0028,-0.003
SaveOnEvent_ALL_20260908132507196.csv,2026-09-08 13:25:07,-0.0032,-0.0026
SaveOnEvent_ALL_20260908132514993.csv,2026-09-08 13:25:14,-0.0036,-0.0026
SaveOnEvent_ALL_20260908132522555.csv,2026-09-08 13:25:22,-0.0028,-0.0038
SaveOnEvent_ALL_20260908132530276.csv,2026-09-08 13:25:30,-0.0048,-0.0034
SaveOnEvent_ALL_20260908132538008.csv,2026-09-08 13:25:38,-0.0028,-0.0026
SaveOnEvent_ALL_20260908132545534.csv,2026-09-08 13:25:45,-0.0036,-0.0034
SaveOnEvent_ALL_20260908132553201.csv,2026-09-08 13:25:53,-0.0036,-0.0026
SaveOnEvent_ALL_20260908132601054.csv,2026-09-08 13:26:01,-0.004,-0.0034
SaveOnEvent_ALL_20260908132608749.csv,2026-09-08 13:26:08,-0.004,-0.003
SaveOnEvent_ALL_20260908132616931.csv,2026-09-08 13:26:16,-0.0028,-0.003
SaveOnEvent_ALL_20260908132624737.csv,2026-09-08 13:26:24,-0.0028,-0.0034
SaveOnEvent_ALL_20260908132632480.csv,2026-09-08 13:26:32,-0.0028,-0.0034
SaveOnEvent_ALL_20260908132640183.csv,2026-09-08 13:26:40,-0.0032,-0.003
SaveOnEvent_ALL_20260908132647788.csv,2026-09-08 13:26:47,-0.0032,-0.0042
SaveOnEvent_ALL_20260908132655490.csv,2026-09-08 13:26:55,-0.0036,-0.0026
SaveOnEvent_ALL_20260908132703213.csv,2026-09-08 13:27:03,-0.0032,-0.003
SaveOnEvent_ALL_20260908132711169.csv,2026-09-08 13:27:11,-0.0028,-0.003
SaveOnEvent_ALL_20260908132718847.csv,2026-09-08 13:27:18,-0.0036,-0.0026
SaveOnEvent_ALL_20260908132726658.csv,2026-09-08 13:27:26,-0.0032,-0.003
SaveOnEvent_ALL_20260908132734623.csv,2026-09-08 13:27:34,-0.004,-0.0026
SaveOnEvent_ALL_20260908132742371.csv,2026-09-08 13:27:42,-0.0028,-0.0034
SaveOnEvent_ALL_20260908132750236.csv,2026-09-08 13:27:50,-0.004,-0.0042
SaveOnEvent_ALL_20260908132757912.csv,2026-09-08 13:27:57,-0.0028,-0.0026
SaveOnEvent_ALL_20260908132805742.csv,2026-09-08 13:28:05,-0.0028,-0.0038
SaveOnEvent_ALL_20260908132813638.csv,2026-09-08 13:28:13,-0.0036,-0.0026
SaveOnEvent_ALL_20260908132821299.csv,2026-09-08 13:28:21,-0.0028,-0.0026
SaveOnEvent_ALL_20260908132829165.csv,2026-09-08 13:28:29,-0.0052,-0.0046
SaveOnEvent_ALL_20260908132836841.csv,2026-09-08 13:28:36,-0.0028,-0.0026
SaveOnEvent_ALL_20260908132844802.csv,2026-09-08 13:28:44,-0.0032,-0.0034
SaveOnEvent_ALL_20260908132852748.csv,2026-09-08 13:28:52,-0.0032,-0.003
SaveOnEvent_ALL_20260908132900435.csv,2026-09-08 13:29:00,-0.0032,-0.0034
SaveOnEvent_ALL_20260908132908540.csv,2026-09-08 13:29:08,-0.0028,-0.0026
SaveOnEvent_ALL_20260908132916329.csv,2026-09-08 13:29:16,-0.0032,-0.0034
SaveOnEvent_ALL_20260908132924142.csv,2026-09-08 13:29:24,-0.0032,-0.0026
SaveOnEvent_ALL_20260908132931840.csv,2026-09-08 13:29:31,-0.0032,-0.003
SaveOnEvent_ALL_20260908132940069.csv,2026-09-08 13:29:40,-0.0032,-0.0026
SaveOnEvent_ALL_20260908132948241.csv,2026-09-08 13:29:48,-0.0028,-0.003
SaveOnEvent_ALL_20260908132956110.csv,2026-09-08 13:29:56,-0.0028,-0.0026
SaveOnEvent_ALL_20260908133003909.csv,2026-09-08 13:30:03,-0.0028,-0.0026
SaveOnEvent_ALL_20260908133011703.csv,2026-09-08 13:30:11,-0.004,-0.0026
SaveOnEvent_ALL_20260908133019545.csv,2026-09-08 13:30:19,-0.0028,-0.0026
SaveOnEvent_ALL_20260908133027366.csv,2026-09-08 13:30:27,-0.0028,-0.0026
SaveOnEvent_ALL_20260908133035473.csv,2026-09-08 13:30:35,-0.0028,-0.0026
SaveOnEvent_ALL_20260908133043233.csv,2026-09-08 13:30:43,-0.004,-0.003
SaveOnEvent_ALL_20260908133051249.csv,2026-09-08 13:30:51,-0.0032,-0.0026
SaveOnEvent_ALL_20260908133059051.csv,2026-09-08 13:30:59,-0.0028,-0.0026
SaveOnEvent_ALL_20260908133107075.csv,2026-09-08 13:31:07,-0.0028,-0.003
SaveOnEvent_ALL_20260908133114953.csv,2026-09-08 13:31:14,-0.0028,-0.0026
SaveOnEvent_ALL_20260908133122738.csv,2026-09-08 13:31:22,-0.0028,-0.0026
SaveOnEvent_ALL_20260908133130482.csv,2026-09-08 13:31:30,-0.0028,-0.003
SaveOnEvent_ALL_20260908133138487.csv,2026-09-08 13:31:38,-0.0032,-0.0026
SaveOnEvent_ALL_20260908133146408.csv,2026-09-08 13:31:46,-0.0032,-0.0026
SaveOnEvent_ALL_20260908133154381.csv,2026-09-08 13:31:54,-0.0028,-0.0026
SaveOnEvent_ALL_20260908133202272.csv,2026-09-08 13:32:02,-0.0028,-0.0026
SaveOnEvent_ALL_20260908133210061.csv,2026-09-08 13:32:10,-0.0028,-0.0026
SaveOnEvent_ALL_20260908133217948.csv,2026-09-08 13:32:17,-0.0028,-0.0042
SaveOnEvent_ALL_20260908133225737.csv,2026-09-08 13:32:25,-0.0028,-0.0042
SaveOnEvent_ALL_20260908133233776.csv,2026-09-08 13:32:33,-0.0028,-0.0026
SaveOnEvent_ALL_20260908133241531.csv,2026-09-08 13:32:41,-0.0032,-0.0026
SaveOnEvent_ALL_20260908133249310.csv,2026-09-08 13:32:49,-0.0028,-0.0034
SaveOnEvent_ALL_20260908133257431.csv,2026-09-08 13:32:57,-0.0036,-0.0026
SaveOnEvent_ALL_20260908133305332.csv,2026-09-08 13:33:05,-0.0028,-0.003
SaveOnEvent_ALL_20260908133313178.csv,2026-09-08 13:33:13,-0.0028,-0.0034
SaveOnEvent_ALL_20260908133321147.csv,2026-09-08 13:33:21,-0.0028,-0.0026
SaveOnEvent_ALL_20260908133328966.csv,2026-09-08 13:33:28,-0.0032,-0.0026
SaveOnEvent_ALL_20260908133337117.csv,2026-09-08 13:33:37,-0.0028,-0.003
SaveOnEvent_ALL_20260908133344803.csv,2026-09-08 13:33:44,-0.0036,-0.0046
SaveOnEvent_ALL_20260908133352656.csv,2026-09-08 13:33:52,-0.0032,-0.003
SaveOnEvent_ALL_20260908133404753.csv,2026-09-08 13:34:04,-0.0044,-0.0026
SaveOnEvent_ALL_20260908133408832.csv,2026-09-08 13:34:08,-0.0028,-0.0026
SaveOnEvent_ALL_20260908133416753.csv,2026-09-08 13:34:16,-0.0028,-0.003
SaveOnEvent_ALL_20260908133424691.csv,2026-09-08 13:34:24,-0.0048,-0.0038
SaveOnEvent_ALL_20260908133436388.csv,2026-09-08 13:34:36,-0.0032,-0.0034
SaveOnEvent_ALL_20260908133440411.csv,2026-09-08 13:34:40,-0.0028,-0.0026
SaveOnEvent_ALL_20260908133448410.csv,2026-09-08 13:34:48,-0.0028,-0.0034
SaveOnEvent_ALL_20260908133456339.csv,2026-09-08 13:34:56,-0.0036,-0.0026
SaveOnEvent_ALL_20260908133504271.csv,2026-09-08 13:35:04,-0.0028,-0.003
SaveOnEvent_ALL_20260908133512087.csv,2026-09-08 13:35:12,-0.0028,-0.0026
SaveOnEvent_ALL_20260908133520206.csv,2026-09-08 13:35:20,-0.0036,-0.003
SaveOnEvent_ALL_20260908133528063.csv,2026-09-08 13:35:28,-0.004,-0.003
SaveOnEvent_ALL_20260908133536029.csv,2026-09-08 13:35:36,-0.0036,-0.0026
SaveOnEvent_ALL_20260908133543876.csv,2026-09-08 13:35:43,-0.0068,-0.0026
SaveOnEvent_ALL_20260908133552030.csv,2026-09-08 13:35:52,-0.004,-0.0026
SaveOnEvent_ALL_20260908133600141.csv,2026-09-08 13:36:00,-0.0032,-0.0034
SaveOnEvent_ALL_20260908133608441.csv,2026-09-08 13:36:08,-0.0028,-0.003
SaveOnEvent_ALL_20260908133616482.csv,2026-09-08 13:36:16,-0.004,-0.003
SaveOnEvent_ALL_20260908133624591.csv,2026-09-08 13:36:24,-0.0028,-0.0026
