filename,trigtime,b_field,peak_amp,peak_time,pulse_width,integrated_flux,sum_peak
SaveOnEvent_ch1_20260928004414310.wfm,00:44:14.310000,2.0,-0.006560000125318766,2.2720000000000013e-07,5.011200000000007e-07,-6.300985542519485e-09,-39.38127964074374
SaveOnEvent_ch1_20260928004414510.wfm,00:44:14.510000,1.999,-0.007040000054985285,2.1168000000000032e-07,4.809599999999999e-07,-6.2498047520918764e-09,-39.06143970057019
SaveOnEvent_ch1_20260928004414710.wfm,00:44:14.710000,1.998,-0.007439999841153622,2.913599999999992e-07,5.627200000000003e-07,-7.55322875781916e-09,-47.20783973636571
SaveOnEvent_ch1_20260928004414911.wfm,00:44:14.911000,1.996995,-0.006320000160485506,3.1455999999999924e-07,5.702399999999995e-07,-5.8887999815703355e-09,-36.805039884813596
SaveOnEvent_ch1_20260928004415111.wfm,00:44:15.111000,1.995995,-0.00687999976798892,2.491200000000004e-07,5.166400000000005e-07,-7.07774073162349e-09,-44.2359195726458
SaveOnEvent_ch1_20260928004415310.wfm,00:44:15.310000,1.995,-0.007519999984651804,2.2527999999999965e-07,4.6271999999999953e-07,-7.265593537797686e-09,-45.410079611232504
SaveOnEvent_ch1_20260928004415511.wfm,00:44:15.511000,1.993995,-0.006399999838322401,2.764800000000001e-07,5.836799999999995e-07,-5.600895981625654e-09,-35.005679885158315
SaveOnEvent_ch1_20260928004415711.wfm,00:44:15.711000,1.992995,-0.0061599998734891415,2.4319999999999964e-07,5.537600000000003e-07,-7.752479934340805e-09,-48.453199589625
SaveOnEvent_ch1_20260928004415911.wfm,00:44:15.911000,1.991995,-0.0060800001956522465,2.774399999999995e-07,5.569600000000005e-07,-3.839897618046962e-09,-23.99928011279553
SaveOnEvent_ch1_20260928004416111.wfm,00:44:16.111000,1.990995,-0.0060800001956522465,3.4896000000000013e-07,6.403199999999993e-07,-5.196070397645234e-09,-32.47543998528272
SaveOnEvent_ch1_20260928004416310.wfm,00:44:16.310000,1.99,-0.007280000019818544,2.1519999999999923e-07,5.044800000000003e-07,-4.419104003512768e-09,-27.61944002195378
SaveOnEvent_ch1_20260928004416510.wfm,00:44:16.510000,1.989,-0.007600000128149986,2.2479999999999995e-07,4.7375999999999934e-07,-6.970918354080058e-09,-43.568319712998345
SaveOnEvent_ch1_20260928004416710.wfm,00:44:16.710000,1.988,-0.006800000090152025,3.3264000000000026e-07,5.966399999999998e-07,-6.478182365982792e-09,-40.48863978739246
SaveOnEvent_ch1_20260928004416910.wfm,00:44:16.910000,1.987,-0.006639999803155661,2.958399999999992e-07,5.259200000000009e-07,-6.165369567146988e-09,-38.53367979466566
SaveOnEvent_ch1_20260928004417110.wfm,00:44:17.110000,1.986,-0.007040000054985285,2.609600000000003e-07,5.193600000000011e-07,-5.3233471873844945e-09,-33.2709599211521
SaveOnEvent_ch1_20260928004417310.wfm,00:44:17.310000,1.985,-0.007840000092983246,2.0175999999999923e-07,4.980799999999998e-07,-6.3467775723105285e-09,-39.66735982694081
SaveOnEvent_ch1_20260928004417510.wfm,00:44:17.510000,1.984,-0.0081599997356534,2.2720000000000013e-07,5.1472e-07,-7.910009532489347e-09,-49.437599578057416
SaveOnEvent_ch1_20260928004417710.wfm,00:44:17.710000,1.983,-0.00863999966531992,2.3791999999999958e-07,4.8256e-07,-8.792691109855657e-09,-54.95447943659383
SaveOnEvent_ch1_20260928004417910.wfm,00:44:17.910000,1.982,-0.006639999803155661,3.103999999999996e-07,5.883200000000005e-07,-4.964595202077179e-09,-31.028800012980355
SaveOnEvent_ch1_20260928004418110.wfm,00:44:18.110000,1.981,-0.005840000230818987,3.292800000000007e-07,5.924800000000001e-07,-4.5012031977972945e-09,-28.13255998623208
SaveOnEvent_ch1_20260928004418310.wfm,00:44:18.310000,1.98,-0.007280000019818544,2.4271999999999994e-07,5.04799999999999e-07,-6.237670366181995e-09,-38.98543978863745
SaveOnEvent_ch1_20260928004418511.wfm,00:44:18.511000,1.978995,-0.0077599999494850636,2.2624000000000073e-07,4.889600000000005e-07,-6.092076755391897e-09,-38.07551972119836
SaveOnEvent_ch1_20260928004418710.wfm,00:44:18.710000,1.978,-0.007120000198483467,3.287999999999993e-07,5.492799999999986e-07,-6.0142271573212934e-09,-37.58895973325707
SaveOnEvent_ch1_20260928004418910.wfm,00:44:18.910000,1.977,-0.005919999908655882,3.1312000000000015e-07,6.036799999999993e-07,-6.463430377549957e-09,-40.3965598596842
SaveOnEvent_ch1_20260928004419111.wfm,00:44:19.111000,1.975995,-0.0081599997356534,2.1183999999999965e-07,4.515200000000004e-07,-7.3551807376579376e-09,-45.96999961035908
SaveOnEvent_ch1_20260928004419311.wfm,00:44:19.311000,1.974995,-0.007600000128149986,2.8864000000000034e-07,5.625600000000009e-07,-7.3276607410865835e-09,-45.79791963179014
SaveOnEvent_ch1_20260928004419511.wfm,00:44:19.511000,1.973995,-0.00431999983265996,5.782400000000001e-07,7.697599999999996e-07,-3.941363202817738e-09,-24.633520017610863
SaveOnEvent_ch1_20260928004419711.wfm,00:44:19.711000,1.972995,-0.005280000157654285,4.5135999999999935e-07,6.097599999999994e-07,-3.592652808697893e-09,-22.45408005436184
SaveOnEvent_ch1_20260928004419910.wfm,00:44:19.910000,1.972,-0.007040000054985285,2.9823999999999937e-07,5.483199999999992e-07,-7.0478527347580514e-09,-44.04927959223278
SaveOnEvent_ch1_20260928004420110.wfm,00:44:20.110000,1.971,-0.006719999946653843,2.2319999999999983e-07,4.947200000000002e-07,-6.537279944866896e-09,-40.85807965541608
SaveOnEvent_ch1_20260928004420310.wfm,00:44:20.310000,1.97,-0.007840000092983246,1.711999999999993e-07,4.484799999999995e-07,-7.065388753784355e-09,-44.158799711149186
SaveOnEvent_ch1_20260928004420511.wfm,00:44:20.511000,1.968995,-0.007360000163316727,2.195199999999999e-07,5.249600000000015e-07,-6.188902378068306e-09,-38.68071986292489
SaveOnEvent_ch1_20260928004420711.wfm,00:44:20.711000,1.967995,-0.007280000019818544,2.710400000000007e-07,5.403199999999986e-07,-8.323097529169169e-09,-52.01951955730328
SaveOnEvent_ch1_20260928004420911.wfm,00:44:20.911000,1.966995,-0.0069599999114871025,2.48e-07,5.408e-07,-5.366796772712841e-09,-33.54239982945728
SaveOnEvent_ch1_20260928004421111.wfm,00:44:21.111000,1.965995,-0.007439999841153622,1.935999999999993e-07,5.129599999999989e-07,-7.977523122271523e-09,-49.859759514190955
SaveOnEvent_ch1_20260928004421311.wfm,00:44:21.311000,1.964995,-0.006560000125318766,2.609600000000003e-07,5.483200000000009e-07,-6.005062371173408e-09,-37.53183981982875
SaveOnEvent_ch1_20260928004421511.wfm,00:44:21.511000,1.963995,-0.0060800001956522465,2.7327999999999986e-07,5.984000000000009e-07,-7.0809983718208965e-09,-44.256319823878584
SaveOnEvent_ch1_20260928004421711.wfm,00:44:21.711000,1.962995,-0.00687999976798892,3.3151999999999983e-07,5.5504e-07,-4.719417595968115e-09,-29.496399974799715
SaveOnEvent_ch1_20260928004421910.wfm,00:44:21.910000,1.962,-0.006560000125318766,2.7472000000000065e-07,5.4608e-07,-6.999827152679207e-09,-43.748879704246065
SaveOnEvent_ch1_20260928004422111.wfm,00:44:22.111000,1.960995,-0.004879999905824661,3.5696000000000073e-07,6.927999999999995e-07,-5.215839981224853e-09,-32.5991198826523
SaveOnEvent_ch1_20260928004422311.wfm,00:44:22.311000,1.959995,-0.0061599998734891415,2.7728000000000016e-07,6.312e-07,-5.952422389215787e-09,-37.202719932596665
SaveOnEvent_ch1_20260928004422511.wfm,00:44:22.511000,1.958995,-0.007439999841153622,2.505599999999995e-07,5.091199999999996e-07,-7.925491140782832e-09,-49.534399629890686
SaveOnEvent_ch1_20260928004422711.wfm,00:44:22.711000,1.957995,-0.007280000019818544,1.9551999999999978e-07,4.951999999999999e-07,-5.574950371361338e-09,-34.84343982100836
SaveOnEvent_ch1_20260928004422911.wfm,00:44:22.911000,1.956995,-0.008080000057816505,2.086399999999994e-07,4.852800000000005e-07,-7.946419138913043e-09,-49.6651996182045
SaveOnEvent_ch1_20260928004423111.wfm,00:44:23.111000,1.955995,-0.00791999977082014,2.411199999999998e-07,4.6383999999999995e-07,-6.370406365091909e-09,-39.81511978182243
SaveOnEvent_ch1_20260928004423310.wfm,00:44:23.310000,1.955,-0.006479999981820583,2.865600000000005e-07,5.406400000000006e-07,-6.916294342332985e-09,-43.226959639578126
SaveOnEvent_ch1_20260928004423511.wfm,00:44:23.511000,1.953995,-0.0049600000493228436,3.332799999999993e-07,6.428799999999988e-07,-5.1294591669691734e-09,-32.05919979355531
SaveOnEvent_ch1_20260928004423711.wfm,00:44:23.711000,1.952995,-0.006320000160485506,3.3567999999999947e-07,5.846399999999989e-07,-5.466803194847887e-09,-34.16759996779729
SaveOnEvent_ch1_20260928004423911.wfm,00:44:23.911000,1.951995,-0.006399999838322401,3.0656000000000033e-07,5.888000000000002e-07,-5.692339185415765e-09,-35.577119908848545
SaveOnEvent_ch1_20260928004424110.wfm,00:44:24.110000,1.951,-0.0060800001956522465,3.379200000000003e-07,6.022400000000002e-07,-4.639737611960153e-09,-28.998400074749952
SaveOnEvent_ch1_20260928004424311.wfm,00:44:24.311000,1.949995,-0.007199999876320362,2.385600000000003e-07,5.212799999999999e-07,-6.392319954275152e-09,-39.95223971421365
SaveOnEvent_ch1_20260928004424510.wfm,00:44:24.510000,1.949,-0.006800000090152025,3.9343999999999974e-07,6.361599999999997e-07,-6.73992956175003e-09,-42.12463976093568
SaveOnEvent_ch1_20260928004424711.wfm,00:44:24.711000,1.947995,-0.006399999838322401,2.828800000000006e-07,5.398400000000006e-07,-6.783756750081668e-09,-42.39839968801243
SaveOnEvent_ch1_20260928004424911.wfm,00:44:24.911000,1.946995,-0.00800000037997961,1.9231999999999954e-07,4.788800000000001e-07,-8.980236708177254e-09,-56.12663942610379
SaveOnEvent_ch1_20260928004425111.wfm,00:44:25.111000,1.945995,-0.00863999966531992,2.2832000000000055e-07,4.769599999999996e-07,-7.868793535253498e-09,-49.179999595333356
SaveOnEvent_ch1_20260928004425311.wfm,00:44:25.311000,1.944995,-0.007280000019818544,2.948799999999998e-07,5.472000000000005e-07,-7.788115138805007e-09,-48.675759617530275
SaveOnEvent_ch1_20260928004425511.wfm,00:44:25.511000,1.943995,-0.006320000160485506,2.939200000000004e-07,5.969600000000001e-07,-5.880396785438059e-09,-36.75247990898788
SaveOnEvent_ch1_20260928004425711.wfm,00:44:25.711000,1.942995,-0.007280000019818544,2.086399999999994e-07,5.001599999999996e-07,-6.637497564114164e-09,-41.4844797757105
SaveOnEvent_ch1_20260928004425911.wfm,00:44:25.911000,1.941995,-0.006639999803155661,3.044800000000005e-07,5.849600000000009e-07,-7.96508792601293e-09,-49.78199953757576
SaveOnEvent_ch1_20260928004426111.wfm,00:44:26.111000,1.940995,-0.007840000092983246,2.2367999999999953e-07,5.119999999999995e-07,-7.407078341860324e-09,-46.294319636625005
SaveOnEvent_ch1_20260928004426311.wfm,00:44:26.311000,1.939995,-0.004800000227987766,4.592000000000006e-07,6.419200000000011e-07,-4.958284778506493e-09,-30.989359865663573
SaveOnEvent_ch1_20260928004426511.wfm,00:44:26.511000,1.938995,-0.005520000122487545,3.1216000000000075e-07,6.507200000000001e-07,-4.8100671916850825e-09,-30.062959948030766
SaveOnEvent_ch1_20260928004426710.wfm,00:44:26.710000,1.938,-0.00687999976798892,2.695999999999999e-07,5.496000000000006e-07,-7.107692737707402e-09,-44.423119610670255
SaveOnEvent_ch1_20260928004426911.wfm,00:44:26.911000,1.936995,-0.007120000198483467,2.833600000000003e-07,5.408e-07,-7.223231931277548e-09,-45.14535957048065
SaveOnEvent_ch1_20260928004427110.wfm,00:44:27.110000,1.936,-0.00791999977082014,2.5776000000000005e-07,4.856000000000009e-07,-6.635359957681502e-09,-41.47111973550636
SaveOnEvent_ch1_20260928004427311.wfm,00:44:27.311000,1.934995,-0.0061599998734891415,3.329600000000006e-07,6.278400000000004e-07,-5.290969594521448e-09,-33.06855996575905
SaveOnEvent_ch1_20260928004427511.wfm,00:44:27.511000,1.933995,-0.007199999876320362,2.803199999999994e-07,5.196799999999997e-07,-7.289542344750372e-09,-45.559759654686786
SaveOnEvent_ch1_20260928004427711.wfm,00:44:27.711000,1.932995,-0.007040000054985285,3.0608000000000063e-07,5.521599999999985e-07,-6.043231962525753e-09,-37.770319765782915
SaveOnEvent_ch1_20260928004427911.wfm,00:44:27.911000,1.931995,-0.00872000027447939,2.0928000000000014e-07,4.585599999999999e-07,-6.091187175735832e-09,-38.069919848348945
SaveOnEvent_ch1_20260928004428110.wfm,00:44:28.110000,1.931,-0.006719999946653843,2.056000000000002e-07,4.566400000000011e-07,-5.687161562291442e-09,-35.544879764318466
SaveOnEvent_ch1_20260928004428311.wfm,00:44:28.311000,1.929995,-0.006320000160485506,2.779199999999992e-07,5.865599999999993e-07,-5.954508783672938e-09,-37.21567989795585
SaveOnEvent_ch1_20260928004428511.wfm,00:44:28.511000,1.928995,-0.006560000125318766,3.918399999999996e-07,5.972799999999988e-07,-7.207302341696341e-09,-45.0457596355991
SaveOnEvent_ch1_20260928004428711.wfm,00:44:28.711000,1.927995,-0.0077599999494850636,2.764800000000001e-07,5.502399999999997e-07,-7.2388351373234785e-09,-45.242879608267685
SaveOnEvent_ch1_20260928004428910.wfm,00:44:28.910000,1.927,-0.005840000230818987,2.788800000000003e-07,5.627199999999986e-07,-5.453068765792997e-09,-34.0817597862042
SaveOnEvent_ch1_20260928004429111.wfm,00:44:29.111000,1.925995,-0.006240000016987324,3.8304000000000066e-07,5.615999999999998e-07,-5.613811177276075e-09,-35.08631985797547
SaveOnEvent_ch1_20260928004429311.wfm,00:44:29.311000,1.924995,-0.006719999946653843,2.760000000000004e-07,5.433599999999995e-07,-6.330252758236601e-09,-39.56407973897876
SaveOnEvent_ch1_20260928004429511.wfm,00:44:29.511000,1.923995,-0.007840000092983246,2.3072000000000073e-07,4.903999999999996e-07,-7.083814342026597e-09,-44.27383963766624
SaveOnEvent_ch1_20260928004429711.wfm,00:44:29.711000,1.922995,-0.007679999805986881,2.270400000000008e-07,5.091199999999996e-07,-6.395443165120668e-09,-39.97159978200216
SaveOnEvent_ch1_20260928004429911.wfm,00:44:29.911000,1.921995,-0.007840000092983246,2.0800000000000038e-07,4.976000000000001e-07,-6.4653695592330775e-09,-40.40863974520471
SaveOnEvent_ch1_20260928004430111.wfm,00:44:30.111000,1.920995,-0.007280000019818544,2.449600000000008e-07,4.876800000000007e-07,-6.064857562039978e-09,-37.905519762745826
SaveOnEvent_ch1_20260928004430311.wfm,00:44:30.311000,1.919995,-0.005919999908655882,3.1504000000000063e-07,5.699199999999991e-07,-4.850374396436379e-09,-30.3147999777284
SaveOnEvent_ch1_20260928004430511.wfm,00:44:30.511000,1.918995,-0.006399999838322401,2.724799999999998e-07,5.283199999999994e-07,-5.754873575738164e-09,-35.9680798483605
SaveOnEvent_ch1_20260928004430710.wfm,00:44:30.710000,1.918,-0.007040000054985285,2.825600000000002e-07,5.670399999999992e-07,-5.7000383771932686e-09,-35.62519985745894
SaveOnEvent_ch1_20260928004430911.wfm,00:44:30.911000,1.916995,-0.005760000087320805,2.6672000000000005e-07,6.147200000000008e-07,-5.768211167792324e-09,-36.051359798701014
SaveOnEvent_ch1_20260928004431111.wfm,00:44:31.111000,1.9159950000000001,-0.007600000128149986,2.4176000000000054e-07,5.582400000000003e-07,-7.882342341607437e-09,-49.264799635042436
SaveOnEvent_ch1_20260928004431310.wfm,00:44:31.310000,1.915,-0.004480000119656324,5.612799999999995e-07,7.646400000000005e-07,-5.010259180224964e-09,-31.31415987640503
SaveOnEvent_ch1_20260928004431511.wfm,00:44:31.511000,1.913995,-0.007679999805986881,2.360000000000008e-07,5.398399999999989e-07,-6.8884287608577865e-09,-43.05271975536016
SaveOnEvent_ch1_20260928004431711.wfm,00:44:31.711000,1.912995,-0.004720000084489584,4.3200000000000027e-07,6.753599999999992e-07,-4.271327988707926e-09,-26.69575992942555
SaveOnEvent_ch1_20260928004431910.wfm,00:44:31.910000,1.912,-0.007679999805986881,2.499200000000005e-07,4.979200000000005e-07,-8.336441522652749e-09,-52.10287951657665
SaveOnEvent_ch1_20260928004432111.wfm,00:44:32.111000,1.910995,-0.007040000054985285,2.2096000000000068e-07,5.27999999999999e-07,-7.221510329407176e-09,-45.134639558789786
SaveOnEvent_ch1_20260928004432310.wfm,00:44:32.310000,1.91,-0.007360000163316727,2.803199999999994e-07,5.224000000000003e-07,-6.3196223625517446e-09,-39.497759765945375
SaveOnEvent_ch1_20260928004432511.wfm,00:44:32.511000,1.908995,-0.0069599999114871025,2.1936000000000056e-07,5.332799999999991e-07,-6.986937541922089e-09,-43.66847963701002
SaveOnEvent_ch1_20260928004432711.wfm,00:44:32.711000,1.907995,-0.007120000198483467,2.609600000000003e-07,5.707199999999992e-07,-6.205177562346217e-09,-38.78239976466284
SaveOnEvent_ch1_20260928004432910.wfm,00:44:32.910000,1.907,-0.005840000230818987,2.9327999999999967e-07,5.787200000000015e-07,-7.171910339060705e-09,-44.824559619126376
SaveOnEvent_ch1_20260928004433110.wfm,00:44:33.110000,1.906,-0.006320000160485506,2.7072000000000035e-07,5.627200000000003e-07,-6.8155647537065656e-09,-42.59735971066402
SaveOnEvent_ch1_20260928004433310.wfm,00:44:33.310000,1.905,-0.00791999977082014,2.2192000000000007e-07,5.033599999999999e-07,-7.810291141923515e-09,-48.81439963701996
SaveOnEvent_ch1_20260928004433511.wfm,00:44:33.511000,1.903995,-0.00791999977082014,2.3759999999999922e-07,4.881599999999987e-07,-7.347270329107995e-09,-45.920479556923965
SaveOnEvent_ch1_20260928004433710.wfm,00:44:33.710000,1.903,-0.006000000052154064,2.9775999999999967e-07,5.896000000000003e-07,-5.521478386239613e-09,-34.50927991399658
SaveOnEvent_ch1_20260928004433910.wfm,00:44:33.910000,1.902,-0.0081599997356534,1.9231999999999954e-07,4.755200000000005e-07,-6.610169552385342e-09,-41.31375970240333
SaveOnEvent_ch1_20260928004434111.wfm,00:44:34.111000,1.900995,-0.00863999966531992,2.4128000000000085e-07,4.838399999999998e-07,-6.805817556723489e-09,-42.53639972952078
SaveOnEvent_ch1_20260928004434311.wfm,00:44:34.311000,1.899995,-0.005760000087320805,3.756800000000008e-07,5.916799999999984e-07,-4.812083184774964e-09,-30.07559990484151
SaveOnEvent_ch1_20260928004434510.wfm,00:44:34.510000,1.899,-0.0069599999114871025,2.215999999999997e-07,4.939200000000002e-07,-4.777715178937651e-09,-29.8607998683583
SaveOnEvent_ch1_20260928004434711.wfm,00:44:34.711000,1.897995,-0.007679999805986881,2.2863999999999922e-07,4.8704e-07,-7.836441527144053e-09,-48.977839544648305
SaveOnEvent_ch1_20260928004434911.wfm,00:44:34.911000,1.896995,-0.005919999908655882,2.320000000000005e-07,5.638400000000007e-07,-4.630630404744298e-09,-28.94136002965388
SaveOnEvent_ch1_20260928004435110.wfm,00:44:35.110000,1.896,-0.00824000034481287,2.0287999999999966e-07,4.943999999999999e-07,-5.433420791486277e-09,-33.95887994678924
SaveOnEvent_ch1_20260928004435310.wfm,00:44:35.310000,1.895,-0.006479999981820583,2.798399999999997e-07,5.427199999999988e-07,-5.716908763118552e-09,-35.73063976949197
SaveOnEvent_ch1_20260928004435511.wfm,00:44:35.511000,1.893995,-0.007519999984651804,2.3168000000000013e-07,5.175999999999999e-07,-5.817011172254571e-09,-36.35623982659308
SaveOnEvent_ch1_20260928004435711.wfm,00:44:35.711000,1.892995,-0.00535999983549118,3.9391999999999944e-07,6.792000000000002e-07,-5.183872010265478e-09,-32.39936006415519
SaveOnEvent_ch1_20260928004435911.wfm,00:44:35.911000,1.891995,-0.007600000128149986,2.3871999999999964e-07,5.127999999999996e-07,-6.683436758026946e-09,-41.77159973766538
SaveOnEvent_ch1_20260928004436111.wfm,00:44:36.111000,1.890995,-0.005679999943822622,3.6112000000000036e-07,6.596800000000001e-07,-5.485612770391163e-09,-34.285119814943755
SaveOnEvent_ch1_20260928004436310.wfm,00:44:36.310000,1.89,-0.00791999977082014,2.540800000000001e-07,5.1024e-07,-5.744556774359661e-09,-35.9034398397489
SaveOnEvent_ch1_20260928004436510.wfm,00:44:36.510000,1.889,-0.007840000092983246,2.275200000000005e-07,5.203200000000005e-07,-6.889676775457339e-09,-43.06047984660836
SaveOnEvent_ch1_20260928004436711.wfm,00:44:36.711000,1.887995,-0.00791999977082014,2.655999999999996e-07,5.107199999999997e-07,-7.3196415443811576e-09,-45.74783965238021
SaveOnEvent_ch1_20260928004436910.wfm,00:44:36.910000,1.887,-0.006320000160485506,2.5263999999999933e-07,5.526399999999998e-07,-4.19973121001385e-09,-26.248240062588593
SaveOnEvent_ch1_20260928004437110.wfm,00:44:37.110000,1.886,-0.006320000160485506,3.1712000000000045e-07,5.553600000000004e-07,-3.634636815935374e-09,-22.716400099598104
SaveOnEvent_ch1_20260928004437311.wfm,00:44:37.311000,1.884995,-0.006719999946653843,2.6128000000000066e-07,5.062399999999997e-07,-5.752550352909601e-09,-35.95351970568299
SaveOnEvent_ch1_20260928004437511.wfm,00:44:37.511000,1.883995,-0.006560000125318766,3.2511999999999935e-07,5.327999999999994e-07,-3.4411712188622913e-09,-21.50736011788831
SaveOnEvent_ch1_20260928004437710.wfm,00:44:37.710000,1.883,-0.007360000163316727,2.7568000000000004e-07,5.406399999999989e-07,-6.832479956888128e-09,-42.70311973054777
SaveOnEvent_ch1_20260928004437911.wfm,00:44:37.911000,1.881995,-0.006719999946653843,3.662399999999994e-07,5.5424e-07,-6.226943949889391e-09,-38.91847968680668
SaveOnEvent_ch1_20260928004438111.wfm,00:44:38.111000,1.880995,-0.005760000087320805,3.478399999999997e-07,6.070399999999989e-07,-4.364838398583233e-09,-27.28023999114521
SaveOnEvent_ch1_20260928004438311.wfm,00:44:38.311000,1.879995,-0.007280000019818544,2.4079999999999946e-07,5.496000000000006e-07,-7.186675150715746e-09,-44.91671969197341
SaveOnEvent_ch1_20260928004438511.wfm,00:44:38.511000,1.878995,-0.007840000092983246,1.9791999999999996e-07,4.7535999999999946e-07,-7.949151942015161e-09,-49.68223963759374
SaveOnEvent_ch1_20260928004438711.wfm,00:44:38.711000,1.877995,-0.005679999943822622,4.161600000000001e-07,6.289600000000008e-07,-5.835673565501346e-09,-36.4730397843814
SaveOnEvent_ch1_20260928004438910.wfm,00:44:38.910000,1.877,-0.006560000125318766,2.401600000000004e-07,5.382399999999988e-07,-5.640780775099992e-09,-35.25503984437091
SaveOnEvent_ch1_20260928004439110.wfm,00:44:39.110000,1.876,-0.006399999838322401,2.5871999999999945e-07,5.574400000000002e-07,-5.098451187808533e-09,-31.865359923802316
SaveOnEvent_ch1_20260928004439311.wfm,00:44:39.311000,1.874995,-0.007679999805986881,2.5375999999999975e-07,5.241599999999997e-07,-7.304307145997882e-09,-45.65207966248272
SaveOnEvent_ch1_20260928004439510.wfm,00:44:39.510000,1.874,-0.0061599998734891415,2.635199999999998e-07,5.958399999999997e-07,-5.40362238183152e-09,-33.772799886442954
SaveOnEvent_ch1_20260928004439711.wfm,00:44:39.711000,1.872995,-0.006560000125318766,2.215999999999997e-07,5.033599999999999e-07,-5.2362815847876466e-09,-32.72679990492179
SaveOnEvent_ch1_20260928004439911.wfm,00:44:39.911000,1.871995,-0.005040000192821026,3.8655999999999957e-07,6.702399999999985e-07,-5.075846394507679e-09,-31.72407996567199
SaveOnEvent_ch1_20260928004440110.wfm,00:44:40.110000,1.871,-0.005679999943822622,3.318400000000002e-07,6.3568e-07,-5.322015988042112e-09,-33.26263992526219
SaveOnEvent_ch1_20260928004440310.wfm,00:44:40.310000,1.87,-0.006639999803155661,2.444799999999994e-07,5.745600000000001e-07,-6.208460767781361e-09,-38.80295979863149
SaveOnEvent_ch1_20260928004440510.wfm,00:44:40.510000,1.869,-0.0077599999494850636,2.1231999999999935e-07,5.008000000000004e-07,-7.251750358291901e-09,-45.323519739322364
SaveOnEvent_ch1_20260928004440711.wfm,00:44:40.711000,1.867995,-0.006399999838322401,2.7632000000000077e-07,6.204799999999988e-07,-5.836223985962572e-09,-36.47647991226404
SaveOnEvent_ch1_20260928004440910.wfm,00:44:40.910000,1.867,-0.00687999976798892,2.8111999999999944e-07,5.2368e-07,-6.276691163994836e-09,-39.229359774966724
SaveOnEvent_ch1_20260928004441111.wfm,00:44:41.111000,1.865995,-0.006240000016987324,3.2719999999999917e-07,6.171199999999993e-07,-6.0177663645707034e-09,-37.6111197785649
SaveOnEvent_ch1_20260928004441310.wfm,00:44:41.310000,1.865,-0.006399999838322401,2.110399999999996e-07,5.353600000000006e-07,-4.325804801702034e-09,-27.03624001063872
SaveOnEvent_ch1_20260928004441511.wfm,00:44:41.511000,1.863995,-0.00791999977082014,2.515200000000006e-07,5.198399999999991e-07,-7.965715125689748e-09,-49.78575953555992
SaveOnEvent_ch1_20260928004441711.wfm,00:44:41.711000,1.862995,-0.007519999984651804,3.1455999999999924e-07,5.13759999999999e-07,-6.439033561141694e-09,-40.24399975713459
SaveOnEvent_ch1_20260928004441910.wfm,00:44:41.910000,1.862,-0.009200000204145908,2.0224000000000063e-07,4.571199999999991e-07,-7.202700757966377e-09,-45.016879737289855
SaveOnEvent_ch1_20260928004442110.wfm,00:44:42.110000,1.861,-0.004800000227987766,5.820799999999993e-07,7.232000000000001e-07,-5.026950368301478e-09,-31.4185598018812
SaveOnEvent_ch1_20260928004442310.wfm,00:44:42.310000,1.8599999999999999,-0.006320000160485506,3.283199999999996e-07,6.17599999999999e-07,-5.7015295908227555e-09,-35.634639942640206
SaveOnEvent_ch1_20260928004442510.wfm,00:44:42.510000,1.859,-0.007280000019818544,2.8176000000000016e-07,5.563199999999998e-07,-6.477183959456159e-09,-40.482399746601004
SaveOnEvent_ch1_20260928004442710.wfm,00:44:42.710000,1.858,-0.007199999876320362,2.635199999999998e-07,5.067199999999994e-07,-6.360543957490007e-09,-39.7535997343075
SaveOnEvent_ch1_20260928004442911.wfm,00:44:42.911000,1.856995,-0.006000000052154064,3.8352000000000035e-07,6.992e-07,-6.713267149790191e-09,-41.95799968618667
SaveOnEvent_ch1_20260928004443111.wfm,00:44:43.111000,1.855995,-0.00687999976798892,2.7120000000000005e-07,5.507199999999994e-07,-6.762483139517715e-09,-42.26559962198371
SaveOnEvent_ch1_20260928004443311.wfm,00:44:43.311000,1.854995,-0.00839999970048666,2.2720000000000013e-07,4.495999999999999e-07,-8.63912312580971e-09,-53.99471953630564
SaveOnEvent_ch1_20260928004443511.wfm,00:44:43.511000,1.853995,-0.00687999976798892,2.1088000000000026e-07,4.988799999999999e-07,-6.7422591348038956e-09,-42.139199592522345
SaveOnEvent_ch1_20260928004443711.wfm,00:44:43.711000,1.852995,-0.007120000198483467,2.739200000000006e-07,5.382399999999988e-07,-4.6961663902783775e-09,-29.351039939239854
SaveOnEvent_ch1_20260928004443911.wfm,00:44:43.911000,1.851995,-0.007840000092983246,2.275200000000005e-07,5.393599999999992e-07,-7.4018367402744495e-09,-46.26159962671227
SaveOnEvent_ch1_20260928004444111.wfm,00:44:44.111000,1.850995,-0.006719999946653843,2.3680000000000085e-07,5.22240000000001e-07,-4.882969570192508e-09,-30.518639813701157
SaveOnEvent_ch1_20260928004444311.wfm,00:44:44.311000,1.849995,-0.006560000125318766,2.2079999999999965e-07,5.431999999999985e-07,-7.176735953909813e-09,-44.854719711933285
SaveOnEvent_ch1_20260928004444511.wfm,00:44:44.511000,1.848995,-0.007280000019818544,2.2047999999999928e-07,4.908799999999993e-07,-4.6636671898094924e-09,-29.147919936309336
SaveOnEvent_ch1_20260928004444711.wfm,00:44:44.711000,1.847995,-0.0060800001956522465,2.739200000000006e-07,5.758399999999999e-07,-4.988268797055352e-09,-31.176719981594943
SaveOnEvent_ch1_20260928004444910.wfm,00:44:44.910000,1.847,-0.007600000128149986,2.115199999999993e-07,4.886400000000001e-07,-7.90743671402568e-09,-49.42159946265747
SaveOnEvent_ch1_20260928004445110.wfm,00:44:45.110000,1.846,-0.006800000090152025,2.584000000000008e-07,5.500800000000003e-07,-5.9334335643402316e-09,-37.08407977712341
SaveOnEvent_ch1_20260928004445310.wfm,00:44:45.310000,1.845,-0.00800000037997961,1.771200000000001e-07,5.0128e-07,-6.865695964039769e-09,-42.910639775247546
SaveOnEvent_ch1_20260928004445511.wfm,00:44:45.511000,1.843995,-0.007120000198483467,2.2495999999999928e-07,5.383999999999998e-07,-6.326035168182569e-09,-39.537759801140055
SaveOnEvent_ch1_20260928004445711.wfm,00:44:45.711000,1.842995,-0.00800000037997961,2.1871999999999983e-07,5.044800000000003e-07,-7.105241544819436e-09,-44.40783965511946
SaveOnEvent_ch1_20260928004445911.wfm,00:44:45.911000,1.841995,-0.0081599997356534,1.8480000000000033e-07,4.630399999999999e-07,-6.879654338420369e-09,-42.997919615125284
SaveOnEvent_ch1_20260928004446111.wfm,00:44:46.111000,1.840995,-0.007519999984651804,1.9279999999999924e-07,5.188799999999997e-07,-7.1561727581126625e-09,-44.726079738204135
SaveOnEvent_ch1_20260928004446311.wfm,00:44:46.311000,1.839995,-0.00687999976798892,2.753599999999997e-07,5.129599999999989e-07,-6.871974340141754e-09,-42.94991962588392
SaveOnEvent_ch1_20260928004446511.wfm,00:44:46.511000,1.838995,-0.0060800001956522465,3.003199999999992e-07,5.9536e-07,-6.338092777656857e-09,-39.613119860354345
SaveOnEvent_ch1_20260928004446711.wfm,00:44:46.711000,1.837995,-0.007439999841153622,2.411199999999998e-07,4.843199999999995e-07,-5.391615979368798e-09,-33.69759987105499
SaveOnEvent_ch1_20260928004446910.wfm,00:44:46.910000,1.837,-0.006719999946653843,2.5663999999999963e-07,5.593600000000007e-07,-6.780051151190418e-09,-42.37535969493911
SaveOnEvent_ch1_20260928004447111.wfm,00:44:47.111000,1.835995,-0.006560000125318766,2.870400000000002e-07,5.726400000000013e-07,-6.597139148542191e-09,-41.23223967838567
SaveOnEvent_ch1_20260928004447311.wfm,00:44:47.311000,1.834995,-0.0061599998734891415,2.704e-07,5.928000000000005e-07,-6.205830350064206e-09,-38.78655968789826
SaveOnEvent_ch1_20260928004447510.wfm,00:44:47.510000,1.834,-0.005760000087320805,3.379200000000003e-07,6.323200000000004e-07,-4.613171187983827e-09,-28.83231992489891
SaveOnEvent_ch1_20260928004447711.wfm,00:44:47.711000,1.832995,-0.006320000160485506,2.5520000000000054e-07,5.300800000000005e-07,-5.7850047686719315e-09,-36.156319804198574
SaveOnEvent_ch1_20260928004447910.wfm,00:44:47.910000,1.832,-0.006240000016987324,2.995200000000008e-07,5.287999999999991e-07,-4.301708814022132e-09,-26.8857600876363
SaveOnEvent_ch1_20260928004448111.wfm,00:44:48.111000,1.830995,-0.005040000192821026,4.863999999999993e-07,7.385600000000006e-07,-3.961030403876211e-09,-24.756400024227332
SaveOnEvent_ch1_20260928004448311.wfm,00:44:48.311000,1.829995,-0.005280000157654285,3.398400000000008e-07,6.236799999999991e-07,-2.914380834992043e-09,-18.214800218702294
SaveOnEvent_ch1_20260928004448510.wfm,00:44:48.510000,1.829,-0.007679999805986881,1.811200000000004e-07,5.324800000000007e-07,-7.185203166645948e-09,-44.907599791535176
SaveOnEvent_ch1_20260928004448711.wfm,00:44:48.711000,1.827995,-0.007040000054985285,2.9823999999999937e-07,5.468800000000001e-07,-5.051155175527091e-09,-31.569679847045336
SaveOnEvent_ch1_20260928004448911.wfm,00:44:48.911000,1.826995,-0.006320000160485506,3.0816000000000045e-07,5.929599999999998e-07,-5.8464255824778206e-09,-36.54023989048437
SaveOnEvent_ch1_20260928004449110.wfm,00:44:49.110000,1.826,-0.004720000084489584,4.1743999999999985e-07,7.017599999999995e-07,-3.774982407160567e-09,-23.593600044754567
SaveOnEvent_ch1_20260928004449311.wfm,00:44:49.311000,1.824995,-0.007519999984651804,2.225600000000008e-07,5.574399999999985e-07,-6.191603174898775e-09,-38.697519843117334
SaveOnEvent_ch1_20260928004449510.wfm,00:44:49.510000,1.824,-0.007360000163316727,2.6319999999999945e-07,5.321600000000003e-07,-5.499443180505186e-09,-34.371519878157414
SaveOnEvent_ch1_20260928004449710.wfm,00:44:49.710000,1.823,-0.008080000057816505,2.2575999999999934e-07,5.068799999999988e-07,-6.1076927680545475e-09,-38.17303980034194
SaveOnEvent_ch1_20260928004449911.wfm,00:44:49.911000,1.821995,-0.006399999838322401,3.0959999999999954e-07,5.732800000000004e-07,-5.911551977349444e-09,-36.94727985843201
SaveOnEvent_ch1_20260928004450110.wfm,00:44:50.110000,1.821,-0.0069599999114871025,2.5215999999999963e-07,4.860799999999989e-07,-5.810918366243133e-09,-36.31823978901957
SaveOnEvent_ch1_20260928004450311.wfm,00:44:50.311000,1.819995,-0.006639999803155661,2.3888000000000067e-07,5.481599999999998e-07,-6.389747167457825e-09,-39.935999796609394
SaveOnEvent_ch1_20260928004450510.wfm,00:44:50.510000,1.819,-0.00863999966531992,1.980799999999993e-07,4.886400000000001e-07,-6.772326355404219e-09,-42.32703972127638
SaveOnEvent_ch1_20260928004450711.wfm,00:44:50.711000,1.817995,-0.006399999838322401,2.695999999999999e-07,4.984000000000002e-07,-5.083359979151281e-09,-31.770959869696526
SaveOnEvent_ch1_20260928004450911.wfm,00:44:50.911000,1.816995,-0.007439999841153622,2.291200000000006e-07,5.019200000000008e-07,-5.858809580092781e-09,-36.61759987557889
SaveOnEvent_ch1_20260928004451111.wfm,00:44:51.111000,1.815995,-0.00687999976798892,2.350399999999997e-07,5.646400000000007e-07,-5.4651391775533566e-09,-34.15711985970847
SaveOnEvent_ch1_20260928004451311.wfm,00:44:51.311000,1.814995,-0.007199999876320362,2.500799999999998e-07,5.390400000000005e-07,-6.50032636505086e-09,-40.62719978156383
SaveOnEvent_ch1_20260928004451511.wfm,00:44:51.511000,1.813995,-0.005679999943822622,3.148799999999996e-07,5.513600000000001e-07,-5.309119951520113e-09,-33.18199969700072
SaveOnEvent_ch1_20260928004451711.wfm,00:44:51.711000,1.812995,-0.007120000198483467,2.6111999999999963e-07,5.388800000000012e-07,-4.881855995873918e-09,-30.511519974214025
SaveOnEvent_ch1_20260928004451910.wfm,00:44:51.910000,1.812,-0.006639999803155661,3.4911999999999946e-07,5.755199999999995e-07,-6.374022368390578e-09,-39.83767980244011
SaveOnEvent_ch1_20260928004452111.wfm,00:44:52.111000,1.810995,-0.0069599999114871025,2.5983999999999987e-07,5.408e-07,-6.365951964226551e-09,-39.787199776415946
SaveOnEvent_ch1_20260928004452311.wfm,00:44:52.311000,1.809995,-0.007280000019818544,2.539200000000008e-07,5.192e-07,-6.593043166536374e-09,-41.206559790851315
SaveOnEvent_ch1_20260928004452510.wfm,00:44:52.510000,1.809,-0.006240000016987324,2.2464000000000061e-07,5.627199999999986e-07,-5.302508785368412e-09,-33.140719908551546
SaveOnEvent_ch1_20260928004452710.wfm,00:44:52.710000,1.808,-0.00791999977082014,2.409600000000005e-07,5.136000000000013e-07,-7.822412736341356e-09,-48.89023960212944
SaveOnEvent_ch1_20260928004452910.wfm,00:44:52.910000,1.807,-0.005760000087320805,3.3552000000000014e-07,6.294399999999988e-07,-5.853158360840749e-09,-36.58231975525268
SaveOnEvent_ch1_20260928004453111.wfm,00:44:53.111000,1.805995,-0.007199999876320362,2.3968000000000073e-07,5.577599999999989e-07,-5.5988351948792125e-09,-34.99271996799507
SaveOnEvent_ch1_20260928004453311.wfm,00:44:53.311000,1.804995,-0.006000000052154064,2.3711999999999952e-07,6.150399999999995e-07,-5.865414382463786e-09,-36.658959890395636
SaveOnEvent_ch1_20260928004453510.wfm,00:44:53.510000,1.804,-0.006560000125318766,2.9775999999999967e-07,5.609599999999991e-07,-4.297683217714077e-09,-26.86048011071398
SaveOnEvent_ch1_20260928004453710.wfm,00:44:53.710000,1.803,-0.005679999943822622,2.784000000000006e-07,5.795199999999998e-07,-5.5971071592345805e-09,-34.981999745214125
SaveOnEvent_ch1_20260928004453910.wfm,00:44:53.910000,1.802,-0.00687999976798892,2.175999999999994e-07,5.6848e-07,-6.273420750647781e-09,-39.208879691548645
SaveOnEvent_ch1_20260928004454111.wfm,00:44:54.111000,1.800995,-0.006800000090152025,2.915200000000002e-07,5.743999999999991e-07,-6.446163159206044e-09,-40.28863974503474
SaveOnEvent_ch1_20260928004454311.wfm,00:44:54.311000,1.799995,-0.0077599999494850636,2.695999999999999e-07,4.953599999999993e-07,-6.3139903617766685e-09,-39.46239976110519
SaveOnEvent_ch1_20260928004454510.wfm,00:44:54.510000,1.799,-0.0061599998734891415,2.5968000000000054e-07,5.750399999999998e-07,-5.073631993539167e-09,-31.710079959622817
SaveOnEvent_ch1_20260928004454710.wfm,00:44:54.710000,1.798,-0.006479999981820583,2.939200000000004e-07,5.443200000000006e-07,-5.581299171065913e-09,-34.88319981915993
SaveOnEvent_ch1_20260928004454911.wfm,00:44:54.911000,1.796995,-0.006479999981820583,2.8160000000000083e-07,5.870400000000007e-07,-6.5016191657912024e-09,-40.63519978619297
SaveOnEvent_ch1_20260928004455111.wfm,00:44:55.111000,1.795995,-0.006320000160485506,2.6527999999999926e-07,5.915200000000007e-07,-5.8211455762106915e-09,-36.382319851312786
SaveOnEvent_ch1_20260928004455310.wfm,00:44:55.310000,1.795,-0.006000000052154064,3.0816000000000045e-07,5.401600000000009e-07,-4.1229695980064585e-09,-25.768639987538336
SaveOnEvent_ch1_20260928004455510.wfm,00:44:55.510000,1.794,-0.005520000122487545,2.9215999999999925e-07,5.472000000000005e-07,-4.789631988261826e-09,-29.935199926636415
SaveOnEvent_ch1_20260928004455711.wfm,00:44:55.711000,1.792995,-0.00687999976798892,3.0015999999999985e-07,5.516800000000005e-07,-5.161055989067535e-09,-32.25655993167311
SaveOnEvent_ch1_20260928004455911.wfm,00:44:55.911000,1.791995,-0.007199999876320362,2.1568000000000062e-07,4.820799999999986e-07,-6.0639039598102675e-09,-37.899439748813165
SaveOnEvent_ch1_20260928004456111.wfm,00:44:56.111000,1.790995,-0.0069599999114871025,2.404800000000008e-07,5.491200000000009e-07,-7.026163129811175e-09,-43.913599561317824
SaveOnEvent_ch1_20260928004456311.wfm,00:44:56.311000,1.789995,-0.006800000090152025,2.3776000000000024e-07,5.745600000000001e-07,-7.043443132047542e-09,-44.02167957529309
SaveOnEvent_ch1_20260928004456511.wfm,00:44:56.511000,1.788995,-0.007040000054985285,2.534399999999994e-07,5.375999999999997e-07,-6.259980750591492e-09,-39.12495969119482
SaveOnEvent_ch1_20260928004456711.wfm,00:44:56.711000,1.787995,-0.0069599999114871025,1.756799999999993e-07,5.068799999999988e-07,-7.90390389512526e-09,-49.399599344527815
SaveOnEvent_ch1_20260928004456911.wfm,00:44:56.911000,1.7869950000000001,-0.007439999841153622,2.2447999999999959e-07,4.968000000000001e-07,-6.440927961037958e-09,-40.25583975648624
SaveOnEvent_ch1_20260928004457111.wfm,00:44:57.111000,1.785995,-0.0061599998734891415,3.5664000000000037e-07,5.696000000000004e-07,-5.206060789085457e-09,-32.53791993178311
SaveOnEvent_ch1_20260928004457310.wfm,00:44:57.310000,1.785,-0.00687999976798892,2.5583999999999957e-07,5.737600000000001e-07,-6.583289553953799e-09,-41.14559971221024
SaveOnEvent_ch1_20260928004457511.wfm,00:44:57.511000,1.783995,-0.007040000054985285,2.0943999999999947e-07,5.292800000000005e-07,-7.2712383273267165e-09,-45.44535954578896
SaveOnEvent_ch1_20260928004457711.wfm,00:44:57.711000,1.7829949999999999,-0.006479999981820583,2.9472000000000046e-07,5.889600000000012e-07,-6.039199961491395e-09,-37.74503975932021
SaveOnEvent_ch1_20260928004457911.wfm,00:44:57.911000,1.781995,-0.006479999981820583,2.585600000000001e-07,5.419200000000004e-07,-6.335071953285951e-09,-39.594239708036184
SaveOnEvent_ch1_20260928004458111.wfm,00:44:58.111000,1.7809949999999999,-0.006000000052154064,3.836799999999997e-07,6.961599999999991e-07,-5.408121598286088e-09,-33.80079998928704
SaveOnEvent_ch1_20260928004458311.wfm,00:44:58.311000,1.779995,-0.007199999876320362,2.5183999999999927e-07,5.308800000000006e-07,-5.889030369224493e-09,-36.80647980765207
SaveOnEvent_ch1_20260928004458511.wfm,00:44:58.511000,1.778995,-0.005840000230818987,2.401600000000004e-07,5.814400000000003e-07,-5.015910384878518e-09,-31.349519905488705
SaveOnEvent_ch1_20260928004458711.wfm,00:44:58.711000,1.777995,-0.007360000163316727,2.4079999999999946e-07,5.084799999999989e-07,-5.43840638572583e-09,-33.990079910785425
SaveOnEvent_ch1_20260928004458911.wfm,00:44:58.911000,1.7769949999999999,-0.007439999841153622,2.584000000000008e-07,5.500800000000003e-07,-6.468115156313871e-09,-40.42575972696068
SaveOnEvent_ch1_20260928004459111.wfm,00:44:59.111000,1.775995,-0.0061599998734891415,2.915200000000002e-07,6.209600000000002e-07,-5.978771178412716e-09,-37.36727986508049
SaveOnEvent_ch1_20260928004459311.wfm,00:44:59.311000,1.774995,-0.006639999803155661,2.2224000000000043e-07,5.779199999999997e-07,-5.272031980359461e-09,-32.95023987724562
SaveOnEvent_ch1_20260928004459511.wfm,00:44:59.511000,1.773995,-0.007040000054985285,2.414400000000002e-07,5.252800000000002e-07,-6.093958370003385e-09,-38.08719981252216
SaveOnEvent_ch1_20260928004459711.wfm,00:44:59.711000,1.7729949999999999,-0.007280000019818544,2.8063999999999974e-07,6.099200000000004e-07,-6.452819166842379e-09,-40.33015979276388
SaveOnEvent_ch1_20260928004459910.wfm,00:44:59.910000,1.772,-0.007679999805986881,2.1248000000000038e-07,4.892800000000008e-07,-6.4145919556822615e-09,-40.09127972301212
SaveOnEvent_ch1_20260928004500111.wfm,00:45:00.111000,1.770995,-0.005919999908655882,3.1104000000000033e-07,5.987199999999996e-07,-5.2094975933711966e-09,-32.559439958567964
SaveOnEvent_ch1_20260928004500311.wfm,00:45:00.311000,1.769995,-0.006560000125318766,2.4672000000000024e-07,5.619200000000002e-07,-6.113919969717972e-09,-38.212079810735304
SaveOnEvent_ch1_20260928004500510.wfm,00:45:00.510000,1.769,-0.005760000087320805,3.459199999999992e-07,5.846400000000006e-07,-4.508383995161854e-09,-28.177519969758578
SaveOnEvent_ch1_20260928004500711.wfm,00:45:00.711000,1.767995,-0.0069599999114871025,2.7775999999999986e-07,5.572799999999992e-07,-6.613171157413163e-09,-41.33239973383024
SaveOnEvent_ch1_20260928004500911.wfm,00:45:00.911000,1.766995,-0.008799999952316284,1.8175999999999943e-07,4.516799999999997e-07,-7.172851145537571e-09,-44.83055965960375
SaveOnEvent_ch1_20260928004501111.wfm,00:45:01.111000,1.765995,-0.007120000198483467,2.3759999999999922e-07,5.379200000000001e-07,-5.4291327768564215e-09,-33.93215985535062
SaveOnEvent_ch1_20260928004501311.wfm,00:45:01.311000,1.764995,-0.005919999908655882,3.6095999999999934e-07,6.543999999999983e-07,-6.327705567488446e-09,-39.54815979680279
SaveOnEvent_ch1_20260928004501511.wfm,00:45:01.511000,1.763995,-0.00839999970048666,2.499200000000005e-07,5.580800000000009e-07,-6.664179175794125e-09,-41.65111984871328
SaveOnEvent_ch1_20260928004501711.wfm,00:45:01.711000,1.762995,-0.006479999981820583,2.5663999999999963e-07,5.833599999999991e-07,-5.123974379517605e-09,-32.02487987198401
SaveOnEvent_ch1_20260928004501911.wfm,00:45:01.911000,1.761995,-0.00800000037997961,2.699200000000003e-07,4.932800000000011e-07,-6.707788746920414e-09,-41.92383966824855
SaveOnEvent_ch1_20260928004502111.wfm,00:45:02.111000,1.7609949999999999,-0.00687999976798892,2.2335999999999916e-07,5.361600000000006e-07,-6.663110338009427e-09,-41.644559612555895
SaveOnEvent_ch1_20260928004502311.wfm,00:45:02.311000,1.759995,-0.006719999946653843,2.0287999999999966e-07,5.179200000000003e-07,-8.056863920830655e-09,-50.35551950518857
SaveOnEvent_ch1_20260928004502511.wfm,00:45:02.511000,1.758995,-0.00687999976798892,2.6319999999999945e-07,5.100800000000007e-07,-5.822239969663788e-09,-36.38903981039766
SaveOnEvent_ch1_20260928004502711.wfm,00:45:02.711000,1.757995,-0.006719999946653843,2.905600000000008e-07,5.521600000000001e-07,-6.2993535519624124e-09,-39.37103969976306
SaveOnEvent_ch1_20260928004502911.wfm,00:45:02.911000,1.756995,-0.006479999981820583,3.148799999999996e-07,5.644799999999997e-07,-6.985587147069164e-09,-43.65999966918025
SaveOnEvent_ch1_20260928004503111.wfm,00:45:03.111000,1.755995,-0.009359999559819698,2.2415999999999922e-07,4.484799999999995e-07,-7.416595134490634e-09,-46.35375959056546
SaveOnEvent_ch1_20260928004503311.wfm,00:45:03.311000,1.754995,-0.005919999908655882,3.068800000000007e-07,5.987199999999996e-07,-6.351769583709537e-09,-39.69855989818461
SaveOnEvent_ch1_20260928004503511.wfm,00:45:03.511000,1.753995,-0.00687999976798892,2.860800000000008e-07,5.680000000000003e-07,-6.419948762578424e-09,-40.12463976611616
SaveOnEvent_ch1_20260928004503711.wfm,00:45:03.711000,1.7529949999999999,-0.007519999984651804,2.8719999999999955e-07,5.408e-07,-7.931667137381153e-09,-49.57303960862919
SaveOnEvent_ch1_20260928004503911.wfm,00:45:03.911000,1.751995,-0.006240000016987324,2.4479999999999976e-07,5.688000000000004e-07,-6.6426175432489224e-09,-41.51647964530275
SaveOnEvent_ch1_20260928004504111.wfm,00:45:04.111000,1.750995,-0.005439999978989363,3.244800000000003e-07,6.231999999999994e-07,-5.31833597484976e-09,-33.239599842811
SaveOnEvent_ch1_20260928004504311.wfm,00:45:04.311000,1.749995,-0.007439999841153622,2.505599999999995e-07,5.355199999999999e-07,-7.032569565491284e-09,-43.9536797843175
SaveOnEvent_ch1_20260928004504511.wfm,00:45:04.511000,1.7489949999999999,-0.005439999978989363,3.803200000000001e-07,6.919999999999995e-07,-5.116140789201018e-09,-31.97583993250737
SaveOnEvent_ch1_20260928004504711.wfm,00:45:04.711000,1.747995,-0.004800000227987766,4.484799999999995e-07,7.196799999999995e-07,-4.045081608304756e-09,-25.281680051906733
SaveOnEvent_ch1_20260928004504911.wfm,00:45:04.911000,1.746995,-0.007280000019818544,2.8559999999999943e-07,5.612800000000012e-07,-6.812294353044125e-09,-42.57687970652478
SaveOnEvent_ch1_20260928004505110.wfm,00:45:05.110000,1.746,-0.007679999805986881,2.5968000000000054e-07,4.5984000000000134e-07,-7.075795148846225e-09,-44.22383968028589
SaveOnEvent_ch1_20260928004505311.wfm,00:45:05.311000,1.744995,-0.005280000157654285,3.5952000000000024e-07,6.247999999999995e-07,-4.5651967936242016e-09,-28.53255996014923
SaveOnEvent_ch1_20260928004505511.wfm,00:45:05.511000,1.743995,-0.007519999984651804,1.7184000000000004e-07,5.023999999999988e-07,-6.31508475699462e-09,-39.469279731216375
SaveOnEvent_ch1_20260928004505711.wfm,00:45:05.711000,1.742995,-0.007199999876320362,3.038399999999998e-07,5.391999999999999e-07,-5.361388793566731e-09,-33.50863995979307
SaveOnEvent_ch1_20260928004505911.wfm,00:45:05.911000,1.741995,-0.006240000016987324,3.1024000000000027e-07,5.483200000000009e-07,-6.04261115337722e-09,-37.766399708605604
SaveOnEvent_ch1_20260928004506111.wfm,00:45:06.111000,1.7409949999999998,-0.006800000090152025,2.6319999999999945e-07,5.711999999999989e-07,-5.8444223653175865e-09,-36.52767978323391
SaveOnEvent_ch1_20260928004506311.wfm,00:45:06.311000,1.739995,-0.006560000125318766,2.9327999999999967e-07,5.596799999999994e-07,-5.339251190354114e-09,-33.370399939711206
SaveOnEvent_ch1_20260928004506511.wfm,00:45:06.511000,1.738995,-0.006000000052154064,3.393599999999994e-07,6.115199999999988e-07,-5.958566358387469e-09,-37.24103973992169
SaveOnEvent_ch1_20260928004506711.wfm,00:45:06.711000,1.737995,-0.006719999946653843,3.0959999999999954e-07,5.875200000000004e-07,-5.9415679630823444e-09,-37.134879769262625
SaveOnEvent_ch1_20260928004506910.wfm,00:45:06.910000,1.737,-0.006479999981820583,2.3680000000000085e-07,5.356799999999992e-07,-5.499526374016421e-09,-34.37215983759961
SaveOnEvent_ch1_20260928004507110.wfm,00:45:07.110000,1.736,-0.007040000054985285,2.6031999999999957e-07,4.964799999999997e-07,-6.25772154500475e-09,-39.110879656276666
SaveOnEvent_ch1_20260928004507310.wfm,00:45:07.310000,1.7349999999999999,-0.00887999963015318,2.1984000000000025e-07,4.7344000000000067e-07,-8.330956738144158e-09,-52.068479613400996
SaveOnEvent_ch1_20260928004507511.wfm,00:45:07.511000,1.733995,-0.006639999803155661,2.6767999999999944e-07,5.739199999999994e-07,-6.4499519567075185e-09,-40.31223972942098
SaveOnEvent_ch1_20260928004507711.wfm,00:45:07.711000,1.7329949999999998,-0.006240000016987324,2.6479999999999957e-07,5.977600000000002e-07,-7.026009539421648e-09,-43.91263962138328
SaveOnEvent_ch1_20260928004507911.wfm,00:45:07.911000,1.731995,-0.005919999908655882,3.7056000000000006e-07,6.425600000000002e-07,-6.698617560931015e-09,-41.86639975581784
SaveOnEvent_ch1_20260928004508111.wfm,00:45:08.111000,1.730995,-0.007199999876320362,2.660799999999993e-07,5.617599999999992e-07,-6.946278355424293e-09,-43.414319721399806
SaveOnEvent_ch1_20260928004508311.wfm,00:45:08.311000,1.729995,-0.007360000163316727,2.2863999999999922e-07,4.7392000000000037e-07,-6.6227327422704554e-09,-41.39215963918832
SaveOnEvent_ch1_20260928004508511.wfm,00:45:08.511000,1.728995,-0.005520000122487545,2.8976000000000076e-07,6.028799999999992e-07,-4.996153574010822e-09,-31.226079837564612
SaveOnEvent_ch1_20260928004508711.wfm,00:45:08.711000,1.727995,-0.008960000239312649,2.2863999999999922e-07,4.625600000000002e-07,-7.067987148344981e-09,-44.17503967715311
SaveOnEvent_ch1_20260928004508911.wfm,00:45:08.911000,1.726995,-0.00559999980032444,3.2511999999999935e-07,6.246400000000002e-07,-4.427929601236245e-09,-27.67456000772654
SaveOnEvent_ch1_20260928004509111.wfm,00:45:09.111000,1.725995,-0.005200000014156103,4.2031999999999973e-07,7.177600000000007e-07,-5.659801582987421e-09,-35.37375989367138
SaveOnEvent_ch1_20260928004509310.wfm,00:45:09.310000,1.725,-0.006560000125318766,3.084800000000008e-07,5.812799999999993e-07,-5.332985592742915e-09,-33.331199954642216
SaveOnEvent_ch1_20260928004509510.wfm,00:45:09.510000,1.724,-0.005760000087320805,3.313600000000005e-07,5.920000000000004e-07,-4.757945583595426e-09,-29.73719989747042
SaveOnEvent_ch1_20260928004509710.wfm,00:45:09.710000,1.7229999999999999,-0.0081599997356534,1.7599999999999967e-07,4.92159999999999e-07,-8.320454326693431e-09,-52.00295954183093
SaveOnEvent_ch1_20260928004509911.wfm,00:45:09.911000,1.721995,-0.00559999980032444,3.063999999999993e-07,6.532799999999996e-07,-5.310099187309385e-09,-33.188079920684686
SaveOnEvent_ch1_20260928004510110.wfm,00:45:10.110000,1.721,-0.007679999805986881,2.489599999999994e-07,5.175999999999999e-07,-6.317158372816631e-09,-39.482239830103936
SaveOnEvent_ch1_20260928004510310.wfm,00:45:10.310000,1.72,-0.007199999876320362,2.0175999999999923e-07,5.174400000000006e-07,-6.308275155266745e-09,-39.42671972041717
SaveOnEvent_ch1_20260928004510511.wfm,00:45:10.511000,1.718995,-0.00687999976798892,2.48e-07,5.446399999999992e-07,-7.249977533549535e-09,-45.31247958468157
SaveOnEvent_ch1_20260928004510711.wfm,00:45:10.711000,1.717995,-0.006560000125318766,2.724799999999998e-07,5.988800000000006e-07,-6.024230372845193e-09,-37.65151983028045
SaveOnEvent_ch1_20260928004510910.wfm,00:45:10.910000,1.717,-0.006240000016987324,3.1424000000000057e-07,5.94720000000001e-07,-6.266739161955192e-09,-39.16719976221793
SaveOnEvent_ch1_20260928004511111.wfm,00:45:11.111000,1.715995,-0.006639999803155661,2.529599999999997e-07,5.931200000000009e-07,-7.908735939627512e-09,-49.429759622667916
SaveOnEvent_ch1_20260928004511310.wfm,00:45:11.310000,1.7149999999999999,-0.005280000157654285,4.1488000000000034e-07,7.276800000000001e-07,-5.653075168451759e-09,-35.33175980282249
SaveOnEvent_ch1_20260928004511510.wfm,00:45:11.510000,1.714,-0.007040000054985285,2.8959999999999973e-07,5.388799999999995e-07,-5.963916758233683e-09,-37.274639738956466
SaveOnEvent_ch1_20260928004511710.wfm,00:45:11.710000,1.713,-0.006639999803155661,2.420799999999992e-07,5.511999999999991e-07,-5.2691007823473765e-09,-32.93183988967212
SaveOnEvent_ch1_20260928004511910.wfm,00:45:11.910000,1.712,-0.007679999805986881,2.4128000000000085e-07,5.252799999999985e-07,-7.839110334136058e-09,-48.99447958834935
SaveOnEvent_ch1_20260928004512111.wfm,00:45:12.111000,1.710995,-0.007439999841153622,2.5983999999999987e-07,5.227200000000006e-07,-7.447302344355265e-09,-46.545759652217384
SaveOnEvent_ch1_20260928004512311.wfm,00:45:12.311000,1.709995,-0.006320000160485506,2.3743999999999988e-07,5.614400000000005e-07,-6.592876744193489e-09,-41.205679651204264
SaveOnEvent_ch1_20260928004512510.wfm,00:45:12.510000,1.709,-0.005919999908655882,3.0576000000000027e-07,6.681600000000004e-07,-7.0138367650937285e-09,-43.836639781831764
SaveOnEvent_ch1_20260928004512710.wfm,00:45:12.710000,1.708,-0.007439999841153622,2.3680000000000085e-07,5.268800000000003e-07,-6.788294359866996e-09,-42.42687974916771
SaveOnEvent_ch1_20260928004512911.wfm,00:45:12.911000,1.706995,-0.008080000057816505,2.3040000000000037e-07,5.067200000000011e-07,-7.619289541109464e-09,-47.620719631930115
SaveOnEvent_ch1_20260928004513110.wfm,00:45:13.110000,1.706,-0.007040000054985285,2.3280000000000055e-07,5.225599999999996e-07,-6.749772737845776e-09,-42.186159611534094
SaveOnEvent_ch1_20260928004513311.wfm,00:45:13.311000,1.704995,-0.0069599999114871025,1.9183999999999984e-07,4.790399999999994e-07,-6.815993540959899e-09,-42.60007963099633
SaveOnEvent_ch1_20260928004513511.wfm,00:45:13.511000,1.703995,-0.007360000163316727,2.091200000000008e-07,5.467200000000008e-07,-8.154950326543764e-09,-50.96847954089753
SaveOnEvent_ch1_20260928004513711.wfm,00:45:13.711000,1.702995,-0.006560000125318766,2.2432000000000025e-07,5.356800000000009e-07,-6.1103231630008666e-09,-38.18951976875542
SaveOnEvent_ch1_20260928004513911.wfm,00:45:13.911000,1.701995,-0.007519999984651804,2.046400000000008e-07,4.92159999999999e-07,-7.010572743788361e-09,-43.81623964867322
SaveOnEvent_ch1_20260928004514111.wfm,00:45:14.111000,1.700995,-0.0060800001956522465,3.168000000000001e-07,5.777600000000004e-07,-6.791417546484154e-09,-42.44655966552091
SaveOnEvent_ch1_20260928004514311.wfm,00:45:14.311000,1.699995,-0.006719999946653843,2.539200000000008e-07,5.823999999999997e-07,-7.0790015650587144e-09,-44.24383978161495
SaveOnEvent_ch1_20260928004514511.wfm,00:45:14.511000,1.698995,-0.006240000016987324,2.3696000000000018e-07,5.276800000000003e-07,-6.371980741075241e-09,-39.82487963172025
SaveOnEvent_ch1_20260928004514711.wfm,00:45:14.711000,1.697995,-0.006240000016987324,2.928e-07,5.694400000000011e-07,-5.650233571378047e-09,-35.31399982111179
SaveOnEvent_ch1_20260928004514911.wfm,00:45:14.911000,1.696995,-0.007360000163316727,2.3215999999999982e-07,5.179200000000003e-07,-6.445676767725965e-09,-40.28551979828626
SaveOnEvent_ch1_20260928004515111.wfm,00:45:15.111000,1.695995,-0.006320000160485506,2.7167999999999974e-07,5.510399999999997e-07,-4.814431985111439e-09,-30.09007990694954
SaveOnEvent_ch1_20260928004515310.wfm,00:45:15.310000,1.695,-0.0069599999114871025,2.5776000000000005e-07,5.412799999999997e-07,-7.166918336839878e-09,-44.79335960524622
SaveOnEvent_ch1_20260928004515510.wfm,00:45:15.510000,1.694,-0.006639999803155661,2.5728000000000036e-07,5.433599999999995e-07,-5.990438366062007e-09,-37.44031978788553
SaveOnEvent_ch1_20260928004515710.wfm,00:45:15.710000,1.693,-0.006719999946653843,2.7823999999999956e-07,5.064000000000008e-07,-5.152435168060471e-09,-32.20279980037594
SaveOnEvent_ch1_20260928004515911.wfm,00:45:15.911000,1.691995,-0.006399999838322401,2.3696000000000018e-07,5.1024e-07,-5.616403177154717e-09,-35.102639857213944
SaveOnEvent_ch1_20260928004516111.wfm,00:45:16.111000,1.690995,-0.005439999978989363,3.3519999999999977e-07,6.115200000000005e-07,-3.946995200295931e-09,-24.6686400018516
SaveOnEvent_ch1_20260928004516311.wfm,00:45:16.311000,1.6899950000000001,-0.005760000087320805,2.809600000000001e-07,6.259199999999999e-07,-5.3258175849611846e-09,-33.28639990600641
SaveOnEvent_ch1_20260928004516510.wfm,00:45:16.510000,1.689,-0.006800000090152025,2.5871999999999945e-07,5.515199999999994e-07,-6.804601548279168e-09,-42.52871967674582
SaveOnEvent_ch1_20260928004516711.wfm,00:45:16.711000,1.687995,-0.00800000037997961,2.2640000000000007e-07,4.992000000000002e-07,-7.2295103524927984e-09,-45.18447970307898
SaveOnEvent_ch1_20260928004516911.wfm,00:45:16.911000,1.686995,-0.006719999946653843,3.033600000000001e-07,5.510400000000014e-07,-6.082316763270646e-09,-38.01447977044154
SaveOnEvent_ch1_20260928004517111.wfm,00:45:17.111000,1.685995,-0.006800000090152025,2.734399999999992e-07,5.278400000000014e-07,-7.416083133693316e-09,-46.35063958558021
SaveOnEvent_ch1_20260928004517310.wfm,00:45:17.310000,1.685,-0.006800000090152025,3.2911999999999965e-07,5.604800000000011e-07,-5.784467167749536e-09,-36.152959798433585
SaveOnEvent_ch1_20260928004517511.wfm,00:45:17.511000,1.683995,-0.005919999908655882,3.240000000000006e-07,6.369599999999997e-07,-8.198124722118954e-09,-51.23839951324044
SaveOnEvent_ch1_20260928004517711.wfm,00:45:17.711000,1.682995,-0.006000000052154064,2.847999999999994e-07,6.385599999999999e-07,-5.2891007918166006e-09,-33.05687994885375
SaveOnEvent_ch1_20260928004517911.wfm,00:45:17.911000,1.6819950000000001,-0.005200000014156103,4.175999999999992e-07,6.521599999999992e-07,-4.0493376099341534e-09,-25.30832006208948
SaveOnEvent_ch1_20260928004518111.wfm,00:45:18.111000,1.680995,-0.008559999987483025,2.2272000000000013e-07,4.755200000000005e-07,-7.395379147604105e-09,-46.22127967252163
SaveOnEvent_ch1_20260928004518311.wfm,00:45:18.311000,1.679995,-0.006639999803155661,3.347200000000001e-07,5.841599999999992e-07,-4.912614405001513e-09,-30.70384003125946
SaveOnEvent_ch1_20260928004518511.wfm,00:45:18.511000,1.678995,-0.005919999908655882,2.9872000000000076e-07,5.991999999999993e-07,-3.850182421717326e-09,-24.063600135734305
SaveOnEvent_ch1_20260928004518711.wfm,00:45:18.711000,1.6779950000000001,-0.004879999905824661,3.987199999999998e-07,6.897600000000003e-07,-4.29394559325883e-09,-26.837199957866687
SaveOnEvent_ch1_20260928004518911.wfm,00:45:18.911000,1.676995,-0.007120000198483467,2.0543999999999917e-07,5.060800000000004e-07,-6.407590351202524e-09,-40.04743969501578
SaveOnEvent_ch1_20260928004519111.wfm,00:45:19.111000,1.675995,-0.007120000198483467,2.1471999999999953e-07,5.198399999999991e-07,-7.2267903432110335e-09,-45.16751964506693
SaveOnEvent_ch1_20260928004519311.wfm,00:45:19.311000,1.674995,-0.006399999838322401,3.113600000000007e-07,5.572800000000009e-07,-4.8156736135552636e-09,-30.098000084719388
SaveOnEvent_ch1_20260928004519511.wfm,00:45:19.511000,1.6739950000000001,-0.005520000122487545,3.793600000000007e-07,6.532799999999996e-07,-3.651558417612684e-09,-22.822160110081313
SaveOnEvent_ch1_20260928004519711.wfm,00:45:19.711000,1.672995,-0.00687999976798892,2.9775999999999967e-07,5.350400000000002e-07,-6.379110360322519e-09,-39.86951975201373
SaveOnEvent_ch1_20260928004519911.wfm,00:45:19.911000,1.671995,-0.00839999970048666,2.2847999999999989e-07,4.905600000000006e-07,-4.97162241254933e-09,-31.072640078433324
SaveOnEvent_ch1_20260928004520111.wfm,00:45:20.111000,1.670995,-0.006320000160485506,3.3199999999999953e-07,5.630400000000006e-07,-4.489177604620345e-09,-28.057440028875135
SaveOnEvent_ch1_20260928004520311.wfm,00:45:20.311000,1.669995,-0.005280000157654285,3.268800000000005e-07,6.284799999999994e-07,-4.458559999484566e-09,-27.865999996778555
SaveOnEvent_ch1_20260928004520511.wfm,00:45:20.511000,1.668995,-0.006399999838322401,3.2320000000000056e-07,5.747199999999995e-07,-4.98720001458656e-09,-31.170000091166003
SaveOnEvent_ch1_20260928004520711.wfm,00:45:20.711000,1.667995,-0.0061599998734891415,2.944000000000001e-07,5.3632e-07,-6.322361562813164e-09,-39.51487976757926
SaveOnEvent_ch1_20260928004520910.wfm,00:45:20.910000,1.667,-0.00863999966531992,1.872000000000005e-07,4.260799999999995e-07,-8.281363117254804e-09,-51.75855948284152
SaveOnEvent_ch1_20260928004521111.wfm,00:45:21.111000,1.6659950000000001,-0.006560000125318766,2.5711999999999933e-07,5.91519999999999e-07,-6.2212415709509505e-09,-38.882799818442436
SaveOnEvent_ch1_20260928004521311.wfm,00:45:21.311000,1.664995,-0.007360000163316727,1.9984000000000044e-07,4.846400000000015e-07,-6.276012775904964e-09,-39.22511984940502
SaveOnEvent_ch1_20260928004521510.wfm,00:45:21.510000,1.664,-0.0077599999494850636,2.2367999999999953e-07,5.019200000000008e-07,-7.384313538374844e-09,-46.15207961483975
SaveOnEvent_ch1_20260928004521711.wfm,00:45:21.711000,1.662995,-0.005840000230818987,3.367999999999999e-07,6.160000000000005e-07,-5.220166389264627e-09,-32.62607993290294
SaveOnEvent_ch1_20260928004521911.wfm,00:45:21.911000,1.6619950000000001,-0.007439999841153622,2.355199999999994e-07,5.121600000000005e-07,-5.616825590401426e-09,-35.10503994001192
SaveOnEvent_ch1_20260928004522111.wfm,00:45:22.111000,1.660995,-0.005760000087320805,3.068800000000007e-07,5.646400000000007e-07,-4.897823962022085e-09,-30.61135976263904
SaveOnEvent_ch1_20260928004522311.wfm,00:45:22.311000,1.6599949999999999,-0.007199999876320362,2.3904e-07,5.403200000000003e-07,-5.557427189820443e-09,-34.73391993637779
SaveOnEvent_ch1_20260928004522510.wfm,00:45:22.510000,1.659,-0.006639999803155661,2.4672000000000024e-07,5.419200000000004e-07,-6.0169919785088875e-09,-37.606319865677506
SaveOnEvent_ch1_20260928004522710.wfm,00:45:22.710000,1.658,-0.0077599999494850636,2.3520000000000073e-07,5.071999999999991e-07,-5.898847966471221e-09,-36.867759790446144
SaveOnEvent_ch1_20260928004522911.wfm,00:45:22.911000,1.656995,-0.006320000160485506,2.7712000000000083e-07,5.304000000000009e-07,-3.407129619191401e-09,-21.294480119948275
SaveOnEvent_ch1_20260928004523111.wfm,00:45:23.111000,1.6559949999999999,-0.007199999876320362,2.0144000000000057e-07,4.899199999999999e-07,-5.5820671801082765e-09,-34.887919875676744
SaveOnEvent_ch1_20260928004523311.wfm,00:45:23.311000,1.654995,-0.006479999981820583,2.4479999999999976e-07,5.158399999999988e-07,-4.340396793612743e-09,-27.127519960078644
SaveOnEvent_ch1_20260928004523511.wfm,00:45:23.511000,1.653995,-0.007199999876320362,2.3456e-07,5.350400000000002e-07,-6.777177561214195e-09,-42.35735975758871
SaveOnEvent_ch1_20260928004523711.wfm,00:45:23.711000,1.652995,-0.007840000092983246,2.3488000000000037e-07,5.6848e-07,-7.824966367792801e-09,-48.90615979870199
SaveOnEvent_ch1_20260928004523910.wfm,00:45:23.910000,1.6520000000000001,-0.006560000125318766,2.459200000000002e-07,5.300799999999988e-07,-5.819545582449063e-09,-36.37215989030665
SaveOnEvent_ch1_20260928004524110.wfm,00:45:24.110000,1.651,-0.006800000090152025,2.5968000000000054e-07,5.456000000000003e-07,-4.704703990882263e-09,-29.404319943016162
SaveOnEvent_ch1_20260928004524311.wfm,00:45:24.311000,1.649995,-0.006479999981820583,2.5248e-07,5.641599999999994e-07,-6.079910361939111e-09,-37.999519762117416
SaveOnEvent_ch1_20260928004524511.wfm,00:45:24.511000,1.648995,-0.007120000198483467,2.3776000000000024e-07,5.283199999999994e-07,-7.127084752211814e-09,-44.54431970132282
SaveOnEvent_ch1_20260928004524711.wfm,00:45:24.711000,1.6479949999999999,-0.007439999841153622,2.684799999999995e-07,4.990399999999992e-07,-3.1553856420074596e-09,-19.72112026254763
SaveOnEvent_ch1_20260928004524911.wfm,00:45:24.911000,1.646995,-0.007600000128149986,2.2847999999999989e-07,5.588799999999993e-07,-7.033247963467146e-09,-43.95775977167068
SaveOnEvent_ch1_20260928004525111.wfm,00:45:25.111000,1.645995,-0.006000000052154064,2.3680000000000085e-07,5.827200000000001e-07,-5.240825584528502e-09,-32.75511990330415
SaveOnEvent_ch1_20260928004525311.wfm,00:45:25.311000,1.644995,-0.006719999946653843,2.280000000000002e-07,5.859200000000003e-07,-4.7818239951133705e-09,-29.88639996945858
SaveOnEvent_ch1_20260928004525511.wfm,00:45:25.511000,1.643995,-0.005840000230818987,2.7488e-07,5.436799999999998e-07,-3.779308809742797e-09,-23.620720060891472
SaveOnEvent_ch1_20260928004525711.wfm,00:45:25.711000,1.642995,-0.004399999976158142,5.540800000000006e-07,7.936000000000003e-07,-4.476441587484442e-09,-27.97767992177978
SaveOnEvent_ch1_20260928004525910.wfm,00:45:25.910000,1.642,-0.006719999946653843,2.3328000000000025e-07,5.144000000000014e-07,-4.160454401986209e-09,-26.00288001241279
SaveOnEvent_ch1_20260928004526110.wfm,00:45:26.110000,1.641,-0.005119999870657921,4.441600000000005e-07,7.084800000000004e-07,-4.580806413779505e-09,-28.629920086124912
SaveOnEvent_ch1_20260928004526311.wfm,00:45:26.311000,1.6399949999999999,-0.0060800001956522465,2.8559999999999943e-07,5.519999999999991e-07,-5.110022384666371e-09,-31.937679904163815
SaveOnEvent_ch1_20260928004526510.wfm,00:45:26.510000,1.639,-0.007360000163316727,2.364800000000005e-07,5.219200000000006e-07,-6.520569554741962e-09,-40.75367971713422
SaveOnEvent_ch1_20260928004526711.wfm,00:45:26.711000,1.637995,-0.005919999908655882,2.5823999999999975e-07,5.425600000000011e-07,-6.436697530038657e-09,-40.22935956274159
SaveOnEvent_ch1_20260928004526911.wfm,00:45:26.911000,1.636995,-0.006399999838322401,2.875199999999999e-07,5.438399999999992e-07,-4.6029440179606895e-09,-28.768400112254312
SaveOnEvent_ch1_20260928004527111.wfm,00:45:27.111000,1.6359949999999999,-0.00791999977082014,2.468799999999996e-07,5.177599999999993e-07,-6.11151357775554e-09,-38.19695986097213
SaveOnEvent_ch1_20260928004527311.wfm,00:45:27.311000,1.634995,-0.007840000092983246,2.3232000000000085e-07,5.473599999999998e-07,-6.644403167222627e-09,-41.527519795141416
SaveOnEvent_ch1_20260928004527511.wfm,00:45:27.511000,1.633995,-0.006479999981820583,3.233599999999999e-07,6.001600000000004e-07,-4.25910401329631e-09,-26.619440083100926
SaveOnEvent_ch1_20260928004527711.wfm,00:45:27.711000,1.632995,-0.00535999983549118,2.8416000000000034e-07,5.971200000000012e-07,-4.339475195419508e-09,-27.12167997137294
SaveOnEvent_ch1_20260928004527911.wfm,00:45:27.911000,1.6319949999999999,-0.006399999838322401,3.262399999999998e-07,5.672000000000003e-07,-6.1199487633677166e-09,-38.24967977104825
SaveOnEvent_ch1_20260928004528111.wfm,00:45:28.111000,1.630995,-0.007519999984651804,2.6527999999999926e-07,5.240000000000004e-07,-6.756755161436742e-09,-42.229759758978616
SaveOnEvent_ch1_20260928004528310.wfm,00:45:28.310000,1.63,-0.007040000054985285,3.2255999999999984e-07,5.694399999999994e-07,-5.864575969120487e-09,-36.65359980700305
SaveOnEvent_ch1_20260928004528511.wfm,00:45:28.511000,1.628995,-0.0069599999114871025,3.0271999999999936e-07,5.3712e-07,-5.1339711748412816e-09,-32.087359842756996
SaveOnEvent_ch1_20260928004528711.wfm,00:45:28.711000,1.627995,-0.005200000014156103,3.1152e-07,6.879999999999992e-07,-6.069382375373972e-09,-37.93367984608631
SaveOnEvent_ch1_20260928004528911.wfm,00:45:28.911000,1.626995,-0.007280000019818544,2.0224000000000063e-07,5.416e-07,-7.30813434152864e-09,-45.675839634553995
SaveOnEvent_ch1_20260928004529111.wfm,00:45:29.111000,1.625995,-0.00559999980032444,3.4768000000000037e-07,6.708799999999992e-07,-4.283507201257161e-09,-26.77192000785726
SaveOnEvent_ch1_20260928004529311.wfm,00:45:29.311000,1.624995,-0.0061599998734891415,3.8144000000000054e-07,5.950400000000013e-07,-6.057619182930793e-09,-37.86023989331443
SaveOnEvent_ch1_20260928004529511.wfm,00:45:29.511000,1.623995,-0.006719999946653843,2.3135999999999976e-07,5.060800000000004e-07,-7.49941751863807e-09,-46.871439491485944
SaveOnEvent_ch1_20260928004529711.wfm,00:45:29.711000,1.622995,-0.005840000230818987,4.056e-07,6.4992e-07,-4.659295990022366e-09,-29.12063993763877
SaveOnEvent_ch1_20260928004529911.wfm,00:45:29.911000,1.621995,-0.007199999876320362,2.7472000000000065e-07,5.028800000000002e-07,-6.758470351963771e-09,-42.24047969977255
SaveOnEvent_ch1_20260928004530110.wfm,00:45:30.110000,1.621,-0.00824000034481287,2.0752000000000068e-07,4.883199999999998e-07,-8.712185527433174e-09,-54.451359546452295
SaveOnEvent_ch1_20260928004530311.wfm,00:45:30.311000,1.6199949999999999,-0.0061599998734891415,3.523199999999997e-07,6.313599999999993e-07,-5.686182397515515e-09,-35.538639984471956
SaveOnEvent_ch1_20260928004530511.wfm,00:45:30.511000,1.618995,-0.006240000016987324,2.655999999999996e-07,5.547199999999997e-07,-4.769158387000207e-09,-29.807279918750282
SaveOnEvent_ch1_20260928004530710.wfm,00:45:30.710000,1.6179999999999999,-0.006560000125318766,2.964799999999999e-07,5.489599999999999e-07,-5.8778623602306465e-09,-36.73671975143952
SaveOnEvent_ch1_20260928004530911.wfm,00:45:30.911000,1.616995,-0.006479999981820583,2.215999999999997e-07,5.643199999999987e-07,-6.8690815517446005e-09,-42.931839698401745
SaveOnEvent_ch1_20260928004531111.wfm,00:45:31.111000,1.6159949999999998,-0.005520000122487545,3.052800000000006e-07,5.680000000000003e-07,-6.086374342734925e-09,-38.03991964209126
SaveOnEvent_ch1_20260928004531311.wfm,00:45:31.311000,1.614995,-0.006000000052154064,2.5135999999999957e-07,5.980799999999989e-07,-4.74667519022245e-09,-29.66679993888829
SaveOnEvent_ch1_20260928004531511.wfm,00:45:31.511000,1.613995,-0.007199999876320362,2.769599999999998e-07,5.297600000000002e-07,-6.2548543675313704e-09,-39.092879797070054
SaveOnEvent_ch1_20260928004531710.wfm,00:45:31.710000,1.613,-0.006639999803155661,3.1872000000000057e-07,6.164800000000002e-07,-5.388294389781078e-09,-33.67687993613072
SaveOnEvent_ch1_20260928004531910.wfm,00:45:31.910000,1.612,-0.005760000087320805,3.3920000000000007e-07,6.286400000000005e-07,-5.746297558823135e-09,-35.91447974264156
SaveOnEvent_ch1_20260928004532111.wfm,00:45:32.111000,1.610995,-0.006479999981820583,2.7920000000000065e-07,5.649599999999994e-07,-5.658201573188416e-09,-35.36383983242558
SaveOnEvent_ch1_20260928004532311.wfm,00:45:32.311000,1.609995,-0.005520000122487545,2.903999999999998e-07,6.363200000000007e-07,-5.801427167409565e-09,-36.25895979630877
SaveOnEvent_ch1_20260928004532510.wfm,00:45:32.510000,1.609,-0.007600000128149986,2.5615999999999993e-07,4.990400000000009e-07,-7.25103354780003e-09,-45.31903967374819
SaveOnEvent_ch1_20260928004532711.wfm,00:45:32.711000,1.607995,-0.006800000090152025,2.251200000000003e-07,5.430399999999991e-07,-5.164671988319604e-09,-32.279199926997535
SaveOnEvent_ch1_20260928004532910.wfm,00:45:32.910000,1.607,-0.005919999908655882,3.1104000000000033e-07,5.966399999999998e-07,-5.564659172543324e-09,-34.77919982839376
SaveOnEvent_ch1_20260928004533111.wfm,00:45:33.111000,1.605995,-0.006240000016987324,3.483199999999994e-07,6.075200000000002e-07,-4.048300808232743e-09,-25.301920051453635
SaveOnEvent_ch1_20260928004533310.wfm,00:45:33.310000,1.605,-0.007040000054985285,2.984000000000004e-07,5.451200000000006e-07,-6.080230353684164e-09,-38.00143971052603
SaveOnEvent_ch1_20260928004533510.wfm,00:45:33.510000,1.604,-0.005840000230818987,2.918400000000006e-07,5.9008e-07,-5.595347175935747e-09,-34.97095984959742
SaveOnEvent_ch1_20260928004533711.wfm,00:45:33.711000,1.602995,-0.007519999984651804,2.2784000000000085e-07,4.812800000000002e-07,-8.090604718143586e-09,-50.5663194883964
SaveOnEvent_ch1_20260928004533911.wfm,00:45:33.911000,1.601995,-0.007679999805986881,2.6816000000000083e-07,5.2288e-07,-7.368454350938557e-09,-46.052959693362936
SaveOnEvent_ch1_20260928004534111.wfm,00:45:34.111000,1.600995,-0.007280000019818544,2.6912000000000023e-07,5.319999999999993e-07,-5.955551977131981e-09,-37.22231985707185
SaveOnEvent_ch1_20260928004534310.wfm,00:45:34.310000,1.6,-0.006000000052154064,2.5696e-07,5.561600000000004e-07,-5.2767039777361755e-09,-32.97935986085213
SaveOnEvent_ch1_20260928004534510.wfm,00:45:34.510000,1.599,-0.006639999803155661,3.372799999999996e-07,5.988800000000006e-07,-7.154771152294706e-09,-44.717359701840905
SaveOnEvent_ch1_20260928004534710.wfm,00:45:34.710000,1.5979999999999999,-0.0060800001956522465,3.307199999999998e-07,6.379200000000008e-07,-7.759180742744356e-09,-48.49495964215021
SaveOnEvent_ch1_20260928004534911.wfm,00:45:34.911000,1.596995,-0.007199999876320362,2.4832000000000036e-07,5.366400000000003e-07,-7.659244729813652e-09,-47.87031956133433
SaveOnEvent_ch1_20260928004535110.wfm,00:45:35.110000,1.596,-0.006719999946653843,3.289600000000003e-07,5.212799999999999e-07,-5.144492783283347e-09,-32.15303989552194
SaveOnEvent_ch1_20260928004535310.wfm,00:45:35.310000,1.595,-0.00559999980032444,3.035199999999994e-07,6.547199999999987e-07,-5.654003164921884e-09,-35.337599780759774
SaveOnEvent_ch1_20260928004535510.wfm,00:45:35.510000,1.5939999999999999,-0.007120000198483467,2.819199999999995e-07,5.518399999999998e-07,-6.844895958707203e-09,-42.780639741919
SaveOnEvent_ch1_20260928004535711.wfm,00:45:35.711000,1.592995,-0.007280000019818544,2.8511999999999974e-07,5.564800000000008e-07,-5.71640957876807e-09,-35.72759986729943
SaveOnEvent_ch1_20260928004535911.wfm,00:45:35.911000,1.591995,-0.0069599999114871025,2.3168000000000013e-07,4.839999999999991e-07,-6.055180744337848e-09,-37.84495965210954
SaveOnEvent_ch1_20260928004536111.wfm,00:45:36.111000,1.590995,-0.007600000128149986,2.4975999999999945e-07,5.335999999999994e-07,-7.52375033870805e-09,-47.023519616923295
SaveOnEvent_ch1_20260928004536311.wfm,00:45:36.311000,1.589995,-0.007360000163316727,3.398400000000008e-07,5.425600000000011e-07,-5.6004415911412785e-09,-35.00279994463199
SaveOnEvent_ch1_20260928004536511.wfm,00:45:36.511000,1.5889950000000002,-0.006320000160485506,2.644799999999992e-07,5.54879999999999e-07,-4.983059183687441e-09,-31.144159898045473
SaveOnEvent_ch1_20260928004536711.wfm,00:45:36.711000,1.587995,-0.006639999803155661,3.1312000000000015e-07,5.713599999999999e-07,-5.583955181601924e-09,-34.89975988501101
SaveOnEvent_ch1_20260928004536911.wfm,00:45:36.911000,1.586995,-0.005840000230818987,2.9567999999999985e-07,5.779199999999997e-07,-4.99942399752326e-09,-31.246399984520394
SaveOnEvent_ch1_20260928004537111.wfm,00:45:37.111000,1.585995,-0.006240000016987324,3.303999999999994e-07,5.918399999999994e-07,-6.028332770068662e-09,-37.67711981292814
SaveOnEvent_ch1_20260928004537310.wfm,00:45:37.310000,1.585,-0.006000000052154064,3.212800000000001e-07,6.32e-07,-5.733228788275738e-09,-35.83271992672235
SaveOnEvent_ch1_20260928004537510.wfm,00:45:37.510000,1.584,-0.006800000090152025,2.825600000000002e-07,5.63839999999999e-07,-5.7342719889152795e-09,-35.8391999307205
SaveOnEvent_ch1_20260928004537710.wfm,00:45:37.710000,1.583,-0.00824000034481287,1.9727999999999924e-07,4.675200000000016e-07,-7.140639954681975e-09,-44.629119716759305
SaveOnEvent_ch1_20260928004537910.wfm,00:45:37.910000,1.582,-0.007360000163316727,2.2047999999999928e-07,5.0048e-07,-7.4088191447407e-09,-46.30519965462736
SaveOnEvent_ch1_20260928004538110.wfm,00:45:38.110000,1.581,-0.005760000087320805,3.7296000000000024e-07,6.515200000000002e-07,-5.562937562328297e-09,-34.76839976455085
SaveOnEvent_ch1_20260928004538310.wfm,00:45:38.310000,1.58,-0.007120000198483467,2.4079999999999946e-07,5.0944e-07,-7.717651132529135e-09,-48.23535957830609
SaveOnEvent_ch1_20260928004538511.wfm,00:45:38.511000,1.578995,-0.007120000198483467,2.3984000000000006e-07,5.220799999999999e-07,-5.463763169504237e-09,-34.14847980940249
SaveOnEvent_ch1_20260928004538711.wfm,00:45:38.711000,1.577995,-0.008080000057816505,2.3791999999999958e-07,5.052799999999987e-07,-6.855455963599959e-09,-42.846719772496726
SaveOnEvent_ch1_20260928004538911.wfm,00:45:38.911000,1.576995,-0.0069599999114871025,2.958399999999992e-07,5.408e-07,-5.925113569607491e-09,-37.03199981004582
SaveOnEvent_ch1_20260928004539111.wfm,00:45:39.111000,1.575995,-0.0069599999114871025,2.9727999999999997e-07,5.0576e-07,-5.499398355640005e-09,-34.37127972274902
SaveOnEvent_ch1_20260928004539311.wfm,00:45:39.311000,1.574995,-0.006320000160485506,2.8816000000000064e-07,5.812799999999993e-07,-6.032031989039386e-09,-37.70031993149314
SaveOnEvent_ch1_20260928004539511.wfm,00:45:39.511000,1.573995,-0.006000000052154064,3.2368000000000026e-07,6.734400000000005e-07,-6.09695998365059e-09,-38.1060798978142
SaveOnEvent_ch1_20260928004539711.wfm,00:45:39.711000,1.5729950000000001,-0.007280000019818544,2.0543999999999917e-07,5.110400000000001e-07,-5.8892735621915216e-09,-36.80807976369397
SaveOnEvent_ch1_20260928004539911.wfm,00:45:39.911000,1.571995,-0.0060800001956522465,3.214399999999994e-07,6.187200000000011e-07,-6.581100760197732e-09,-41.13191975123482
SaveOnEvent_ch1_20260928004540111.wfm,00:45:40.111000,1.570995,-0.006639999803155661,3.0111999999999924e-07,5.457599999999997e-07,-6.66593916116515e-09,-41.66215975728119
SaveOnEvent_ch1_20260928004540311.wfm,00:45:40.311000,1.569995,-0.007280000019818544,2.6063999999999993e-07,5.441599999999995e-07,-7.1329215471283555e-09,-44.5807996695512
SaveOnEvent_ch1_20260928004540511.wfm,00:45:40.511000,1.5689950000000001,-0.005520000122487545,3.5008000000000055e-07,6.4464e-07,-3.391705619073473e-09,-21.198080119211227
SaveOnEvent_ch1_20260928004540711.wfm,00:45:40.711000,1.567995,-0.006800000090152025,2.2464000000000061e-07,5.331200000000014e-07,-6.262905572501477e-09,-39.14319982813322
SaveOnEvent_ch1_20260928004540911.wfm,00:45:40.911000,1.566995,-0.00535999983549118,3.888000000000004e-07,6.40320000000001e-07,-5.706739158285781e-09,-35.667119739286136
SaveOnEvent_ch1_20260928004541111.wfm,00:45:41.111000,1.565995,-0.007120000198483467,2.5871999999999945e-07,5.664000000000002e-07,-7.593190335417167e-09,-47.45751959635527
SaveOnEvent_ch1_20260928004541311.wfm,00:45:41.311000,1.564995,-0.00839999970048666,2.1471999999999953e-07,4.7488000000000146e-07,-7.909497534667607e-09,-49.434479591669515
SaveOnEvent_ch1_20260928004541511.wfm,00:45:41.511000,1.563995,-0.006719999946653843,2.3456e-07,5.310399999999999e-07,-6.1278783584130005e-09,-38.29927974008024
SaveOnEvent_ch1_20260928004541711.wfm,00:45:41.711000,1.562995,-0.006639999803155661,3.4255999999999965e-07,5.878400000000008e-07,-5.232595193630551e-09,-32.703839960187906
SaveOnEvent_ch1_20260928004541911.wfm,00:45:41.911000,1.561995,-0.00791999977082014,2.360000000000008e-07,4.964800000000014e-07,-8.277727928275707e-09,-51.735919551720144
SaveOnEvent_ch1_20260928004542111.wfm,00:45:42.111000,1.560995,-0.0060800001956522465,3.721600000000002e-07,5.847999999999999e-07,-5.511353578853886e-09,-34.44607986783376
SaveOnEvent_ch1_20260928004542310.wfm,00:45:42.310000,1.56,-0.007040000054985285,2.4880000000000006e-07,4.966400000000007e-07,-6.539622346009127e-09,-40.87271966255503
SaveOnEvent_ch1_20260928004542510.wfm,00:45:42.510000,1.559,-0.00863999966531992,1.9471999999999972e-07,4.561599999999997e-07,-8.159302346261681e-09,-50.995679664134514
SaveOnEvent_ch1_20260928004542711.wfm,00:45:42.711000,1.557995,-0.006719999946653843,2.8719999999999955e-07,5.913599999999997e-07,-7.689446327001784e-09,-48.05911954375915
SaveOnEvent_ch1_20260928004542910.wfm,00:45:42.910000,1.557,-0.006719999946653843,3.3759999999999995e-07,5.688000000000004e-07,-5.598124778147321e-09,-34.988399863417726
SaveOnEvent_ch1_20260928004543110.wfm,00:45:43.110000,1.556,-0.007840000092983246,2.3791999999999958e-07,5.377600000000008e-07,-6.4799359666509516e-09,-40.49967979156645
SaveOnEvent_ch1_20260928004543311.wfm,00:45:43.311000,1.554995,-0.006479999981820583,2.5936000000000017e-07,5.539199999999996e-07,-5.569535966478285e-09,-34.8095997904893
SaveOnEvent_ch1_20260928004543511.wfm,00:45:43.511000,1.553995,-0.004720000084489584,3.2944e-07,6.828800000000001e-07,-2.6921280278707833e-09,-16.82568017419544
SaveOnEvent_ch1_20260928004543711.wfm,00:45:43.711000,1.5529950000000001,-0.006719999946653843,2.5920000000000084e-07,5.393599999999992e-07,-6.2424063660530365e-09,-39.01511978782946
SaveOnEvent_ch1_20260928004543911.wfm,00:45:43.911000,1.551995,-0.007679999805986881,2.2927999999999995e-07,5.091199999999996e-07,-7.3800255496310986e-09,-46.125199685193365
SaveOnEvent_ch1_20260928004544111.wfm,00:45:44.111000,1.550995,-0.007679999805986881,2.9327999999999967e-07,5.209599999999995e-07,-6.4387263669096895e-09,-40.24215979318251
SaveOnEvent_ch1_20260928004544311.wfm,00:45:44.311000,1.549995,-0.0077599999494850636,1.8400000000000027e-07,4.865600000000003e-07,-8.44867832557298e-09,-52.8043995348271
SaveOnEvent_ch1_20260928004544511.wfm,00:45:44.511000,1.5489950000000001,-0.005439999978989363,3.507199999999996e-07,6.223999999999993e-07,-4.317087989973369e-09,-26.981839937332552
SaveOnEvent_ch1_20260928004544711.wfm,00:45:44.711000,1.547995,-0.00800000037997961,2.399999999999994e-07,4.6591999999999977e-07,-6.688255953849293e-09,-41.80167971155606
SaveOnEvent_ch1_20260928004544911.wfm,00:45:44.911000,1.546995,-0.0061599998734891415,2.968000000000003e-07,5.64639999999999e-07,-6.5652031567576344e-09,-41.0325597297342
SaveOnEvent_ch1_20260928004545111.wfm,00:45:45.111000,1.545995,-0.007280000019818544,2.4128000000000085e-07,5.580799999999992e-07,-6.239513565162196e-09,-38.99703978226171
SaveOnEvent_ch1_20260928004545311.wfm,00:45:45.311000,1.544995,-0.006240000016987324,2.860800000000008e-07,5.8192e-07,-5.283180785852019e-09,-33.019999911572086
SaveOnEvent_ch1_20260928004545511.wfm,00:45:45.511000,1.543995,-0.005760000087320805,3.4160000000000025e-07,6.387200000000009e-07,-5.087071985958611e-09,-31.7942399122403
SaveOnEvent_ch1_20260928004545710.wfm,00:45:45.710000,1.543,-0.00535999983549118,4.060799999999997e-07,6.910399999999984e-07,-5.172748792860654e-09,-32.32959995538113
SaveOnEvent_ch1_20260928004545911.wfm,00:45:45.911000,1.541995,-0.007679999805986881,2.2784000000000085e-07,5.310399999999999e-07,-6.436787153948099e-09,-40.229919712175615
SaveOnEvent_ch1_20260928004546111.wfm,00:45:46.111000,1.5409950000000001,-0.007040000054985285,1.8703999999999948e-07,4.923199999999984e-07,-5.6288959613326004e-09,-35.18063975832774
SaveOnEvent_ch1_20260928004546310.wfm,00:45:46.310000,1.54,-0.00559999980032444,3.3216000000000056e-07,6.257600000000006e-07,-5.370278360708619e-09,-33.56431975442683
SaveOnEvent_ch1_20260928004546511.wfm,00:45:46.511000,1.538995,-0.00535999983549118,3.6400000000000024e-07,6.758399999999989e-07,-5.977151974602601e-09,-37.35735984126222
SaveOnEvent_ch1_20260928004546711.wfm,00:45:46.711000,1.537995,-0.006800000090152025,2.7775999999999986e-07,5.430400000000008e-07,-5.231225581921172e-09,-32.69519988700631
SaveOnEvent_ch1_20260928004546910.wfm,00:45:46.910000,1.537,-0.006800000090152025,2.455999999999998e-07,5.910399999999993e-07,-7.107987162100617e-09,-44.425039763125824
SaveOnEvent_ch1_20260928004547110.wfm,00:45:47.110000,1.536,-0.006399999838322401,2.425600000000006e-07,5.468800000000001e-07,-5.578419175371528e-09,-34.86519984607003
SaveOnEvent_ch1_20260928004547310.wfm,00:45:47.310000,1.535,-0.007199999876320362,2.784000000000006e-07,5.495999999999989e-07,-6.312031972280239e-09,-39.450239826750476
SaveOnEvent_ch1_20260928004547510.wfm,00:45:47.510000,1.534,-0.00791999977082014,1.9599999999999948e-07,4.907199999999999e-07,-6.346067162707912e-09,-39.66303976692143
SaveOnEvent_ch1_20260928004547710.wfm,00:45:47.710000,1.533,-0.007040000054985285,2.595199999999995e-07,5.297600000000002e-07,-5.371263966131955e-09,-33.57039978832472
SaveOnEvent_ch1_20260928004547910.wfm,00:45:47.910000,1.532,-0.00848000030964613,2.2415999999999922e-07,5.112000000000011e-07,-6.1570687822904425e-09,-38.481679889315274
SaveOnEvent_ch1_20260928004548110.wfm,00:45:48.110000,1.5310000000000001,-0.007040000054985285,2.425600000000006e-07,5.428800000000015e-07,-6.717203149658162e-09,-41.9825596853625
SaveOnEvent_ch1_20260928004548311.wfm,00:45:48.311000,1.529995,-0.007519999984651804,2.3295999999999988e-07,5.353599999999989e-07,-6.644345575484913e-09,-41.527119846781716
SaveOnEvent_ch1_20260928004548510.wfm,00:45:48.510000,1.529,-0.006639999803155661,2.984000000000004e-07,5.64639999999999e-07,-5.176678394093178e-09,-32.354239963082364
SaveOnEvent_ch1_20260928004548711.wfm,00:45:48.711000,1.527995,-0.005840000230818987,2.998399999999995e-07,6.039999999999996e-07,-4.858143993683625e-09,-30.363439960521646
SaveOnEvent_ch1_20260928004548911.wfm,00:45:48.911000,1.5269949999999999,-0.007439999841153622,2.6624000000000035e-07,5.111999999999994e-07,-6.1713151660095926e-09,-38.57071978755994
SaveOnEvent_ch1_20260928004549111.wfm,00:45:49.111000,1.525995,-0.007199999876320362,2.576000000000007e-07,5.399999999999999e-07,-5.588019178034737e-09,-34.92511986271711
SaveOnEvent_ch1_20260928004549311.wfm,00:45:49.311000,1.524995,-0.0061599998734891415,2.6879999999999987e-07,5.742399999999998e-07,-3.544320024885233e-09,-22.151920155534754
SaveOnEvent_ch1_20260928004549511.wfm,00:45:49.511000,1.523995,-0.006719999946653843,2.870400000000002e-07,5.662399999999992e-07,-7.387302345046772e-09,-46.170719656540314
SaveOnEvent_ch1_20260928004549711.wfm,00:45:49.711000,1.5229949999999999,-0.008559999987483025,2.496000000000001e-07,4.83199999999999e-07,-4.951020810927728e-09,-30.943840068299323
SaveOnEvent_ch1_20260928004549911.wfm,00:45:49.911000,1.521995,-0.006240000016987324,3.0864000000000015e-07,5.769599999999986e-07,-5.94408317275578e-09,-37.1506398297206
SaveOnEvent_ch1_20260928004550111.wfm,00:45:50.111000,1.520995,-0.006639999803155661,2.679999999999998e-07,5.817600000000007e-07,-5.0770303925313055e-09,-31.73143995332066
SaveOnEvent_ch1_20260928004550311.wfm,00:45:50.311000,1.519995,-0.007519999984651804,2.7024000000000065e-07,5.243199999999991e-07,-6.7736639600875805e-09,-42.33543975054636
SaveOnEvent_ch1_20260928004550511.wfm,00:45:50.511000,1.518995,-0.007199999876320362,2.720000000000001e-07,5.449599999999996e-07,-7.051308748589363e-09,-44.07079967868049
SaveOnEvent_ch1_20260928004550711.wfm,00:45:50.711000,1.517995,-0.007439999841153622,2.3776000000000024e-07,5.380799999999994e-07,-6.688191950637847e-09,-41.801199691486545
SaveOnEvent_ch1_20260928004550911.wfm,00:45:50.911000,1.516995,-0.0060800001956522465,3.092799999999992e-07,5.659200000000005e-07,-6.6942207525670495e-09,-41.83903970354004
SaveOnEvent_ch1_20260928004551111.wfm,00:45:51.111000,1.515995,-0.006639999803155661,2.760000000000004e-07,6.2224e-07,-6.7288767595100225e-09,-42.055599746934604
SaveOnEvent_ch1_20260928004551310.wfm,00:45:51.310000,1.5150000000000001,-0.0069599999114871025,2.5823999999999975e-07,5.016000000000004e-07,-8.165811099465935e-09,-51.03655937165604
SaveOnEvent_ch1_20260928004551512.wfm,00:45:51.512000,1.51399,-0.006800000090152025,3.4768000000000037e-07,5.822400000000004e-07,-4.9660799897881214e-09,-31.037919936177786
SaveOnEvent_ch1_20260928004551711.wfm,00:45:51.711000,1.512995,-0.0061599998734891415,2.536000000000004e-07,5.617599999999992e-07,-7.212991931834259e-09,-45.08127957396209
SaveOnEvent_ch1_20260928004551910.wfm,00:45:51.910000,1.512,-0.00791999977082014,2.2127999999999935e-07,4.964799999999997e-07,-6.479027165519073e-09,-40.49399978449219
SaveOnEvent_ch1_20260928004552110.wfm,00:45:52.110000,1.5110000000000001,-0.00687999976798892,3.4288e-07,5.728000000000007e-07,-6.777753548640756e-09,-42.361039679002715
SaveOnEvent_ch1_20260928004552310.wfm,00:45:52.310000,1.51,-0.0060800001956522465,2.2272000000000013e-07,5.833600000000008e-07,-5.494918389518279e-09,-34.34319993449026
SaveOnEvent_ch1_20260928004552510.wfm,00:45:52.510000,1.509,-0.005840000230818987,3.278399999999999e-07,6.233600000000004e-07,-5.4162623869278485e-09,-33.85167991829803
SaveOnEvent_ch1_20260928004552711.wfm,00:45:52.711000,1.507995,-0.007280000019818544,2.1488000000000056e-07,5.375999999999997e-07,-6.657747150126378e-09,-41.61095968828886
SaveOnEvent_ch1_20260928004552911.wfm,00:45:52.911000,1.5069949999999999,-0.007439999841153622,2.415999999999995e-07,5.0496e-07,-8.354003127540925e-09,-52.212719547125744
SaveOnEvent_ch1_20260928004553110.wfm,00:45:53.110000,1.506,-0.005840000230818987,3.188799999999999e-07,6.300799999999996e-07,-4.914041596578901e-09,-30.712799978617113
SaveOnEvent_ch1_20260928004553310.wfm,00:45:53.310000,1.505,-0.006719999946653843,2.159999999999993e-07,5.656000000000001e-07,-5.7736575635615725e-09,-36.085439772257814
SaveOnEvent_ch1_20260928004553510.wfm,00:45:53.510000,1.504,-0.007280000019818544,2.7615999999999974e-07,5.740800000000004e-07,-6.504915165698629e-09,-40.65575978561537
SaveOnEvent_ch1_20260928004553710.wfm,00:45:53.710000,1.503,-0.00824000034481287,2.3791999999999958e-07,5.166400000000005e-07,-7.0163455506414164e-09,-43.85223969150684
SaveOnEvent_ch1_20260928004553910.wfm,00:45:53.910000,1.502,-0.005760000087320805,2.9375999999999937e-07,5.956800000000004e-07,-6.067910342311953e-09,-37.92447963944869
SaveOnEvent_ch1_20260928004554110.wfm,00:45:54.110000,1.501,-0.008080000057816505,2.2640000000000007e-07,4.8704e-07,-8.39639674333157e-09,-52.47759964581928
SaveOnEvent_ch1_20260928004554310.wfm,00:45:54.310000,1.5,-0.007439999841153622,2.2672000000000043e-07,5.198400000000008e-07,-6.427993566473013e-09,-40.17495979045634
SaveOnEvent_ch1_20260928004554510.wfm,00:45:54.510000,1.499,-0.007600000128149986,1.7008000000000058e-07,4.942400000000005e-07,-6.560985573572105e-09,-41.006239834823646
SaveOnEvent_ch1_20260928004554710.wfm,00:45:54.710000,1.498,-0.006719999946653843,2.819199999999995e-07,6.001600000000004e-07,-6.070015954887496e-09,-37.93767971804482
SaveOnEvent_ch1_20260928004554910.wfm,00:45:54.910000,1.4969999999999999,-0.00824000034481287,2.0224000000000063e-07,5.022399999999994e-07,-7.439366342949214e-09,-46.496079643431585
SaveOnEvent_ch1_20260928004555110.wfm,00:45:55.110000,1.496,-0.005119999870657921,3.257600000000001e-07,6.907199999999997e-07,-5.097369570727461e-09,-31.858479817048647
SaveOnEvent_ch1_20260928004555310.wfm,00:45:55.310000,1.495,-0.006399999838322401,2.1648000000000068e-07,5.81759999999999e-07,-6.847590347998774e-09,-42.797519674990326
SaveOnEvent_ch1_20260928004555510.wfm,00:45:55.510000,1.494,-0.005760000087320805,3.0271999999999936e-07,6.287999999999998e-07,-5.068089566787238e-09,-31.675599792419234
SaveOnEvent_ch1_20260928004555710.wfm,00:45:55.710000,1.4929999999999999,-0.007120000198483467,2.9424000000000076e-07,5.740800000000004e-07,-6.422431979391259e-09,-40.14023987119435
SaveOnEvent_ch1_20260928004555910.wfm,00:45:55.910000,1.492,-0.007120000198483467,2.8384e-07,5.643199999999987e-07,-6.463859159559942e-09,-40.39911974724964
SaveOnEvent_ch1_20260928004556110.wfm,00:45:56.110000,1.491,-0.00535999983549118,2.7360000000000023e-07,6.648000000000008e-07,-6.447609550703781e-09,-40.29751969189965
SaveOnEvent_ch1_20260928004556310.wfm,00:45:56.310000,1.49,-0.007120000198483467,2.7472000000000065e-07,5.292800000000005e-07,-5.002399996325838e-09,-31.264959977037506
SaveOnEvent_ch1_20260928004556510.wfm,00:45:56.510000,1.4889999999999999,-0.0061599998734891415,3.6943999999999963e-07,6.21600000000001e-07,-5.214464008281939e-09,-32.59040005176212
SaveOnEvent_ch1_20260928004556711.wfm,00:45:56.711000,1.487995,-0.00800000037997961,2.3280000000000055e-07,5.351999999999996e-07,-7.942835134733469e-09,-49.642799592082156
SaveOnEvent_ch1_20260928004556911.wfm,00:45:56.911000,1.4869949999999998,-0.00535999983549118,2.585600000000001e-07,6.587200000000007e-07,-4.376672006028238e-09,-27.354160037677502
SaveOnEvent_ch1_20260928004557110.wfm,00:45:57.110000,1.486,-0.00791999977082014,2.360000000000008e-07,4.806399999999995e-07,-6.034668761577922e-09,-37.716799759858986
SaveOnEvent_ch1_20260928004557310.wfm,00:45:57.310000,1.4849999999999999,-0.006320000160485506,2.508799999999999e-07,5.764800000000006e-07,-5.485932781107257e-09,-34.28703988192137
SaveOnEvent_ch1_20260928004557519.wfm,00:45:57.519000,1.483955,-0.006000000052154064,2.8128000000000046e-07,6.063999999999998e-07,-5.706867179004478e-09,-35.66799986877595
SaveOnEvent_ch1_20260928004557711.wfm,00:45:57.711000,1.482995,-0.00559999980032444,3.193599999999996e-07,5.831999999999998e-07,-5.121606385831255e-09,-32.010079911444336
SaveOnEvent_ch1_20260928004557910.wfm,00:45:57.910000,1.482,-0.007120000198483467,2.9520000000000016e-07,5.099199999999997e-07,-5.921235159633214e-09,-37.00775974770659
SaveOnEvent_ch1_20260928004558111.wfm,00:45:58.111000,1.480995,-0.00687999976798892,2.665600000000007e-07,5.278399999999997e-07,-6.070143960854035e-09,-37.93847975533572
SaveOnEvent_ch1_20260928004558310.wfm,00:45:58.310000,1.48,-0.007360000163316727,2.675200000000001e-07,5.0576e-07,-6.300006372476927e-09,-39.37511982797878
SaveOnEvent_ch1_20260928004558510.wfm,00:45:58.510000,1.479,-0.007280000019818544,2.5135999999999957e-07,5.374399999999987e-07,-7.003219151974189e-09,-43.77015969983768
SaveOnEvent_ch1_20260928004558710.wfm,00:45:58.710000,1.478,-0.0060800001956522465,2.7280000000000017e-07,5.747200000000012e-07,-5.7458879830897785e-09,-35.91175989431213
SaveOnEvent_ch1_20260928004558911.wfm,00:45:58.911000,1.476995,-0.0069599999114871025,2.2640000000000007e-07,5.347199999999999e-07,-7.77361912954599e-09,-48.585279559658375
SaveOnEvent_ch1_20260928004559110.wfm,00:45:59.110000,1.476,-0.006240000016987324,2.908799999999995e-07,6.036799999999993e-07,-4.353516819912474e-09,-27.209440124453977
SaveOnEvent_ch1_20260928004559311.wfm,00:45:59.311000,1.4749949999999998,-0.005840000230818987,3.713600000000001e-07,6.231999999999994e-07,-5.26249599148752e-09,-32.89055994679802
SaveOnEvent_ch1_20260928004559510.wfm,00:45:59.510000,1.474,-0.007519999984651804,2.4271999999999994e-07,5.151999999999997e-07,-6.00304637269117e-09,-37.51911982931779
SaveOnEvent_ch1_20260928004559711.wfm,00:45:59.711000,1.472995,-0.0061599998734891415,3.6528e-07,6.249599999999988e-07,-6.214028772432356e-09,-38.83767982770223
SaveOnEvent_ch1_20260928004559911.wfm,00:45:59.911000,1.471995,-0.006320000160485506,2.8959999999999973e-07,5.841599999999992e-07,-6.5654975740402014e-09,-41.03439983775024
SaveOnEvent_ch1_20260928004600111.wfm,00:46:00.111000,1.4709949999999998,-0.007360000163316727,2.870400000000002e-07,5.335999999999994e-07,-5.7186495787021694e-09,-35.741679866885534
SaveOnEvent_ch1_20260928004600310.wfm,00:46:00.310000,1.47,-0.007519999984651804,2.0592000000000056e-07,5.484800000000002e-07,-8.016652759737334e-09,-50.1042397483543
SaveOnEvent_ch1_20260928004600511.wfm,00:46:00.511000,1.468995,-0.004879999905824661,2.9407999999999973e-07,6.35040000000001e-07,-3.828748807916415e-09,-23.92968004947761
SaveOnEvent_ch1_20260928004600711.wfm,00:46:00.711000,1.4679950000000002,-0.00687999976798892,2.744000000000003e-07,5.668799999999999e-07,-5.311583985195028e-09,-33.1975199074659
SaveOnEvent_ch1_20260928004600911.wfm,00:46:00.911000,1.466995,-0.006800000090152025,3.073600000000004e-07,5.803199999999999e-07,-5.6756607683561735e-09,-35.47287980222609
SaveOnEvent_ch1_20260928004601111.wfm,00:46:01.111000,1.465995,-0.006560000125318766,2.3440000000000067e-07,5.494399999999996e-07,-5.720511966608467e-09,-35.75327979130088
SaveOnEvent_ch1_20260928004601311.wfm,00:46:01.311000,1.464995,-0.00687999976798892,2.948799999999998e-07,5.867200000000004e-07,-7.1794559390237565e-09,-44.87167961889645
SaveOnEvent_ch1_20260928004601511.wfm,00:46:01.511000,1.4639950000000002,-0.006399999838322401,2.8864000000000034e-07,5.862400000000007e-07,-6.233862367027904e-09,-38.961679793923395
SaveOnEvent_ch1_20260928004601711.wfm,00:46:01.711000,1.462995,-0.007199999876320362,2.739200000000006e-07,5.342400000000002e-07,-6.767923165066169e-09,-42.29959978166153
SaveOnEvent_ch1_20260928004601911.wfm,00:46:01.911000,1.461995,-0.005679999943822622,3.8400000000000005e-07,6.054400000000004e-07,-4.68699518546695e-09,-29.29367990916944
SaveOnEvent_ch1_20260928004602111.wfm,00:46:02.111000,1.460995,-0.00791999977082014,2.239999999999999e-07,5.071999999999991e-07,-6.674649564716963e-09,-41.71663977947901
SaveOnEvent_ch1_20260928004602310.wfm,00:46:02.310000,1.46,-0.006000000052154064,3.4736e-07,6.169599999999999e-07,-5.675238384287803e-09,-35.47023990179878
SaveOnEvent_ch1_20260928004602511.wfm,00:46:02.511000,1.458995,-0.006479999981820583,2.9024000000000046e-07,5.367999999999997e-07,-4.117964805793018e-09,-25.737280036206357
SaveOnEvent_ch1_20260928004602710.wfm,00:46:02.710000,1.458,-0.005520000122487545,4.172800000000005e-07,7.174399999999987e-07,-5.968454372629055e-09,-37.3028798289306
SaveOnEvent_ch1_20260928004602910.wfm,00:46:02.910000,1.4569999999999999,-0.006399999838322401,3.4047999999999983e-07,6.017600000000005e-07,-6.508313568742012e-09,-40.67695980463759
SaveOnEvent_ch1_20260928004603111.wfm,00:46:03.111000,1.455995,-0.007120000198483467,2.673600000000008e-07,5.515199999999994e-07,-6.695174360282255e-09,-41.844799751765095
SaveOnEvent_ch1_20260928004603311.wfm,00:46:03.311000,1.4549949999999998,-0.007280000019818544,2.8719999999999955e-07,5.089600000000003e-07,-6.1185599697032e-09,-38.241039810644
SaveOnEvent_ch1_20260928004603511.wfm,00:46:03.511000,1.453995,-0.006560000125318766,2.454400000000005e-07,5.64160000000001e-07,-4.678873609076253e-09,-29.24288005672861
SaveOnEvent_ch1_20260928004603711.wfm,00:46:03.711000,1.452995,-0.006719999946653843,2.859199999999998e-07,5.531199999999995e-07,-6.129670364039486e-09,-38.31047977524577
SaveOnEvent_ch1_20260928004603911.wfm,00:46:03.911000,1.4519950000000001,-0.006639999803155661,3.299199999999997e-07,6.289599999999991e-07,-5.317606379529462e-09,-33.23503987205913
SaveOnEvent_ch1_20260928004604111.wfm,00:46:04.111000,1.4509949999999998,-0.007040000054985285,2.3423999999999964e-07,5.184e-07,-5.813689558340704e-09,-36.33567973962636
SaveOnEvent_ch1_20260928004604311.wfm,00:46:04.311000,1.449995,-0.006240000016987324,2.744000000000003e-07,5.878400000000008e-07,-5.830732772322371e-09,-36.4421598270128
SaveOnEvent_ch1_20260928004604511.wfm,00:46:04.511000,1.448995,-0.006399999838322401,3.063999999999993e-07,5.892799999999999e-07,-5.6952383729745624e-09,-35.59527983109001
SaveOnEvent_ch1_20260928004604711.wfm,00:46:04.711000,1.4479950000000001,-0.005439999978989363,3.0704000000000003e-07,6.340799999999999e-07,-6.116454351847058e-09,-38.227919699042104
SaveOnEvent_ch1_20260928004604911.wfm,00:46:04.911000,1.446995,-0.006719999946653843,2.2735999999999946e-07,5.446400000000009e-07,-5.19107836946379e-09,-32.44423980914871
SaveOnEvent_ch1_20260928004605111.wfm,00:46:05.111000,1.445995,-0.00687999976798892,2.5631999999999927e-07,5.251200000000008e-07,-4.955820791337172e-09,-30.973839945858344
SaveOnEvent_ch1_20260928004605310.wfm,00:46:05.310000,1.4449999999999998,-0.007280000019818544,2.545599999999998e-07,5.171200000000002e-07,-4.901414399696513e-09,-30.633839998103213
SaveOnEvent_ch1_20260928004605511.wfm,00:46:05.511000,1.4439950000000001,-0.007040000054985285,2.4784000000000066e-07,5.598399999999987e-07,-6.51599354612641e-09,-40.724959663290065
SaveOnEvent_ch1_20260928004605711.wfm,00:46:05.711000,1.442995,-0.0069599999114871025,2.588800000000005e-07,5.484800000000002e-07,-6.598220743178391e-09,-41.238959644862916
SaveOnEvent_ch1_20260928004605911.wfm,00:46:05.911000,1.441995,-0.007360000163316727,3.087999999999995e-07,5.360000000000013e-07,-6.609612748813814e-09,-41.310159680084325
SaveOnEvent_ch1_20260928004606111.wfm,00:46:06.111000,1.440995,-0.0069599999114871025,2.190400000000002e-07,5.142400000000003e-07,-5.301151978315321e-09,-33.13215986447176
SaveOnEvent_ch1_20260928004606311.wfm,00:46:06.311000,1.439995,-0.0077599999494850636,2.4576000000000085e-07,5.001600000000013e-07,-6.759731136364859e-09,-42.24839960227837
SaveOnEvent_ch1_20260928004606511.wfm,00:46:06.511000,1.438995,-0.006560000125318766,2.8816000000000064e-07,5.707200000000009e-07,-6.368191966335289e-09,-39.801359789591515
SaveOnEvent_ch1_20260928004606710.wfm,00:46:06.710000,1.438,-0.007840000092983246,2.644799999999992e-07,5.526399999999998e-07,-7.834758336080701e-09,-48.96735960050137
SaveOnEvent_ch1_20260928004606911.wfm,00:46:06.911000,1.436995,-0.0069599999114871025,1.9904000000000038e-07,5.388799999999995e-07,-5.014905574156438e-09,-31.34319983847672
SaveOnEvent_ch1_20260928004607111.wfm,00:46:07.111000,1.4359950000000001,-0.008080000057816505,1.8224000000000082e-07,4.840000000000008e-07,-7.515270350736099e-09,-46.970559692097595
SaveOnEvent_ch1_20260928004607310.wfm,00:46:07.310000,1.435,-0.004480000119656324,4.326399999999993e-07,7.651200000000002e-07,-3.540812811879441e-09,-22.130080074246507
SaveOnEvent_ch1_20260928004607511.wfm,00:46:07.511000,1.433995,-0.006639999803155661,2.3168000000000013e-07,5.662400000000009e-07,-7.200927942807321e-09,-45.00591964254272
SaveOnEvent_ch1_20260928004607710.wfm,00:46:07.710000,1.4329999999999998,-0.006240000016987324,2.576000000000007e-07,5.283200000000011e-07,-5.0140799754485475e-09,-31.33807984655141
SaveOnEvent_ch1_20260928004607911.wfm,00:46:07.911000,1.4319950000000001,-0.007519999984651804,2.190400000000002e-07,4.943999999999999e-07,-7.636524740939494e-09,-47.72839963086881
SaveOnEvent_ch1_20260928004608110.wfm,00:46:08.110000,1.431,-0.007199999876320362,2.1376000000000014e-07,5.81280000000001e-07,-6.234195174670314e-09,-38.96375984168844
SaveOnEvent_ch1_20260928004608311.wfm,00:46:08.311000,1.429995,-0.005760000087320805,3.054399999999999e-07,5.889599999999995e-07,-5.050457583991813e-09,-31.565439899946796
SaveOnEvent_ch1_20260928004608511.wfm,00:46:08.511000,1.428995,-0.005280000157654285,2.699200000000003e-07,6.118400000000009e-07,-4.835571183552965e-09,-30.222399897204014
SaveOnEvent_ch1_20260928004608711.wfm,00:46:08.711000,1.4279950000000001,-0.006479999981820583,3.1056000000000063e-07,5.881600000000012e-07,-5.933830375547986e-09,-37.086479847173905
SaveOnEvent_ch1_20260928004608911.wfm,00:46:08.911000,1.426995,-0.007120000198483467,2.9024000000000046e-07,5.473599999999998e-07,-5.51879677713383e-09,-34.49247985708644
SaveOnEvent_ch1_20260928004609111.wfm,00:46:09.111000,1.425995,-0.0060800001956522465,2.7712000000000083e-07,5.756800000000006e-07,-5.396614388751331e-09,-33.72895992969279
SaveOnEvent_ch1_20260928004609311.wfm,00:46:09.311000,1.424995,-0.007519999984651804,2.336000000000006e-07,5.27999999999999e-07,-7.833599933050574e-09,-48.96007958156406
SaveOnEvent_ch1_20260928004609511.wfm,00:46:09.511000,1.4239950000000001,-0.007439999841153622,3.252800000000004e-07,5.647999999999984e-07,-7.1826367349294026e-09,-44.89151959330775
SaveOnEvent_ch1_20260928004609711.wfm,00:46:09.711000,1.422995,-0.007199999876320362,1.8991999999999936e-07,5.267199999999993e-07,-6.7790527521935284e-09,-42.369199701206526
SaveOnEvent_ch1_20260928004609911.wfm,00:46:09.911000,1.421995,-0.006639999803155661,3.177599999999995e-07,5.441599999999995e-07,-5.53343997592572e-09,-34.58399984953576
SaveOnEvent_ch1_20260928004610111.wfm,00:46:10.111000,1.420995,-0.005439999978989363,3.8144000000000054e-07,6.732799999999994e-07,-4.8986751746013726e-09,-30.61663984126062
SaveOnEvent_ch1_20260928004610310.wfm,00:46:10.310000,1.42,-0.005840000230818987,3.6800000000000054e-07,6.219199999999996e-07,-4.7393855910259266e-09,-29.62127994390903
SaveOnEvent_ch1_20260928004610510.wfm,00:46:10.510000,1.419,-0.00687999976798892,3.583999999999998e-07,6.070400000000005e-07,-6.8279743625805735e-09,-42.67487976612756
SaveOnEvent_ch1_20260928004610711.wfm,00:46:10.711000,1.417995,-0.007199999876320362,2.780800000000002e-07,5.22719999999999e-07,-6.020953573696315e-09,-37.63103983559995
SaveOnEvent_ch1_20260928004610911.wfm,00:46:10.911000,1.416995,-0.0061599998734891415,2.8832e-07,5.3184e-07,-3.806041628057138e-09,-23.787760175357107
SaveOnEvent_ch1_20260928004611110.wfm,00:46:11.110000,1.416,-0.004800000227987766,3.1552000000000033e-07,6.822399999999994e-07,-4.086105598784051e-09,-25.538079992402345
SaveOnEvent_ch1_20260928004611311.wfm,00:46:11.311000,1.414995,-0.007439999841153622,2.6079999999999926e-07,5.361600000000006e-07,-7.013337549809368e-09,-43.83343968630652
SaveOnEvent_ch1_20260928004611511.wfm,00:46:11.511000,1.413995,-0.007280000019818544,2.320000000000005e-07,5.068799999999988e-07,-6.23405436250614e-09,-38.962959765660344
SaveOnEvent_ch1_20260928004611711.wfm,00:46:11.711000,1.412995,-0.00559999980032444,3.527999999999994e-07,6.609599999999999e-07,-5.039455997759944e-09,-31.496639985998627
SaveOnEvent_ch1_20260928004611911.wfm,00:46:11.911000,1.4119950000000001,-0.00824000034481287,2.060799999999999e-07,4.811199999999992e-07,-7.2935359464096846e-09,-45.58455966506153
SaveOnEvent_ch1_20260928004612111.wfm,00:46:12.111000,1.410995,-0.006800000090152025,2.984000000000004e-07,5.585600000000006e-07,-6.357855961553287e-09,-39.73655975970905
SaveOnEvent_ch1_20260928004612311.wfm,00:46:12.311000,1.4099949999999999,-0.00687999976798892,2.454400000000005e-07,5.092800000000007e-07,-5.101939169745893e-09,-31.887279810907785
SaveOnEvent_ch1_20260928004612511.wfm,00:46:12.511000,1.408995,-0.005439999978989363,3.907199999999992e-07,6.828799999999984e-07,-6.267827160209418e-09,-39.17407975130482
SaveOnEvent_ch1_20260928004612711.wfm,00:46:12.711000,1.407995,-0.005439999978989363,3.099199999999999e-07,7.166400000000003e-07,-3.876992014381104e-09,-24.231200089881895
SaveOnEvent_ch1_20260928004612911.wfm,00:46:12.911000,1.406995,-0.005439999978989363,2.9567999999999985e-07,6.060799999999995e-07,-2.739168014244639e-09,-17.119760089030024
SaveOnEvent_ch1_20260928004613111.wfm,00:46:13.111000,1.4059949999999999,-0.006000000052154064,3.6400000000000024e-07,6.329599999999994e-07,-5.78023038571002e-09,-36.12647991068661
SaveOnEvent_ch1_20260928004613310.wfm,00:46:13.310000,1.405,-0.007439999841153622,2.1023999999999953e-07,5.040000000000006e-07,-6.392435164372436e-09,-39.95279977732571
SaveOnEvent_ch1_20260928004613511.wfm,00:46:13.511000,1.403995,-0.005760000087320805,2.630400000000001e-07,5.999999999999993e-07,-4.629139189433772e-09,-28.932079933962086
SaveOnEvent_ch1_20260928004613710.wfm,00:46:13.710000,1.403,-0.007840000092983246,2.001600000000008e-07,5.3264e-07,-8.479865555099677e-09,-52.99919971937197
SaveOnEvent_ch1_20260928004613910.wfm,00:46:13.910000,1.4020000000000001,-0.006399999838322401,2.635199999999998e-07,5.694399999999994e-07,-5.217958374228331e-09,-32.61231983892503
SaveOnEvent_ch1_20260928004614110.wfm,00:46:14.110000,1.401,-0.00687999976798892,2.265599999999994e-07,5.283200000000011e-07,-7.2607039231131795e-09,-45.379519519454334
SaveOnEvent_ch1_20260928004614310.wfm,00:46:14.310000,1.4,-0.00800000037997961,2.555199999999992e-07,5.260800000000002e-07,-6.555251165390946e-09,-40.97039978369139
SaveOnEvent_ch1_20260928004614510.wfm,00:46:14.510000,1.399,-0.005679999943822622,3.2944e-07,6.17599999999999e-07,-5.364966372777708e-09,-33.531039829860674
SaveOnEvent_ch1_20260928004614710.wfm,00:46:14.710000,1.398,-0.006240000016987324,3.2911999999999965e-07,5.971199999999995e-07,-6.024147173354866e-09,-37.65095983346691
SaveOnEvent_ch1_20260928004614910.wfm,00:46:14.910000,1.397,-0.005919999908655882,3.2751999999999953e-07,6.372800000000001e-07,-4.988684784849175e-09,-31.17919990530936
SaveOnEvent_ch1_20260928004615111.wfm,00:46:15.111000,1.395995,-0.006399999838322401,3.4047999999999983e-07,5.971200000000012e-07,-6.480076781837271e-09,-40.500479886482935
SaveOnEvent_ch1_20260928004615310.wfm,00:46:15.310000,1.395,-0.006719999946653843,2.7375999999999956e-07,5.187200000000003e-07,-6.223097542577889e-09,-38.894399641110795
SaveOnEvent_ch1_20260928004615511.wfm,00:46:15.511000,1.3939949999999999,-0.007120000198483467,2.536000000000004e-07,5.256000000000005e-07,-7.723430337389e-09,-48.27159960867721
SaveOnEvent_ch1_20260928004615711.wfm,00:46:15.711000,1.392995,-0.004720000084489584,3.2255999999999984e-07,6.679999999999994e-07,-5.554924750763455e-09,-34.7183196922706
SaveOnEvent_ch1_20260928004615911.wfm,00:46:15.911000,1.391995,-0.00535999983549118,2.9712000000000064e-07,6.655999999999992e-07,-4.150470400371121e-09,-25.94048000231851
SaveOnEvent_ch1_20260928004616111.wfm,00:46:16.111000,1.390995,-0.0069599999114871025,2.7488e-07,5.148799999999994e-07,-6.328473544684238e-09,-39.55303965427447
SaveOnEvent_ch1_20260928004616311.wfm,00:46:16.311000,1.3899949999999999,-0.007519999984651804,1.9679999999999954e-07,5.412799999999997e-07,-8.357151928043458e-09,-52.232319550268585
SaveOnEvent_ch1_20260928004616511.wfm,00:46:16.511000,1.388995,-0.007199999876320362,2.5535999999999987e-07,5.158399999999988e-07,-6.4908095567463905e-09,-40.567599729663925
SaveOnEvent_ch1_20260928004616711.wfm,00:46:16.711000,1.387995,-0.006719999946653843,2.5167999999999993e-07,6.166399999999996e-07,-6.757817553125786e-09,-42.23639970703516
SaveOnEvent_ch1_20260928004616910.wfm,00:46:16.910000,1.387,-0.005760000087320805,3.374400000000006e-07,5.928000000000005e-07,-5.483270377793815e-09,-34.27055986120831
SaveOnEvent_ch1_20260928004617111.wfm,00:46:17.111000,1.3859949999999999,-0.006560000125318766,3.3920000000000007e-07,5.611200000000001e-07,-6.103020767925772e-09,-38.14391979953507
SaveOnEvent_ch1_20260928004617311.wfm,00:46:17.311000,1.384995,-0.005520000122487545,3.6608000000000006e-07,6.8048e-07,-5.973612768680323e-09,-37.33511980425101
SaveOnEvent_ch1_20260928004617510.wfm,00:46:17.510000,1.384,-0.007199999876320362,2.465599999999992e-07,5.523199999999995e-07,-6.6880895491177205e-09,-41.80063968198374
SaveOnEvent_ch1_20260928004617710.wfm,00:46:17.710000,1.383,-0.006000000052154064,2.913599999999992e-07,5.707199999999992e-07,-5.356716765325979e-09,-33.47951978328638
SaveOnEvent_ch1_20260928004617910.wfm,00:46:17.910000,1.3820000000000001,-0.006639999803155661,2.654400000000003e-07,5.755199999999995e-07,-7.306137548596598e-09,-45.6635196787247
SaveOnEvent_ch1_20260928004618111.wfm,00:46:18.111000,1.380995,-0.006719999946653843,2.9455999999999943e-07,5.755199999999995e-07,-7.312377532229294e-09,-45.70247957643005
SaveOnEvent_ch1_20260928004618310.wfm,00:46:18.310000,1.38,-0.006000000052154064,3.467199999999993e-07,6.263999999999996e-07,-6.482009553755635e-09,-40.51263971097069
SaveOnEvent_ch1_20260928004618510.wfm,00:46:18.510000,1.379,-0.007120000198483467,3.008000000000006e-07,5.419200000000004e-07,-6.1710527604562244e-09,-38.569039752852404
SaveOnEvent_ch1_20260928004618710.wfm,00:46:18.710000,1.3780000000000001,-0.005840000230818987,2.8128000000000046e-07,6.054400000000004e-07,-5.196153580902609e-09,-32.4759998806403
SaveOnEvent_ch1_20260928004618910.wfm,00:46:18.910000,1.377,-0.007120000198483467,2.555199999999992e-07,5.2368e-07,-7.4074111323012045e-09,-46.29647957687848
SaveOnEvent_ch1_20260928004619110.wfm,00:46:19.110000,1.376,-0.006800000090152025,2.628800000000008e-07,5.944000000000006e-07,-5.929196795101744e-09,-37.057439969386905
SaveOnEvent_ch1_20260928004619311.wfm,00:46:19.311000,1.374995,-0.00535999983549118,3.224000000000005e-07,6.54239999999999e-07,-5.185951988731976e-09,-32.41223992957384
SaveOnEvent_ch1_20260928004619511.wfm,00:46:19.511000,1.3739949999999999,-0.006719999946653843,2.5472000000000084e-07,5.244800000000001e-07,-6.58720635545207e-09,-41.17015972157242
SaveOnEvent_ch1_20260928004619711.wfm,00:46:19.711000,1.372995,-0.006719999946653843,2.5871999999999945e-07,5.159999999999998e-07,-6.526489553251303e-09,-40.79063970781863
SaveOnEvent_ch1_20260928004619911.wfm,00:46:19.911000,1.371995,-0.006560000125318766,3.044800000000005e-07,5.742399999999998e-07,-5.434355188929474e-09,-33.9647999308072
SaveOnEvent_ch1_20260928004620111.wfm,00:46:20.111000,1.370995,-0.006000000052154064,3.459199999999992e-07,6.537599999999993e-07,-5.975027178362944e-09,-37.343919864768395
SaveOnEvent_ch1_20260928004620311.wfm,00:46:20.311000,1.3699949999999999,-0.00687999976798892,2.409600000000005e-07,5.430400000000008e-07,-6.127295959000475e-09,-38.29567974375095
SaveOnEvent_ch1_20260928004620511.wfm,00:46:20.511000,1.368995,-0.006320000160485506,2.764800000000001e-07,6.048000000000014e-07,-7.114508744138293e-09,-44.46583965086029
SaveOnEvent_ch1_20260928004620711.wfm,00:46:20.711000,1.367995,-0.006800000090152025,2.4735999999999927e-07,5.297600000000002e-07,-5.706233573572243e-09,-35.66399983482552
SaveOnEvent_ch1_20260928004620910.wfm,00:46:20.910000,1.367,-0.0061599998734891415,3.047999999999992e-07,6.086400000000007e-07,-5.4791231850883905e-09,-34.24463990679942
SaveOnEvent_ch1_20260928004621110.wfm,00:46:21.110000,1.366,-0.006320000160485506,3.1424000000000057e-07,6.076799999999996e-07,-5.3331327952630806e-09,-33.33207997039426
SaveOnEvent_ch1_20260928004621311.wfm,00:46:21.311000,1.364995,-0.007519999984651804,2.1231999999999935e-07,4.985599999999995e-07,-6.121004759476053e-09,-38.25639974672231
SaveOnEvent_ch1_20260928004621510.wfm,00:46:21.510000,1.3639999999999999,-0.007439999841153622,2.6927999999999956e-07,5.563199999999998e-07,-6.290316770905629e-09,-39.31447981816018
SaveOnEvent_ch1_20260928004621711.wfm,00:46:21.711000,1.362995,-0.007360000163316727,1.9744000000000026e-07,5.419200000000004e-07,-7.1622463582525955e-09,-44.764159739075694
SaveOnEvent_ch1_20260928004621910.wfm,00:46:21.910000,1.362,-0.007840000092983246,2.715200000000004e-07,4.783999999999987e-07,-6.465919961957263e-09,-40.41207976223086
SaveOnEvent_ch1_20260928004622110.wfm,00:46:22.110000,1.361,-0.006800000090152025,2.534399999999994e-07,5.807999999999996e-07,-6.2002111645950944e-09,-38.751359778718324
SaveOnEvent_ch1_20260928004622311.wfm,00:46:22.311000,1.359995,-0.006800000090152025,2.859199999999998e-07,5.764799999999989e-07,-6.477203160270579e-09,-40.48255975169013
SaveOnEvent_ch1_20260928004622511.wfm,00:46:22.511000,1.3589950000000002,-0.006560000125318766,2.9520000000000016e-07,5.283200000000011e-07,-5.165503980186767e-09,-32.2843998761673
SaveOnEvent_ch1_20260928004622711.wfm,00:46:22.711000,1.3579949999999998,-0.006800000090152025,2.9424000000000076e-07,5.787199999999998e-07,-7.3264383449172585e-09,-45.790319655730855
SaveOnEvent_ch1_20260928004622911.wfm,00:46:22.911000,1.356995,-0.006479999981820583,2.006400000000005e-07,5.615999999999998e-07,-6.899724740609527e-09,-43.12327962880954
SaveOnEvent_ch1_20260928004623111.wfm,00:46:23.111000,1.355995,-0.006800000090152025,2.465599999999992e-07,5.356799999999992e-07,-7.823347107898443e-09,-48.89607942436123
SaveOnEvent_ch1_20260928004623310.wfm,00:46:23.310000,1.355,-0.007840000092983246,2.4319999999999964e-07,5.172799999999996e-07,-7.598035134167877e-09,-47.487839588546194
SaveOnEvent_ch1_20260928004623510.wfm,00:46:23.510000,1.354,-0.0060800001956522465,2.8160000000000083e-07,5.675199999999989e-07,-7.453318340189286e-09,-46.583439626178006
SaveOnEvent_ch1_20260928004623711.wfm,00:46:23.711000,1.352995,-0.006639999803155661,2.3456e-07,5.670400000000009e-07,-6.1812799699022434e-09,-38.63303981188801
SaveOnEvent_ch1_20260928004623911.wfm,00:46:23.911000,1.351995,-0.0061599998734891415,3.3456000000000074e-07,6.073599999999992e-07,-6.446899156253786e-09,-40.293199726584135
SaveOnEvent_ch1_20260928004624111.wfm,00:46:24.111000,1.3509950000000002,-0.0077599999494850636,2.239999999999999e-07,5.300800000000005e-07,-7.393587136794813e-09,-46.20991960496758
SaveOnEvent_ch1_20260928004624311.wfm,00:46:24.311000,1.3499949999999998,-0.00559999980032444,2.8959999999999973e-07,5.527999999999992e-07,-4.514003191858063e-09,-28.212479949113913
SaveOnEvent_ch1_20260928004624510.wfm,00:46:24.510000,1.3490000000000002,-0.007040000054985285,2.545599999999998e-07,5.496000000000006e-07,-7.595833540495948e-09,-47.47399962809868
SaveOnEvent_ch1_20260928004624710.wfm,00:46:24.710000,1.3479999999999999,-0.007040000054985285,2.1616000000000032e-07,4.736e-07,-6.743839951681439e-09,-42.14911969800596
SaveOnEvent_ch1_20260928004624911.wfm,00:46:24.911000,1.346995,-0.005200000014156103,4.992000000000002e-07,6.942400000000003e-07,-6.195155152489896e-09,-38.719839703058824
SaveOnEvent_ch1_20260928004625111.wfm,00:46:25.111000,1.345995,-0.007280000019818544,2.744000000000003e-07,5.465599999999997e-07,-4.778611194877882e-09,-29.866319967986783
SaveOnEvent_ch1_20260928004625311.wfm,00:46:25.311000,1.344995,-0.007120000198483467,3.009599999999999e-07,5.619199999999985e-07,-5.583891170376445e-09,-34.8992798148538
SaveOnEvent_ch1_20260928004625511.wfm,00:46:25.511000,1.343995,-0.007519999984651804,2.668799999999994e-07,5.630400000000006e-07,-5.8832255832431815e-09,-36.7701598952699
SaveOnEvent_ch1_20260928004625711.wfm,00:46:25.711000,1.342995,-0.0060800001956522465,3.4303999999999934e-07,6.447999999999993e-07,-4.975443203023169e-09,-31.096640018891776
SaveOnEvent_ch1_20260928004625911.wfm,00:46:25.911000,1.3419949999999998,-0.00535999983549118,4.0144000000000034e-07,6.881600000000002e-07,-4.5129215878946736e-09,-28.20575992434169
SaveOnEvent_ch1_20260928004626111.wfm,00:46:26.111000,1.340995,-0.005280000157654285,4.1440000000000064e-07,6.153599999999998e-07,-6.110105549562721e-09,-38.188239684764994
SaveOnEvent_ch1_20260928004626311.wfm,00:46:26.311000,1.339995,-0.006240000016987324,3.2063999999999936e-07,6.09439999999999e-07,-5.8918527745641765e-09,-36.82423984102206
SaveOnEvent_ch1_20260928004626511.wfm,00:46:26.511000,1.3389950000000002,-0.006240000016987324,3.624000000000001e-07,6.336000000000002e-07,-4.486348807713945e-09,-28.039680048212176
SaveOnEvent_ch1_20260928004626711.wfm,00:46:26.711000,1.3379949999999998,-0.0077599999494850636,2.0687999999999996e-07,5.113600000000005e-07,-7.59611514499178e-09,-47.4758396561956
SaveOnEvent_ch1_20260928004626911.wfm,00:46:26.911000,1.336995,-0.006320000160485506,2.3776000000000024e-07,6.03680000000001e-07,-6.821913546733556e-09,-42.63703966708272
SaveOnEvent_ch1_20260928004627111.wfm,00:46:27.111000,1.335995,-0.0069599999114871025,2.3023999999999934e-07,5.483199999999992e-07,-6.638271944853477e-09,-41.48927965533221
SaveOnEvent_ch1_20260928004627311.wfm,00:46:27.311000,1.334995,-0.006479999981820583,2.8416000000000034e-07,6.113600000000012e-07,-5.9313663644110766e-09,-37.07111977756722
SaveOnEvent_ch1_20260928004627511.wfm,00:46:27.511000,1.333995,-0.00887999963015318,2.001600000000008e-07,4.800000000000005e-07,-6.564627166262361e-09,-41.028879789140774
SaveOnEvent_ch1_20260928004627711.wfm,00:46:27.711000,1.332995,-0.006479999981820583,2.3728000000000055e-07,5.852799999999996e-07,-6.7285311469412404e-09,-42.053439668379724
SaveOnEvent_ch1_20260928004627911.wfm,00:46:27.911000,1.331995,-0.006560000125318766,2.630400000000001e-07,5.588799999999993e-07,-5.831391972757409e-09,-36.44639982972876
SaveOnEvent_ch1_20260928004628111.wfm,00:46:28.111000,1.3309950000000002,-0.007360000163316727,2.428799999999993e-07,5.180799999999996e-07,-6.2985919617838194e-09,-39.36631976114586
SaveOnEvent_ch1_20260928004628311.wfm,00:46:28.311000,1.3299949999999998,-0.0069599999114871025,2.615999999999993e-07,5.167999999999999e-07,-5.293708773790858e-09,-33.08567983619287
SaveOnEvent_ch1_20260928004628511.wfm,00:46:28.511000,1.328995,-0.006000000052154064,2.239999999999999e-07,5.784000000000011e-07,-5.338015970296691e-09,-33.362719814351294
SaveOnEvent_ch1_20260928004628711.wfm,00:46:28.711000,1.327995,-0.007360000163316727,2.724799999999998e-07,5.403200000000003e-07,-5.519225591879805e-09,-34.49519994924776
SaveOnEvent_ch1_20260928004628910.wfm,00:46:28.910000,1.327,-0.00687999976798892,2.5936000000000017e-07,5.171200000000002e-07,-6.033734369382728e-09,-37.71087980864104
SaveOnEvent_ch1_20260928004629111.wfm,00:46:29.111000,1.325995,-0.0060800001956522465,3.0463999999999985e-07,5.364799999999993e-07,-4.801190397781319e-09,-30.00743998613325
SaveOnEvent_ch1_20260928004629311.wfm,00:46:29.311000,1.324995,-0.006479999981820583,3.0175999999999997e-07,5.664000000000002e-07,-5.635475171322467e-09,-35.22175982076442
SaveOnEvent_ch1_20260928004629511.wfm,00:46:29.511000,1.323995,-0.006479999981820583,2.3728000000000055e-07,5.510399999999997e-07,-7.2207807488529935e-09,-45.12999968032818
SaveOnEvent_ch1_20260928004629711.wfm,00:46:29.711000,1.322995,-0.00535999983549118,3.2063999999999936e-07,6.143999999999987e-07,-6.081657557270957e-09,-38.01039973294246
SaveOnEvent_ch1_20260928004629911.wfm,00:46:29.911000,1.321995,-0.006800000090152025,2.929599999999993e-07,5.467199999999991e-07,-6.4073855683719754e-09,-40.046239802322816
SaveOnEvent_ch1_20260928004630111.wfm,00:46:30.111000,1.320995,-0.006399999838322401,3.926399999999997e-07,6.193600000000001e-07,-6.5024831696343604e-09,-40.640559810213745
SaveOnEvent_ch1_20260928004630311.wfm,00:46:30.311000,1.319995,-0.006800000090152025,2.340800000000003e-07,5.220799999999999e-07,-6.219916762597858e-09,-38.8745597662346
SaveOnEvent_ch1_20260928004630511.wfm,00:46:30.511000,1.3189950000000001,-0.007280000019818544,2.6576000000000065e-07,5.500799999999986e-07,-6.95753595027374e-09,-43.48471968920785
SaveOnEvent_ch1_20260928004630711.wfm,00:46:30.711000,1.3179949999999998,-0.0061599998734891415,3.3759999999999995e-07,6.494400000000003e-07,-6.374163176037836e-09,-39.83855985023547
SaveOnEvent_ch1_20260928004630911.wfm,00:46:30.911000,1.316995,-0.007199999876320362,1.9056000000000009e-07,5.286399999999997e-07,-7.738905535070222e-09,-48.36823959418689
SaveOnEvent_ch1_20260928004631111.wfm,00:46:31.111000,1.315995,-0.007199999876320362,2.7920000000000065e-07,5.726400000000013e-07,-6.42414717046311e-09,-40.150959815393435
SaveOnEvent_ch1_20260928004631310.wfm,00:46:31.310000,1.315,-0.007040000054985285,2.8912000000000004e-07,5.528000000000009e-07,-7.154009538954127e-09,-44.71263961846125
SaveOnEvent_ch1_20260928004631510.wfm,00:46:31.510000,1.314,-0.006639999803155661,2.3711999999999952e-07,5.201599999999994e-07,-5.8653503743675505e-09,-36.65855983979418
SaveOnEvent_ch1_20260928004631711.wfm,00:46:31.711000,1.312995,-0.007199999876320362,3.000000000000005e-07,5.548800000000007e-07,-6.789337557917463e-09,-42.43343973698211
SaveOnEvent_ch1_20260928004631910.wfm,00:46:31.910000,1.312,-0.007120000198483467,2.195199999999999e-07,5.275199999999993e-07,-6.8557567606354116e-09,-42.84847975397133
SaveOnEvent_ch1_20260928004632110.wfm,00:46:32.110000,1.311,-0.006719999946653843,2.744000000000003e-07,5.609600000000008e-07,-4.991615989403797e-09,-31.197599933773745
SaveOnEvent_ch1_20260928004632311.wfm,00:46:32.311000,1.3099949999999998,-0.00687999976798892,2.905600000000008e-07,5.3184e-07,-5.055411172220482e-09,-31.596399826376
SaveOnEvent_ch1_20260928004632510.wfm,00:46:32.510000,1.3090000000000002,-0.006399999838322401,2.579199999999994e-07,5.692800000000001e-07,-5.321868787077253e-09,-33.261759919230826
SaveOnEvent_ch1_20260928004632711.wfm,00:46:32.711000,1.307995,-0.007199999876320362,2.604800000000006e-07,5.5424e-07,-7.0517823667242215e-09,-44.07367979202536
SaveOnEvent_ch1_20260928004632911.wfm,00:46:32.911000,1.3069950000000001,-0.008080000057816505,2.305599999999997e-07,4.942400000000005e-07,-7.311065547084435e-09,-45.6942396692757
SaveOnEvent_ch1_20260928004633111.wfm,00:46:33.111000,1.305995,-0.007439999841153622,2.6864000000000053e-07,5.323199999999997e-07,-6.426822359191721e-09,-40.167759744945215
SaveOnEvent_ch1_20260928004633310.wfm,00:46:33.310000,1.305,-0.007199999876320362,2.1568000000000062e-07,4.871999999999993e-07,-6.76271354649216e-09,-42.267119665571954
SaveOnEvent_ch1_20260928004633511.wfm,00:46:33.511000,1.303995,-0.006560000125318766,2.425600000000006e-07,5.686399999999994e-07,-6.910623950853475e-09,-43.19135969283525
SaveOnEvent_ch1_20260928004633711.wfm,00:46:33.711000,1.302995,-0.0049600000493228436,3.4095999999999953e-07,6.787199999999988e-07,-5.099155168847646e-09,-31.86975980529678
SaveOnEvent_ch1_20260928004633911.wfm,00:46:33.911000,1.301995,-0.006639999803155661,3.1807999999999984e-07,6.129599999999996e-07,-5.598739193680231e-09,-34.99207996050245
SaveOnEvent_ch1_20260928004634110.wfm,00:46:34.110000,1.301,-0.0014400000218302011,9.453599999999999e-06,9.617759999999999e-06,-2.925760001216546e-09,-18.286720007599797
SaveOnEvent_ch1_20260928004634311.wfm,00:46:34.311000,1.299995,-0.005280000157654285,3.049600000000002e-07,6.26559999999999e-07,-5.146124783982523e-09,-32.163359899888746
SaveOnEvent_ch1_20260928004634511.wfm,00:46:34.511000,1.2989950000000001,-0.007679999805986881,1.9919999999999972e-07,4.615999999999991e-07,-7.205241540472487e-09,-45.032879627950024
SaveOnEvent_ch1_20260928004634710.wfm,00:46:34.710000,1.298,-0.005040000192821026,3.089600000000005e-07,6.123200000000006e-07,-4.817055979205758e-09,-30.106639870034996
SaveOnEvent_ch1_20260928004634911.wfm,00:46:34.911000,1.296995,-0.005840000230818987,3.233599999999999e-07,5.924800000000001e-07,-5.0326655901735646e-09,-31.45415993858478
SaveOnEvent_ch1_20260928004635111.wfm,00:46:35.111000,1.295995,-0.007199999876320362,2.451200000000001e-07,5.294399999999998e-07,-6.124742368960288e-09,-38.279679806000786
SaveOnEvent_ch1_20260928004635311.wfm,00:46:35.311000,1.2949950000000001,-0.005520000122487545,2.4367999999999933e-07,6.26880000000001e-07,-5.181164772335906e-09,-32.3823198270984
SaveOnEvent_ch1_20260928004635511.wfm,00:46:35.511000,1.293995,-0.006560000125318766,3.5632e-07,5.807999999999996e-07,-5.891507176179437e-09,-36.82199985111947
SaveOnEvent_ch1_20260928004635711.wfm,00:46:35.711000,1.292995,-0.0061599998734891415,2.713599999999994e-07,5.876799999999998e-07,-7.163359960292e-09,-44.77111975182197
SaveOnEvent_ch1_20260928004635911.wfm,00:46:35.911000,1.291995,-0.006800000090152025,2.6128000000000066e-07,5.175999999999999e-07,-7.46401912908303e-09,-46.65023955676588
SaveOnEvent_ch1_20260928004636110.wfm,00:46:36.110000,1.291,-0.006800000090152025,2.3135999999999976e-07,5.608000000000015e-07,-6.893529539746233e-09,-43.08463962341193
SaveOnEvent_ch1_20260928004636311.wfm,00:46:36.311000,1.289995,-0.007600000128149986,2.639999999999995e-07,5.36480000000001e-07,-6.55448956272332e-09,-40.96559976701974
SaveOnEvent_ch1_20260928004636511.wfm,00:46:36.511000,1.288995,-0.004800000227987766,3.9151999999999926e-07,6.640000000000008e-07,-3.4648192255757737e-09,-21.655040159850614
SaveOnEvent_ch1_20260928004636711.wfm,00:46:36.711000,1.287995,-0.007280000019818544,2.3311999999999922e-07,5.169599999999992e-07,-7.207699143195059e-09,-45.04815964496811
SaveOnEvent_ch1_20260928004636911.wfm,00:46:36.911000,1.2869950000000001,-0.007120000198483467,2.540800000000001e-07,5.961600000000001e-07,-6.225945587600576e-09,-38.91223992250161
SaveOnEvent_ch1_20260928004637111.wfm,00:46:37.111000,1.285995,-0.006000000052154064,2.6864000000000053e-07,5.753600000000002e-07,-5.077523189212659e-09,-31.734479932580143
SaveOnEvent_ch1_20260928004637311.wfm,00:46:37.311000,1.2849949999999999,-0.0060800001956522465,2.2239999999999977e-07,5.731199999999994e-07,-5.207539177811704e-09,-32.54719986132113
SaveOnEvent_ch1_20260928004637510.wfm,00:46:37.510000,1.284,-0.006719999946653843,2.5167999999999993e-07,5.345599999999988e-07,-5.4385215765959565e-09,-33.99079985372373
SaveOnEvent_ch1_20260928004637711.wfm,00:46:37.711000,1.2829949999999999,-0.0061599998734891415,2.409600000000005e-07,6.096000000000001e-07,-6.9745919530512734e-09,-43.59127970656846
SaveOnEvent_ch1_20260928004637910.wfm,00:46:37.910000,1.282,-0.005760000087320805,3.2560000000000075e-07,6.163199999999992e-07,-5.187590365798677e-09,-32.42255978623871
SaveOnEvent_ch1_20260928004638110.wfm,00:46:38.110000,1.281,-0.00791999977082014,2.494400000000008e-07,5.2736e-07,-8.373036750520114e-09,-52.33167969074566
SaveOnEvent_ch1_20260928004638310.wfm,00:46:38.310000,1.28,-0.00687999976798892,2.774399999999995e-07,5.494399999999996e-07,-6.168038362781519e-09,-38.55039976738044
SaveOnEvent_ch1_20260928004638511.wfm,00:46:38.511000,1.278995,-0.005119999870657921,5.030399999999995e-07,7.220799999999997e-07,-4.7796032045013255e-09,-29.872560028132284
SaveOnEvent_ch1_20260928004638710.wfm,00:46:38.710000,1.278,-0.004879999905824661,3.539199999999998e-07,7.894400000000007e-07,-5.854137563838153e-09,-36.588399773987476
SaveOnEvent_ch1_20260928004638911.wfm,00:46:38.911000,1.2769949999999999,-0.00559999980032444,2.948799999999998e-07,6.383999999999988e-07,-5.046886388543063e-09,-31.543039928394137
SaveOnEvent_ch1_20260928004639111.wfm,00:46:39.111000,1.275995,-0.0061599998734891415,2.9760000000000034e-07,5.398400000000006e-07,-5.551244780751876e-09,-34.69535987969721
SaveOnEvent_ch1_20260928004639310.wfm,00:46:39.310000,1.275,-0.007840000092983246,2.011200000000002e-07,5.14080000000001e-07,-8.131763122538104e-09,-50.82367951585911
SaveOnEvent_ch1_20260928004639510.wfm,00:46:39.510000,1.274,-0.007199999876320362,1.891199999999993e-07,5.030400000000012e-07,-7.772262358805162e-09,-48.57679974252824
SaveOnEvent_ch1_20260928004639711.wfm,00:46:39.711000,1.2729949999999999,-0.006479999981820583,2.2527999999999965e-07,5.948800000000003e-07,-7.292307140764312e-09,-45.576959629775956
SaveOnEvent_ch1_20260928004639910.wfm,00:46:39.910000,1.272,-0.0077599999494850636,1.8480000000000033e-07,4.996799999999999e-07,-6.902022338977548e-09,-43.13775961860665
SaveOnEvent_ch1_20260928004640111.wfm,00:46:40.111000,1.270995,-0.006320000160485506,2.3583999999999976e-07,5.390400000000005e-07,-4.741619195379317e-09,-29.63503997112275
SaveOnEvent_ch1_20260928004640311.wfm,00:46:40.311000,1.269995,-0.00535999983549118,3.862399999999992e-07,7.121600000000003e-07,-5.7003071754821574e-09,-35.627039846760454
SaveOnEvent_ch1_20260928004640511.wfm,00:46:40.511000,1.2689949999999999,-0.00687999976798892,2.3616000000000012e-07,5.435199999999988e-07,-7.698099123830905e-09,-48.11319952394115
SaveOnEvent_ch1_20260928004640711.wfm,00:46:40.711000,1.267995,-0.006479999981820583,2.710400000000007e-07,5.820799999999993e-07,-5.908051169093231e-09,-36.92543980682967
SaveOnEvent_ch1_20260928004640911.wfm,00:46:40.911000,1.266995,-0.006800000090152025,2.536000000000004e-07,5.563199999999998e-07,-7.714566332905088e-09,-48.216159580653766
SaveOnEvent_ch1_20260928004641111.wfm,00:46:41.111000,1.2659950000000002,-0.007280000019818544,2.3936000000000036e-07,5.4528e-07,-6.804947148833892e-09,-42.5309596802108
SaveOnEvent_ch1_20260928004641311.wfm,00:46:41.311000,1.2649949999999999,-0.0077599999494850636,2.4271999999999994e-07,5.113599999999988e-07,-7.486060736004728e-09,-46.787999600026524
SaveOnEvent_ch1_20260928004641511.wfm,00:46:41.511000,1.263995,-0.007040000054985285,2.665600000000007e-07,5.9008e-07,-6.912345553408376e-09,-43.202239708800334
SaveOnEvent_ch1_20260928004641711.wfm,00:46:41.711000,1.262995,-0.00687999976798892,2.0815999999999971e-07,5.127999999999996e-07,-7.176358337001874e-09,-44.8523196062597
SaveOnEvent_ch1_20260928004641911.wfm,00:46:41.911000,1.261995,-0.004240000154823065,4.291200000000004e-07,8.081600000000007e-07,-4.423475200999528e-09,-27.64672000624705
SaveOnEvent_ch1_20260928004642110.wfm,00:46:42.110000,1.261,-0.005919999908655882,2.8176000000000016e-07,5.867199999999987e-07,-6.077535962786058e-09,-37.98463976741186
SaveOnEvent_ch1_20260928004642311.wfm,00:46:42.311000,1.259995,-0.006240000016987324,2.540800000000001e-07,5.744000000000008e-07,-6.390700763685163e-09,-39.94191977303126
SaveOnEvent_ch1_20260928004642511.wfm,00:46:42.511000,1.258995,-0.007600000128149986,2.5663999999999963e-07,5.135999999999996e-07,-7.339001537349543e-09,-45.86879960843362
SaveOnEvent_ch1_20260928004642711.wfm,00:46:42.711000,1.257995,-0.007519999984651804,1.9136000000000015e-07,5.459200000000007e-07,-7.518707156958989e-09,-46.991999730991665
SaveOnEvent_ch1_20260928004642911.wfm,00:46:42.911000,1.2569949999999999,-0.0081599997356534,2.3776000000000024e-07,4.790400000000011e-07,-7.401548746349292e-09,-46.25975966468104
SaveOnEvent_ch1_20260928004643111.wfm,00:46:43.111000,1.255995,-0.007199999876320362,1.916800000000005e-07,5.424000000000001e-07,-6.154374368505088e-09,-38.4647998031578
SaveOnEvent_ch1_20260928004643310.wfm,00:46:43.310000,1.255,-0.006479999981820583,2.4719999999999994e-07,5.508800000000004e-07,-5.57679356863722e-09,-34.85503980398062
SaveOnEvent_ch1_20260928004643511.wfm,00:46:43.511000,1.253995,-0.004879999905824661,2.7663999999999944e-07,7.137599999999987e-07,-4.749286394985393e-09,-29.683039968658704
SaveOnEvent_ch1_20260928004643711.wfm,00:46:43.711000,1.2529949999999999,-0.006560000125318766,2.5711999999999933e-07,5.748799999999988e-07,-5.8591679691686256e-09,-36.6199198073009
SaveOnEvent_ch1_20260928004643911.wfm,00:46:43.911000,1.251995,-0.007519999984651804,1.8095999999999937e-07,5.038399999999996e-07,-7.371500738679898e-09,-46.071919616748346
SaveOnEvent_ch1_20260928004644110.wfm,00:46:44.110000,1.251,-0.0060800001956522465,2.684799999999995e-07,6.086400000000007e-07,-6.32721917749848e-09,-39.54527985936147
SaveOnEvent_ch1_20260928004644311.wfm,00:46:44.311000,1.249995,-0.006560000125318766,2.8816000000000064e-07,5.977599999999985e-07,-6.72928637538338e-09,-42.0581598461431
SaveOnEvent_ch1_20260928004644510.wfm,00:46:44.510000,1.249,-0.006560000125318766,2.1135999999999996e-07,6.139200000000007e-07,-7.3052735477802305e-09,-45.65807967362343
SaveOnEvent_ch1_20260928004644711.wfm,00:46:44.711000,1.247995,-0.005840000230818987,3.3151999999999983e-07,6.616000000000006e-07,-5.4326143843168385e-09,-33.953919901978225
SaveOnEvent_ch1_20260928004644911.wfm,00:46:44.911000,1.246995,-0.006240000016987324,3.513600000000003e-07,6.388800000000002e-07,-5.062003183723432e-09,-31.63751989827142
SaveOnEvent_ch1_20260928004645111.wfm,00:46:45.111000,1.2459950000000002,-0.007600000128149986,2.830399999999999e-07,5.606400000000004e-07,-7.160243151118046e-09,-44.751599694485776
SaveOnEvent_ch1_20260928004645311.wfm,00:46:45.311000,1.2449949999999999,-0.0069599999114871025,2.4784000000000066e-07,5.475200000000008e-07,-6.976051141191274e-09,-43.60047963244142
SaveOnEvent_ch1_20260928004645511.wfm,00:46:45.511000,1.243995,-0.006639999803155661,2.6111999999999963e-07,5.632e-07,-5.751929575682149e-09,-35.94959984801244
SaveOnEvent_ch1_20260928004645711.wfm,00:46:45.711000,1.242995,-0.00559999980032444,3.763199999999998e-07,6.604799999999985e-07,-5.3379007703880816e-09,-33.3618398149265
SaveOnEvent_ch1_20260928004645911.wfm,00:46:45.911000,1.241995,-0.0069599999114871025,2.6464000000000023e-07,5.348799999999992e-07,-6.22318713738816e-09,-38.89511960867094
SaveOnEvent_ch1_20260928004646111.wfm,00:46:46.111000,1.240995,-0.008559999987483025,2.0623999999999923e-07,4.926400000000004e-07,-8.070233540651385e-09,-50.43903962906916
SaveOnEvent_ch1_20260928004646311.wfm,00:46:46.311000,1.239995,-0.004000000189989805,4.2239999999999955e-07,7.723199999999991e-07,-4.881996762664054e-09,-30.512559766648337
SaveOnEvent_ch1_20260928004646511.wfm,00:46:46.511000,1.238995,-0.0077599999494850636,2.48e-07,5.142400000000003e-07,-7.50605433909921e-09,-46.91287961936905
SaveOnEvent_ch1_20260928004646711.wfm,00:46:46.711000,1.237995,-0.006719999946653843,3.040000000000008e-07,5.772800000000007e-07,-6.959398340201004e-09,-43.49639962625224
SaveOnEvent_ch1_20260928004646911.wfm,00:46:46.911000,1.2369949999999998,-0.007600000128149986,2.5871999999999945e-07,5.77279999999999e-07,-5.4913279920816445e-09,-34.32079995051026
SaveOnEvent_ch1_20260928004647111.wfm,00:46:47.111000,1.235995,-0.004879999905824661,4.3840000000000075e-07,6.712000000000013e-07,-4.5385663841082715e-09,-28.365999900677707
SaveOnEvent_ch1_20260928004647311.wfm,00:46:47.311000,1.234995,-0.005439999978989363,3.179200000000005e-07,5.960000000000007e-07,-4.950367970622612e-09,-30.939919816388283
SaveOnEvent_ch1_20260928004647511.wfm,00:46:47.511000,1.2339950000000002,-0.005520000122487545,3.388799999999997e-07,6.889599999999986e-07,-6.332147171325047e-09,-39.57599982077954
SaveOnEvent_ch1_20260928004647711.wfm,00:46:47.711000,1.2329949999999998,-0.006320000160485506,3.089600000000005e-07,5.948799999999986e-07,-6.839052762957288e-09,-42.74423976847902
SaveOnEvent_ch1_20260928004647911.wfm,00:46:47.911000,1.231995,-0.0077599999494850636,2.296000000000003e-07,5.131199999999999e-07,-7.925580715695394e-09,-49.534959473094204
SaveOnEvent_ch1_20260928004648111.wfm,00:46:48.111000,1.230995,-0.007360000163316727,2.6879999999999987e-07,5.896000000000003e-07,-8.107935948462687e-09,-50.67479967788677
SaveOnEvent_ch1_20260928004648311.wfm,00:46:48.311000,1.229995,-0.00535999983549118,2.915200000000002e-07,6.641600000000001e-07,-5.009721574948633e-09,-31.310799843427958
SaveOnEvent_ch1_20260928004648511.wfm,00:46:48.511000,1.228995,-0.006320000160485506,3.6047999999999964e-07,6.115200000000005e-07,-6.1087807697220685e-09,-38.17999981075991
SaveOnEvent_ch1_20260928004648711.wfm,00:46:48.711000,1.227995,-0.006719999946653843,2.675200000000001e-07,5.566400000000001e-07,-5.859161571930159e-09,-36.619839824561495
SaveOnEvent_ch1_20260928004648911.wfm,00:46:48.911000,1.226995,-0.00791999977082014,2.270400000000008e-07,5.09279999999999e-07,-7.993811156197913e-09,-49.96135972623597
SaveOnEvent_ch1_20260928004649111.wfm,00:46:49.111000,1.2259950000000002,-0.005520000122487545,3.918399999999996e-07,6.140800000000001e-07,-3.86556160591077e-09,-24.159760036942316
SaveOnEvent_ch1_20260928004649311.wfm,00:46:49.311000,1.2249949999999998,-0.0060800001956522465,3.6895999999999994e-07,6.473600000000005e-07,-6.837932753993662e-09,-42.73711971245939
SaveOnEvent_ch1_20260928004649511.wfm,00:46:49.511000,1.223995,-0.0060800001956522465,2.6864000000000053e-07,5.891200000000006e-07,-6.507417560243048e-09,-40.67143975151703
SaveOnEvent_ch1_20260928004649711.wfm,00:46:49.711000,1.222995,-0.00535999983549118,2.615999999999993e-07,6.526400000000006e-07,-6.317375959428027e-09,-39.48375974642113
SaveOnEvent_ch1_20260928004649911.wfm,00:46:49.911000,1.221995,-0.0077599999494850636,2.3936000000000036e-07,5.278399999999997e-07,-6.177465579241979e-09,-38.609199870261364
SaveOnEvent_ch1_20260928004650111.wfm,00:46:50.111000,1.220995,-0.005040000192821026,3.240000000000006e-07,6.211199999999996e-07,-4.117286396403794e-09,-25.732959977525752
SaveOnEvent_ch1_20260928004650311.wfm,00:46:50.311000,1.219995,-0.007360000163316727,2.3135999999999976e-07,5.241599999999997e-07,-7.09096953677479e-09,-44.31871960483841
SaveOnEvent_ch1_20260928004650511.wfm,00:46:50.511000,1.218995,-0.007600000128149986,1.6880000000000082e-07,4.844800000000005e-07,-7.025913552192508e-09,-43.91191970120417
SaveOnEvent_ch1_20260928004650711.wfm,00:46:50.711000,1.217995,-0.006800000090152025,2.336000000000006e-07,5.887999999999985e-07,-7.818118336738551e-09,-48.863359604612924
SaveOnEvent_ch1_20260928004650911.wfm,00:46:50.911000,1.2169949999999998,-0.006240000016987324,2.958399999999992e-07,5.649599999999994e-07,-6.766476742560043e-09,-42.29063964099623
SaveOnEvent_ch1_20260928004651111.wfm,00:46:51.111000,1.215995,-0.005439999978989363,3.287999999999993e-07,6.281600000000008e-07,-5.147180775280576e-09,-32.16991984550259
SaveOnEvent_ch1_20260928004651311.wfm,00:46:51.311000,1.214995,-0.006639999803155661,3.014399999999996e-07,5.921599999999998e-07,-5.5792255804268626e-09,-34.8701598776679
SaveOnEvent_ch1_20260928004651511.wfm,00:46:51.511000,1.2139950000000002,-0.007439999841153622,2.2720000000000013e-07,5.192e-07,-6.553747161345091e-09,-40.961039758403786
SaveOnEvent_ch1_20260928004651711.wfm,00:46:51.711000,1.2129949999999998,-0.005280000157654285,4.0847999999999986e-07,6.929600000000006e-07,-5.127244783146307e-09,-32.0453598946624
SaveOnEvent_ch1_20260928004651911.wfm,00:46:51.911000,1.211995,-0.0012799999676644802,-2.8799999999998776e-09,4.6879999999999795e-08,-6.580607851175582e-10,-4.112879906984745
SaveOnEvent_ch1_20260928004652111.wfm,00:46:52.111000,1.210995,-0.0013599999947473407,-1.4400000000007858e-09,4.4479999999999615e-08,-9.840383765613654e-10,-6.150319853506517
SaveOnEvent_ch1_20260928004652310.wfm,00:46:52.310000,1.21,-0.0012799999676644802,-5.280000000000058e-09,9.621439999999998e-06,-1.5427776112803242e-09,-9.642960070515983
SaveOnEvent_ch1_20260928004652511.wfm,00:46:52.511000,1.208995,-0.006479999981820583,3.052800000000006e-07,5.974399999999998e-07,-7.63151353575289e-09,-47.697119598451536
SaveOnEvent_ch1_20260928004652711.wfm,00:46:52.711000,1.207995,-0.007679999805986881,2.251200000000003e-07,5.254400000000012e-07,-8.005113518966827e-09,-50.03215949353762
SaveOnEvent_ch1_20260928004652911.wfm,00:46:52.911000,1.206995,-0.005919999908655882,3.632000000000002e-07,5.987199999999996e-07,-5.661343988918232e-09,-35.38343993073795
SaveOnEvent_ch1_20260928004653111.wfm,00:46:53.111000,1.2059950000000002,-0.00535999983549118,3.534400000000001e-07,5.966399999999998e-07,-4.861881595908199e-09,-30.38671997442725
SaveOnEvent_ch1_20260928004653311.wfm,00:46:53.311000,1.2049949999999998,-0.00559999980032444,2.6912000000000023e-07,6.571200000000006e-07,-5.611289580040613e-09,-35.07055987525382
SaveOnEvent_ch1_20260928004653511.wfm,00:46:53.511000,1.203995,-0.0060800001956522465,3.3599999999999983e-07,6.047999999999997e-07,-5.096601593503726e-09,-31.853759959398303
SaveOnEvent_ch1_20260928004653710.wfm,00:46:53.710000,1.2029999999999998,-0.00872000027447939,1.9424000000000002e-07,4.719999999999999e-07,-6.775411170343866e-09,-42.34639981464716
SaveOnEvent_ch1_20260928004653911.wfm,00:46:53.911000,1.2019950000000001,-0.006399999838322401,2.6176000000000035e-07,5.508800000000004e-07,-6.166790363395121e-09,-38.542479771218495
SaveOnEvent_ch1_20260928004654111.wfm,00:46:54.111000,1.200995,-0.007199999876320362,2.411199999999998e-07,5.561600000000004e-07,-6.6559167683566905e-09,-41.599519802228315
SaveOnEvent_ch1_20260928004654310.wfm,00:46:54.310000,1.2,-0.00559999980032444,3.676800000000002e-07,6.6784e-07,-5.066745595678221e-09,-31.667199972987873
SaveOnEvent_ch1_20260928004654511.wfm,00:46:54.511000,1.198995,-0.00791999977082014,2.2847999999999989e-07,5.302399999999999e-07,-7.136614353209733e-09,-44.603919707558816
SaveOnEvent_ch1_20260928004654711.wfm,00:46:54.711000,1.197995,-0.0069599999114871025,2.9360000000000003e-07,6.174400000000013e-07,-6.015231979596427e-09,-37.59519987247768
SaveOnEvent_ch1_20260928004654910.wfm,00:46:54.910000,1.197,-0.006000000052154064,2.654400000000003e-07,6.342399999999992e-07,-5.7522879896941576e-09,-35.951839935587486
SaveOnEvent_ch1_20260928004655111.wfm,00:46:55.111000,1.195995,-0.005280000157654285,3.2463999999999966e-07,6.9024e-07,-6.067059157737532e-09,-37.91911973585957
SaveOnEvent_ch1_20260928004655311.wfm,00:46:55.311000,1.194995,-0.007439999841153622,2.7615999999999974e-07,4.82399999999999e-07,-6.7436479579680565e-09,-42.147839737299364
SaveOnEvent_ch1_20260928004655511.wfm,00:46:55.511000,1.1939950000000001,-0.006399999838322401,2.649600000000006e-07,5.809600000000006e-07,-7.062534359700512e-09,-44.14103974812315
SaveOnEvent_ch1_20260928004655711.wfm,00:46:55.711000,1.1929949999999998,-0.0061599998734891415,2.2064000000000031e-07,6.071999999999999e-07,-8.192697522214148e-09,-51.204479513835395
SaveOnEvent_ch1_20260928004655911.wfm,00:46:55.911000,1.191995,-0.00687999976798892,2.195199999999999e-07,5.366400000000003e-07,-6.062483182388821e-09,-37.890559889929136
SaveOnEvent_ch1_20260928004656111.wfm,00:46:56.111000,1.190995,-0.006399999838322401,2.809600000000001e-07,6.40799999999999e-07,-5.685952000631951e-09,-35.53728000394767
SaveOnEvent_ch1_20260928004656311.wfm,00:46:56.311000,1.189995,-0.005919999908655882,3.593599999999992e-07,5.633599999999993e-07,-6.070630363766103e-09,-37.94151977353613
SaveOnEvent_ch1_20260928004656511.wfm,00:46:56.511000,1.188995,-0.00559999980032444,2.950400000000008e-07,6.068800000000012e-07,-5.422380770232995e-09,-33.8899198139552
SaveOnEvent_ch1_20260928004656711.wfm,00:46:56.711000,1.187995,-0.0041600000113248825,4.1456e-07,7.763200000000011e-07,-6.038137545294593e-09,-37.73847965808818
SaveOnEvent_ch1_20260928004656911.wfm,00:46:56.911000,1.186995,-0.0012799999676644802,-5.600000000000421e-09,4.7679999999999855e-08,-6.224895863886945e-10,-3.8906399149273057
SaveOnEvent_ch1_20260928004657111.wfm,00:46:57.111000,1.1859950000000001,-0.001120000029914081,-3.6799999999999377e-09,6.464000000000045e-08,-3.763583922944949e-10,-2.352239951840602
SaveOnEvent_ch1_20260928004657311.wfm,00:46:57.311000,1.1849949999999998,-0.005679999943822622,3.2944e-07,6.454399999999983e-07,-6.88745593818603e-09,-43.04671961365966
SaveOnEvent_ch1_20260928004657511.wfm,00:46:57.511000,1.183995,-0.007679999805986881,2.489599999999994e-07,5.555199999999997e-07,-6.208889571486508e-09,-38.805679821787635
SaveOnEvent_ch1_20260928004657710.wfm,00:46:57.710000,1.1829999999999998,-0.005520000122487545,3.1664000000000075e-07,6.483199999999999e-07,-5.4853887658705915e-09,-34.28367978669121
SaveOnEvent_ch1_20260928004657911.wfm,00:46:57.911000,1.1819950000000001,-0.007280000019818544,2.2863999999999922e-07,5.588799999999993e-07,-7.448806341751476e-09,-46.55511963594472
SaveOnEvent_ch1_20260928004658111.wfm,00:46:58.111000,1.180995,-0.0060800001956522465,3.2048e-07,6.152000000000005e-07,-6.236287970365958e-09,-38.97687981478521
SaveOnEvent_ch1_20260928004658311.wfm,00:46:58.311000,1.179995,-0.005119999870657921,4.3440000000000045e-07,7.431999999999999e-07,-5.297094402851071e-09,-33.106800017820206
SaveOnEvent_ch1_20260928004658511.wfm,00:46:58.511000,1.178995,-0.006320000160485506,2.6527999999999926e-07,5.864e-07,-5.9282815768104024e-09,-37.05183985506301
SaveOnEvent_ch1_20260928004658711.wfm,00:46:58.711000,1.177995,-0.006639999803155661,2.4176000000000054e-07,5.553600000000004e-07,-6.5817407502629755e-09,-41.13599968914059
SaveOnEvent_ch1_20260928004658911.wfm,00:46:58.911000,1.176995,-0.003759999992325902,5.492800000000003e-07,1.194560000000001e-06,-6.540876757549119e-09,-40.88047973468201
SaveOnEvent_ch1_20260928004659111.wfm,00:46:59.111000,1.175995,-0.0069599999114871025,2.3311999999999922e-07,5.343999999999995e-07,-6.83303033481585e-09,-42.70655959259602
SaveOnEvent_ch1_20260928004659311.wfm,00:46:59.311000,1.174995,-0.006320000160485506,2.639999999999995e-07,5.412799999999997e-07,-5.397791976889129e-09,-33.73623985555605
SaveOnEvent_ch1_20260928004659511.wfm,00:46:59.511000,1.1739950000000001,-0.0008800000068731606,-7.0399999999995125e-09,4.495999999999931e-08,1.7420735551579855e-09,10.8879997197364
SaveOnEvent_ch1_20260928004659711.wfm,00:46:59.711000,1.1729949999999998,-0.005280000157654285,3.782400000000003e-07,6.2304e-07,-3.5526656236918624e-09,-22.204080148076173
SaveOnEvent_ch1_20260928004659911.wfm,00:46:59.911000,1.171995,-0.004240000154823065,4.105599999999997e-07,6.731200000000001e-07,-3.2358208125527027e-09,-20.223840078455396
SaveOnEvent_ch1_20260928004700111.wfm,00:47:00.111000,1.170995,-0.006000000052154064,3.257600000000001e-07,6.664000000000009e-07,-5.822284780675546e-09,-36.38927987922216
SaveOnEvent_ch1_20260928004700311.wfm,00:47:00.311000,1.1699950000000001,-0.005439999978989363,4.128000000000005e-07,6.555200000000005e-07,-5.965727960059884e-09,-37.28591975037125
SaveOnEvent_ch1_20260928004700511.wfm,00:47:00.511000,1.168995,-0.006800000090152025,2.444799999999994e-07,6.015999999999995e-07,-6.4677503738319505e-09,-40.42351983644767
SaveOnEvent_ch1_20260928004700711.wfm,00:47:00.711000,1.167995,-0.006639999803155661,2.414400000000002e-07,5.716800000000003e-07,-5.3029247829457745e-09,-33.14327989341109
SaveOnEvent_ch1_20260928004700911.wfm,00:47:00.911000,1.166995,-0.006479999981820583,2.779199999999992e-07,5.5424e-07,-6.428422346243167e-09,-40.1776796640188
SaveOnEvent_ch1_20260928004701111.wfm,00:47:01.111000,1.1659950000000001,-0.0061599998734891415,2.788800000000003e-07,6.865600000000001e-07,-7.3429183453391305e-09,-45.893359658366535
SaveOnEvent_ch1_20260928004701311.wfm,00:47:01.311000,1.164995,-0.005760000087320805,3.087999999999995e-07,5.950399999999996e-07,-5.110035168470349e-09,-31.937679802940693
SaveOnEvent_ch1_20260928004701511.wfm,00:47:01.511000,1.163995,-0.001120000029914081,-1.120000000000423e-09,5.0240000000001064e-08,-4.997183884889814e-10,-3.1233599280531053
SaveOnEvent_ch1_20260928004701711.wfm,00:47:01.711000,1.162995,-0.006800000090152025,3.0671999999999967e-07,5.753600000000002e-07,-6.4305023685609924e-09,-40.1906398035062
SaveOnEvent_ch1_20260928004701911.wfm,00:47:01.911000,1.1619950000000001,-0.007040000054985285,2.8016000000000004e-07,5.192e-07,-5.8460351584921616e-09,-36.537759740574984
SaveOnEvent_ch1_20260928004702111.wfm,00:47:02.111000,1.160995,-0.005200000014156103,4.5583999999999935e-07,6.436799999999989e-07,-4.035398397219833e-09,-25.221279982622946
SaveOnEvent_ch1_20260928004702311.wfm,00:47:02.311000,1.1599949999999999,-0.006479999981820583,2.486400000000007e-07,5.801600000000006e-07,-6.384671965239102e-09,-39.90431978274137
SaveOnEvent_ch1_20260928004702511.wfm,00:47:02.511000,1.158995,-0.006399999838322401,3.502399999999999e-07,6.598400000000011e-07,-5.7349375896621495e-09,-35.843439935386414
SaveOnEvent_ch1_20260928004702711.wfm,00:47:02.711000,1.1579949999999999,-0.006240000016987324,3.219200000000008e-07,5.913599999999997e-07,-3.771225615767762e-09,-23.570240098546492
SaveOnEvent_ch1_20260928004702911.wfm,00:47:02.911000,1.156995,-0.004639999940991402,3.862399999999992e-07,6.699199999999998e-07,-2.604108808478342e-09,-16.27560005299165
SaveOnEvent_ch1_20260928004703111.wfm,00:47:03.111000,1.1559949999999999,-0.007840000092983246,2.1376000000000014e-07,5.143999999999997e-07,-6.980063951245977e-09,-43.62551969528431
SaveOnEvent_ch1_20260928004703311.wfm,00:47:03.311000,1.154995,-0.007120000198483467,2.455999999999998e-07,5.241599999999997e-07,-6.152185559768696e-09,-38.451279748551315
SaveOnEvent_ch1_20260928004703511.wfm,00:47:03.511000,1.153995,-0.006560000125318766,2.960000000000002e-07,6.071999999999999e-07,-6.635135957836174e-09,-41.46967973647406
SaveOnEvent_ch1_20260928004703711.wfm,00:47:03.711000,1.1529949999999998,-0.0069599999114871025,2.2544000000000067e-07,5.972799999999988e-07,-8.085919909796209e-09,-50.53711943622329
SaveOnEvent_ch1_20260928004703911.wfm,00:47:03.911000,1.1519949999999999,-0.005439999978989363,3.508800000000006e-07,7.639999999999998e-07,-6.487295966641976e-09,-40.54559979151236
SaveOnEvent_ch1_20260928004704111.wfm,00:47:04.111000,1.150995,-0.005840000230818987,3.052800000000006e-07,6.17120000000001e-07,-6.1078271726425716e-09,-38.174079829012044
SaveOnEvent_ch1_20260928004704311.wfm,00:47:04.311000,1.149995,-0.0060800001956522465,3.174400000000008e-07,6.300800000000013e-07,-4.869676815874409e-09,-30.435600099212024
SaveOnEvent_ch1_20260928004704511.wfm,00:47:04.511000,1.148995,-0.007199999876320362,3.3759999999999995e-07,5.212799999999999e-07,-5.287340788661972e-09,-33.04591992913629
SaveOnEvent_ch1_20260928004704711.wfm,00:47:04.711000,1.1479949999999999,-0.005840000230818987,2.9407999999999973e-07,6.067199999999985e-07,-7.0122559439134776e-09,-43.82671964945621
SaveOnEvent_ch1_20260928004704911.wfm,00:47:04.911000,1.146995,-0.00687999976798892,3.3247999999999923e-07,5.950399999999996e-07,-6.975244736755266e-09,-43.59527960472042
SaveOnEvent_ch1_20260928004705111.wfm,00:47:05.111000,1.145995,-0.007439999841153622,2.844800000000007e-07,5.5952e-07,-7.351103943986816e-09,-45.94447964991559
SaveOnEvent_ch1_20260928004705311.wfm,00:47:05.311000,1.144995,-0.004879999905824661,3.748800000000007e-07,6.673600000000003e-07,-5.195859163224231e-09,-32.474159770150436
SaveOnEvent_ch1_20260928004705511.wfm,00:47:05.511000,1.1439949999999999,-0.007519999984651804,2.3343999999999958e-07,5.633599999999993e-07,-7.182636749579107e-09,-44.8915196848684
SaveOnEvent_ch1_20260928004705711.wfm,00:47:05.711000,1.142995,-0.007120000198483467,2.105599999999999e-07,5.710400000000012e-07,-8.823071909209247e-09,-55.14423943255679
SaveOnEvent_ch1_20260928004705911.wfm,00:47:05.911000,1.141995,-0.007199999876320362,2.441600000000007e-07,5.113600000000005e-07,-6.318220756985248e-09,-39.488959731155774
SaveOnEvent_ch1_20260928004706111.wfm,00:47:06.111000,1.1409950000000002,-0.006399999838322401,3.233599999999999e-07,6.025600000000005e-07,-5.086489601698704e-09,-31.79064001061488
SaveOnEvent_ch1_20260928004706311.wfm,00:47:06.311000,1.1399949999999999,-0.005919999908655882,3.958399999999999e-07,6.544e-07,-5.879820773545653e-09,-36.74887983466033
SaveOnEvent_ch1_20260928004706511.wfm,00:47:06.511000,1.138995,-0.004399999976158142,5.060800000000004e-07,7.580800000000007e-07,-4.25517437850358e-09,-26.594879865646362
SaveOnEvent_ch1_20260928004706711.wfm,00:47:06.711000,1.137995,-0.007040000054985285,2.3904e-07,5.464000000000004e-07,-6.86271354153985e-09,-42.89199963462306
SaveOnEvent_ch1_20260928004706911.wfm,00:47:06.911000,1.136995,-0.00535999983549118,3.1519999999999996e-07,6.652799999999988e-07,-5.62446076387074e-09,-35.152959774190094
SaveOnEvent_ch1_20260928004707110.wfm,00:47:07.110000,1.136,-0.0061599998734891415,3.4511999999999916e-07,6.158399999999995e-07,-5.1539135972294e-09,-32.211999982682755
SaveOnEvent_ch1_20260928004707310.wfm,00:47:07.310000,1.135,-0.00687999976798892,2.475200000000003e-07,5.54400000000001e-07,-6.914969545509666e-09,-43.21871965943137
SaveOnEvent_ch1_20260928004707510.wfm,00:47:07.510000,1.134,-0.005520000122487545,3.009599999999999e-07,6.734399999999988e-07,-4.980063971325291e-09,-31.12535982078407
SaveOnEvent_ch1_20260928004707711.wfm,00:47:07.711000,1.132995,-0.00559999980032444,2.6975999999999926e-07,6.519999999999999e-07,-5.5259007800743e-09,-34.536959875462344
SaveOnEvent_ch1_20260928004707911.wfm,00:47:07.911000,1.1319949999999999,-0.007040000054985285,3.0063999999999955e-07,5.377599999999991e-07,-6.53584636735264e-09,-40.84903979595401
SaveOnEvent_ch1_20260928004708110.wfm,00:47:08.110000,1.1309999999999998,-0.0069599999114871025,2.459200000000002e-07,5.473599999999998e-07,-6.586995145445687e-09,-41.16879965903354
SaveOnEvent_ch1_20260928004708310.wfm,00:47:08.310000,1.13,-0.007280000019818544,3.1216000000000075e-07,5.294399999999998e-07,-6.597215949862728e-09,-41.23271968663903
SaveOnEvent_ch1_20260928004708510.wfm,00:47:08.510000,1.129,-0.006320000160485506,2.863999999999995e-07,6.196800000000005e-07,-5.652857581076676e-09,-35.330479881726205
SaveOnEvent_ch1_20260928004708710.wfm,00:47:08.710000,1.1280000000000001,-0.005840000230818987,2.7968000000000034e-07,6.967999999999998e-07,-6.629945567159446e-09,-41.43727979474352
SaveOnEvent_ch1_20260928004708910.wfm,00:47:08.910000,1.127,-0.004480000119656324,4.310399999999992e-07,7.603199999999999e-07,-4.623155188355594e-09,-28.894719927222468
SaveOnEvent_ch1_20260928004709111.wfm,00:47:09.111000,1.125995,-0.0077599999494850636,2.7615999999999974e-07,5.483200000000009e-07,-7.116838352438062e-09,-44.48031970273587
SaveOnEvent_ch1_20260928004709310.wfm,00:47:09.310000,1.125,-0.00800000037997961,2.510399999999992e-07,4.86400000000001e-07,-7.455270349006168e-09,-46.59559968128451
SaveOnEvent_ch1_20260928004709511.wfm,00:47:09.511000,1.1239949999999999,-0.006719999946653843,2.6144e-07,5.448000000000003e-07,-6.801529560142662e-09,-42.50967975088861
SaveOnEvent_ch1_20260928004709710.wfm,00:47:09.710000,1.123,-0.006800000090152025,2.4719999999999994e-07,6.323200000000004e-07,-6.532422369818667e-09,-40.82767981136567
SaveOnEvent_ch1_20260928004709910.wfm,00:47:09.910000,1.1219999999999999,-0.0077599999494850636,2.3280000000000055e-07,5.286399999999997e-07,-7.43535353525076e-09,-46.47111959531321
SaveOnEvent_ch1_20260928004710110.wfm,00:47:10.110000,1.121,-0.004800000227987766,5.335999999999994e-07,7.475199999999989e-07,-5.448198378670496e-09,-34.051199866691604
SaveOnEvent_ch1_20260928004710311.wfm,00:47:10.311000,1.1199949999999999,-0.004720000084489584,8.321599999999992e-07,8.419199999999992e-07,-5.696313564011364e-09,-35.60191977507202
SaveOnEvent_ch1_20260928004710510.wfm,00:47:10.510000,1.119,-0.005280000157654285,3.5456000000000055e-07,7.065599999999999e-07,-4.853580804765224e-09,-30.334960029780632
SaveOnEvent_ch1_20260928004710711.wfm,00:47:10.711000,1.117995,-0.006000000052154064,3.499199999999995e-07,6.187199999999994e-07,-6.801721532635856e-09,-42.51087957897107
SaveOnEvent_ch1_20260928004710911.wfm,00:47:10.911000,1.116995,-0.006719999946653843,2.5680000000000066e-07,5.668799999999999e-07,-6.184979161208029e-09,-38.656239757547155
SaveOnEvent_ch1_20260928004711111.wfm,00:47:11.111000,1.115995,-0.005520000122487545,3.543999999999995e-07,6.516799999999995e-07,-4.811878384370357e-09,-30.07415990231675
SaveOnEvent_ch1_20260928004711311.wfm,00:47:11.311000,1.114995,-0.005760000087320805,4.5568e-07,6.689600000000005e-07,-5.716639974184799e-09,-35.72903983865399
SaveOnEvent_ch1_20260928004711511.wfm,00:47:11.511000,1.113995,-0.007040000054985285,2.7472000000000065e-07,5.08800000000001e-07,-5.821727954864037e-09,-36.385839717899216
SaveOnEvent_ch1_20260928004711711.wfm,00:47:11.711000,1.112995,-0.006800000090152025,3.0128000000000027e-07,5.836799999999995e-07,-4.891366396034137e-09,-30.570959975215374
SaveOnEvent_ch1_20260928004711911.wfm,00:47:11.911000,1.1119949999999998,-0.006560000125318766,2.8624000000000016e-07,5.712000000000006e-07,-6.3090367660834465e-09,-39.431439788022544
SaveOnEvent_ch1_20260928004712111.wfm,00:47:12.111000,1.110995,-0.0009599999757483602,-6.080000000000118e-09,4.3679999999999555e-08,3.492159905866737e-10,2.1825599411677103
SaveOnEvent_ch1_20260928004712311.wfm,00:47:12.311000,1.109995,-0.006719999946653843,2.724799999999998e-07,5.358400000000003e-07,-6.625561536937017e-09,-41.40975960585638
SaveOnEvent_ch1_20260928004712511.wfm,00:47:12.511000,1.1089950000000002,-0.005280000157654285,4.2048000000000076e-07,6.596800000000001e-07,-5.387628762417008e-09,-33.672719765105285
SaveOnEvent_ch1_20260928004712711.wfm,00:47:12.711000,1.1079949999999998,-0.004399999976158142,4.2031999999999973e-07,8.131199999999987e-07,-5.5225279626320126e-09,-34.51575976645108
SaveOnEvent_ch1_20260928004712911.wfm,00:47:12.911000,1.106995,-0.007120000198483467,2.126399999999997e-07,5.272000000000006e-07,-7.935359918344763e-09,-49.596159489650745
SaveOnEvent_ch1_20260928004713111.wfm,00:47:13.111000,1.105995,-0.006000000052154064,3.422399999999993e-07,5.856e-07,-4.826950387659018e-09,-30.168479922867846
SaveOnEvent_ch1_20260928004713311.wfm,00:47:13.311000,1.104995,-0.005679999943822622,3.6400000000000024e-07,6.366399999999994e-07,-6.835340745667929e-09,-42.72095966042252
SaveOnEvent_ch1_20260928004713511.wfm,00:47:13.511000,1.103995,-0.005919999908655882,3.8159999999999987e-07,6.891199999999996e-07,-6.302291169401726e-09,-39.389279808761785
SaveOnEvent_ch1_20260928004713711.wfm,00:47:13.711000,1.102995,-0.005520000122487545,3.7056000000000006e-07,6.726400000000004e-07,-5.308147187042051e-09,-33.17599991901079
SaveOnEvent_ch1_20260928004713911.wfm,00:47:13.911000,1.101995,-0.006000000052154064,2.4128000000000085e-07,6.17120000000001e-07,-6.450924753847066e-09,-40.31839971154113
SaveOnEvent_ch1_20260928004714111.wfm,00:47:14.111000,1.1009950000000002,-0.006719999946653843,3.2511999999999935e-07,5.704000000000005e-07,-7.1825535488547755e-09,-44.89103968034033
SaveOnEvent_ch1_20260928004714311.wfm,00:47:14.311000,1.0999949999999998,-0.00800000037997961,2.1871999999999983e-07,5.140799999999993e-07,-7.440179132404741e-09,-46.501279577525565
SaveOnEvent_ch1_20260928004714511.wfm,00:47:14.511000,1.098995,-0.006320000160485506,3.257600000000001e-07,5.944000000000006e-07,-6.819603161301931e-09,-42.62263975813403
SaveOnEvent_ch1_20260928004714711.wfm,00:47:14.711000,1.097995,-0.005200000014156103,3.918399999999996e-07,6.817599999999997e-07,-6.011110351784153e-09,-37.56943969865097
SaveOnEvent_ch1_20260928004714911.wfm,00:47:14.911000,1.096995,-0.0012799999676644802,-4.479999999999998e-09,4.7840000000000884e-08,-1.366182367140428e-09,-8.53871979462565
SaveOnEvent_ch1_20260928004715111.wfm,00:47:15.111000,1.095995,-0.005280000157654285,4.7392000000000037e-07,7.720000000000004e-07,-6.1234495559497735e-09,-38.271599724685075
SaveOnEvent_ch1_20260928004715311.wfm,00:47:15.311000,1.094995,-0.0013599999947473407,-5.439999999999392e-09,5.8880000000000697e-08,-1.9011839539930224e-09,-11.88247971245437
SaveOnEvent_ch1_20260928004715511.wfm,00:47:15.511000,1.093995,-0.004720000084489584,5.372799999999994e-07,7.478399999999993e-07,-5.529395155170931e-09,-34.55871971981833
SaveOnEvent_ch1_20260928004715711.wfm,00:47:15.711000,1.092995,-0.006240000016987324,2.8223999999999986e-07,6.190399999999998e-07,-7.37823353011394e-09,-46.11407956320909
SaveOnEvent_ch1_20260928004715911.wfm,00:47:15.911000,1.0919949999999998,-0.00535999983549118,2.7920000000000065e-07,6.547200000000004e-07,-5.801331178238615e-09,-36.258399863989325
SaveOnEvent_ch1_20260928004716111.wfm,00:47:16.111000,1.090995,-0.00687999976798892,3.094400000000002e-07,5.534399999999999e-07,-5.514847977750468e-09,-34.46783986093942
SaveOnEvent_ch1_20260928004716311.wfm,00:47:16.311000,1.089995,-0.007199999876320362,3.363200000000002e-07,5.648000000000001e-07,-6.3577855550777144e-09,-39.73623971923371
SaveOnEvent_ch1_20260928004716511.wfm,00:47:16.511000,1.0889950000000002,-0.005679999943822622,4.003199999999999e-07,7.283199999999992e-07,-6.911103953500278e-09,-43.1945597093727
SaveOnEvent_ch1_20260928004716711.wfm,00:47:16.711000,1.0879949999999998,-0.007280000019818544,2.798399999999997e-07,5.335999999999994e-07,-6.4316863581421805e-09,-40.198159738385584
SaveOnEvent_ch1_20260928004716911.wfm,00:47:16.911000,1.086995,-0.0069599999114871025,2.849600000000004e-07,5.54879999999999e-07,-6.749932750833687e-09,-42.18703969271155
SaveOnEvent_ch1_20260928004717111.wfm,00:47:17.111000,1.085995,-0.006719999946653843,3.334400000000003e-07,5.72799999999999e-07,-7.340518327858298e-09,-45.87831954911235
SaveOnEvent_ch1_20260928004717311.wfm,00:47:17.311000,1.084995,-0.007040000054985285,2.4624000000000054e-07,5.361599999999989e-07,-6.065043162365911e-09,-37.906559764785925
SaveOnEvent_ch1_20260928004717511.wfm,00:47:17.511000,1.083995,-0.006320000160485506,2.984000000000004e-07,5.926399999999995e-07,-7.24951034682337e-09,-45.30959966764203
SaveOnEvent_ch1_20260928004717711.wfm,00:47:17.711000,1.082995,-0.00839999970048666,2.2031999999999995e-07,5.030399999999995e-07,-9.6665791043709e-09,-60.41631940231309
SaveOnEvent_ch1_20260928004717911.wfm,00:47:17.911000,1.081995,-0.0069599999114871025,2.423999999999996e-07,5.427200000000005e-07,-6.245311951753683e-09,-39.0332796984585
SaveOnEvent_ch1_20260928004718111.wfm,00:47:18.111000,1.0809950000000002,-0.006560000125318766,2.9024000000000046e-07,5.809599999999989e-07,-6.205049579625483e-09,-38.78167987265624
SaveOnEvent_ch1_20260928004718311.wfm,00:47:18.311000,1.0799949999999998,-0.006719999946653843,2.110399999999996e-07,5.822400000000004e-07,-7.005254341464024e-09,-43.78287963414914
SaveOnEvent_ch1_20260928004718511.wfm,00:47:18.511000,1.078995,-0.006240000016987324,3.9391999999999944e-07,6.022400000000002e-07,-5.797446379356554e-09,-36.23415987097542
SaveOnEvent_ch1_20260928004718711.wfm,00:47:18.711000,1.077995,-0.006479999981820583,2.675200000000001e-07,6.371200000000008e-07,-7.985734340839554e-09,-49.91095963024418
SaveOnEvent_ch1_20260928004718911.wfm,00:47:18.911000,1.0769950000000001,-0.006399999838322401,3.1216000000000075e-07,5.5504e-07,-5.9166207691980506e-09,-36.97887980748783
SaveOnEvent_ch1_20260928004719111.wfm,00:47:19.111000,1.075995,-0.005040000192821026,4.4336000000000044e-07,7.017599999999995e-07,-5.52395518021658e-09,-34.52479987635161
SaveOnEvent_ch1_20260928004719311.wfm,00:47:19.311000,1.074995,-0.007120000198483467,2.4672000000000024e-07,5.905599999999996e-07,-6.359763158911373e-09,-39.748559743195074
SaveOnEvent_ch1_20260928004719511.wfm,00:47:19.511000,1.073995,-0.006240000016987324,2.7568000000000004e-07,5.875200000000004e-07,-7.795743934118656e-09,-48.72359958823654
SaveOnEvent_ch1_20260928004719711.wfm,00:47:19.711000,1.072995,-0.0069599999114871025,2.6144e-07,5.920000000000004e-07,-6.956403143159113e-09,-43.47759964474244
SaveOnEvent_ch1_20260928004719911.wfm,00:47:19.911000,1.071995,-0.0077599999494850636,2.3888000000000067e-07,5.731199999999994e-07,-8.058220745741855e-09,-50.363919660885585
SaveOnEvent_ch1_20260928004720111.wfm,00:47:20.111000,1.070995,-0.007679999805986881,1.7376000000000052e-07,5.486399999999995e-07,-7.707795124200639e-09,-48.17383952625096
SaveOnEvent_ch1_20260928004720311.wfm,00:47:20.311000,1.069995,-0.005119999870657921,3.622400000000008e-07,6.502400000000004e-07,-5.171820804087909e-09,-32.32392002554843
SaveOnEvent_ch1_20260928004720511.wfm,00:47:20.511000,1.0689950000000001,-0.0020800000056624413,1.6289599999999997e-06,3.0976000000000006e-06,-6.509727977693549e-09,-40.685839860583656
SaveOnEvent_ch1_20260928004720711.wfm,00:47:20.711000,1.0679949999999998,-0.007120000198483467,2.499200000000005e-07,5.446400000000009e-07,-8.068255920389203e-09,-50.42671950242948
SaveOnEvent_ch1_20260928004720911.wfm,00:47:20.911000,1.066995,-0.0012000000569969416,-5.280000000000058e-09,5.1680000000000156e-08,-2.748159947944799e-10,-1.7176799674634822
SaveOnEvent_ch1_20260928004721111.wfm,00:47:21.111000,1.065995,-0.0012799999676644802,-5.600000000000421e-09,4.783999999999919e-08,-1.6522047602175752e-09,-10.326319751358824
SaveOnEvent_ch1_20260928004721311.wfm,00:47:21.311000,1.064995,-0.004800000227987766,4.809599999999999e-07,7.12479999999999e-07,-4.496070389135276e-09,-28.10047993209446
SaveOnEvent_ch1_20260928004721511.wfm,00:47:21.511000,1.063995,-0.007840000092983246,2.5072000000000054e-07,5.339199999999998e-07,-7.920537541257218e-09,-49.50343963285559
SaveOnEvent_ch1_20260928004721711.wfm,00:47:21.711000,1.062995,-0.006639999803155661,2.753599999999997e-07,5.743999999999991e-07,-5.7392831626790544e-09,-35.8705597667431
SaveOnEvent_ch1_20260928004721911.wfm,00:47:21.911000,1.061995,-0.0012000000569969416,-4.0000000000003005e-09,4.512000000000034e-08,-1.7005439756205405e-10,-1.062879984761821
SaveOnEvent_ch1_20260928004722111.wfm,00:47:22.111000,1.0609950000000001,-0.005200000014156103,3.7904000000000036e-07,7.072000000000006e-07,-5.844492780570872e-09,-36.52815987856593
SaveOnEvent_ch1_20260928004722310.wfm,00:47:22.310000,1.06,-0.005840000230818987,3.248000000000007e-07,6.022400000000002e-07,-5.6998975798883485e-09,-35.62439987430116
SaveOnEvent_ch1_20260928004722511.wfm,00:47:22.511000,1.058995,-0.005679999943822622,3.2768000000000056e-07,6.726400000000004e-07,-6.687263946670573e-09,-41.79543966669007
SaveOnEvent_ch1_20260928004722711.wfm,00:47:22.711000,1.057995,-0.006399999838322401,3.1264000000000045e-07,6.063999999999998e-07,-7.613151950368193e-09,-47.58231968979817
SaveOnEvent_ch1_20260928004722911.wfm,00:47:22.911000,1.0569950000000001,-0.006719999946653843,3.478399999999997e-07,5.91519999999999e-07,-7.288915144114289e-09,-45.55583965071128
SaveOnEvent_ch1_20260928004723111.wfm,00:47:23.111000,1.055995,-0.006639999803155661,3.327999999999996e-07,6.58240000000001e-07,-6.928985558347776e-09,-43.30623973967158
SaveOnEvent_ch1_20260928004723311.wfm,00:47:23.311000,1.054995,-0.0013599999947473407,-4.0000000000003005e-09,4.720000000000016e-08,-1.0607231747452176e-09,-6.629519842157606
SaveOnEvent_ch1_20260928004723511.wfm,00:47:23.511000,1.053995,-0.001120000029914081,-7.680000000000238e-09,5.727999999999888e-08,2.528895920608209e-10,1.5806399503780995
SaveOnEvent_ch1_20260928004723711.wfm,00:47:23.711000,1.052995,-0.00559999980032444,3.259199999999994e-07,5.790400000000001e-07,-5.6758335621771406e-09,-35.473999763606116
SaveOnEvent_ch1_20260928004723911.wfm,00:47:23.911000,1.051995,-0.006240000016987324,3.323199999999999e-07,5.791999999999995e-07,-6.384294380033388e-09,-39.90183987520868
SaveOnEvent_ch1_20260928004724111.wfm,00:47:24.111000,1.050995,-0.005679999943822622,3.0576000000000027e-07,6.425600000000002e-07,-6.548863933170213e-09,-40.93039958231384
SaveOnEvent_ch1_20260928004724311.wfm,00:47:24.311000,1.049995,-0.006320000160485506,3.2608000000000044e-07,5.9984e-07,-5.822969581915531e-09,-36.39359988697106
SaveOnEvent_ch1_20260928004724511.wfm,00:47:24.511000,1.0489950000000001,-0.0060800001956522465,2.8511999999999974e-07,5.835200000000001e-07,-5.939487986320168e-09,-37.121839914500015
SaveOnEvent_ch1_20260928004724711.wfm,00:47:24.711000,1.0479949999999998,-0.0013599999947473407,-3.359999999999575e-09,5.503999999999973e-08,-7.717951822676714e-10,-4.823759889171924
SaveOnEvent_ch1_20260928004724911.wfm,00:47:24.911000,1.046995,-0.007840000092983246,2.8319999999999925e-07,4.832000000000007e-07,-7.246291146485601e-09,-45.28935966553399
SaveOnEvent_ch1_20260928004725111.wfm,00:47:25.111000,1.045995,-0.007679999805986881,2.0447999999999978e-07,4.820800000000003e-07,-9.702662322006655e-09,-60.641759512538556
SaveOnEvent_ch1_20260928004725311.wfm,00:47:25.311000,1.0449950000000001,-0.006560000125318766,3.238399999999996e-07,6.206399999999999e-07,-8.187974335539618e-09,-51.174959597119596
SaveOnEvent_ch1_20260928004725511.wfm,00:47:25.511000,1.043995,-0.00559999980032444,3.916800000000003e-07,6.297599999999992e-07,-6.352563139665869e-09,-39.70359962290968
SaveOnEvent_ch1_20260928004725711.wfm,00:47:25.711000,1.042995,-0.006639999803155661,2.465599999999992e-07,5.782400000000001e-07,-6.112870372286998e-09,-38.205519826791715
SaveOnEvent_ch1_20260928004725911.wfm,00:47:25.911000,1.041995,-0.0060800001956522465,3.257600000000001e-07,5.827200000000001e-07,-5.821958386742043e-09,-36.387279917136766
SaveOnEvent_ch1_20260928004726111.wfm,00:47:26.111000,1.0409950000000001,-0.005040000192821026,3.4000000000000013e-07,6.844800000000003e-07,-4.571500818424388e-09,-28.571920115151443
SaveOnEvent_ch1_20260928004726311.wfm,00:47:26.311000,1.039995,-0.005919999908655882,2.9775999999999967e-07,5.791999999999995e-07,-4.5748415988707e-09,-28.592799992940854
SaveOnEvent_ch1_20260928004726511.wfm,00:47:26.511000,1.038995,-0.007439999841153622,1.945600000000004e-07,5.3264e-07,-9.122617498093748e-09,-57.01647936308291
SaveOnEvent_ch1_20260928004726711.wfm,00:47:26.711000,1.037995,-0.006719999946653843,2.6864000000000053e-07,5.523199999999995e-07,-7.599807925526984e-09,-47.49895953453961
SaveOnEvent_ch1_20260928004726911.wfm,00:47:26.911000,1.0369950000000001,-0.0060800001956522465,2.779199999999992e-07,6.174399999999996e-07,-5.26422398391878e-09,-32.90151989948936
SaveOnEvent_ch1_20260928004727111.wfm,00:47:27.111000,1.035995,-0.006479999981820583,3.2303999999999954e-07,6.046400000000004e-07,-5.357619176669981e-09,-33.48519985418534
SaveOnEvent_ch1_20260928004727311.wfm,00:47:27.311000,1.0349949999999999,-0.007280000019818544,2.8319999999999925e-07,5.681599999999997e-07,-7.007929551468697e-09,-43.79959969667834
SaveOnEvent_ch1_20260928004727511.wfm,00:47:27.511000,1.033995,-0.0060800001956522465,3.382400000000007e-07,6.350399999999993e-07,-6.78947837768588e-09,-42.43431986053474
SaveOnEvent_ch1_20260928004727711.wfm,00:47:27.711000,1.0329949999999999,-0.0013599999947473407,-6.400000000007257e-10,4.5919999999998707e-08,-1.76696315693203e-09,-11.043599730823189
SaveOnEvent_ch1_20260928004727911.wfm,00:47:27.911000,1.031995,-0.004800000227987766,4.6576000000000043e-07,6.847999999999989e-07,-4.480767973032779e-09,-28.004719831456896
SaveOnEvent_ch1_20260928004728111.wfm,00:47:28.111000,1.0309949999999999,-0.00559999980032444,3.796799999999994e-07,6.657600000000002e-07,-5.41818877857644e-09,-33.86367986610276
SaveOnEvent_ch1_20260928004728311.wfm,00:47:28.311000,1.029995,-0.005760000087320805,3.4495999999999983e-07,6.568000000000002e-07,-5.779731167790017e-09,-36.12335979868658
SaveOnEvent_ch1_20260928004728511.wfm,00:47:28.511000,1.028995,-0.00343999988399446,8.622399999999994e-07,1.1097599999999997e-06,-5.131718373026234e-09,-32.07319983141497
SaveOnEvent_ch1_20260928004728711.wfm,00:47:28.711000,1.0279949999999998,-0.005280000157654285,3.9951999999999986e-07,6.836800000000002e-07,-6.0618175790854725e-09,-37.886399869283196
SaveOnEvent_ch1_20260928004728911.wfm,00:47:28.911000,1.0269949999999999,-0.005040000192821026,3.262399999999998e-07,6.668800000000006e-07,-5.425484775118532e-09,-33.90935984448879
SaveOnEvent_ch1_20260928004729111.wfm,00:47:29.111000,1.025995,-0.007360000163316727,2.460799999999995e-07,5.526400000000015e-07,-6.5801791550568265e-09,-41.12615971910418
SaveOnEvent_ch1_20260928004729311.wfm,00:47:29.311000,1.024995,-0.00559999980032444,3.6960000000000066e-07,6.430399999999999e-07,-4.281087998584844e-09,-26.756799991155276
SaveOnEvent_ch1_20260928004729511.wfm,00:47:29.511000,1.023995,-0.006719999946653843,2.6111999999999963e-07,5.732800000000004e-07,-4.661209612865931e-09,-29.132560080412077
SaveOnEvent_ch1_20260928004729711.wfm,00:47:29.711000,1.0229949999999999,-0.0060800001956522465,2.560000000000006e-07,5.688000000000004e-07,-7.139628739093895e-09,-44.6228796193318
SaveOnEvent_ch1_20260928004729911.wfm,00:47:29.911000,1.021995,-0.0012000000569969416,8.52768e-06,9.628799999999998e-06,-5.999616257427266e-10,-3.750240160879912
SaveOnEvent_ch1_20260928004730111.wfm,00:47:30.111000,1.020995,-0.005040000192821026,3.457599999999999e-07,6.931199999999999e-07,-4.823449597586876e-09,-30.146639984915964
SaveOnEvent_ch1_20260928004730311.wfm,00:47:30.311000,1.019995,-0.005919999908655882,2.7775999999999986e-07,6.414399999999997e-07,-5.54999038729351e-09,-34.68743992058444
SaveOnEvent_ch1_20260928004730511.wfm,00:47:30.511000,1.0189949999999999,-0.005840000230818987,2.3440000000000067e-07,5.921600000000015e-07,-5.423622374387925e-09,-33.89767983992351
SaveOnEvent_ch1_20260928004730711.wfm,00:47:30.711000,1.017995,-0.00535999983549118,3.6800000000000054e-07,6.740800000000012e-07,-5.921171176887584e-09,-37.007279855548404
SaveOnEvent_ch1_20260928004730911.wfm,00:47:30.911000,1.016995,-0.006000000052154064,2.3631999999999946e-07,5.896000000000003e-07,-6.4681407608860184e-09,-40.425999755534576
SaveOnEvent_ch1_20260928004731111.wfm,00:47:31.111000,1.0159950000000002,-0.004879999905824661,5.142400000000003e-07,7.428799999999996e-07,-6.512083144055211e-09,-40.700559650344076
SaveOnEvent_ch1_20260928004731310.wfm,00:47:31.310000,1.0150000000000001,-0.0061599998734891415,3.1071999999999997e-07,5.627200000000003e-07,-5.860601586254777e-09,-36.62879991409136
SaveOnEvent_ch1_20260928004731511.wfm,00:47:31.511000,1.013995,-0.006479999981820583,2.924799999999996e-07,6.03680000000001e-07,-5.586246381287927e-09,-34.913999883050565
SaveOnEvent_ch1_20260928004731710.wfm,00:47:31.710000,1.013,-0.007040000054985285,2.5072000000000054e-07,5.782400000000001e-07,-6.249427165964152e-09,-39.05903978727292
SaveOnEvent_ch1_20260928004731910.wfm,00:47:31.910000,1.012,-0.0069599999114871025,2.2272000000000013e-07,4.942399999999988e-07,-6.3340287344530195e-09,-39.58775959032937
SaveOnEvent_ch1_20260928004732110.wfm,00:47:32.110000,1.011,-0.00800000037997961,2.6128000000000066e-07,5.113600000000005e-07,-7.06230395857943e-09,-44.13951974111842
SaveOnEvent_ch1_20260928004732310.wfm,00:47:32.310000,1.01,-0.0012000000569969416,-3.2000000000036285e-10,4.479999999999998e-08,-2.8542079468024766e-10,-1.7839199667505454
SaveOnEvent_ch1_20260928004732510.wfm,00:47:32.510000,1.009,-0.005840000230818987,2.809600000000001e-07,6.107199999999988e-07,-6.330054363163653e-09,-39.562959769769805
SaveOnEvent_ch1_20260928004732711.wfm,00:47:32.711000,1.007995,-0.0012000000569969416,-3.039999999999212e-09,5.1840000000001184e-08,3.5226238900097187e-10,2.2016799312550575
SaveOnEvent_ch1_20260928004732912.wfm,00:47:32.912000,1.00699,-0.00687999976798892,2.929599999999993e-07,5.607999999999998e-07,-6.161260772843378e-09,-38.50791983027011
SaveOnEvent_ch1_20260928004733111.wfm,00:47:33.111000,1.005995,-0.0010400000028312206,-5.1200000000007235e-09,5.183999999999949e-08,-3.6702719168737474e-10,-2.2939999480440747
SaveOnEvent_ch1_20260928004733311.wfm,00:47:33.311000,1.004995,-0.001120000029914081,-2.4000000000001803e-09,3.951999999999992e-08,3.953983889357174e-10,2.4712799308472313
SaveOnEvent_ch1_20260928004733511.wfm,00:47:33.511000,1.003995,-0.0069599999114871025,4.092799999999999e-07,5.894399999999992e-07,-5.877836770303546e-09,-36.73647981439717
SaveOnEvent_ch1_20260928004733711.wfm,00:47:33.711000,1.0029949999999999,-0.007840000092983246,3.3615999999999917e-07,5.609600000000008e-07,-8.670342346227264e-09,-54.18975966391736
SaveOnEvent_ch1_20260928004733911.wfm,00:47:33.911000,1.001995,-0.0009599999757483602,-7.680000000000238e-09,5.103999999999943e-08,4.0949758895672843e-10,2.5593599309795536
SaveOnEvent_ch1_20260928004734111.wfm,00:47:34.111000,1.000995,-0.0030400000978261232,1.3686400000000002e-06,1.1006400000000004e-06,-2.8916608086228394e-09,-18.072800053894753
SaveOnEvent_ch1_20260928004734311.wfm,00:47:34.311000,0.999995,-0.006719999946653843,2.3520000000000073e-07,5.681599999999997e-07,-5.915564759944099e-09,-36.972239749651635
SaveOnEvent_ch1_20260928004734511.wfm,00:47:34.511000,0.9989950000000001,-0.005679999943822622,2.9455999999999943e-07,5.817600000000007e-07,-6.021190355860162e-09,-37.632479724125005
SaveOnEvent_ch1_20260928004734711.wfm,00:47:34.711000,0.997995,-0.00791999977082014,2.5328000000000006e-07,5.254399999999995e-07,-6.080345575464886e-09,-38.00215984665556
SaveOnEvent_ch1_20260928004734911.wfm,00:47:34.911000,0.9969950000000001,-0.006000000052154064,3.182399999999992e-07,6.393599999999999e-07,-6.775436754501424e-09,-42.346559715631884
SaveOnEvent_ch1_20260928004735111.wfm,00:47:35.111000,0.995995,-0.0060800001956522465,3.2160000000000044e-07,6.2672e-07,-5.997587175585796e-09,-37.48487984741223
SaveOnEvent_ch1_20260928004735311.wfm,00:47:35.311000,0.9949949999999999,-0.0025599999353289604,1.4412799999999995e-06,1.1784000000000004e-06,-3.7391807939508e-09,-23.36991996219149
SaveOnEvent_ch1_20260928004735511.wfm,00:47:35.511000,0.993995,-0.005919999908655882,2.8959999999999973e-07,6.463999999999994e-07,-6.086739183289465e-09,-38.04215989555814
SaveOnEvent_ch1_20260928004735711.wfm,00:47:35.711000,0.9929949999999999,-0.0061599998734891415,2.423999999999996e-07,5.880000000000001e-07,-6.328812769136859e-09,-39.55511980710435
SaveOnEvent_ch1_20260928004735911.wfm,00:47:35.911000,0.991995,-0.004879999905824661,4.431999999999994e-07,7.863999999999998e-07,-5.258399971954062e-09,-32.86503982471186
SaveOnEvent_ch1_20260928004736111.wfm,00:47:36.111000,0.9909950000000001,-0.005760000087320805,3.5759999999999976e-07,6.4464e-07,-6.007750354718882e-09,-37.548559716989985
SaveOnEvent_ch1_20260928004736311.wfm,00:47:36.311000,0.989995,-0.007519999984651804,2.140800000000005e-07,5.22240000000001e-07,-9.754419108410361e-09,-60.965279427560745
SaveOnEvent_ch1_20260928004736511.wfm,00:47:36.511000,0.9889950000000001,-0.0012000000569969416,-6.080000000000118e-09,6.191999999999991e-08,-1.975359952333381e-09,-12.346079702081624
SaveOnEvent_ch1_20260928004736711.wfm,00:47:36.711000,0.987995,-0.006560000125318766,3.233599999999999e-07,6.225600000000004e-07,-5.9264895764458924e-09,-37.04055985278683
SaveOnEvent_ch1_20260928004736911.wfm,00:47:36.911000,0.9869950000000001,-0.0060800001956522465,2.5135999999999957e-07,5.606400000000004e-07,-5.236172784487713e-09,-32.72615990304621
SaveOnEvent_ch1_20260928004737111.wfm,00:47:37.111000,0.985995,-0.0012799999676644802,-3.6799999999999377e-09,4.3519999999998526e-08,3.607871892745632e-10,2.2548799329670146
SaveOnEvent_ch1_20260928004737311.wfm,00:47:37.311000,0.9849950000000001,-0.00800000037997961,2.3488000000000037e-07,4.956799999999996e-07,-6.8990207609487655e-09,-43.11887975592981
SaveOnEvent_ch1_20260928004737511.wfm,00:47:37.511000,0.983995,-0.001120000029914081,-3.6799999999999377e-09,4.3360000000000886e-08,-3.8122879167785793e-10,-2.3827199479856063
SaveOnEvent_ch1_20260928004737711.wfm,00:47:37.711000,0.9829949999999998,-0.001120000029914081,0.0,4.0960000000000706e-08,-5.862527861725532e-10,-3.664159913576441
SaveOnEvent_ch1_20260928004737910.wfm,00:47:37.910000,0.982,-0.0012000000569969416,-5.759999999999755e-09,4.112000000000004e-08,8.034559784317389e-10,5.021679865196347
SaveOnEvent_ch1_20260928004738111.wfm,00:47:38.111000,0.9809950000000001,-0.004720000084489584,4.3200000000000027e-07,7.396799999999993e-07,-4.168345587621445e-09,-26.05215992263402
SaveOnEvent_ch1_20260928004738310.wfm,00:47:38.310000,0.98,-0.00872000027447939,2.1216000000000002e-07,4.814400000000013e-07,-6.43215997295687e-09,-40.201039830979425
SaveOnEvent_ch1_20260928004738510.wfm,00:47:38.510000,0.9790000000000001,-0.004879999905824661,4.0640000000000004e-07,7.593600000000005e-07,-5.464313573052642e-09,-34.151999831577996
SaveOnEvent_ch1_20260928004738710.wfm,00:47:38.710000,0.978,-0.005840000230818987,2.5167999999999993e-07,5.782400000000001e-07,-4.98940798582742e-09,-31.183839911420364
SaveOnEvent_ch1_20260928004738910.wfm,00:47:38.910000,0.9770000000000001,-0.006639999803155661,2.9520000000000016e-07,5.825600000000007e-07,-6.15921277732821e-09,-38.49511985830031
SaveOnEvent_ch1_20260928004739110.wfm,00:47:39.110000,0.976,-0.006560000125318766,2.1040000000000056e-07,5.254400000000012e-07,-5.798079967820086e-09,-36.23815979887149
SaveOnEvent_ch1_20260928004739310.wfm,00:47:39.310000,0.9750000000000001,-0.006320000160485506,3.038399999999998e-07,6.233600000000004e-07,-5.399366396509578e-09,-33.745999978185864
SaveOnEvent_ch1_20260928004739510.wfm,00:47:39.510000,0.974,-0.006719999946653843,3.1903999999999924e-07,6.123200000000006e-07,-6.61880315333139e-09,-41.3675197083212
SaveOnEvent_ch1_20260928004739710.wfm,00:47:39.710000,0.9729999999999999,-0.001120000029914081,-5.600000000000421e-09,9.624799999999998e-06,-1.1744768010382534e-09,-7.341040006489493
SaveOnEvent_ch1_20260928004739911.wfm,00:47:39.911000,0.9719949999999999,-0.0014400000218302011,-3.6799999999999377e-09,4.655999999999943e-08,5.803519833600118e-10,3.627279895998072
SaveOnEvent_ch1_20260928004740111.wfm,00:47:40.111000,0.970995,-0.007840000092983246,2.2176000000000074e-07,4.942400000000005e-07,-6.165241574181707e-09,-38.53287983863265
SaveOnEvent_ch1_20260928004740311.wfm,00:47:40.311000,0.9699949999999999,-0.006479999981820583,2.6464000000000023e-07,5.475199999999991e-07,-5.911647959554102e-09,-36.94791974721011
SaveOnEvent_ch1_20260928004740511.wfm,00:47:40.511000,0.968995,-0.00791999977082014,2.2847999999999989e-07,5.711999999999989e-07,-8.715955132660456e-09,-54.47479957912583
SaveOnEvent_ch1_20260928004740711.wfm,00:47:40.711000,0.9679949999999999,-0.0010400000028312206,-3.5200000000006033e-09,4.4479999999999615e-08,-7.547775816218951e-10,-4.71735988513683
SaveOnEvent_ch1_20260928004740910.wfm,00:47:40.910000,0.9670000000000001,-0.007519999984651804,2.235200000000002e-07,5.665600000000012e-07,-7.725075147056487e-09,-48.28175966910203
SaveOnEvent_ch1_20260928004741111.wfm,00:47:41.111000,0.9659949999999999,-0.0012000000569969416,9.5824e-06,9.629279999999998e-06,-9.144959879200883e-10,-5.716159924515523
SaveOnEvent_ch1_20260928004741311.wfm,00:47:41.311000,0.964995,-0.00559999980032444,3.591999999999999e-07,6.648000000000008e-07,-5.970175962080247e-09,-37.313759762997506
SaveOnEvent_ch1_20260928004741511.wfm,00:47:41.511000,0.9639949999999999,-0.006639999803155661,3.0320000000000076e-07,6.030400000000002e-07,-6.623475175993515e-09,-41.39679984995746
SaveOnEvent_ch1_20260928004741711.wfm,00:47:41.711000,0.9629949999999998,-0.006719999946653843,2.280000000000002e-07,6.107200000000005e-07,-5.8537599654542256e-09,-36.585999784088926
SaveOnEvent_ch1_20260928004741911.wfm,00:47:41.911000,0.9619949999999999,-0.00535999983549118,3.553600000000006e-07,6.841599999999999e-07,-5.3602623945032225e-09,-33.50167996564414
SaveOnEvent_ch1_20260928004742111.wfm,00:47:42.111000,0.960995,-0.006240000016987324,3.172799999999998e-07,5.831999999999998e-07,-5.650259172914082e-09,-35.314159830712015
SaveOnEvent_ch1_20260928004742311.wfm,00:47:42.311000,0.9599949999999999,-0.005119999870657921,3.217599999999998e-07,6.289600000000008e-07,-3.769376005006487e-09,-23.558560031291563
SaveOnEvent_ch1_20260928004742511.wfm,00:47:42.511000,0.958995,-0.0012000000569969416,-3.039999999999212e-09,4.960000000000034e-08,2.8095982992087035e-12,0.017519989371066913
SaveOnEvent_ch1_20260928004742711.wfm,00:47:42.711000,0.9579949999999999,-0.006000000052154064,2.4367999999999933e-07,6.107200000000005e-07,-6.245791963457596e-09,-39.03623977160896
SaveOnEvent_ch1_20260928004742911.wfm,00:47:42.911000,0.956995,-0.001120000029914081,-4.639999999999332e-09,6.064000000000015e-08,2.390847924468113e-10,1.4943199527915567
SaveOnEvent_ch1_20260928004743111.wfm,00:47:43.111000,0.9559950000000002,-0.005919999908655882,3.2751999999999953e-07,6.046400000000004e-07,-6.305139172468338e-09,-39.40719982792507
SaveOnEvent_ch1_20260928004743311.wfm,00:47:43.311000,0.954995,-0.001120000029914081,-1.071999999999945e-08,5.6480000000000516e-08,5.177919851872149e-10,3.236239907419076
SaveOnEvent_ch1_20260928004743511.wfm,00:47:43.511000,0.9539949999999999,-0.00559999980032444,5.275199999999993e-07,6.95359999999999e-07,-4.897196792757603e-09,-30.607519954734016
SaveOnEvent_ch1_20260928004743711.wfm,00:47:43.711000,0.952995,-0.007280000019818544,2.446400000000004e-07,5.527999999999992e-07,-6.641375953073148e-09,-41.50871970670414
SaveOnEvent_ch1_20260928004743911.wfm,00:47:43.911000,0.9519949999999999,-0.001120000029914081,-8.000000000000601e-09,3.9360000000000585e-08,1.06783997174818e-09,6.673999823426129
SaveOnEvent_ch1_20260928004744111.wfm,00:47:44.111000,0.950995,-0.0012799999676644802,-4.800000000000361e-09,3.999999999999962e-08,2.580927920737293e-10,1.6131199504598044
SaveOnEvent_ch1_20260928004744311.wfm,00:47:44.311000,0.9499949999999999,-0.0009599999757483602,-9.91999999999939e-09,3.711999999999974e-08,1.3606399651104556e-09,8.503999781940365
SaveOnEvent_ch1_20260928004744511.wfm,00:47:44.511000,0.948995,-0.008080000057816505,1.9088000000000045e-07,5.225600000000013e-07,-8.035775958113372e-09,-50.223679738206556
SaveOnEvent_ch1_20260928004744711.wfm,00:47:44.711000,0.9479949999999999,-0.006639999803155661,2.6031999999999957e-07,5.704000000000005e-07,-6.57907835994614e-09,-41.11935974966036
SaveOnEvent_ch1_20260928004744911.wfm,00:47:44.911000,0.946995,-0.001120000029914081,-4.479999999999998e-09,4.272000000000016e-08,9.61177574596368e-10,6.007439841225278
SaveOnEvent_ch1_20260928004745111.wfm,00:47:45.111000,0.9459950000000001,-0.0012000000569969416,-2.239999999999152e-09,4.3360000000000886e-08,2.773055915278411e-10,1.7331199470499996
SaveOnEvent_ch1_20260928004745311.wfm,00:47:45.311000,0.944995,-0.0010400000028312206,-7.200000000000541e-09,4.0160000000000645e-08,1.343084765386299e-09,8.394319783663377
SaveOnEvent_ch1_20260928004745511.wfm,00:47:45.511000,0.9439949999999999,-0.001120000029914081,-4.959999999999695e-09,4.943999999999931e-08,-2.1350399599410302e-10,-1.334399974963162
SaveOnEvent_ch1_20260928004745711.wfm,00:47:45.711000,0.942995,-0.007040000054985285,2.800000000000007e-07,5.7296e-07,-6.042111988896506e-09,-37.76319993060315
SaveOnEvent_ch1_20260928004745912.wfm,00:47:45.912000,0.9419899999999999,-0.006719999946653843,2.8176000000000016e-07,5.267199999999993e-07,-5.5717759796837335e-09,-34.82359987302334
SaveOnEvent_ch1_20260928004746111.wfm,00:47:46.111000,0.940995,-0.0012000000569969416,-5.600000000000421e-09,5.520000000000076e-08,-1.4569663658156055e-09,-9.106159786344506
SaveOnEvent_ch1_20260928004746311.wfm,00:47:46.311000,0.9399949999999999,-0.0012000000569969416,-4.959999999999695e-09,5.120000000000046e-08,2.958079731557644e-11,0.1848799832223449
SaveOnEvent_ch1_20260928004746511.wfm,00:47:46.511000,0.938995,-0.005520000122487545,3.7008000000000036e-07,6.576000000000003e-07,-4.895801594636866e-09,-30.59871996648144
SaveOnEvent_ch1_20260928004746711.wfm,00:47:46.711000,0.9379949999999999,-0.0012000000569969416,-4.639999999999332e-09,6.096000000000051e-08,-7.931520034791669e-11,-0.49576000217348337
SaveOnEvent_ch1_20260928004746911.wfm,00:47:46.911000,0.936995,-0.0012000000569969416,-8.639999999999633e-09,5.631999999999949e-08,-8.947135799308318e-10,-5.591999874566682
SaveOnEvent_ch1_20260928004747111.wfm,00:47:47.111000,0.9359950000000001,-0.0012799999676644802,-2.720000000000543e-09,4.800000000000022e-08,-1.6357247610064215e-09,-10.223359756288119
SaveOnEvent_ch1_20260928004747311.wfm,00:47:47.311000,0.934995,-0.00687999976798892,2.7024000000000065e-07,5.560000000000011e-07,-7.3922623472684075e-09,-46.20175967042451
SaveOnEvent_ch1_20260928004747511.wfm,00:47:47.511000,0.9339949999999999,-0.001120000029914081,-3.359999999999575e-09,4.224000000000046e-08,-1.6313601036092253e-11,-0.10192000647657551
SaveOnEvent_ch1_20260928004747711.wfm,00:47:47.711000,0.932995,-0.006800000090152025,3.179200000000005e-07,5.598400000000004e-07,-6.721516751071905e-09,-42.00951969419839
SaveOnEvent_ch1_20260928004747911.wfm,00:47:47.911000,0.9319949999999999,-0.006719999946653843,3.3056000000000044e-07,6.419199999999994e-07,-6.71576315692626e-09,-41.97343973079114
SaveOnEvent_ch1_20260928004748111.wfm,00:47:48.111000,0.930995,-0.007040000054985285,3.4848000000000043e-07,5.873599999999994e-07,-7.362003135217818e-09,-46.01263959510834
SaveOnEvent_ch1_20260928004748311.wfm,00:47:48.311000,0.9299949999999999,-0.0010400000028312206,-7.0399999999995125e-09,4.8479999999999915e-08,2.6071039254311474e-10,1.629439953394467
SaveOnEvent_ch1_20260928004748511.wfm,00:47:48.511000,0.928995,-0.0012000000569969416,-4.959999999999695e-09,4.895999999999961e-08,5.390271845948892e-10,3.368959903717041
SaveOnEvent_ch1_20260928004748711.wfm,00:47:48.711000,0.9279949999999999,-0.0015200000489130616,9.48064e-06,9.615839999999998e-06,-7.161344129894812e-10,-4.476560081209755
SaveOnEvent_ch1_20260928004748911.wfm,00:47:48.911000,0.926995,-0.00839999970048666,2.9072000000000016e-07,5.212799999999999e-07,-8.068780738019847e-09,-50.43007961261901
SaveOnEvent_ch1_20260928004749111.wfm,00:47:49.111000,0.9259950000000001,-0.006320000160485506,3.137599999999992e-07,6.128000000000003e-07,-7.2562239650799865e-09,-45.3515197817469
SaveOnEvent_ch1_20260928004749311.wfm,00:47:49.311000,0.924995,-0.002319999970495701,5.322560000000001e-06,2.0396799999999987e-06,-4.067865612637249e-09,-25.4242400789808
SaveOnEvent_ch1_20260928004749511.wfm,00:47:49.511000,0.9239949999999999,-0.005119999870657921,3.888000000000004e-07,6.721600000000007e-07,-5.247513566338457e-09,-32.79695978961536
SaveOnEvent_ch1_20260928004749711.wfm,00:47:49.711000,0.922995,-0.0010400000028312206,-7.359999999999875e-09,6.399999999999973e-08,-6.757823840831431e-10,-4.2236799005186185
SaveOnEvent_ch1_20260928004749911.wfm,00:47:49.911000,0.9219949999999999,-0.007519999984651804,1.966400000000002e-07,5.208000000000002e-07,-7.762931134682149e-09,-48.51847959175939
SaveOnEvent_ch1_20260928004750111.wfm,00:47:50.111000,0.920995,-0.0012000000569969416,-5.439999999999392e-09,4.1760000000000766e-08,1.123577569972257e-09,7.022399812325602
SaveOnEvent_ch1_20260928004750311.wfm,00:47:50.311000,0.9199949999999999,-0.006800000090152025,2.739200000000006e-07,5.851200000000003e-07,-6.110291162345095e-09,-38.18935976465582
SaveOnEvent_ch1_20260928004750511.wfm,00:47:50.511000,0.918995,-0.0010400000028312206,-5.439999999999392e-09,4.943999999999931e-08,3.753855898184684e-10,2.3463199363613967
SaveOnEvent_ch1_20260928004750711.wfm,00:47:50.711000,0.9179949999999999,-0.004879999905824661,3.5599999999999964e-07,7.03040000000001e-07,-4.513356788875534e-09,-28.208559930470074
SaveOnEvent_ch1_20260928004750911.wfm,00:47:50.911000,0.916995,-0.006399999838322401,3.5199999999999934e-07,6.030400000000002e-07,-6.653235165257938e-09,-41.58279978286009
SaveOnEvent_ch1_20260928004751111.wfm,00:47:51.111000,0.9159950000000001,-0.001120000029914081,-5.9200000000007836e-09,4.4479999999999615e-08,-7.935359943425243e-11,-0.49591999646509066
SaveOnEvent_ch1_20260928004751311.wfm,00:47:51.311000,0.914995,-0.007120000198483467,3.049600000000002e-07,6.039999999999996e-07,-7.070783951669e-09,-44.19247969792923
SaveOnEvent_ch1_20260928004751511.wfm,00:47:51.511000,0.9139950000000001,-0.001120000029914081,-5.439999999999392e-09,4.895999999999961e-08,7.691711790044801e-10,4.8073598687769845
SaveOnEvent_ch1_20260928004751711.wfm,00:47:51.711000,0.912995,-0.0013599999947473407,-8.159999999999935e-09,4.432000000000028e-08,-8.394879803527158e-10,-5.246799877204467
SaveOnEvent_ch1_20260928004751911.wfm,00:47:51.911000,0.9119949999999999,-0.001120000029914081,-6.400000000007257e-10,4.3519999999998526e-08,6.126719833165406e-10,3.8291998957283795
SaveOnEvent_ch1_20260928004752111.wfm,00:47:52.111000,0.910995,-0.007679999805986881,2.9855999999999973e-07,5.321599999999986e-07,-5.722342379521578e-09,-35.764719872007845
SaveOnEvent_ch1_20260928004752311.wfm,00:47:52.311000,0.9099949999999999,-0.00839999970048666,2.5535999999999987e-07,5.200000000000001e-07,-7.605567950564436e-09,-47.53487969102571
SaveOnEvent_ch1_20260928004752511.wfm,00:47:52.511000,0.908995,-0.005280000157654285,2.780800000000002e-07,6.615999999999989e-07,-4.855091184051709e-09,-30.34439990032115
SaveOnEvent_ch1_20260928004752711.wfm,00:47:52.711000,0.9079949999999999,-0.005679999943822622,2.9775999999999967e-07,6.545600000000011e-07,-6.169235159179661e-09,-38.55775974487187
SaveOnEvent_ch1_20260928004752911.wfm,00:47:52.911000,0.906995,-0.006639999803155661,3.0959999999999954e-07,5.556800000000008e-07,-6.151539170299656e-09,-38.447039814374875
SaveOnEvent_ch1_20260928004753111.wfm,00:47:53.111000,0.9059950000000001,-0.00887999963015318,2.1296000000000008e-07,4.804800000000002e-07,-9.597247903402891e-09,-59.98295939626405
SaveOnEvent_ch1_20260928004753311.wfm,00:47:53.311000,0.904995,-0.001120000029914081,-5.600000000000421e-09,6.416000000000075e-08,-5.511359873437325e-10,-3.444639920897316
SaveOnEvent_ch1_20260928004753511.wfm,00:47:53.511000,0.9039950000000001,-0.00431999983265996,5.809600000000006e-07,9.097599999999999e-07,-5.5017535899789065e-09,-34.38599993736716
SaveOnEvent_ch1_20260928004753711.wfm,00:47:53.711000,0.902995,-0.0012000000569969416,-1.4400000000007858e-09,4.895999999999961e-08,-2.996415941533648e-10,-1.8727999634575099
SaveOnEvent_ch1_20260928004753911.wfm,00:47:53.911000,0.9019949999999999,-0.007199999876320362,3.3712000000000026e-07,5.436800000000015e-07,-6.081587191033178e-09,-38.009999943955336
SaveOnEvent_ch1_20260928004754111.wfm,00:47:54.111000,0.900995,-0.0010400000028312206,-4.0000000000003005e-09,9.5816e-06,6.598271822370576e-10,4.123679888987681
SaveOnEvent_ch1_20260928004754311.wfm,00:47:54.311000,0.8999949999999999,-0.005439999978989363,3.511999999999993e-07,6.8576e-07,-5.600371165992691e-09,-35.002399787452305
SaveOnEvent_ch1_20260928004754511.wfm,00:47:54.511000,0.898995,-0.00559999980032444,3.3759999999999995e-07,6.511999999999998e-07,-5.340172768225894e-09,-33.37615980140981
SaveOnEvent_ch1_20260928004754711.wfm,00:47:54.711000,0.8979949999999999,-0.0012000000569969416,-8.000000000000601e-09,5.407999999999864e-08,2.1694079249864455e-10,1.3559999531134963
SaveOnEvent_ch1_20260928004754911.wfm,00:47:54.911000,0.896995,-0.004480000119656324,5.516800000000005e-07,7.451200000000004e-07,-3.5768000106071135e-09,-22.35496006629546
SaveOnEvent_ch1_20260928004755111.wfm,00:47:55.111000,0.8959950000000001,-0.004879999905824661,4.3295999999999966e-07,6.635199999999994e-07,-3.826662417342884e-09,-23.91664010839304
SaveOnEvent_ch1_20260928004755310.wfm,00:47:55.310000,0.895,-0.0015200000489130616,2.2691199999999997e-06,4.2012799999999985e-06,-4.943852795555725e-09,-30.899119972222252
SaveOnEvent_ch1_20260928004755511.wfm,00:47:55.511000,0.8939950000000001,-0.0012799999676644802,-1.6000000000001202e-09,7.91872e-06,-4.379040017456282e-09,-27.36912010909873
SaveOnEvent_ch1_20260928004755711.wfm,00:47:55.711000,0.892995,-0.005679999943822622,3.422399999999993e-07,6.252800000000009e-07,-5.406559968369546e-09,-33.79103980230866
SaveOnEvent_ch1_20260928004755911.wfm,00:47:55.911000,0.8919949999999999,-0.0012000000569969416,-5.280000000000058e-09,4.8640000000000944e-08,-4.097023914288741e-10,-2.560639946430456
SaveOnEvent_ch1_20260928004756111.wfm,00:47:56.111000,0.890995,-0.00824000034481287,2.2335999999999916e-07,5.172800000000013e-07,-7.580268744246568e-09,-47.37679965153802
SaveOnEvent_ch1_20260928004756311.wfm,00:47:56.311000,0.8899949999999999,-0.004000000189989805,6.195199999999994e-07,9.270399999999992e-07,-5.3240063574723904e-09,-33.275119734200416
SaveOnEvent_ch1_20260928004756511.wfm,00:47:56.511000,0.888995,-0.005200000014156103,3.636799999999999e-07,6.640000000000008e-07,-4.7278207826660954e-09,-29.54903989165905
SaveOnEvent_ch1_20260928004756711.wfm,00:47:56.711000,0.8879949999999999,-0.0012799999676644802,-4.159999999999635e-09,4.575999999999937e-08,-2.1761279602534993e-10,-1.3599999751604628
SaveOnEvent_ch1_20260928004756911.wfm,00:47:56.911000,0.886995,-0.0012000000569969416,-1.6000000000001202e-09,5.2480000000000216e-08,-1.664063977752815e-10,-1.0400799860944971
SaveOnEvent_ch1_20260928004757111.wfm,00:47:57.111000,0.8859950000000001,-0.0060800001956522465,3.567999999999997e-07,6.116799999999999e-07,-6.153171167143154e-09,-38.45727979464573
SaveOnEvent_ch1_20260928004757311.wfm,00:47:57.311000,0.884995,-0.005919999908655882,3.593599999999992e-07,6.161599999999999e-07,-5.2716607882059184e-09,-32.94775992629002
SaveOnEvent_ch1_20260928004757511.wfm,00:47:57.511000,0.8839950000000001,-0.0008800000068731606,-4.159999999999635e-09,5.7280000000000576e-08,2.0245759410318244e-10,1.2652799631468952
SaveOnEvent_ch1_20260928004757711.wfm,00:47:57.711000,0.882995,-0.0019199999514967203,6.392639999999998e-06,7.623840000000001e-06,-5.494726370621939e-09,-34.34215981638408
SaveOnEvent_ch1_20260928004757911.wfm,00:47:57.911000,0.8819950000000001,-0.001120000029914081,-2.4000000000001803e-09,4.9440000000001004e-08,-2.703679945715707e-10,-1.689759966073325
SaveOnEvent_ch1_20260928004758111.wfm,00:47:58.111000,0.880995,-0.001120000029914081,-7.0399999999995125e-09,5.6640000000001545e-08,-4.2678399108117334e-10,-2.66743994425633
SaveOnEvent_ch1_20260928004758311.wfm,00:47:58.311000,0.8799949999999999,-0.005919999908655882,2.9215999999999925e-07,7.161599999999989e-07,-7.48650235868059e-09,-46.79071974175167
SaveOnEvent_ch1_20260928004758511.wfm,00:47:58.511000,0.878995,-0.0012799999676644802,-4.959999999999695e-09,4.815999999999955e-08,-5.831679869908864e-10,-3.6447199186950456
SaveOnEvent_ch1_20260928004758711.wfm,00:47:58.711000,0.8779949999999999,-0.006320000160485506,3.8144000000000054e-07,6.166399999999996e-07,-6.539564776641783e-09,-40.87231985401013
SaveOnEvent_ch1_20260928004758911.wfm,00:47:58.911000,0.876995,-0.005119999870657921,3.643200000000006e-07,7.6272e-07,-4.947699207183906e-09,-30.923040044901427
SaveOnEvent_ch1_20260928004759111.wfm,00:47:59.111000,0.8759950000000001,-0.0010400000028312206,-4.320000000000663e-09,4.6879999999999795e-08,9.039295764896059e-10,5.649599853059044
SaveOnEvent_ch1_20260928004759311.wfm,00:47:59.311000,0.874995,-0.0038399999029934406,6.552000000000001e-07,9.73440000000001e-07,-5.431865573565007e-09,-33.9491998347803
SaveOnEvent_ch1_20260928004759511.wfm,00:47:59.511000,0.8739950000000001,-0.008320000022649765,2.4927999999999975e-07,5.305600000000002e-07,-6.201363199071494e-09,-38.75847999419784
SaveOnEvent_ch1_20260928004759711.wfm,00:47:59.711000,0.872995,-0.001120000029914081,-5.1200000000007235e-09,4.4479999999999615e-08,2.5651198397390947e-11,0.1603199899836909
SaveOnEvent_ch1_20260928004759911.wfm,00:47:59.911000,0.8719950000000001,-0.006639999803155661,2.7360000000000023e-07,6.188800000000004e-07,-5.448659188773019e-09,-34.05415992983035
SaveOnEvent_ch1_20260928004800111.wfm,00:48:00.111000,0.870995,-0.0061599998734891415,2.790399999999996e-07,6.4912e-07,-5.608806378352452e-09,-35.05511986470083
SaveOnEvent_ch1_20260928004800311.wfm,00:48:00.311000,0.8699949999999999,-0.005840000230818987,3.4896000000000013e-07,6.58719999999999e-07,-5.418111987384039e-09,-33.863279921148205
SaveOnEvent_ch1_20260928004800511.wfm,00:48:00.511000,0.868995,-0.003920000046491623,9.766399999999995e-07,9.246400000000007e-07,-5.455788771638177e-09,-34.09871982273762
SaveOnEvent_ch1_20260928004800711.wfm,00:48:00.711000,0.8679949999999999,-0.0012799999676644802,-2.0799999999998175e-09,4.0479999999999314e-08,-8.91999979305544e-10,-5.575039870658657
SaveOnEvent_ch1_20260928004800911.wfm,00:48:00.911000,0.866995,-0.001120000029914081,-3.6799999999999377e-09,4.975999999999967e-08,-4.945663888845572e-10,-3.0910399305284955
SaveOnEvent_ch1_20260928004801111.wfm,00:48:01.111000,0.8659950000000001,-0.001120000029914081,-3.5200000000006033e-09,4.2079999999999434e-08,1.105689570792018e-09,6.910559817450121
SaveOnEvent_ch1_20260928004801311.wfm,00:48:01.311000,0.864995,-0.0060800001956522465,2.3823999999999994e-07,5.388800000000012e-07,-5.286406376867088e-09,-33.0400798554183
SaveOnEvent_ch1_20260928004801511.wfm,00:48:01.511000,0.8639950000000001,-0.0069599999114871025,2.6672000000000005e-07,5.783999999999994e-07,-5.732761565069669e-09,-35.829759781685425
SaveOnEvent_ch1_20260928004801711.wfm,00:48:01.711000,0.862995,-0.0040799998678267,4.3200000000000027e-07,8.630399999999994e-07,-3.6175232078926645e-09,-22.60952004932915
SaveOnEvent_ch1_20260928004801911.wfm,00:48:01.911000,0.8619950000000001,-0.001120000029914081,-4.959999999999695e-09,5.999999999999943e-08,-2.3278079554438702e-10,-1.454879972152412
SaveOnEvent_ch1_20260928004802111.wfm,00:48:02.111000,0.860995,-0.00559999980032444,3.2799999999999923e-07,7.008000000000001e-07,-6.666246358759235e-09,-41.66407974224421
SaveOnEvent_ch1_20260928004802311.wfm,00:48:02.311000,0.8599949999999998,-0.005200000014156103,4.352000000000005e-07,7.468799999999999e-07,-4.8950463919318284e-09,-30.593999949574936
SaveOnEvent_ch1_20260928004802511.wfm,00:48:02.511000,0.858995,-0.004720000084489584,5.454399999999993e-07,6.828800000000001e-07,-4.30334077939624e-09,-26.895919871225487
SaveOnEvent_ch1_20260928004802711.wfm,00:48:02.711000,0.8579949999999998,-0.0012799999676644802,-1.120000000000423e-09,4.783999999999919e-08,-7.575295829959227e-10,-4.734559893724509
SaveOnEvent_ch1_20260928004802911.wfm,00:48:02.911000,0.856995,-0.001120000029914081,-4.0000000000003005e-09,4.7360000000001186e-08,6.642303818091724e-10,4.151439886307344
SaveOnEvent_ch1_20260928004803111.wfm,00:48:03.111000,0.8559950000000001,-0.0012000000569969416,-1.4400000000007858e-09,9.624959999999997e-06,-6.544575960794473e-10,-4.090799975499976
SaveOnEvent_ch1_20260928004803311.wfm,00:48:03.311000,0.854995,-0.0049600000493228436,4.5327999999999983e-07,7.151999999999995e-07,-5.381446377758402e-09,-33.633999860991025
SaveOnEvent_ch1_20260928004803511.wfm,00:48:03.511000,0.8539950000000001,-0.0012000000569969416,-6.400000000007257e-10,3.74400000000001e-08,-1.0517759865615483e-10,-0.6573599916009698
SaveOnEvent_ch1_20260928004803710.wfm,00:48:03.710000,0.853,-0.007519999984651804,3.177599999999995e-07,5.50399999999999e-07,-6.866483170972206e-09,-42.915599818574265
SaveOnEvent_ch1_20260928004803911.wfm,00:48:03.911000,0.8519950000000001,-0.0012799999676644802,-4.800000000000361e-09,4.8479999999999915e-08,-8.572607804439015e-10,-5.357919877773384
SaveOnEvent_ch1_20260928004804111.wfm,00:48:04.111000,0.850995,-0.0015200000489130616,-5.9200000000007836e-09,6.352000000000003e-08,-1.4841791655332778e-09,-9.276159784581978
SaveOnEvent_ch1_20260928004804311.wfm,00:48:04.311000,0.8499950000000001,-0.0012000000569969416,-2.0799999999998175e-09,4.384000000000058e-08,-1.060646374765784e-09,-6.629039842286147
SaveOnEvent_ch1_20260928004804511.wfm,00:48:04.511000,0.8489949999999999,-0.007519999984651804,2.8528000000000077e-07,5.772800000000007e-07,-6.505836772888433e-09,-40.6615198305517
SaveOnEvent_ch1_20260928004804711.wfm,00:48:04.711000,0.8479949999999998,-0.0061599998734891415,3.6512000000000066e-07,5.895999999999986e-07,-6.151244792565702e-09,-38.445359953533625
SaveOnEvent_ch1_20260928004804911.wfm,00:48:04.911000,0.8469949999999999,-0.004240000154823065,4.571200000000008e-07,7.979199999999993e-07,-4.117344012751711e-09,-25.733360079699196
SaveOnEvent_ch1_20260928004805111.wfm,00:48:05.111000,0.845995,-0.0014400000218302011,3.1190399999999995e-06,5.8567999999999996e-06,-5.623801579892169e-09,-35.14879987432505
SaveOnEvent_ch1_20260928004805311.wfm,00:48:05.311000,0.8449949999999999,-0.001120000029914081,-6.400000000000481e-09,4.8160000000001247e-08,-6.099711860576659e-10,-3.812319912860403
SaveOnEvent_ch1_20260928004805511.wfm,00:48:05.511000,0.843995,-0.006800000090152025,3.3855999999999935e-07,6.239999999999994e-07,-6.806873555397616e-09,-42.54295972123509
SaveOnEvent_ch1_20260928004805711.wfm,00:48:05.711000,0.8429949999999999,-0.0012000000569969416,-6.559999999999815e-09,4.99200000000007e-08,2.917439905391087e-10,1.8233599408704322
SaveOnEvent_ch1_20260928004805911.wfm,00:48:05.911000,0.841995,-0.001120000029914081,-5.1200000000007235e-09,6.000000000000112e-08,-1.3973375662136843e-09,-8.733359788835514
SaveOnEvent_ch1_20260928004806111.wfm,00:48:06.111000,0.8409949999999999,-0.003759999992325902,7.647999999999999e-07,9.639999999999996e-07,-4.650188775882124e-09,-29.06375984926126
SaveOnEvent_ch1_20260928004806310.wfm,00:48:06.310000,0.8400000000000001,-0.006000000052154064,3.323199999999999e-07,6.470400000000002e-07,-6.319423967218027e-09,-39.496479795110645
SaveOnEvent_ch1_20260928004806511.wfm,00:48:06.511000,0.8389949999999999,-0.007600000128149986,3.063999999999993e-07,5.623999999999999e-07,-7.486111938024405e-09,-46.7883196126495
SaveOnEvent_ch1_20260928004806711.wfm,00:48:06.711000,0.8379949999999998,-0.0012799999676644802,-4.479999999999998e-09,5.263999999999955e-08,-9.319295789860192e-10,-5.824559868662618
SaveOnEvent_ch1_20260928004806911.wfm,00:48:06.911000,0.8369949999999999,-0.00872000027447939,2.0975999999999983e-07,5.032000000000005e-07,-8.392479922038038e-09,-52.45303951273672
SaveOnEvent_ch1_20260928004807111.wfm,00:48:07.111000,0.835995,-0.0012000000569969416,-2.8799999999998776e-09,5.2640000000001244e-08,9.532159529626334e-11,0.5957599706016481
SaveOnEvent_ch1_20260928004807311.wfm,00:48:07.311000,0.8349949999999999,-0.001120000029914081,-8.959999999999996e-09,4.479999999999998e-08,1.2778303663735266e-09,7.986479789833538
SaveOnEvent_ch1_20260928004807511.wfm,00:48:07.511000,0.833995,-0.0013599999947473407,-4.320000000000663e-09,5.4880000000000396e-08,-5.603007876989442e-10,-3.5018399231194053
SaveOnEvent_ch1_20260928004807711.wfm,00:48:07.711000,0.8329949999999999,-0.0012000000569969416,-6.880000000000178e-09,5.055999999999973e-08,-2.5893759533530167e-10,-1.6183999708446208
SaveOnEvent_ch1_20260928004807911.wfm,00:48:07.911000,0.831995,-0.0013599999947473407,-6.71999999999915e-09,4.9279999999999975e-08,1.939198423641647e-12,0.012159990146756172
SaveOnEvent_ch1_20260928004808111.wfm,00:48:08.111000,0.8309949999999999,-0.001120000029914081,-7.359999999999875e-09,4.463999999999895e-08,9.757951740268574e-10,6.098799837665865
SaveOnEvent_ch1_20260928004808311.wfm,00:48:08.311000,0.829995,-0.007519999984651804,3.3199999999999953e-07,5.2816e-07,-5.333875181628392e-09,-33.336719885177445
SaveOnEvent_ch1_20260928004808511.wfm,00:48:08.511000,0.8289949999999999,-0.006800000090152025,3.567999999999997e-07,6.560000000000002e-07,-6.295628779800611e-09,-39.347759873751784
SaveOnEvent_ch1_20260928004808711.wfm,00:48:08.711000,0.8279949999999998,-0.006320000160485506,3.040000000000008e-07,5.875199999999987e-07,-6.459948760464324e-09,-40.374719752901
SaveOnEvent_ch1_20260928004808911.wfm,00:48:08.911000,0.8269949999999999,-0.00687999976798892,2.879999999999996e-07,5.622400000000006e-07,-6.2752255598269395e-09,-39.220239748916356
SaveOnEvent_ch1_20260928004809111.wfm,00:48:09.111000,0.825995,-0.0010400000028312206,4.799999999996972e-10,4.7679999999999855e-08,-1.810239961254435e-10,-1.131359975785017
SaveOnEvent_ch1_20260928004809311.wfm,00:48:09.311000,0.8249949999999999,-0.0012000000569969416,-2.5599999999995147e-09,4.23999999999998e-08,5.699775841436348e-10,3.5623999008967075
SaveOnEvent_ch1_20260928004809511.wfm,00:48:09.511000,0.823995,-0.007280000019818544,2.915200000000002e-07,5.408e-07,-6.7480831410503015e-09,-42.17559963156236
SaveOnEvent_ch1_20260928004809711.wfm,00:48:09.711000,0.8229949999999999,-0.0012000000569969416,-2.720000000000543e-09,4.560000000000004e-08,9.33849574332126e-10,5.836479839577805
SaveOnEvent_ch1_20260928004809911.wfm,00:48:09.911000,0.821995,-0.00559999980032444,3.4736e-07,7.0288e-07,-6.727103972081095e-09,-42.044399825506844
SaveOnEvent_ch1_20260928004810111.wfm,00:48:10.111000,0.8209950000000001,-0.005679999943822622,4.4879999999999984e-07,6.950400000000004e-07,-5.171654378331731e-09,-32.322879864572315
SaveOnEvent_ch1_20260928004810311.wfm,00:48:10.311000,0.819995,-0.0024800000246614218,1.8627199999999997e-06,2.1091199999999996e-06,-5.570335995394267e-09,-34.81463997121318
SaveOnEvent_ch1_20260928004810511.wfm,00:48:10.511000,0.8189949999999999,-0.0061599998734891415,3.758400000000001e-07,6.107199999999988e-07,-6.358316772833933e-09,-39.739599830209045
SaveOnEvent_ch1_20260928004810711.wfm,00:48:10.711000,0.817995,-0.0012799999676644802,-1.920000000000483e-09,5.29264e-06,-5.1554943938134245e-09,-32.22191996133188
SaveOnEvent_ch1_20260928004810911.wfm,00:48:10.911000,0.8169949999999999,-0.0012000000569969416,-6.400000000007257e-10,5.0080000000000036e-08,-1.7888001187238127e-11,-0.11184000741923228
SaveOnEvent_ch1_20260928004811111.wfm,00:48:11.111000,0.815995,-0.0012000000569969416,-6.71999999999915e-09,4.880000000000028e-08,3.9129597134889006e-11,0.24455998209305108
SaveOnEvent_ch1_20260928004811311.wfm,00:48:11.311000,0.8149949999999999,-0.0012000000569969416,-8.480000000000298e-09,9.631519999999997e-06,-5.719743901188474e-10,-3.575199938233709
SaveOnEvent_ch1_20260928004811511.wfm,00:48:11.511000,0.813995,-0.0081599997356534,2.635199999999998e-07,5.2368e-07,-7.612780754186674e-09,-47.57991971366573
SaveOnEvent_ch1_20260928004811711.wfm,00:48:11.711000,0.8129949999999999,-0.0020000000949949026,9.52432e-06,9.614079999999999e-06,-1.8461759914481023e-09,-11.539519946527435
SaveOnEvent_ch1_20260928004811911.wfm,00:48:11.911000,0.811995,-0.001120000029914081,-1.2799999999997574e-09,5.0080000000000036e-08,4.353407875867517e-10,2.7209599224152043
SaveOnEvent_ch1_20260928004812111.wfm,00:48:12.111000,0.8109950000000001,-0.001120000029914081,-6.880000000000178e-09,5.1999999999998825e-08,3.279103904590005e-10,2.0495199403667357
SaveOnEvent_ch1_20260928004812311.wfm,00:48:12.311000,0.809995,-0.006639999803155661,3.2048e-07,6.107199999999988e-07,-6.964518365529367e-09,-43.528319784556516
SaveOnEvent_ch1_20260928004812511.wfm,00:48:12.511000,0.8089949999999999,-0.004879999905824661,4.756799999999998e-07,9.572799999999987e-07,-6.882572795767337e-09,-43.016159973543836
SaveOnEvent_ch1_20260928004812711.wfm,00:48:12.711000,0.807995,-0.005760000087320805,3.214399999999994e-07,6.716799999999993e-07,-6.239507152561564e-09,-38.99703970350674
SaveOnEvent_ch1_20260928004812911.wfm,00:48:12.911000,0.8069949999999999,-0.0015200000489130616,-3.2000000000002404e-09,4.575999999999937e-08,-1.538118363467514e-09,-9.613279771670932
SaveOnEvent_ch1_20260928004813111.wfm,00:48:13.111000,0.805995,-0.0069599999114871025,2.689599999999992e-07,6.163200000000009e-07,-5.756921574340666e-09,-35.98079983962816
SaveOnEvent_ch1_20260928004813311.wfm,00:48:13.311000,0.8049949999999999,-0.0013599999947473407,-7.51999999999921e-09,4.5919999999998707e-08,-7.026175838755426e-10,-4.391359899222152
SaveOnEvent_ch1_20260928004813511.wfm,00:48:13.511000,0.803995,-0.0010400000028312206,-6.880000000000178e-09,5.120000000000046e-08,1.0119295735750322e-09,6.324559834843967
SaveOnEvent_ch1_20260928004813711.wfm,00:48:13.711000,0.8029949999999999,-0.0012799999676644802,-6.559999999999815e-09,4.880000000000028e-08,-4.08275191613939e-10,-2.551759947586106
SaveOnEvent_ch1_20260928004813911.wfm,00:48:13.911000,0.801995,-0.001120000029914081,-8.31999999999927e-09,4.9279999999999975e-08,9.303295751148818e-10,5.814559844468022
SaveOnEvent_ch1_20260928004814111.wfm,00:48:14.111000,0.8009950000000001,-0.0016799999866634607,5.567199999999998e-06,7.214079999999998e-06,-5.062847976572811e-09,-31.64295985357603
SaveOnEvent_ch1_20260928004814311.wfm,00:48:14.311000,0.799995,-0.0060800001956522465,3.3855999999999935e-07,6.025600000000005e-07,-5.614828774209602e-09,-35.09271983880899
SaveOnEvent_ch1_20260928004814511.wfm,00:48:14.511000,0.7989949999999999,-0.0010400000028312206,-8.959999999999996e-09,5.727999999999888e-08,-5.854655860946535e-10,-3.6591199130925816
SaveOnEvent_ch1_20260928004814711.wfm,00:48:14.711000,0.797995,-0.0012799999676644802,-4.479999999999998e-09,9.622399999999998e-06,-2.6113215691130608e-09,-16.321119806962088
SaveOnEvent_ch1_20260928004814911.wfm,00:48:14.911000,0.7969949999999999,-0.002400000113993883,2.53008e-06,1.3156799999999986e-06,-4.39247359022498e-09,-27.452959938906133
SaveOnEvent_ch1_20260928004815111.wfm,00:48:15.111000,0.795995,-0.0012799999676644802,-6.71999999999915e-09,5.3599999999998945e-08,-8.327487807697585e-10,-5.20471987981
SaveOnEvent_ch1_20260928004815311.wfm,00:48:15.311000,0.7949949999999999,-0.004480000119656324,5.041599999999999e-07,9.587200000000012e-07,-6.360780773097648e-09,-39.75495983185829
SaveOnEvent_ch1_20260928004815511.wfm,00:48:15.511000,0.793995,-0.0012000000569969416,-1.7599999999994546e-09,8.053919999999999e-06,-4.2401407759543506e-09,-26.50103984971065
SaveOnEvent_ch1_20260928004815711.wfm,00:48:15.711000,0.7929949999999999,-0.0012799999676644802,-4.0000000000003005e-09,4.912000000000064e-08,1.0224639538675369e-10,0.6390399711672217
SaveOnEvent_ch1_20260928004815911.wfm,00:48:15.911000,0.791995,-0.0013599999947473407,4.258079999999999e-06,5.88848e-06,-3.1240256476844653e-09,-19.525120298028924
SaveOnEvent_ch1_20260928004816111.wfm,00:48:16.111000,0.7909950000000001,-0.005919999908655882,3.9296000000000005e-07,6.657600000000002e-07,-5.594886397591327e-09,-34.9679999849468
SaveOnEvent_ch1_20260928004816311.wfm,00:48:16.311000,0.789995,-0.001120000029914081,-5.1200000000007235e-09,4.048000000000101e-08,2.561279923189423e-10,1.6008799519913737
SaveOnEvent_ch1_20260928004816511.wfm,00:48:16.511000,0.7889950000000001,-0.0038399999029934406,9.164800000000008e-07,1.0476799999999988e-06,-4.80777599978959e-09,-30.04855999868596
SaveOnEvent_ch1_20260928004816711.wfm,00:48:16.711000,0.787995,-0.001120000029914081,1.120000000000423e-09,9.634079999999998e-06,-3.417279954766842e-10,-2.1362399717327207
SaveOnEvent_ch1_20260928004816911.wfm,00:48:16.911000,0.7869949999999999,-0.0013599999947473407,-6.71999999999915e-09,6.496000000000081e-08,-1.4994431642489517e-09,-9.371599776553921
SaveOnEvent_ch1_20260928004817111.wfm,00:48:17.111000,0.785995,-0.0012000000569969416,-5.1200000000007235e-09,5.583999999999979e-08,9.98451172742061e-10,6.240319829637883
SaveOnEvent_ch1_20260928004817311.wfm,00:48:17.311000,0.7849949999999999,-0.003920000046491623,8.060799999999992e-07,1.0108799999999994e-06,-6.91891834003152e-09,-43.24327962519601
SaveOnEvent_ch1_20260928004817511.wfm,00:48:17.511000,0.783995,-0.001120000029914081,-6.239999999999452e-09,4.9279999999999975e-08,3.717823889362623e-10,2.3236799308506306
SaveOnEvent_ch1_20260928004817711.wfm,00:48:17.711000,0.7829949999999999,-0.0012000000569969416,-5.600000000000421e-09,5.3920000000001e-08,-8.751743799168595e-10,-5.469919874478364
SaveOnEvent_ch1_20260928004817911.wfm,00:48:17.911000,0.781995,-0.0013599999947473407,-7.680000000000238e-09,5.743999999999991e-08,-1.664883160069588e-09,-10.405599750432884
SaveOnEvent_ch1_20260928004818111.wfm,00:48:18.111000,0.7809950000000001,-0.0014400000218302011,8.886399999999998e-06,9.615359999999998e-06,-2.8648767952225133e-09,-17.9059999701567
SaveOnEvent_ch1_20260928004818311.wfm,00:48:18.311000,0.779995,-0.0013599999947473407,-2.239999999999152e-09,4.960000000000034e-08,-1.7688319739419875e-10,-1.105439983715769
SaveOnEvent_ch1_20260928004818511.wfm,00:48:18.511000,0.7789950000000001,-0.0012799999676644802,-1.120000000000423e-09,4.623999999999907e-08,-2.1299201641229497e-11,-0.1331200102576986
SaveOnEvent_ch1_20260928004818711.wfm,00:48:18.711000,0.777995,-0.0014400000218302011,-5.759999999999755e-09,9.623679999999998e-06,-4.196480049616655e-09,-26.228560310119065
SaveOnEvent_ch1_20260928004818911.wfm,00:48:18.911000,0.7769949999999999,-0.0060800001956522465,3.588799999999995e-07,6.347200000000006e-07,-6.722476774330716e-09,-42.01559983956395
SaveOnEvent_ch1_20260928004819111.wfm,00:48:19.111000,0.775995,-0.0012000000569969416,-5.1200000000007235e-09,6.767999999999966e-08,-1.3379519689711745e-09,-8.362239806068828
SaveOnEvent_ch1_20260928004819311.wfm,00:48:19.311000,0.7749949999999999,-0.005439999978989363,3.9744000000000004e-07,6.915199999999998e-07,-6.0966783659206675e-09,-38.10431978700217
SaveOnEvent_ch1_20260928004819511.wfm,00:48:19.511000,0.773995,-0.007519999984651804,2.875199999999999e-07,5.753599999999985e-07,-7.466707149257417e-09,-46.66703968285583
SaveOnEvent_ch1_20260928004819711.wfm,00:48:19.711000,0.7729949999999999,-0.006800000090152025,3.8560000000000017e-07,6.478400000000002e-07,-6.107999978463632e-09,-38.175039865396684
SaveOnEvent_ch1_20260928004819911.wfm,00:48:19.911000,0.771995,-0.0012799999676644802,-8.000000000000601e-10,3.8560000000000525e-08,-3.469759930134761e-10,-2.168639956333209
SaveOnEvent_ch1_20260928004820111.wfm,00:48:20.111000,0.7709950000000001,-0.0012799999676644802,-4.0000000000003005e-09,3.6799999999999377e-08,7.815359784685984e-10,4.884719865425723
SaveOnEvent_ch1_20260928004820311.wfm,00:48:20.311000,0.769995,-0.0020000000949949026,8.01488e-06,8.9648e-06,-4.27917439140845e-09,-26.745119946310297
SaveOnEvent_ch1_20260928004820511.wfm,00:48:20.511000,0.7689950000000001,-0.0014400000218302011,-8.000000000000601e-10,4.2879999999999495e-08,-4.681471896963191e-10,-2.9259199356019963
SaveOnEvent_ch1_20260928004820711.wfm,00:48:20.711000,0.767995,-0.0015999999595806003,6.56576e-06,7.7056e-06,-3.974969636190218e-09,-24.843600226187846
SaveOnEvent_ch1_20260928004820911.wfm,00:48:20.911000,0.7669949999999999,-0.005040000192821026,5.185599999999993e-07,7.992000000000008e-07,-6.2226111977011905e-09,-38.891439985629404
SaveOnEvent_ch1_20260928004821111.wfm,00:48:21.111000,0.765995,-0.0014400000218302011,6.603039999999999e-06,8.77312e-06,-4.374156784270889e-09,-27.338719901687
SaveOnEvent_ch1_20260928004821311.wfm,00:48:21.311000,0.7649949999999999,-0.0012000000569969416,-7.359999999999875e-09,8.41264e-06,-5.984659158571154e-09,-37.40431974106468
SaveOnEvent_ch1_20260928004821511.wfm,00:48:21.511000,0.763995,-0.0016799999866634607,5.908799999999998e-06,7.582079999999998e-06,-5.571654376841615e-09,-34.82295985525707
SaveOnEvent_ch1_20260928004821711.wfm,00:48:21.711000,0.7629949999999999,-0.001120000029914081,-2.8799999999998776e-09,4.5760000000001066e-08,3.337599794147438e-11,0.20863998713321052
SaveOnEvent_ch1_20260928004821911.wfm,00:48:21.911000,0.761995,-0.0013599999947473407,-8.000000000000601e-10,5.0080000000000036e-08,-8.380287804733955e-10,-5.237679877958726
SaveOnEvent_ch1_20260928004822111.wfm,00:48:22.111000,0.7609950000000001,-0.0013599999947473407,-3.2000000000002404e-09,9.622559999999999e-06,-5.211295969656199e-09,-32.570959810342174
SaveOnEvent_ch1_20260928004822311.wfm,00:48:22.311000,0.759995,-0.0012799999676644802,1.2799999999997574e-09,5.7599999999999245e-08,-1.3856447674683295e-09,-8.660399796674028
SaveOnEvent_ch1_20260928004822511.wfm,00:48:22.511000,0.7589950000000001,-0.0027199999894946814,8.154239999999998e-06,1.5479999999999994e-06,-4.3804288056283226e-09,-27.378160035179462
SaveOnEvent_ch1_20260928004822711.wfm,00:48:22.711000,0.757995,-0.00800000037997961,2.180800000000008e-07,5.2288e-07,-8.908345528386998e-09,-55.67735955241369
SaveOnEvent_ch1_20260928004822911.wfm,00:48:22.911000,0.7569950000000001,-0.0012000000569969416,-6.080000000000118e-09,4.7679999999999855e-08,9.687039575073661e-11,0.6055199734400958
SaveOnEvent_ch1_20260928004823110.wfm,00:48:23.110000,0.756,-0.0010400000028312206,-3.039999999999212e-09,6.768000000000136e-08,3.439423900726255e-10,2.1496799379528966
SaveOnEvent_ch1_20260928004823311.wfm,00:48:23.311000,0.7549949999999999,-0.0017600000137463212,9.340799999999999e-06,9.611999999999997e-06,-2.1136639888165495e-09,-13.211279930110322
SaveOnEvent_ch1_20260928004823511.wfm,00:48:23.511000,0.753995,-0.0012799999676644802,-3.5200000000006033e-09,4.751999999999883e-08,1.25945594732182e-10,0.7870399670791812
SaveOnEvent_ch1_20260928004823711.wfm,00:48:23.711000,0.7529949999999999,-0.0012799999676644802,6.400000000007257e-10,9.622399999999998e-06,-2.987724800352004e-09,-18.67368000218994
SaveOnEvent_ch1_20260928004823911.wfm,00:48:23.911000,0.751995,-0.0015200000489130616,7.430400000000001e-06,9.5752e-06,-4.945932805116752e-09,-30.91240003198618
SaveOnEvent_ch1_20260928004824111.wfm,00:48:24.111000,0.7509950000000001,-0.0012000000569969416,-5.759999999999755e-09,6.224000000000027e-08,-5.308415888901804e-10,-3.317759930563625
SaveOnEvent_ch1_20260928004824311.wfm,00:48:24.311000,0.749995,-0.0012799999676644802,-3.839999999999272e-09,9.619039999999998e-06,-6.256960094021609e-10,-3.9110400587669574
SaveOnEvent_ch1_20260928004824511.wfm,00:48:24.511000,0.7489950000000001,-0.0012799999676644802,-6.71999999999915e-09,5.2640000000001244e-08,-8.814207797264681e-10,-5.508879873290425
SaveOnEvent_ch1_20260928004824711.wfm,00:48:24.711000,0.747995,-0.0060800001956522465,3.1472000000000027e-07,6.457599999999987e-07,-6.865548755889758e-09,-42.90975972430897
SaveOnEvent_ch1_20260928004824911.wfm,00:48:24.911000,0.7469950000000001,-0.0012000000569969416,-7.0399999999995125e-09,5.423999999999967e-08,-6.479103859793374e-10,-4.049519912368851
SaveOnEvent_ch1_20260928004825111.wfm,00:48:25.111000,0.745995,-0.0014400000218302011,6.945599999999998e-06,8.89552e-06,-4.3963776006479774e-09,-27.47768000405631
SaveOnEvent_ch1_20260928004825311.wfm,00:48:25.311000,0.7449949999999999,-0.0012799999676644802,-6.71999999999915e-09,4.335999999999919e-08,-9.641535771661459e-10,-6.025919857289409
SaveOnEvent_ch1_20260928004825511.wfm,00:48:25.511000,0.743995,-0.0013599999947473407,-5.600000000000421e-09,5.135999999999979e-08,-6.764927846239876e-10,-4.228079903899925
SaveOnEvent_ch1_20260928004825711.wfm,00:48:25.711000,0.7429949999999999,-0.0013599999947473407,-5.9200000000007836e-09,7.401280000000002e-06,-5.887961604096927e-09,-36.79992002560175
SaveOnEvent_ch1_20260928004825911.wfm,00:48:25.911000,0.741995,-0.00687999976798892,2.5920000000000084e-07,7.220799999999997e-07,-9.704972736341877e-09,-60.6562396021327
SaveOnEvent_ch1_20260928004826111.wfm,00:48:26.111000,0.7409950000000001,-0.0012000000569969416,-1.0239999999999753e-08,9.636799999999997e-06,-2.1502847717306576e-09,-13.439679823321057
SaveOnEvent_ch1_20260928004826311.wfm,00:48:26.311000,0.739995,-0.001120000029914081,-5.9200000000007836e-09,4.64000000000001e-08,-1.2708543693530387e-09,-7.942879808455473
SaveOnEvent_ch1_20260928004826511.wfm,00:48:26.511000,0.7389950000000001,-0.0014400000218302011,-5.759999999999755e-09,4.975999999999967e-08,-1.938649553018625e-09,-12.116639706364367
SaveOnEvent_ch1_20260928004826711.wfm,00:48:26.711000,0.737995,-0.0069599999114871025,3.619200000000004e-07,6.39520000000001e-07,-7.412595142987556e-09,-46.32879964367021
SaveOnEvent_ch1_20260928004826911.wfm,00:48:26.911000,0.7369950000000001,-0.0012799999676644802,-5.1200000000007235e-09,4.608000000000143e-08,-1.2752831700048428e-09,-7.970559812529245
SaveOnEvent_ch1_20260928004827111.wfm,00:48:27.111000,0.735995,-0.0012799999676644802,-4.959999999999695e-09,4.8640000000000944e-08,4.273791874106984e-10,2.6711199213168584
SaveOnEvent_ch1_20260928004827311.wfm,00:48:27.311000,0.7349949999999998,-0.0012000000569969416,-4.639999999999332e-09,5.6480000000000516e-08,-1.4227263658004794e-09,-8.892159786249977
SaveOnEvent_ch1_20260928004827511.wfm,00:48:27.511000,0.733995,-0.0020800000056624413,8.067839999999999e-06,9.611519999999997e-06,-4.051910417813342e-09,-25.325040111347334
SaveOnEvent_ch1_20260928004827711.wfm,00:48:27.711000,0.7329949999999998,-0.0010400000028312206,-6.400000000000481e-09,9.635199999999997e-06,-1.2651711807143848e-09,-7.907679879455827
SaveOnEvent_ch1_20260928004827911.wfm,00:48:27.911000,0.731995,-0.006320000160485506,3.967999999999993e-07,6.348799999999999e-07,-6.929331161277369e-09,-43.30847975797951
SaveOnEvent_ch1_20260928004828111.wfm,00:48:28.111000,0.7309950000000001,-0.001120000029914081,-1.0239999999999753e-08,5.631999999999949e-08,4.768639861559496e-10,2.9804799134726636
SaveOnEvent_ch1_20260928004828311.wfm,00:48:28.311000,0.729995,-0.0012799999676644802,-7.0399999999995125e-09,9.628479999999998e-06,-3.1635327648697397e-09,-19.772559780423762
SaveOnEvent_ch1_20260928004828511.wfm,00:48:28.511000,0.7289950000000001,-0.0012000000569969416,-2.5599999999995147e-09,4.079999999999968e-08,2.0140031475201233e-09,12.58759967199876
SaveOnEvent_ch1_20260928004828711.wfm,00:48:28.711000,0.727995,-0.0019199999514967203,8.779999999999999e-06,9.603039999999997e-06,-2.2587648301827684e-09,-14.11792018864071
SaveOnEvent_ch1_20260928004828911.wfm,00:48:28.911000,0.7269950000000001,-0.0012000000569969416,-5.9200000000007836e-09,5.7280000000000576e-08,-1.5934719621157253e-09,-9.959199763223296
SaveOnEvent_ch1_20260928004829111.wfm,00:48:29.111000,0.725995,-0.0012799999676644802,-2.0799999999998175e-09,4.5279999999999675e-08,5.424447845551171e-10,3.3901599034725223
SaveOnEvent_ch1_20260928004829311.wfm,00:48:29.311000,0.7249950000000001,-0.0012000000569969416,-2.5599999999995147e-09,9.620479999999997e-06,-8.029375967406633e-10,-5.018879979616031
SaveOnEvent_ch1_20260928004829511.wfm,00:48:29.511000,0.7239949999999999,-0.0010400000028312206,-5.280000000000058e-09,7.472000000000087e-08,-6.024575857305887e-10,-3.765439910814166
SaveOnEvent_ch1_20260928004829711.wfm,00:48:29.711000,0.7229949999999998,-0.002319999970495701,8.231679999999998e-06,9.600959999999997e-06,-2.5591296270186966e-09,-15.995200168865267
SaveOnEvent_ch1_20260928004829911.wfm,00:48:29.911000,0.7219949999999999,-0.0012000000569969416,-4.159999999999635e-09,4.7360000000001186e-08,1.3356031647603953e-09,8.347519779752474
SaveOnEvent_ch1_20260928004830111.wfm,00:48:30.111000,0.720995,-0.005840000230818987,4.086399999999992e-07,7.265599999999997e-07,-6.926803157792891e-09,-43.292559736204566
SaveOnEvent_ch1_20260928004830311.wfm,00:48:30.311000,0.7199950000000002,-0.0013599999947473407,-9.599999999993945e-10,5.583999999999979e-08,-5.168127886904418e-10,-3.2300799293152522
SaveOnEvent_ch1_20260928004830511.wfm,00:48:30.511000,0.7189949999999998,-0.001120000029914081,-6.239999999999452e-09,9.13632e-06,-2.5194624021975305e-09,-15.746800013730535
SaveOnEvent_ch1_20260928004830711.wfm,00:48:30.711000,0.7179949999999999,-0.0061599998734891415,3.977600000000004e-07,6.6256e-07,-5.425798394910525e-09,-33.911199968191795
SaveOnEvent_ch1_20260928004830911.wfm,00:48:30.911000,0.716995,-0.0012000000569969416,-5.759999999999755e-09,4.575999999999937e-08,-1.0037503764033335e-09,-6.2735998525167815
SaveOnEvent_ch1_20260928004831111.wfm,00:48:31.111000,0.7159949999999999,-0.0017600000137463212,8.939679999999999e-06,9.618559999999999e-06,-3.1799103573686396e-09,-19.875279733532807
SaveOnEvent_ch1_20260928004831311.wfm,00:48:31.311000,0.714995,-0.0012000000569969416,-6.559999999999815e-09,8.24944e-06,-3.0924543863767768e-09,-19.327919914852828
SaveOnEvent_ch1_20260928004831511.wfm,00:48:31.511000,0.7139949999999999,-0.0012000000569969416,-7.680000000000238e-09,5.2480000000000216e-08,7.466559789539326e-10,4.666559868463082
SaveOnEvent_ch1_20260928004831711.wfm,00:48:31.711000,0.7129949999999998,-0.0013599999947473407,9.567839999999998e-06,9.622879999999998e-06,-1.686502395630812e-09,-10.54127997267642
SaveOnEvent_ch1_20260928004831911.wfm,00:48:31.911000,0.7119949999999999,-0.0012000000569969416,-8.959999999999996e-09,5.2480000000000216e-08,-2.302271965448736e-10,-1.4388799784064759
SaveOnEvent_ch1_20260928004832111.wfm,00:48:32.111000,0.710995,-0.001120000029914081,-6.239999999999452e-09,6.031999999999979e-08,-9.415807780157769e-10,-5.884879862598609
SaveOnEvent_ch1_20260928004832311.wfm,00:48:32.311000,0.7099950000000002,-0.0012799999676644802,-7.51999999999921e-09,4.575999999999937e-08,-2.2763519581873251e-10,-1.4227199738670606
SaveOnEvent_ch1_20260928004832511.wfm,00:48:32.511000,0.7089949999999998,-0.0012000000569969416,-4.320000000000663e-09,4.960000000000034e-08,-1.3621119830990277e-10,-0.8512799894378986
SaveOnEvent_ch1_20260928004832711.wfm,00:48:32.711000,0.7079949999999999,-0.0013599999947473407,-3.5200000000006033e-09,9.629119999999997e-06,-1.0894975778064657e-09,-6.809839861292858
SaveOnEvent_ch1_20260928004832911.wfm,00:48:32.911000,0.706995,-0.0020000000949949026,5.1785600000000004e-06,7.08576e-06,-5.236249605496416e-09,-32.726720034348546
SaveOnEvent_ch1_20260928004833111.wfm,00:48:33.111000,0.7059949999999999,-0.006320000160485506,3.099199999999999e-07,6.576000000000003e-07,-7.517254348306453e-09,-46.98287967691431
SaveOnEvent_ch1_20260928004833311.wfm,00:48:33.311000,0.704995,-0.0013599999947473407,-6.400000000000481e-09,5.1840000000001184e-08,-1.8210495557147066e-09,-11.381599723215913
SaveOnEvent_ch1_20260928004833511.wfm,00:48:33.511000,0.7039949999999999,-0.0012799999676644802,-2.5599999999995147e-09,4.512000000000034e-08,-4.44396790673492e-10,-2.777519941708306
SaveOnEvent_ch1_20260928004833711.wfm,00:48:33.711000,0.7029949999999998,-0.0012000000569969416,-5.280000000000058e-09,8.660799999999998e-06,-3.3889279920794052e-09,-21.18095995049225
SaveOnEvent_ch1_20260928004833911.wfm,00:48:33.911000,0.7019949999999999,-0.0016799999866634607,7.65584e-06,9.560319999999999e-06,-4.666316792822907e-09,-29.164879955147626
SaveOnEvent_ch1_20260928004834111.wfm,00:48:34.111000,0.700995,-0.0015999999595806003,9.33408e-06,9.622719999999998e-06,-2.4319039825280164e-09,-15.200159890810028
SaveOnEvent_ch1_20260928004834311.wfm,00:48:34.311000,0.6999950000000001,-0.0012799999676644802,-4.959999999999695e-09,4.512000000000034e-08,5.920831833709967e-10,3.700559896067716
SaveOnEvent_ch1_20260928004834511.wfm,00:48:34.511000,0.6989949999999998,-0.0012799999676644802,-3.5200000000006033e-09,4.6079999999999735e-08,-1.2377599711250502e-09,-7.736239819525508
SaveOnEvent_ch1_20260928004834711.wfm,00:48:34.711000,0.6979949999999999,-0.0010400000028312206,-3.039999999999212e-09,4.175999999999907e-08,1.216051168604751e-09,7.600319803779712
SaveOnEvent_ch1_20260928004834911.wfm,00:48:34.911000,0.696995,-0.0012000000569969416,-9.599999999993945e-10,5.391999999999931e-08,-8.074431813391848e-10,-5.0465598833689
SaveOnEvent_ch1_20260928004835110.wfm,00:48:35.110000,0.696,-0.0013599999947473407,-3.359999999999575e-09,4.895999999999961e-08,-4.031807914026982e-10,-2.5198399462678935
SaveOnEvent_ch1_20260928004835311.wfm,00:48:35.311000,0.694995,-0.0015999999595806003,5.895520000000001e-06,8.2488e-06,-4.2501824250840555e-09,-26.56384015677031
SaveOnEvent_ch1_20260928004835510.wfm,00:48:35.510000,0.694,-0.0018400000408291817,9.4064e-06,9.617119999999998e-06,-1.7030143920425304e-09,-10.644639950245619
SaveOnEvent_ch1_20260928004835710.wfm,00:48:35.710000,0.6930000000000001,-0.0012000000569969416,-4.800000000000361e-09,5.280000000000058e-08,-5.463167881034322e-10,-3.4144799256464466
SaveOnEvent_ch1_20260928004835910.wfm,00:48:35.910000,0.692,-0.002959999954327941,3.0929599999999996e-06,1.7140799999999997e-06,-6.3191295868018645e-09,-39.49463991750963
SaveOnEvent_ch1_20260928004836110.wfm,00:48:36.110000,0.6909999999999998,-0.0013599999947473407,-3.5200000000006033e-09,4.99200000000007e-08,2.386111923656428e-10,1.491279952286277
SaveOnEvent_ch1_20260928004836311.wfm,00:48:36.311000,0.6899950000000001,-0.0018400000408291817,9.33744e-06,9.618559999999999e-06,-3.454329560117327e-09,-21.590479750739178
SaveOnEvent_ch1_20260928004836510.wfm,00:48:36.510000,0.6890000000000001,-0.0013599999947473407,-2.5599999999995147e-09,4.800000000000022e-08,-3.044031940610161e-10,-1.902559962880332
SaveOnEvent_ch1_20260928004836710.wfm,00:48:36.710000,0.6880000000000002,-0.002400000113993883,5.41728e-06,1.8193599999999988e-06,-4.570099209165202e-09,-28.563120057282504
SaveOnEvent_ch1_20260928004836910.wfm,00:48:36.910000,0.6869999999999998,-0.0015999999595806003,9.141599999999999e-06,9.613919999999998e-06,-1.201062428725417e-09,-7.50720017956337
SaveOnEvent_ch1_20260928004837111.wfm,00:48:37.111000,0.6859950000000001,-0.0020800000056624413,8.127999999999999e-06,9.611039999999998e-06,-3.5857152049592696e-09,-22.411360031022923
SaveOnEvent_ch1_20260928004837311.wfm,00:48:37.311000,0.684995,-0.0012000000569969416,-6.880000000000178e-09,5.343999999999961e-08,1.1561599461129155e-10,0.7225599663215689
SaveOnEvent_ch1_20260928004837511.wfm,00:48:37.511000,0.6839949999999999,-0.0012799999676644802,-5.759999999999755e-09,4.655999999999943e-08,-1.75242875730386e-09,-10.952639733150136
SaveOnEvent_ch1_20260928004837711.wfm,00:48:37.711000,0.682995,-0.0017600000137463212,8.145279999999998e-06,9.616159999999998e-06,-3.316032002500719e-09,-20.72592001562589
SaveOnEvent_ch1_20260928004837911.wfm,00:48:37.911000,0.6819949999999999,-0.0012799999676644802,-4.959999999999695e-09,7.338719999999999e-06,-3.893324772669001e-09,-24.333359829179244
SaveOnEvent_ch1_20260928004838111.wfm,00:48:38.111000,0.680995,-0.0014400000218302011,9.592799999999999e-06,9.618239999999998e-06,-1.2603711993456838e-09,-7.878079995920416
SaveOnEvent_ch1_20260928004838311.wfm,00:48:38.311000,0.6799950000000001,-0.0012799999676644802,9.59664e-06,9.620959999999997e-06,-1.3678783937613477e-09,-8.549919960991247
SaveOnEvent_ch1_20260928004838511.wfm,00:48:38.511000,0.6789949999999998,-0.0041600000113248825,6.092799999999997e-07,9.942399999999991e-07,-6.427443164186549e-09,-40.17159977616393
SaveOnEvent_ch1_20260928004838711.wfm,00:48:38.711000,0.6779949999999999,-0.0012000000569969416,-4.799999999996972e-10,6.176000000000057e-08,-6.79583985072096e-10,-4.247359906701604
SaveOnEvent_ch1_20260928004838911.wfm,00:48:38.911000,0.676995,-0.0028800000436604023,9.194719999999998e-06,9.191999999999996e-07,-2.8546111771045223e-09,-17.842559856915614
SaveOnEvent_ch1_20260928004839111.wfm,00:48:39.111000,0.6759950000000001,-0.0012799999676644802,-1.2799999999997574e-09,4.8160000000001247e-08,-1.7147327590570772e-09,-10.71711974410573
SaveOnEvent_ch1_20260928004839311.wfm,00:48:39.311000,0.674995,-0.0024800000246614218,9.580639999999999e-06,9.611999999999997e-06,-2.256198362661522e-09,-14.102479766646866
SaveOnEvent_ch1_20260928004839511.wfm,00:48:39.511000,0.6739949999999999,-0.0012000000569969416,-4.159999999999635e-09,5.3599999999998945e-08,-2.4156159606762326e-10,-1.5097599754226394
SaveOnEvent_ch1_20260928004839711.wfm,00:48:39.711000,0.672995,-0.0020800000056624413,9.39376e-06,9.608159999999998e-06,-1.0875200363248574e-09,-6.798000227077864
SaveOnEvent_ch1_20260928004839911.wfm,00:48:39.911000,0.6719949999999999,-0.002319999970495701,4.49648e-06,6.110240000000001e-06,-6.222348784655333e-09,-38.88967990409583
SaveOnEvent_ch1_20260928004840111.wfm,00:48:40.111000,0.670995,-0.00215999991632998,7.8304e-06,9.08832e-06,-3.6334656336042067e-09,-22.709600210015196
SaveOnEvent_ch1_20260928004840311.wfm,00:48:40.311000,0.6699950000000001,-0.001120000029914081,-2.4000000000001803e-09,5.407999999999864e-08,-5.094079884351228e-10,-3.183839927718509
SaveOnEvent_ch1_20260928004840511.wfm,00:48:40.511000,0.6689949999999998,-0.0012000000569969416,-5.9200000000007836e-09,5.743999999999991e-08,-1.238015990704272e-10,-0.7737599941901863
SaveOnEvent_ch1_20260928004840711.wfm,00:48:40.711000,0.6679949999999999,-0.0012000000569969416,-2.720000000000543e-09,4.575999999999937e-08,-5.380671880231219e-10,-3.362879925145535
SaveOnEvent_ch1_20260928004840911.wfm,00:48:40.911000,0.666995,-0.0017600000137463212,7.67008e-06,9.17632e-06,-5.4666623715008595e-09,-34.16703982188483
SaveOnEvent_ch1_20260928004841111.wfm,00:48:41.111000,0.6659950000000001,-0.002400000113993883,9.482400000000001e-06,9.611359999999998e-06,-3.516108784065578e-09,-21.976959900464863
SaveOnEvent_ch1_20260928004841311.wfm,00:48:41.311000,0.664995,-0.0014400000218302011,7.025600000000001e-06,9.615519999999998e-06,-2.409958428675306e-09,-15.062640179210575
SaveOnEvent_ch1_20260928004841511.wfm,00:48:41.511000,0.6639949999999999,-0.007280000019818544,2.5472000000000084e-07,5.353600000000006e-07,-6.301772755146958e-09,-39.38607971966849
SaveOnEvent_ch1_20260928004841711.wfm,00:48:41.711000,0.662995,-0.0013599999947473407,9.149919999999998e-06,9.625119999999998e-06,-3.0857215957087417e-09,-19.28623997318209
SaveOnEvent_ch1_20260928004841911.wfm,00:48:41.911000,0.6619949999999999,-0.004559999797493219,5.344160000000001e-06,1.2548800000000025e-06,-7.270380782179998e-09,-45.43999988862197
SaveOnEvent_ch1_20260928004842111.wfm,00:48:42.111000,0.660995,-0.002240000059828162,3.24272e-06,4.705759999999999e-06,-5.141766383287031e-09,-32.136079895542935
SaveOnEvent_ch1_20260928004842311.wfm,00:48:42.311000,0.6599950000000001,-0.0013599999947473407,-1.599999999993344e-10,7.94432e-06,-5.987347227751745e-09,-37.42104017344536
SaveOnEvent_ch1_20260928004842511.wfm,00:48:42.511000,0.6589949999999998,-0.002319999970495701,4.16176e-06,5.651359999999999e-06,-6.2895551636512405e-09,-39.30983977281721
SaveOnEvent_ch1_20260928004842711.wfm,00:48:42.711000,0.6579949999999999,-0.0014400000218302011,3.2000000000036285e-10,6.44464e-06,-6.344409576118925e-09,-39.65271985073923
SaveOnEvent_ch1_20260928004842911.wfm,00:48:42.911000,0.656995,-0.0010400000028312206,-4.320000000000663e-09,5.583999999999979e-08,4.0051838887156827e-10,2.503279930446297
SaveOnEvent_ch1_20260928004843111.wfm,00:48:43.111000,0.6559950000000001,-0.0012000000569969416,-6.080000000000118e-09,4.399999999999992e-08,1.1727359525859505e-10,0.7329599703662097
SaveOnEvent_ch1_20260928004843311.wfm,00:48:43.311000,0.654995,-0.0020000000949949026,9.33568e-06,9.607039999999997e-06,-2.07907839650288e-09,-12.995199978118762
SaveOnEvent_ch1_20260928004843511.wfm,00:48:43.511000,0.6539949999999999,-0.0012799999676644802,-5.9200000000007836e-09,5.391999999999931e-08,-5.680767874699071e-10,-3.5503999216889497
SaveOnEvent_ch1_20260928004843711.wfm,00:48:43.711000,0.652995,-0.0025599999353289604,4.866239999999999e-06,1.502079999999999e-06,-4.391904027119745e-09,-27.449360169499414
SaveOnEvent_ch1_20260928004843911.wfm,00:48:43.911000,0.6519949999999999,-0.006560000125318766,3.3695999999999923e-07,5.81280000000001e-07,-5.5851455851341575e-09,-34.90719990708749
SaveOnEvent_ch1_20260928004844111.wfm,00:48:44.111000,0.650995,-0.0015200000489130616,7.85568e-06,9.626399999999998e-06,-5.463583970388861e-09,-34.14783981491928
SaveOnEvent_ch1_20260928004844311.wfm,00:48:44.311000,0.6499950000000001,-0.0012000000569969416,-8.31999999999927e-09,9.625599999999998e-06,-1.0064319907478052e-09,-6.290719942189753
SaveOnEvent_ch1_20260928004844511.wfm,00:48:44.511000,0.6489949999999998,-0.001120000029914081,-4.639999999999332e-09,4.8479999999999915e-08,-3.1157759338617167e-10,-1.9472799586656038
SaveOnEvent_ch1_20260928004844711.wfm,00:48:44.711000,0.6479949999999999,-0.0013599999947473407,-9.11999999999933e-09,5.103999999999943e-08,-6.51750385537743e-10,-4.073519909608876
SaveOnEvent_ch1_20260928004844911.wfm,00:48:44.911000,0.646995,-0.0012000000569969416,2.0799999999998175e-09,9.619519999999998e-06,-2.460518413598178e-09,-15.378720084991073
SaveOnEvent_ch1_20260928004845110.wfm,00:48:45.110000,0.6459999999999999,-0.0020800000056624413,8.896959999999999e-06,9.610399999999999e-06,-3.6261696059466308e-09,-22.664320037176367
SaveOnEvent_ch1_20260928004845311.wfm,00:48:45.311000,0.644995,-0.001120000029914081,-3.839999999999272e-09,4.479999999999998e-08,5.138303855480643e-10,3.2115199096733704
SaveOnEvent_ch1_20260928004845511.wfm,00:48:45.511000,0.6439949999999999,-0.0015200000489130616,3.7563199999999996e-06,7.0779199999999985e-06,-5.5125696078664616e-09,-34.45368004916236
SaveOnEvent_ch1_20260928004845711.wfm,00:48:45.711000,0.642995,-0.00215999991632998,8.488959999999998e-06,9.614079999999999e-06,-4.389817609947639e-09,-27.43704006218468
SaveOnEvent_ch1_20260928004845910.wfm,00:48:45.910000,0.6419999999999999,-0.001120000029914081,-8.000000000000601e-09,4.255999999999913e-08,6.725375816598562e-10,4.203279885376105
SaveOnEvent_ch1_20260928004846111.wfm,00:48:46.111000,0.640995,-0.0013599999947473407,-4.959999999999695e-09,8.186559999999998e-06,-5.705651182839646e-09,-35.66055989274173
SaveOnEvent_ch1_20260928004846311.wfm,00:48:46.311000,0.6399950000000001,-0.0012000000569969416,-4.320000000000663e-09,4.560000000000004e-08,7.541311791469324e-10,4.713359869667329
SaveOnEvent_ch1_20260928004846511.wfm,00:48:46.511000,0.6389949999999998,-0.0013599999947473407,3.359999999999575e-09,9.619039999999998e-06,-3.6979008394735837e-09,-23.1123202466988
SaveOnEvent_ch1_20260928004846711.wfm,00:48:46.711000,0.6379949999999999,-0.0024800000246614218,7.4224e-06,8.923680000000001e-06,-4.26081924842903e-09,-26.630480302672368
SaveOnEvent_ch1_20260928004846911.wfm,00:48:46.911000,0.636995,-0.0015200000489130616,2.8494399999999996e-06,4.85664e-06,-6.364172779475342e-09,-39.776319871714804
SaveOnEvent_ch1_20260928004847111.wfm,00:48:47.111000,0.6359950000000001,-0.0012000000569969416,-4.320000000000663e-09,4.2879999999999495e-08,3.1864319035783346e-10,1.9915199397364631
SaveOnEvent_ch1_20260928004847311.wfm,00:48:47.311000,0.6349950000000002,-0.0013599999947473407,-1.4400000000007858e-09,4.9279999999999975e-08,1.311039951141007e-10,0.8194399694621097
SaveOnEvent_ch1_20260928004847511.wfm,00:48:47.511000,0.6339949999999999,-0.0014400000218302011,6.9740799999999985e-06,8.82576e-06,-4.688697578555438e-09,-29.30455986596644
SaveOnEvent_ch1_20260928004847711.wfm,00:48:47.711000,0.632995,-0.0019199999514967203,3.36e-06,4.7878399999999995e-06,-6.346809556705411e-09,-39.66759972940781
SaveOnEvent_ch1_20260928004847911.wfm,00:48:47.911000,0.6319950000000001,-0.0013599999947473407,-6.400000000000481e-09,4.6879999999999795e-08,-4.3797119031427385e-10,-2.7373599394632038
SaveOnEvent_ch1_20260928004848111.wfm,00:48:48.111000,0.630995,-0.0013599999947473407,-4.479999999999998e-09,5.1680000000000156e-08,-4.668607898219481e-10,-2.917839936388191
SaveOnEvent_ch1_20260928004848311.wfm,00:48:48.311000,0.6299950000000001,-0.0012799999676644802,-4.800000000000361e-09,3.9360000000000585e-08,6.450751822697936e-10,4.031839889183175
SaveOnEvent_ch1_20260928004848511.wfm,00:48:48.511000,0.628995,-0.001120000029914081,-2.0799999999998175e-09,9.625599999999998e-06,-1.3210175911802776e-09,-8.256799944880186
SaveOnEvent_ch1_20260928004848711.wfm,00:48:48.711000,0.6279949999999999,-0.0017600000137463212,9.50336e-06,9.616159999999998e-06,-2.1592639762908193e-09,-13.49623985181097
SaveOnEvent_ch1_20260928004848911.wfm,00:48:48.911000,0.626995,-0.0012799999676644802,-9.280000000000358e-09,4.6240000000000763e-08,-1.021727975516113e-09,-6.385839846974704
SaveOnEvent_ch1_20260928004849111.wfm,00:48:49.111000,0.6259950000000001,-0.0012799999676644802,-4.800000000000361e-09,8.301599999999999e-06,-3.1731263807765172e-09,-19.832239879848203
SaveOnEvent_ch1_20260928004849311.wfm,00:48:49.311000,0.6249950000000002,-0.0025599999353289604,7.993920000000001e-06,1.8489599999999993e-06,-3.9856256425171164e-09,-24.91056026573642
SaveOnEvent_ch1_20260928004849511.wfm,00:48:49.511000,0.6239949999999999,-0.0012799999676644802,-3.359999999999575e-09,9.621439999999998e-06,-4.0377791922539485e-09,-25.236479951592628
SaveOnEvent_ch1_20260928004849711.wfm,00:48:49.711000,0.622995,-0.0012799999676644802,-2.5599999999995147e-09,4.495999999999931e-08,-1.2184319851454234e-10,-0.7615199907158967
SaveOnEvent_ch1_20260928004849911.wfm,00:48:49.911000,0.6219950000000001,-0.001120000029914081,-3.2000000000002404e-09,4.224000000000046e-08,1.9528959408868192e-10,1.2205599630542565
SaveOnEvent_ch1_20260928004850111.wfm,00:48:50.111000,0.620995,-0.0014400000218302011,2.5156800000000006e-06,4.4270399999999995e-06,-4.816179181141777e-09,-30.101119882136118
SaveOnEvent_ch1_20260928004850311.wfm,00:48:50.311000,0.6199950000000001,-0.0012799999676644802,-5.600000000000421e-09,9.626559999999997e-06,-3.4069887940259635e-09,-21.294079962652177
SaveOnEvent_ch1_20260928004850511.wfm,00:48:50.511000,0.618995,-0.0014400000218302011,6.400000000007257e-10,5.1680000000000156e-08,-1.0358911758754418e-09,-6.4743198492215015
SaveOnEvent_ch1_20260928004850711.wfm,00:48:50.711000,0.6179949999999999,-0.0013599999947473407,4.118079999999999e-06,7.2444799999999984e-06,-4.97823360535549e-09,-31.11408003346878
SaveOnEvent_ch1_20260928004850911.wfm,00:48:50.911000,0.616995,-0.0012000000569969416,-1.4400000000007858e-09,9.624479999999998e-06,2.9350394092036447e-11,0.1828799630748108
SaveOnEvent_ch1_20260928004851111.wfm,00:48:51.111000,0.6159950000000001,-0.0013599999947473407,-1.2799999999997574e-09,4.911999999999895e-08,-5.822847869340332e-10,-3.6392799183377065
SaveOnEvent_ch1_20260928004851311.wfm,00:48:51.311000,0.6149950000000002,-0.002400000113993883,3.82944e-06,1.8828799999999988e-06,-6.051935997169929e-09,-37.824639982311055
SaveOnEvent_ch1_20260928004851511.wfm,00:48:51.511000,0.6139949999999998,-0.0013599999947473407,-3.359999999999575e-09,4.9279999999999975e-08,2.2344319279538533e-10,1.3965599549701437
SaveOnEvent_ch1_20260928004851711.wfm,00:48:51.711000,0.612995,-0.00215999991632998,6.634559999999998e-06,8.264320000000001e-06,-5.2171456080605266e-09,-32.607360050373245
SaveOnEvent_ch1_20260928004851910.wfm,00:48:51.910000,0.6119999999999999,-0.0038399999029934406,8.0296e-06,1.3884800000000006e-06,-5.436505615971977e-09,-33.978560099814786
SaveOnEvent_ch1_20260928004852110.wfm,00:48:52.110000,0.611,-0.0012799999676644802,9.46688e-06,9.619519999999998e-06,5.264383515226705e-10,3.2896796969871502
SaveOnEvent_ch1_20260928004852311.wfm,00:48:52.311000,0.6099950000000001,-0.002319999970495701,6.822879999999999e-06,7.65856e-06,-4.8429439853411166e-09,-30.268559908377938
SaveOnEvent_ch1_20260928004852511.wfm,00:48:52.511000,0.608995,-0.0012799999676644802,-4.639999999999332e-09,9.622079999999997e-06,-2.536499164672567e-09,-15.853519779193448
SaveOnEvent_ch1_20260928004852711.wfm,00:48:52.711000,0.6079949999999998,-0.0012799999676644802,9.324959999999999e-06,9.622399999999998e-06,-2.1476159833511307e-09,-13.423279895971064
SaveOnEvent_ch1_20260928004852911.wfm,00:48:52.911000,0.606995,-0.0019199999514967203,4.45024e-06,5.788799999999998e-06,-5.211788796670735e-09,-32.57375997919007
SaveOnEvent_ch1_20260928004853111.wfm,00:48:53.111000,0.6059950000000001,-0.0012000000569969416,-6.239999999999452e-09,4.64000000000001e-08,1.1699903685669433e-09,7.312479803542374
SaveOnEvent_ch1_20260928004853311.wfm,00:48:53.311000,0.6049950000000002,-0.0012799999676644802,-6.559999999999815e-09,4.911999999999895e-08,-3.239551943633714e-10,-2.024799964769045
SaveOnEvent_ch1_20260928004853512.wfm,00:48:53.512000,0.60399,-0.0010400000028312206,-1.1039999999999813e-08,9.61584e-06,-3.1183999806037192e-09,-19.49023987876717
SaveOnEvent_ch1_20260928004853711.wfm,00:48:53.711000,0.602995,-0.0015999999595806003,4.07056e-06,6.693760000000001e-06,-5.6772672159899945e-09,-35.48304009993444
SaveOnEvent_ch1_20260928004853911.wfm,00:48:53.911000,0.6019950000000001,-0.0012799999676644802,-2.0799999999998175e-09,9.61856e-06,-3.198720257077348e-10,-1.999440160667291
SaveOnEvent_ch1_20260928004854111.wfm,00:48:54.111000,0.600995,-0.003280000062659383,5.418559999999998e-06,1.4166399999999987e-06,-5.5568000049237145e-09,-34.730000030773226
SaveOnEvent_ch1_20260928004854311.wfm,00:48:54.311000,0.5999950000000001,-0.0013599999947473407,-2.720000000000543e-09,4.655999999999943e-08,-8.974271787866039e-10,-5.60903986741323
SaveOnEvent_ch1_20260928004854511.wfm,00:48:54.511000,0.5989949999999999,-0.001120000029914081,-1.0080000000000418e-08,4.672000000000046e-08,8.143999634078006e-11,0.5087199771369342
SaveOnEvent_ch1_20260928004854711.wfm,00:48:54.711000,0.5979949999999998,-0.0020000000949949026,7.3124799999999985e-06,8.838079999999998e-06,-4.7461439956189135e-09,-29.663759972609114
SaveOnEvent_ch1_20260928004854911.wfm,00:48:54.911000,0.5969949999999999,-0.0012000000569969416,-8.480000000000298e-09,5.135999999999979e-08,-1.2714879882288957e-10,-0.7947199926420581
SaveOnEvent_ch1_20260928004855111.wfm,00:48:55.111000,0.595995,-0.001120000029914081,-4.959999999999695e-09,4.735999999999949e-08,-9.271743781049727e-10,-5.794879863155074
SaveOnEvent_ch1_20260928004855311.wfm,00:48:55.311000,0.5949950000000002,-0.0018400000408291817,8.91568e-06,9.614879999999999e-06,-3.0077311951690323e-09,-18.798959969804855
SaveOnEvent_ch1_20260928004855511.wfm,00:48:55.511000,0.5939949999999998,-0.0013599999947473407,-3.5200000000006033e-09,5.2480000000000216e-08,-5.090303888777251e-10,-3.1814399304857943
SaveOnEvent_ch1_20260928004855711.wfm,00:48:55.711000,0.5929949999999999,-0.0018400000408291817,8.4296e-06,9.619519999999998e-06,-3.873977610948494e-09,-24.21304006842547
SaveOnEvent_ch1_20260928004855911.wfm,00:48:55.911000,0.591995,-0.0012000000569969416,-3.039999999999212e-09,5.103999999999943e-08,-1.7881599752232484e-10,-1.117599984514527
SaveOnEvent_ch1_20260928004856111.wfm,00:48:56.111000,0.5909949999999999,-0.0013599999947473407,-7.359999999999875e-09,9.624799999999998e-06,-3.122438445391597e-09,-19.515760283713462
SaveOnEvent_ch1_20260928004856311.wfm,00:48:56.311000,0.589995,-0.0012799999676644802,-1.4400000000007858e-09,4.512000000000034e-08,-1.2057855713600294e-09,-7.536159821000183
SaveOnEvent_ch1_20260928004856511.wfm,00:48:56.511000,0.5889949999999999,-0.0020000000949949026,5.513599999999999e-06,7.7456e-06,-6.169043219739103e-09,-38.55664012336638
SaveOnEvent_ch1_20260928004856711.wfm,00:48:56.711000,0.5879949999999998,-0.0013599999947473407,-4.639999999999332e-09,9.629759999999998e-06,-1.0706815865216746e-09,-6.6923199157754425
SaveOnEvent_ch1_20260928004856911.wfm,00:48:56.911000,0.5869949999999999,-0.0009599999757483602,-7.359999999999875e-09,9.627039999999997e-06,5.218175843893571e-10,3.26111990242498
SaveOnEvent_ch1_20260928004857111.wfm,00:48:57.111000,0.585995,-0.0013599999947473407,-3.039999999999212e-09,5.04000000000004e-08,-8.557759800483466e-10,-5.34863987530116
SaveOnEvent_ch1_20260928004857311.wfm,00:48:57.311000,0.5849950000000002,-0.0012799999676644802,6.400000000007257e-10,9.616959999999998e-06,-3.0399999909428866e-09,-19.000399943382945
SaveOnEvent_ch1_20260928004857511.wfm,00:48:57.511000,0.5839949999999998,-0.0019199999514967203,4.995999999999999e-06,6.95056e-06,-4.803161613475533e-09,-30.01984008422005
SaveOnEvent_ch1_20260928004857710.wfm,00:48:57.710000,0.5830000000000002,-0.0030400000978261232,6.192479999999999e-06,1.5748799999999994e-06,-5.356639999572652e-09,-33.47903999732807
SaveOnEvent_ch1_20260928004857911.wfm,00:48:57.911000,0.581995,-0.0012799999676644802,-4.639999999999332e-09,9.625919999999998e-06,-3.1374207885796197e-09,-19.609279928612523
SaveOnEvent_ch1_20260928004858111.wfm,00:48:58.111000,0.5809949999999999,-0.0014400000218302011,-2.720000000000543e-09,9.624159999999997e-06,-2.5507647805847205e-09,-15.942959878651891
SaveOnEvent_ch1_20260928004858311.wfm,00:48:58.311000,0.579995,-0.0012000000569969416,-1.120000000000423e-09,4.863999999999925e-08,-7.291327836480916e-10,-4.5572798977955244
SaveOnEvent_ch1_20260928004858511.wfm,00:48:58.511000,0.5789949999999999,-0.0012799999676644802,-4.0000000000003005e-09,4.863999999999925e-08,-3.501567926770083e-10,-2.1884799542312976
SaveOnEvent_ch1_20260928004858711.wfm,00:48:58.711000,0.5779949999999998,-0.0012799999676644802,-2.239999999999152e-09,9.625759999999997e-06,-4.5889279897324725e-10,-2.8684799935726915
SaveOnEvent_ch1_20260928004858911.wfm,00:48:58.911000,0.5769949999999999,-0.0012000000569969416,-4.799999999996972e-10,9.620319999999998e-06,-1.6895359728788017e-09,-10.560159830492921
SaveOnEvent_ch1_20260928004859111.wfm,00:48:59.111000,0.575995,-0.001120000029914081,-8.000000000000601e-09,5.44000000000007e-08,-1.2035263712587776e-09,-7.5221598203643225
SaveOnEvent_ch1_20260928004859311.wfm,00:48:59.311000,0.5749950000000001,-0.0014400000218302011,7.35072e-06,9.33616e-06,-4.0734015868371346e-09,-25.459119917737553
SaveOnEvent_ch1_20260928004859511.wfm,00:48:59.511000,0.5739949999999998,-0.0014400000218302011,8.684479999999998e-06,9.622399999999998e-06,-2.0775295948795963e-09,-12.985199967981316
SaveOnEvent_ch1_20260928004859711.wfm,00:48:59.711000,0.5729949999999999,-0.0017600000137463212,8.464e-06,9.612959999999998e-06,-4.165715173825154e-09,-26.03631983642117
SaveOnEvent_ch1_20260928004859911.wfm,00:48:59.911000,0.571995,-0.0016799999866634607,9.575839999999998e-06,9.622239999999999e-06,-7.699328002450005e-10,-4.8128800015256274
SaveOnEvent_ch1_20260928004900111.wfm,00:49:00.111000,0.5709950000000001,-0.0012000000569969416,-4.479999999999998e-09,4.543999999999901e-08,4.2905597179196396e-11,0.26815998236997984
SaveOnEvent_ch1_20260928004900311.wfm,00:49:00.311000,0.569995,-0.0020000000949949026,8.73808e-06,9.615039999999998e-06,-2.8921792045724546e-09,-18.076960028585745
SaveOnEvent_ch1_20260928004900511.wfm,00:49:00.511000,0.5689949999999999,-0.0010400000028312206,-9.11999999999933e-09,6.511999999999845e-08,-1.288134368543982e-09,-8.050959803396836
SaveOnEvent_ch1_20260928004900711.wfm,00:49:00.711000,0.567995,-0.006000000052154064,3.168000000000001e-07,6.201600000000002e-07,-5.620748782018199e-09,-35.12967988761375
SaveOnEvent_ch1_20260928004900911.wfm,00:49:00.911000,0.5669949999999999,-0.0030400000978261232,9.176160000000001e-06,9.812799999999988e-07,-4.597459156515538e-09,-28.735519728215877
SaveOnEvent_ch1_20260928004901111.wfm,00:49:01.111000,0.565995,-0.0017600000137463212,9.584e-06,9.615359999999998e-06,-1.5974463936616655e-09,-9.98495996039128
SaveOnEvent_ch1_20260928004901311.wfm,00:49:01.311000,0.5649950000000001,-0.0020000000949949026,9.33472e-06,9.616479999999997e-06,-3.040806373606898e-09,-19.00591983506456
SaveOnEvent_ch1_20260928004901511.wfm,00:49:01.511000,0.5639949999999998,-0.0012799999676644802,9.428e-06,9.621439999999998e-06,-1.0923520059999987e-09,-6.827840037527494
SaveOnEvent_ch1_20260928004901711.wfm,00:49:01.711000,0.5629949999999999,-0.0015999999595806003,3.872960000000001e-06,5.782559999999998e-06,-6.024460788476281e-09,-37.652959927974734
SaveOnEvent_ch1_20260928004901911.wfm,00:49:01.911000,0.561995,-0.0016799999866634607,8.104159999999998e-06,9.616319999999998e-06,-3.105081609429323e-09,-19.40744005891611
SaveOnEvent_ch1_20260928004902111.wfm,00:49:02.111000,0.5609950000000001,-0.0018400000408291817,6.636640000000001e-06,8.4128e-06,-3.973452805168927e-09,-24.83416003230377
SaveOnEvent_ch1_20260928004902311.wfm,00:49:02.311000,0.559995,-0.0010400000028312206,-7.0399999999995125e-09,5.567999999999876e-08,-1.048639983800242e-10,-0.6554399898741394
SaveOnEvent_ch1_20260928004902511.wfm,00:49:02.511000,0.5589949999999999,-0.0020000000949949026,5.89056e-06,7.507360000000001e-06,-6.211513576598372e-09,-38.82199985373882
SaveOnEvent_ch1_20260928004902711.wfm,00:49:02.711000,0.557995,-0.001120000029914081,-7.0399999999995125e-09,4.5440000000000703e-08,1.4934399472782342e-10,0.9333599670499098
SaveOnEvent_ch1_20260928004902911.wfm,00:49:02.911000,0.5569949999999999,-0.0017600000137463212,6.295679999999998e-06,7.719999999999999e-06,-4.47208958502859e-09,-27.95063990642666
SaveOnEvent_ch1_20260928004903111.wfm,00:49:03.111000,0.555995,-0.0014400000218302011,5.37568e-06,7.385599999999999e-06,-4.863455990159419e-09,-30.396719938493334
SaveOnEvent_ch1_20260928004903311.wfm,00:49:03.311000,0.5549950000000001,-0.0012799999676644802,-1.2799999999997574e-09,4.3360000000000886e-08,1.2227199672348793e-09,7.642079795215977
SaveOnEvent_ch1_20260928004903511.wfm,00:49:03.511000,0.5539949999999998,-0.0012000000569969416,-7.0399999999995125e-09,9.623999999999998e-06,-3.673798396489582e-09,-22.96159997806535
SaveOnEvent_ch1_20260928004903711.wfm,00:49:03.711000,0.5529949999999999,-0.0012000000569969416,-2.5599999999995147e-09,9.622559999999997e-06,-1.3631423860252818e-09,-8.520159912644885
SaveOnEvent_ch1_20260928004903911.wfm,00:49:03.911000,0.551995,-0.0012799999676644802,-5.439999999999392e-09,9.606719999999999e-06,-2.3072255671862476e-09,-14.420479794905987
SaveOnEvent_ch1_20260928004904111.wfm,00:49:04.111000,0.5509950000000001,-0.001120000029914081,0.0,4.752000000000052e-08,2.241151933232317e-10,1.4006399582722224
SaveOnEvent_ch1_20260928004904311.wfm,00:49:04.311000,0.549995,-0.002319999970495701,3.6695999999999996e-06,5.042079999999999e-06,-6.390873566414228e-09,-39.943039790086914
SaveOnEvent_ch1_20260928004904511.wfm,00:49:04.511000,0.5489949999999999,-0.0012000000569969416,-4.959999999999695e-09,4.751999999999883e-08,8.544063765206394e-10,5.340079853252973
SaveOnEvent_ch1_20260928004904711.wfm,00:49:04.711000,0.547995,-0.0012000000569969416,-9.600000000000721e-09,6.836159999999998e-06,-3.5089663704950352e-09,-21.931199815589935
SaveOnEvent_ch1_20260928004904911.wfm,00:49:04.911000,0.5469949999999999,-0.0013599999947473407,-7.359999999999875e-09,9.629119999999997e-06,-2.7494399593118587e-09,-17.184399745689007
SaveOnEvent_ch1_20260928004905111.wfm,00:49:05.111000,0.545995,-0.0015200000489130616,9.161920000000001e-06,9.616319999999998e-06,-1.5952768387529037e-09,-9.97120024220203
SaveOnEvent_ch1_20260928004905311.wfm,00:49:05.311000,0.5449950000000001,-0.0012799999676644802,-4.159999999999635e-09,5.343999999999961e-08,-2.2670079620555079e-10,-1.4170399762806483
SaveOnEvent_ch1_20260928004905511.wfm,00:49:05.511000,0.5439949999999998,-0.0015999999595806003,4.63664e-06,6.3743999999999995e-06,-4.679456004721577e-09,-29.246640029508853
SaveOnEvent_ch1_20260928004905711.wfm,00:49:05.711000,0.5429949999999999,-0.006560000125318766,3.268800000000005e-07,6.206399999999999e-07,-6.099699167907236e-09,-38.12311979942024
SaveOnEvent_ch1_20260928004905911.wfm,00:49:05.911000,0.541995,-0.0038399999029934406,6.758400000000006e-07,1.266719999999999e-06,-7.0695423861779264e-09,-44.184639913612045
SaveOnEvent_ch1_20260928004906111.wfm,00:49:06.111000,0.5409950000000001,-0.002319999970495701,6.145920000000001e-06,7.5654400000000015e-06,-5.241305594886649e-09,-32.75823996803956
SaveOnEvent_ch1_20260928004906311.wfm,00:49:06.311000,0.539995,-0.0012799999676644802,-8.639999999999633e-09,9.624159999999997e-06,-1.1978111872170107e-09,-7.486879920121282
SaveOnEvent_ch1_20260928004906511.wfm,00:49:06.511000,0.5389949999999999,-0.0012000000569969416,-3.2000000000002404e-09,5.727999999999888e-08,7.832319570705497e-11,0.4895199731690809
SaveOnEvent_ch1_20260928004906711.wfm,00:49:06.711000,0.537995,-0.0015200000489130616,-5.600000000000421e-09,9.622399999999998e-06,-2.2157247606827875e-09,-13.849039754277328
SaveOnEvent_ch1_20260928004906911.wfm,00:49:06.911000,0.5369949999999999,-0.0012799999676644802,3.2000000000002404e-09,4.831999999999889e-08,-6.943103848025209e-10,-4.339439905015752
SaveOnEvent_ch1_20260928004907111.wfm,00:49:07.111000,0.535995,-0.0015200000489130616,9.41376e-06,9.620479999999997e-06,-2.784691181324886e-09,-17.405039883276913
SaveOnEvent_ch1_20260928004907311.wfm,00:49:07.311000,0.5349950000000001,-0.0012799999676644802,1.7599999999994546e-09,4.752000000000052e-08,-3.0264959467342045e-10,-1.8917599667038303
SaveOnEvent_ch1_20260928004907511.wfm,00:49:07.511000,0.5339949999999998,-0.002319999970495701,8.540159999999999e-06,9.608639999999998e-06,-2.6006016155192624e-09,-16.254480097006308
SaveOnEvent_ch1_20260928004907711.wfm,00:49:07.711000,0.5329949999999999,-0.0027199999894946814,8.90928e-06,1.2703999999999972e-06,-4.993631976782341e-09,-31.21127985493513
SaveOnEvent_ch1_20260928004907911.wfm,00:49:07.911000,0.531995,-0.0012000000569969416,-5.439999999999392e-09,6.767999999999966e-08,4.543999639339838e-11,0.28391997746075504
SaveOnEvent_ch1_20260928004908111.wfm,00:49:08.111000,0.5309950000000001,-0.0020800000056624413,8.979679999999998e-06,9.609119999999997e-06,-2.8866240057139653e-09,-18.042160035693087
SaveOnEvent_ch1_20260928004908311.wfm,00:49:08.311000,0.529995,-0.0013599999947473407,-5.439999999999392e-09,9.607359999999998e-06,-3.2489343745820195e-09,-20.306159841129556
SaveOnEvent_ch1_20260928004908511.wfm,00:49:08.511000,0.5289949999999999,-0.002400000113993883,7.083839999999999e-06,2.029120000000002e-06,-5.611750401919703e-09,-35.07368001199211
SaveOnEvent_ch1_20260928004908711.wfm,00:49:08.711000,0.527995,-0.0012799999676644802,-4.0000000000003005e-09,4.8479999999999915e-08,-1.2026367717469111e-09,-7.516399823420215
SaveOnEvent_ch1_20260928004908911.wfm,00:49:08.911000,0.5269949999999999,-0.0013599999947473407,-5.439999999999392e-09,9.623679999999998e-06,-3.5087039841338976e-09,-21.92999990086537
SaveOnEvent_ch1_20260928004909111.wfm,00:49:09.111000,0.525995,-0.002959999954327941,9.175679999999998e-06,9.537599999999981e-07,-2.264620800223195e-09,-14.155120001436444
SaveOnEvent_ch1_20260928004909311.wfm,00:49:09.311000,0.5249950000000001,-0.0012799999676644802,-3.359999999999575e-09,5.0080000000000036e-08,-5.608127877372343e-10,-3.5051999233546667
SaveOnEvent_ch1_20260928004909511.wfm,00:49:09.511000,0.5239949999999998,-0.0012799999676644802,-2.239999999999152e-09,4.64000000000001e-08,-1.1305855737021182e-09,-7.066159835638246
SaveOnEvent_ch1_20260928004909711.wfm,00:49:09.711000,0.5229949999999999,-0.0020000000949949026,4.6833600000000005e-06,6.25664e-06,-5.287801578484942e-09,-33.04887986552785
SaveOnEvent_ch1_20260928004909911.wfm,00:49:09.911000,0.521995,-0.0013599999947473407,-1.599999999993344e-10,5.0399999999998704e-08,-4.823103895387587e-10,-3.014479934616247
SaveOnEvent_ch1_20260928004910111.wfm,00:49:10.111000,0.5209950000000001,-0.0015999999595806003,9.01632e-06,9.619199999999998e-06,-4.8091967690223815e-09,-30.058159806387266
SaveOnEvent_ch1_20260928004910311.wfm,00:49:10.311000,0.519995,-0.001120000029914081,-3.6799999999999377e-09,4.464000000000064e-08,-4.6122878983849837e-10,-2.8827199364895932
SaveOnEvent_ch1_20260928004910511.wfm,00:49:10.511000,0.5189949999999999,-0.002400000113993883,6.61168e-06,1.8679999999999997e-06,-4.495180831588802e-09,-28.095040197425988
SaveOnEvent_ch1_20260928004910711.wfm,00:49:10.711000,0.517995,-0.0012799999676644802,-2.4000000000001803e-09,4.543999999999901e-08,-2.0842687494237913e-09,-13.026719683897682
SaveOnEvent_ch1_20260928004910911.wfm,00:49:10.911000,0.5169949999999999,-0.0027199999894946814,9.542719999999999e-06,4.849599999999968e-07,-2.0303551931469647e-09,-12.691039957164321
SaveOnEvent_ch1_20260928004911111.wfm,00:49:11.111000,0.515995,-0.002400000113993883,4.098560000000001e-06,5.176800000000001e-06,-6.356755189916586e-09,-39.72983993697562
SaveOnEvent_ch1_20260928004911311.wfm,00:49:11.311000,0.5149950000000001,-0.0016799999866634607,8.862719999999999e-06,9.622719999999998e-06,-3.29064960642252e-09,-20.56720004012459
SaveOnEvent_ch1_20260928004911511.wfm,00:49:11.511000,0.5139949999999998,-0.0012799999676644802,-7.0399999999995125e-09,4.3360000000000886e-08,-4.121279912465258e-10,-2.575759945291793
SaveOnEvent_ch1_20260928004911712.wfm,00:49:11.712000,0.5129900000000001,-0.0013599999947473407,-6.400000000000481e-09,5.04000000000004e-08,-4.934399892250083e-10,-3.0839999326562975
SaveOnEvent_ch1_20260928004911911.wfm,00:49:11.911000,0.511995,-0.0012799999676644802,-5.600000000000421e-09,9.623039999999999e-06,-1.8936447632056634e-09,-11.835599770041881
SaveOnEvent_ch1_20260928004912111.wfm,00:49:12.111000,0.5109950000000001,-0.0013599999947473407,-9.599999999993945e-10,5.216000000000155e-08,-6.664831848861644e-10,-4.165519905538531
SaveOnEvent_ch1_20260928004912311.wfm,00:49:12.311000,0.5099950000000002,-0.0014400000218302011,-2.8799999999998776e-09,4.7840000000000884e-08,-3.4433919333620106e-10,-2.1521599583502393
SaveOnEvent_ch1_20260928004912511.wfm,00:49:12.511000,0.5089949999999999,-0.0017600000137463212,5.214559999999998e-06,7.591840000000002e-06,-5.773280010309534e-09,-36.08320006442955
SaveOnEvent_ch1_20260928004912711.wfm,00:49:12.711000,0.507995,-0.0012000000569969416,-5.1200000000007235e-09,4.464000000000064e-08,-1.3329919856972857e-10,-0.8331999910587911
SaveOnEvent_ch1_20260928004912911.wfm,00:49:12.911000,0.5069950000000001,-0.0012799999676644802,-7.200000000000541e-09,9.623679999999998e-06,-2.826867207884785e-09,-17.668400049267802
SaveOnEvent_ch1_20260928004913111.wfm,00:49:13.111000,0.505995,-0.0040799998678267,7.340800000000006e-07,1.345279999999999e-06,-7.6853055883036e-09,-48.033199926896486
SaveOnEvent_ch1_20260928004913311.wfm,00:49:13.311000,0.5049950000000001,-0.0012000000569969416,-7.680000000000238e-09,4.895999999999961e-08,7.759103782149042e-10,4.849439863843145
SaveOnEvent_ch1_20260928004913511.wfm,00:49:13.511000,0.5039949999999997,-0.0012799999676644802,7.69904e-06,9.619359999999999e-06,-3.056416024935896e-09,-19.102880155842286
SaveOnEvent_ch1_20260928004913711.wfm,00:49:13.711000,0.5029949999999999,-0.0015999999595806003,7.188480000000001e-06,9.537439999999999e-06,-4.24037761082407e-09,-26.5027200676559
SaveOnEvent_ch1_20260928004913911.wfm,00:49:13.911000,0.501995,-0.0024800000246614218,9.49184e-06,9.607519999999997e-06,-3.5718143639457382e-09,-22.3251197746431
SaveOnEvent_ch1_20260928004914111.wfm,00:49:14.111000,0.5009950000000001,-0.0013599999947473407,1.599999999993344e-10,7.6190400000000005e-06,-4.5040063678869094e-09,-28.150079799292143
SaveOnEvent_ch1_20260928004914312.wfm,00:49:14.312000,0.49998999999999993,-0.0015200000489130616,8.22192e-06,9.622079999999997e-06,-4.2436479914118495e-09,-26.523439946351573
SaveOnEvent_ch1_20260928004914511.wfm,00:49:14.511000,0.49899499999999986,-0.00215999991632998,3.1147200000000006e-06,4.6921599999999995e-06,-5.9453439885424435e-09,-37.15855992838624
SaveOnEvent_ch1_20260928004914711.wfm,00:49:14.711000,0.49799499999999997,-0.0015200000489130616,7.72432e-06,9.1224e-06,-4.210022415542042e-09,-26.31288009713171
SaveOnEvent_ch1_20260928004914911.wfm,00:49:14.911000,0.4969950000000001,-0.0013599999947473407,-6.400000000007257e-10,9.628159999999998e-06,-4.296166420374064e-09,-26.851440127327805
SaveOnEvent_ch1_20260928004915111.wfm,00:49:15.111000,0.49599499999999996,-0.0013599999947473407,-7.680000000000238e-09,9.624479999999998e-06,-2.4636607669689667e-09,-15.398319793544943
SaveOnEvent_ch1_20260928004915311.wfm,00:49:15.311000,0.4949950000000001,-0.0017600000137463212,8.61152e-06,9.611359999999998e-06,-4.314137607242447e-09,-26.964000045292778
SaveOnEvent_ch1_20260928004915511.wfm,00:49:15.511000,0.49399499999999996,-0.0012799999676644802,-8.800000000000661e-09,9.624159999999997e-06,-6.347391869127729e-10,-3.967599918192718
SaveOnEvent_ch1_20260928004915711.wfm,00:49:15.711000,0.49299499999999985,-0.0012799999676644802,-4.159999999999635e-09,4.5760000000001066e-08,-9.445567784295424e-10,-5.903519865183625
SaveOnEvent_ch1_20260928004915911.wfm,00:49:15.911000,0.49199499999999996,-0.0019199999514967203,6.928159999999998e-06,9.082559999999997e-06,-4.591187218872364e-09,-28.695280117943184
SaveOnEvent_ch1_20260928004916111.wfm,00:49:16.111000,0.49099500000000007,-0.0012799999676644802,-6.080000000000118e-09,9.628319999999999e-06,-4.340230391689107e-09,-27.126959948043805
SaveOnEvent_ch1_20260928004916311.wfm,00:49:16.311000,0.4899950000000002,-0.0013599999947473407,6.400000000007257e-10,5.583999999999979e-08,-2.0308479718398105e-10,-1.269279982399894
SaveOnEvent_ch1_20260928004916511.wfm,00:49:16.511000,0.48899499999999985,-0.0012000000569969416,-2.0799999999998175e-09,6.416000000000075e-08,-1.0055743769579562e-09,-6.284879855986219
SaveOnEvent_ch1_20260928004916711.wfm,00:49:16.711000,0.48799499999999996,-0.0015200000489130616,9.596959999999999e-06,9.620639999999998e-06,-2.506880125612954e-10,-1.567600078531541
SaveOnEvent_ch1_20260928004916911.wfm,00:49:16.911000,0.48699500000000007,-0.0024800000246614218,8.414719999999999e-06,9.604639999999997e-06,-3.618412811015735e-09,-22.615760068845702
SaveOnEvent_ch1_20260928004917111.wfm,00:49:17.111000,0.48599499999999995,-0.0016799999866634607,7.193279999999998e-06,8.853759999999997e-06,-2.7540544171887442e-09,-17.212960107426625
SaveOnEvent_ch1_20260928004917311.wfm,00:49:17.311000,0.48499500000000006,-0.0014400000218302011,7.901759999999998e-06,9.618079999999997e-06,-3.6034111970243985e-09,-22.52175998140592
SaveOnEvent_ch1_20260928004917511.wfm,00:49:17.511000,0.48399499999999995,-0.0016799999866634607,8.69952e-06,9.619199999999998e-06,-3.6532480169576573e-09,-22.83336010601488
SaveOnEvent_ch1_20260928004917711.wfm,00:49:17.711000,0.48299499999999984,-0.0020800000056624413,7.49616e-06,8.71648e-06,-4.871807986064812e-09,-30.448959912901046
SaveOnEvent_ch1_20260928004917911.wfm,00:49:17.911000,0.48199499999999995,-0.001120000029914081,-6.080000000000118e-09,5.072000000000076e-08,3.1225599055178534e-10,1.951439940952696
SaveOnEvent_ch1_20260928004918111.wfm,00:49:18.111000,0.48099500000000006,-0.0014400000218302011,-6.239999999999452e-09,9.626559999999997e-06,-2.4492287661740534e-09,-15.308159788575722
SaveOnEvent_ch1_20260928004918311.wfm,00:49:18.311000,0.47999500000000017,-0.002959999954327941,9.16032e-06,1.24976e-06,-2.7298368213744806e-09,-17.062720133602852
SaveOnEvent_ch1_20260928004918511.wfm,00:49:18.511000,0.47899499999999984,-0.0012799999676644802,9.507839999999998e-06,9.618719999999998e-06,-8.945984241669062e-10,-5.591840151028009
SaveOnEvent_ch1_20260928004918711.wfm,00:49:18.711000,0.47799499999999995,-0.0013599999947473407,-4.0000000000003005e-09,9.625919999999998e-06,-4.7868095336807876e-09,-29.91799958550837
SaveOnEvent_ch1_20260928004918911.wfm,00:49:18.911000,0.47699500000000006,-0.0015999999595806003,9.57088e-06,9.618399999999998e-06,1.2858237887965586e-10,0.8028798680170439
SaveOnEvent_ch1_20260928004919111.wfm,00:49:19.111000,0.47599499999999995,-0.0013599999947473407,4.75632e-06,7.2350400000000004e-06,-4.8551999977300885e-09,-30.345119985810015
SaveOnEvent_ch1_20260928004919311.wfm,00:49:19.311000,0.47499500000000006,-0.0020000000949949026,6.95696e-06,8.183680000000001e-06,-3.843296024326697e-09,-24.020800152036827
SaveOnEvent_ch1_20260928004919511.wfm,00:49:19.511000,0.47399499999999994,-0.0013599999947473407,5.8283199999999995e-06,8.6088e-06,-4.5397056165547114e-09,-28.373280103463912
SaveOnEvent_ch1_20260928004919711.wfm,00:49:19.711000,0.47299499999999983,-0.0012000000569969416,-2.4000000000001803e-09,6.111999999999985e-08,-8.006143818283461e-10,-5.0039198864251375
SaveOnEvent_ch1_20260928004919911.wfm,00:49:19.911000,0.47199499999999994,-0.0012799999676644802,-9.599999999993945e-10,9.624639999999997e-06,-2.700435198671183e-09,-16.87815999169834
SaveOnEvent_ch1_20260928004920110.wfm,00:49:20.110000,0.47099999999999986,-0.002319999970495701,7.808479999999998e-06,9.30736e-06,-5.056614376595242e-09,-31.604319853708148
SaveOnEvent_ch1_20260928004920311.wfm,00:49:20.311000,0.46999500000000016,-0.0012000000569969416,-6.400000000000481e-09,4.800000000000022e-08,7.834239631192549e-11,0.48967997694853693
SaveOnEvent_ch1_20260928004920511.wfm,00:49:20.511000,0.46899499999999983,-0.0012799999676644802,-8.31999999999927e-09,9.36992e-06,-3.958790377734692e-09,-24.742719860834768
SaveOnEvent_ch1_20260928004920711.wfm,00:49:20.711000,0.46799499999999994,-0.0024800000246614218,2.9345599999999996e-06,4.6184e-06,-8.179916773433795e-09,-51.12463983395719
SaveOnEvent_ch1_20260928004920911.wfm,00:49:20.911000,0.46699500000000005,-0.0013599999947473407,-6.559999999999815e-09,5.456000000000003e-08,-1.2322815708117553e-09,-7.701839817571454
SaveOnEvent_ch1_20260928004921111.wfm,00:49:21.111000,0.46599499999999994,-0.0025599999353289604,5.869759999999998e-06,7.0976e-06,-5.978342409594912e-09,-37.3647200599662
SaveOnEvent_ch1_20260928004921311.wfm,00:49:21.311000,0.46499500000000005,-0.001120000029914081,-3.6799999999999377e-09,4.575999999999937e-08,8.120319664012816e-11,0.507439979002811
SaveOnEvent_ch1_20260928004921511.wfm,00:49:21.511000,0.46399499999999994,-0.0020000000949949026,9.02304e-06,9.618719999999998e-06,-3.914649590475017e-09,-24.467359940492315
SaveOnEvent_ch1_20260928004921711.wfm,00:49:21.711000,0.4629949999999998,-0.0013599999947473407,-4.639999999999332e-09,5.0080000000000036e-08,-5.721215873630731e-10,-3.5757599210191984
SaveOnEvent_ch1_20260928004921911.wfm,00:49:21.911000,0.46199499999999993,-0.0012000000569969416,-5.1200000000007235e-09,9.631359999999998e-06,-2.188543969744347e-09,-13.678959810902597
SaveOnEvent_ch1_20260928004922111.wfm,00:49:22.111000,0.46099500000000004,-0.0013599999947473407,-1.6000000000001202e-09,9.619999999999998e-06,-3.094272162485852e-10,-1.9345601015374996
SaveOnEvent_ch1_20260928004922311.wfm,00:49:22.311000,0.45999500000000015,-0.0012000000569969416,-5.600000000000421e-09,5.3599999999998945e-08,1.2089597333686663e-11,0.07543998333858326
SaveOnEvent_ch1_20260928004922511.wfm,00:49:22.511000,0.4589949999999998,-0.0016799999866634607,6.438400000000001e-06,9.076800000000001e-06,-5.144531211762223e-09,-32.1536800735048
SaveOnEvent_ch1_20260928004922711.wfm,00:49:22.711000,0.45799499999999993,-0.0012000000569969416,-8.000000000000601e-09,6.144000000000021e-08,-9.098239993676522e-11,-0.5685599996068049
SaveOnEvent_ch1_20260928004922911.wfm,00:49:22.911000,0.45699500000000004,-0.0013599999947473407,8.455199999999998e-06,9.625119999999998e-06,-2.6786688141687745e-09,-16.742160088557284
SaveOnEvent_ch1_20260928004923111.wfm,00:49:23.111000,0.45599499999999993,-0.0015200000489130616,-2.4000000000001803e-09,9.621119999999998e-06,-3.3510911474982268e-09,-20.944799671851797
SaveOnEvent_ch1_20260928004923311.wfm,00:49:23.311000,0.45499500000000004,-0.0015999999595806003,6.610240000000001e-06,8.10768e-06,-4.507801601733079e-09,-28.174000010825694
SaveOnEvent_ch1_20260928004923511.wfm,00:49:23.511000,0.4539949999999999,-0.0012799999676644802,-2.4000000000001803e-09,9.622399999999998e-06,-7.890560923609785e-11,-0.49360005772905424
SaveOnEvent_ch1_20260928004923711.wfm,00:49:23.711000,0.4529949999999998,-0.0013599999947473407,-6.880000000000178e-09,8.642879999999998e-06,-3.6591935656662114e-09,-22.87015978540876
SaveOnEvent_ch1_20260928004923911.wfm,00:49:23.911000,0.4519949999999999,-0.0020800000056624413,7.182399999999999e-06,8.627359999999999e-06,-3.6875840359320866e-09,-23.04760022458504
SaveOnEvent_ch1_20260928004924111.wfm,00:49:24.111000,0.45099500000000003,-0.0012799999676644802,-6.400000000000481e-09,5.263999999999955e-08,-7.928767816699109e-10,-4.955599885433912
SaveOnEvent_ch1_20260928004924311.wfm,00:49:24.311000,0.44999500000000014,-0.0020000000949949026,9.54592e-06,9.614719999999998e-06,-1.4457471900130591e-09,-9.036879937630147
SaveOnEvent_ch1_20260928004924511.wfm,00:49:24.511000,0.4489949999999998,-0.0019199999514967203,9.13856e-06,9.616479999999997e-06,-3.5216959836008014e-09,-22.01151989752543
SaveOnEvent_ch1_20260928004924711.wfm,00:49:24.711000,0.4479949999999999,-0.0016799999866634607,5.335359999999999e-06,7.61344e-06,-4.994489581079685e-09,-31.215679881745018
SaveOnEvent_ch1_20260928004924911.wfm,00:49:24.911000,0.44699500000000003,-0.003280000062659383,8.573759999999998e-06,1.5591999999999969e-06,-3.038355241268869e-09,-18.99056025792379
SaveOnEvent_ch1_20260928004925111.wfm,00:49:25.111000,0.4459949999999999,-0.002319999970495701,3.3220800000000002e-06,4.874560000000001e-06,-6.88473599118646e-09,-43.02975994491135
SaveOnEvent_ch1_20260928004925311.wfm,00:49:25.311000,0.44499500000000003,-0.0017600000137463212,6.699840000000001e-06,8.417599999999997e-06,-4.7504319811053534e-09,-29.690479881915962
SaveOnEvent_ch1_20260928004925511.wfm,00:49:25.511000,0.4439949999999999,-0.0013599999947473407,-6.080000000000118e-09,9.476799999999999e-06,-6.120633585033939e-09,-38.25423990646959
SaveOnEvent_ch1_20260928004925711.wfm,00:49:25.711000,0.4429949999999998,-0.0019199999514967203,5.6576e-06,7.1550399999999995e-06,-6.023404779045377e-09,-37.646399869030574
SaveOnEvent_ch1_20260928004925911.wfm,00:49:25.911000,0.4419949999999999,-0.0027199999894946814,9.342239999999998e-06,8.537599999999991e-07,-3.4587903799302842e-09,-21.618719874531962
SaveOnEvent_ch1_20260928004926111.wfm,00:49:26.111000,0.440995,-0.0017600000137463212,5.7387199999999995e-06,8.101279999999998e-06,-7.14903037701268e-09,-44.68167985632317
SaveOnEvent_ch1_20260928004926311.wfm,00:49:26.311000,0.43999500000000014,-0.0014400000218302011,-2.720000000000543e-09,4.368000000000125e-08,-4.741887898789739e-10,-2.9637599367415532
SaveOnEvent_ch1_20260928004926511.wfm,00:49:26.511000,0.4389949999999998,-0.0013599999947473407,-2.4000000000001803e-09,4.703999999999913e-08,-5.064831887092422e-10,-3.165599929430755
SaveOnEvent_ch1_20260928004926711.wfm,00:49:26.711000,0.4379949999999999,-0.0012000000569969416,-1.0400000000000781e-08,9.602400000000001e-06,-4.493068754069971e-09,-28.081999712943798
SaveOnEvent_ch1_20260928004926911.wfm,00:49:26.911000,0.436995,-0.0012799999676644802,-4.800000000000361e-09,9.513599999999998e-06,-4.6783871599915435e-09,-29.240239749953616
SaveOnEvent_ch1_20260928004927111.wfm,00:49:27.111000,0.43599500000000013,-0.0012799999676644802,-4.320000000000663e-09,3.79199999999998e-08,1.4860799490008592e-10,0.9287999681255314
SaveOnEvent_ch1_20260928004927311.wfm,00:49:27.311000,0.434995,-0.0016799999866634607,7.420479999999998e-06,9.623839999999999e-06,-5.88750718369847e-09,-36.79743989810231
SaveOnEvent_ch1_20260928004927511.wfm,00:49:27.511000,0.4339949999999999,-0.002319999970495701,5.05936e-06,6.716e-06,-7.959385541914965e-09,-49.74647963696043
SaveOnEvent_ch1_20260928004927711.wfm,00:49:27.711000,0.432995,-0.0016799999866634607,6.714879999999999e-06,8.80352e-06,-4.807583987906107e-09,-30.04767992440611
SaveOnEvent_ch1_20260928004927911.wfm,00:49:27.911000,0.4319949999999999,-0.0017600000137463212,8.639199999999999e-06,9.620159999999997e-06,-4.6272639894485474e-09,-28.920879934041295
SaveOnEvent_ch1_20260928004928111.wfm,00:49:28.111000,0.430995,-0.0031999999191612005,4.43184e-06,1.4427200000000003e-06,-6.783116772477514e-09,-42.39455982798245
SaveOnEvent_ch1_20260928004928311.wfm,00:49:28.311000,0.4299950000000001,-0.0015200000489130616,7.72496e-06,9.622719999999998e-06,-3.89205118693644e-09,-24.325679918343667
SaveOnEvent_ch1_20260928004928511.wfm,00:49:28.511000,0.4289949999999998,-0.0014400000218302011,7.019840000000001e-06,9.18896e-06,-3.809875201354736e-09,-23.81200000847457
SaveOnEvent_ch1_20260928004928711.wfm,00:49:28.711000,0.4279949999999999,-0.0012000000569969416,-2.0799999999998175e-09,4.7999999999998524e-08,-5.214080015895719e-11,-0.32592000099248253
SaveOnEvent_ch1_20260928004928911.wfm,00:49:28.911000,0.426995,-0.00215999991632998,7.61744e-06,8.734560000000002e-06,-3.960134437028318e-09,-24.75112023143447
SaveOnEvent_ch1_20260928004929111.wfm,00:49:29.111000,0.4259950000000001,-0.001120000029914081,2.240000000000846e-09,4.720000000000016e-08,1.2276479583699176e-10,0.7673599739791825
SaveOnEvent_ch1_20260928004929311.wfm,00:49:29.311000,0.424995,-0.0017600000137463212,4.437279999999999e-06,6.479839999999998e-06,-6.034399952760428e-09,-37.71511970474967
SaveOnEvent_ch1_20260928004929511.wfm,00:49:29.511000,0.4239949999999999,-0.0013599999947473407,-3.359999999999575e-09,7.440159999999999e-06,-6.149004809213801e-09,-38.43144005758222
SaveOnEvent_ch1_20260928004929711.wfm,00:49:29.711000,0.422995,-0.0018400000408291817,6.707999999999999e-06,8.121760000000001e-06,-3.949932810647881e-09,-24.68720006654621
SaveOnEvent_ch1_20260928004929912.wfm,00:49:29.912000,0.4219900000000001,-0.0012000000569969416,-4.639999999999332e-09,7.947359999999998e-06,-4.241273578961843e-09,-26.508159868506482
SaveOnEvent_ch1_20260928004930111.wfm,00:49:30.111000,0.420995,-0.0016799999866634607,4.385599999999999e-06,6.147039999999998e-06,-6.118540766201915e-09,-38.24095978875994
SaveOnEvent_ch1_20260928004930311.wfm,00:49:30.311000,0.4199950000000001,-0.0013599999947473407,-3.359999999999575e-09,7.1752e-06,-4.824575958889904e-09,-30.15375974305789
SaveOnEvent_ch1_20260928004930511.wfm,00:49:30.511000,0.4189949999999998,-0.0013599999947473407,-2.8799999999998776e-09,9.622399999999998e-06,-1.929196771157438e-09,-12.058079819747945
SaveOnEvent_ch1_20260928004930711.wfm,00:49:30.711000,0.4179949999999999,-0.00215999991632998,4.599359999999999e-06,6.108960000000001e-06,-4.640556819883641e-09,-29.003600124269724
SaveOnEvent_ch1_20260928004930911.wfm,00:49:30.911000,0.416995,-0.0020800000056624413,8.7848e-06,9.612639999999998e-06,-3.937535999191454e-09,-24.610399994940963
SaveOnEvent_ch1_20260928004931111.wfm,00:49:31.111000,0.4159950000000001,-0.002240000059828162,9.492639999999999e-06,9.607679999999998e-06,-3.234374359876379e-09,-20.215919749229215
SaveOnEvent_ch1_20260928004931311.wfm,00:49:31.311000,0.414995,-0.0013599999947473407,-6.559999999999815e-09,9.46e-06,-3.8258048184053034e-09,-23.91160011503962
SaveOnEvent_ch1_20260928004931511.wfm,00:49:31.511000,0.4139949999999999,-0.0018400000408291817,5.448480000000001e-06,7.079199999999998e-06,-6.6593343724659625e-09,-41.621039827907225
SaveOnEvent_ch1_20260928004931711.wfm,00:49:31.711000,0.412995,-0.0012799999676644802,-4.800000000000361e-09,4.175999999999907e-08,-7.382399971829787e-11,-0.46135999824036844
SaveOnEvent_ch1_20260928004931911.wfm,00:49:31.911000,0.4119949999999999,-0.007360000163316727,3.5184e-07,6.654399999999998e-07,-8.119980750114191e-09,-50.749919688212685
SaveOnEvent_ch1_20260928004932111.wfm,00:49:32.111000,0.410995,-0.0012799999676644802,-1.920000000000483e-09,5.552000000000112e-08,-8.902335798251433e-10,-5.564239873900078
SaveOnEvent_ch1_20260928004932311.wfm,00:49:32.311000,0.4099950000000001,-0.0020000000949949026,4.5204800000000005e-06,5.730079999999998e-06,-5.7183999790158105e-09,-35.73991986885085
SaveOnEvent_ch1_20260928004932511.wfm,00:49:32.511000,0.4089949999999998,-0.0015200000489130616,5.146079999999998e-06,8.53216e-06,-6.928780783880501e-09,-43.305119899247074
SaveOnEvent_ch1_20260928004932711.wfm,00:49:32.711000,0.4079949999999999,-0.0013599999947473407,-8.000000000000601e-10,9.627999999999998e-06,-4.78063352706609e-09,-29.87927954416955
SaveOnEvent_ch1_20260928004932911.wfm,00:49:32.911000,0.406995,-0.00215999991632998,5.93168e-06,7.2356799999999995e-06,-5.214316814255435e-09,-32.58952008909546
SaveOnEvent_ch1_20260928004933111.wfm,00:49:33.111000,0.4059950000000001,-0.0013599999947473407,2.2137599999999996e-06,4.961759999999999e-06,-5.667116791114674e-09,-35.41943994446774
SaveOnEvent_ch1_20260928004933311.wfm,00:49:33.311000,0.404995,-0.0012799999676644802,8.629279999999999e-06,9.623679999999998e-06,-2.6284031929122276e-09,-16.427919955691323
SaveOnEvent_ch1_20260928004933511.wfm,00:49:33.511000,0.4039949999999999,-0.0020800000056624413,3.5342400000000002e-06,5.041120000000001e-06,-6.13727999433875e-09,-38.35807996461517
SaveOnEvent_ch1_20260928004933711.wfm,00:49:33.711000,0.402995,-0.0012000000569969416,-1.4400000000007858e-09,4.800000000000022e-08,1.448383943573571e-10,0.9052799647324719
SaveOnEvent_ch1_20260928004933911.wfm,00:49:33.911000,0.4019949999999999,-0.0018400000408291817,7.801119999999999e-06,9.616959999999998e-06,-3.978835222201887e-09,-24.868240138777765
SaveOnEvent_ch1_20260928004934112.wfm,00:49:34.112000,0.40098999999999996,-0.0014400000218302011,4.799999999996972e-10,4.4479999999999615e-08,-3.426495934207929e-10,-2.141519958880963
SaveOnEvent_ch1_20260928004934312.wfm,00:49:34.312000,0.39998999999999985,-0.0012000000569969416,-6.239999999999452e-09,4.9440000000001004e-08,-8.818559999810462e-11,-0.5511199999891687
SaveOnEvent_ch1_20260928004934511.wfm,00:49:34.511000,0.39899499999999977,-0.0024800000246614218,7.86976e-06,9.102559999999999e-06,-5.01932161736302e-09,-31.371120108524337
SaveOnEvent_ch1_20260928004934711.wfm,00:49:34.711000,0.3979949999999999,-0.00215999991632998,9.512480000000001e-06,9.608959999999998e-06,-1.3299648434366047e-09,-8.313280271482654
SaveOnEvent_ch1_20260928004934911.wfm,00:49:34.911000,0.396995,-0.0025599999353289604,7.30848e-06,8.54752e-06,-5.384262424905317e-09,-33.65192015565117
SaveOnEvent_ch1_20260928004935111.wfm,00:49:35.111000,0.3959950000000001,-0.0012000000569969416,-5.1200000000007235e-09,5.727999999999888e-08,3.063039682805555e-11,0.19143998017534614
SaveOnEvent_ch1_20260928004935311.wfm,00:49:35.311000,0.394995,-0.0012000000569969416,-8.639999999999633e-09,5.072000000000076e-08,-1.347142368319911e-09,-8.419679801998427
SaveOnEvent_ch1_20260928004935511.wfm,00:49:35.511000,0.3939949999999999,-0.00215999991632998,3.4104000000000004e-06,5.083679999999999e-06,-5.015155191929081e-09,-31.344799949554726
SaveOnEvent_ch1_20260928004935711.wfm,00:49:35.711000,0.392995,-0.0014400000218302011,-1.120000000000423e-09,9.618879999999997e-06,-2.1712320127175156e-09,-13.57080007949844
SaveOnEvent_ch1_20260928004935911.wfm,00:49:35.911000,0.39199499999999987,-0.0012000000569969416,-4.959999999999695e-09,4.752000000000052e-08,-1.1009919938398403e-10,-0.6880799961509183
SaveOnEvent_ch1_20260928004936111.wfm,00:49:36.111000,0.390995,-0.0017600000137463212,9.255839999999998e-06,9.618559999999999e-06,-2.2789503917423974e-09,-14.244319948396878
SaveOnEvent_ch1_20260928004936311.wfm,00:49:36.311000,0.3899950000000001,-0.0012799999676644802,-5.9200000000007836e-09,9.619839999999998e-06,-8.911167837306837e-10,-5.569999898318201
SaveOnEvent_ch1_20260928004936511.wfm,00:49:36.511000,0.38899499999999976,-0.0017600000137463212,8.43328e-06,9.623679999999998e-06,-5.028863965165799e-09,-31.431199782295153
SaveOnEvent_ch1_20260928004936711.wfm,00:49:36.711000,0.38799499999999987,-0.0010400000028312206,-6.080000000000118e-09,5.904000000000003e-08,1.3367679565446232e-10,0.8354399728414137
SaveOnEvent_ch1_20260928004936911.wfm,00:49:36.911000,0.386995,-0.0012799999676644802,-5.9200000000007836e-09,8.189599999999999e-06,-2.9589439853816272e-09,-18.493519908632152
SaveOnEvent_ch1_20260928004937111.wfm,00:49:37.111000,0.3859950000000001,-0.0018400000408291817,8.498399999999998e-06,9.611519999999997e-06,-2.5738560125185167e-09,-16.087200078269234
SaveOnEvent_ch1_20260928004937311.wfm,00:49:37.311000,0.384995,-0.0015200000489130616,-6.080000000000118e-09,4.5760000000001066e-08,-5.83443187547383e-10,-3.646479922172148
SaveOnEvent_ch1_20260928004937511.wfm,00:49:37.511000,0.38399499999999986,-0.0012799999676644802,-4.959999999999695e-09,4.815999999999955e-08,-6.679167847195628e-10,-4.174719904491212
SaveOnEvent_ch1_20260928004937711.wfm,00:49:37.711000,0.382995,-0.0017600000137463212,9.22976e-06,9.616159999999998e-06,-3.0216063515841894e-09,-18.885999697406078
SaveOnEvent_ch1_20260928004937911.wfm,00:49:37.911000,0.38199499999999986,-0.001120000029914081,-6.559999999999815e-09,5.0880000000000096e-08,-2.3125119554577377e-10,-1.4454399721580558
SaveOnEvent_ch1_20260928004938111.wfm,00:49:38.111000,0.380995,-0.0014400000218302011,-3.2000000000002404e-09,5.5999999999999125e-08,-1.3236543688620459e-09,-8.272799805388786
SaveOnEvent_ch1_20260928004938311.wfm,00:49:38.311000,0.3799950000000001,-0.0013599999947473407,-4.320000000000663e-09,8.938079999999999e-06,-4.107891212971881e-09,-25.674560081068194
SaveOnEvent_ch1_20260928004938511.wfm,00:49:38.511000,0.37899499999999975,-0.006719999946653843,3.3264000000000026e-07,6.860799999999987e-07,-6.922323167051653e-09,-43.26455979407183
SaveOnEvent_ch1_20260928004938711.wfm,00:49:38.711000,0.37799499999999986,-0.0024800000246614218,7.990399999999999e-06,9.31216e-06,-4.7993408184288974e-09,-29.99632011516951
SaveOnEvent_ch1_20260928004938911.wfm,00:49:38.911000,0.37699499999999997,-0.0012799999676644802,-9.600000000000721e-09,5.44000000000007e-08,-3.5310079311486477e-10,-2.206879956967896
SaveOnEvent_ch1_20260928004939111.wfm,00:49:39.111000,0.3759950000000001,-0.0012799999676644802,-1.120000000000423e-09,9.623359999999997e-06,-3.7037759503582463e-09,-23.149039689742494
SaveOnEvent_ch1_20260928004939311.wfm,00:49:39.311000,0.3749950000000002,-0.0018400000408291817,9.060319999999998e-06,9.615359999999998e-06,-2.322464002019258e-09,-14.516320012626238
SaveOnEvent_ch1_20260928004939511.wfm,00:49:39.511000,0.37399499999999986,-0.0012799999676644802,-3.839999999999272e-09,6.2880000000001e-08,-1.4962367642135365e-09,-9.35143977633561
SaveOnEvent_ch1_20260928004939711.wfm,00:49:39.711000,0.37299499999999997,-0.0010400000028312206,-3.6799999999999377e-09,5.471999999999937e-08,-1.3848639659094618e-09,-8.65543978693313
SaveOnEvent_ch1_20260928004939911.wfm,00:49:39.911000,0.3719950000000001,-0.0016799999866634607,7.34016e-06,9.622719999999998e-06,-5.9100031750299955e-09,-36.937999843939906
SaveOnEvent_ch1_20260928004940111.wfm,00:49:40.111000,0.37099499999999996,-0.0012000000569969416,-2.4000000000001803e-09,4.4479999999999615e-08,3.5387518951902244e-10,2.211599934496917
SaveOnEvent_ch1_20260928004940312.wfm,00:49:40.312000,0.3699899999999998,-0.0012799999676644802,-1.120000000000423e-09,7.787040000000001e-06,-4.991660770245363e-09,-31.19807981402846
SaveOnEvent_ch1_20260928004940511.wfm,00:49:40.511000,0.36899499999999996,-0.0019199999514967203,3.6836800000000003e-06,5.022720000000002e-06,-5.057849588633981e-09,-31.611679928959347
SaveOnEvent_ch1_20260928004940711.wfm,00:49:40.711000,0.36799499999999985,-0.0025599999353289604,8.81712e-06,9.607359999999998e-06,-3.5687104040454135e-09,-22.305360025260597
SaveOnEvent_ch1_20260928004940911.wfm,00:49:40.911000,0.36699499999999996,-0.00215999991632998,6.85312e-06,8.654400000000001e-06,-6.557420769555028e-09,-40.984079809713876
SaveOnEvent_ch1_20260928004941111.wfm,00:49:41.111000,0.36599500000000007,-0.0012799999676644802,-1.599999999993344e-10,4.8479999999999915e-08,-1.0815231746202356e-09,-6.75943984137848
SaveOnEvent_ch1_20260928004941311.wfm,00:49:41.311000,0.3649950000000002,-0.0015999999595806003,5.569439999999999e-06,7.575840000000001e-06,-5.435219210868237e-09,-33.97032006792142
SaveOnEvent_ch1_20260928004941511.wfm,00:49:41.511000,0.36399499999999985,-0.003120000008493662,8.42976e-06,1.4100800000000006e-06,-4.2107776027452204e-09,-26.317920017172582
SaveOnEvent_ch1_20260928004941711.wfm,00:49:41.711000,0.36299499999999996,-0.0012799999676644802,-1.1039999999999813e-08,5.04000000000004e-08,-3.5879679249599466e-10,-2.2424799530999735
SaveOnEvent_ch1_20260928004941911.wfm,00:49:41.911000,0.36199500000000007,-0.0020800000056624413,3.302399999999999e-06,4.523199999999999e-06,-5.235187198575585e-09,-32.71999999109539
SaveOnEvent_ch1_20260928004942111.wfm,00:49:42.111000,0.36099499999999995,-0.0014400000218302011,5.1785600000000004e-06,6.969919999999999e-06,-5.504979156309272e-09,-34.406319726927904
SaveOnEvent_ch1_20260928004942311.wfm,00:49:42.311000,0.35999500000000006,-0.0014400000218302011,-3.2000000000002404e-09,4.495999999999931e-08,-6.938047840609192e-10,-4.336399900377728
SaveOnEvent_ch1_20260928004942511.wfm,00:49:42.511000,0.35899499999999995,-0.0013599999947473407,-7.680000000000238e-09,9.626399999999998e-06,-3.749612776380964e-09,-23.43551985238446
SaveOnEvent_ch1_20260928004942711.wfm,00:49:42.711000,0.35799499999999984,-0.0013599999947473407,7.0907199999999994e-06,9.3552e-06,-5.173907169827726e-09,-32.33719981141621
SaveOnEvent_ch1_20260928004942911.wfm,00:49:42.911000,0.35699499999999995,-0.0026400000788271427,8.03472e-06,9.24752e-06,-4.593600052623078e-09,-28.710480328882113
SaveOnEvent_ch1_20260928004943110.wfm,00:49:43.110000,0.35599999999999987,-0.0016799999866634607,4.17488e-06,6.0912e-06,-4.591372793172485e-09,-28.69607995732804
SaveOnEvent_ch1_20260928004943311.wfm,00:49:43.311000,0.35499500000000017,-0.0020000000949949026,7.317120000000001e-06,9.07008e-06,-6.058547162855975e-09,-37.86631976783974
SaveOnEvent_ch1_20260928004943511.wfm,00:49:43.511000,0.35399499999999984,-0.0017600000137463212,8.178559999999999e-06,9.616639999999998e-06,-5.380684776611158e-09,-33.62983985382016
SaveOnEvent_ch1_20260928004943711.wfm,00:49:43.711000,0.35299499999999995,-0.001120000029914081,-8.159999999999935e-09,4.6879999999999795e-08,1.2630783667042839e-09,7.894319791899761
SaveOnEvent_ch1_20260928004943911.wfm,00:49:43.911000,0.35199500000000006,-0.0016799999866634607,7.2908799999999985e-06,9.021919999999999e-06,-5.198041619264987e-09,-32.48808012041263
SaveOnEvent_ch1_20260928004944111.wfm,00:49:44.111000,0.35099499999999995,-0.0012000000569969416,1.120000000000423e-09,9.627359999999998e-06,-3.3257407879782822e-09,-20.78639992486569
SaveOnEvent_ch1_20260928004944311.wfm,00:49:44.311000,0.34999500000000006,-0.0012000000569969416,-8.800000000000661e-09,4.7679999999999855e-08,-1.0535039929440344e-10,-0.6583999955910258
SaveOnEvent_ch1_20260928004944511.wfm,00:49:44.511000,0.34899499999999994,-0.0012000000569969416,-3.359999999999575e-09,9.629439999999997e-06,-1.5777984050731156e-09,-9.861760031693848
SaveOnEvent_ch1_20260928004944711.wfm,00:49:44.711000,0.34799499999999983,-0.0014400000218302011,-4.0000000000003005e-09,9.623519999999998e-06,-5.921887961195317e-09,-37.01223975745961
SaveOnEvent_ch1_20260928004944911.wfm,00:49:44.911000,0.34699499999999994,-0.0012000000569969416,-5.280000000000058e-09,9.470080000000001e-06,-3.8689983889064724e-09,-24.181519930658396
SaveOnEvent_ch1_20260928004945111.wfm,00:49:45.111000,0.34599500000000005,-0.0020000000949949026,7.550560000000001e-06,9.55296e-06,-4.2184256243798856e-09,-26.365600152377738
SaveOnEvent_ch1_20260928004945311.wfm,00:49:45.311000,0.34499500000000016,-0.0012799999676644802,3.2000000000036285e-10,9.621439999999998e-06,-2.6178367667365827e-09,-16.361839792109095
SaveOnEvent_ch1_20260928004945511.wfm,00:49:45.511000,0.34399499999999983,-0.0013599999947473407,-8.000000000000601e-09,8.607359999999999e-06,-6.024332781769336e-09,-37.65239988605026
SaveOnEvent_ch1_20260928004945711.wfm,00:49:45.711000,0.34299499999999994,-0.0020000000949949026,8.7184e-06,9.610559999999998e-06,-2.6800511998147666e-09,-16.751039998838678
SaveOnEvent_ch1_20260928004945911.wfm,00:49:45.911000,0.34199500000000005,-0.0020000000949949026,5.529759999999998e-06,7.351840000000001e-06,-5.630726403964218e-09,-35.19216002477333
SaveOnEvent_ch1_20260928004946111.wfm,00:49:46.111000,0.34099499999999994,-0.0012000000569969416,-5.280000000000058e-09,9.634239999999998e-06,-4.29781756286742e-09,-26.861759767925832
SaveOnEvent_ch1_20260928004946311.wfm,00:49:46.311000,0.33999500000000005,-0.0012000000569969416,-9.599999999993945e-10,5.023999999999937e-08,-2.479615952773024e-10,-1.5498399704811163
SaveOnEvent_ch1_20260928004946511.wfm,00:49:46.511000,0.33899499999999994,-0.0018400000408291817,8.912159999999998e-06,9.614079999999999e-06,-3.814796769821545e-09,-23.843279811408138
SaveOnEvent_ch1_20260928004946711.wfm,00:49:46.711000,0.3379949999999998,-0.0016799999866634607,7.661280000000001e-06,9.550559999999999e-06,-3.443801617082208e-09,-21.52408010675572
SaveOnEvent_ch1_20260928004946911.wfm,00:49:46.911000,0.33699499999999993,-0.0020000000949949026,8.030879999999998e-06,9.1936e-06,-5.447142404196782e-09,-34.044960026221815
SaveOnEvent_ch1_20260928004947111.wfm,00:49:47.111000,0.33599500000000004,-0.001120000029914081,4.125759999999999e-06,5.604480000000001e-06,-4.084812748902475e-09,-25.530159680638462
SaveOnEvent_ch1_20260928004947311.wfm,00:49:47.311000,0.33499500000000015,-0.0012000000569969416,-8.31999999999927e-09,7.12064e-06,-3.2843839708226744e-09,-20.527519817638677
SaveOnEvent_ch1_20260928004947511.wfm,00:49:47.511000,0.3339949999999998,-0.0014400000218302011,4.620959999999999e-06,7.046400000000001e-06,-5.355865573072802e-09,-33.474319831700996
SaveOnEvent_ch1_20260928004947711.wfm,00:49:47.711000,0.33299499999999993,-0.0012799999676644802,9.599999999993945e-10,7.90624e-06,-2.6566399735724526e-09,-16.604159834823804
SaveOnEvent_ch1_20260928004947911.wfm,00:49:47.911000,0.33199500000000004,-0.0020000000949949026,3.5793600000000006e-06,4.891359999999999e-06,-5.349811189630999e-09,-33.43639993519173
SaveOnEvent_ch1_20260928004948112.wfm,00:49:48.112000,0.3309899999999999,-0.0010400000028312206,-5.439999999999392e-09,6.207999999999924e-08,-1.871103953877461e-09,-11.694479711732129
SaveOnEvent_ch1_20260928004948311.wfm,00:49:48.311000,0.32999500000000004,-0.0014400000218302011,-2.720000000000543e-09,6.428159999999998e-06,-3.9707327657076516e-09,-24.8171997856698
SaveOnEvent_ch1_20260928004948511.wfm,00:49:48.511000,0.3289949999999999,-0.0012000000569969416,-4.639999999999332e-09,9.622399999999998e-06,-9.989632029016487e-10,-6.244160018162802
SaveOnEvent_ch1_20260928004948711.wfm,00:49:48.711000,0.3279949999999998,-0.0015999999595806003,7.94576e-06,9.59296e-06,-2.692128034255002e-09,-16.826240214082645
SaveOnEvent_ch1_20260928004948911.wfm,00:49:48.911000,0.3269949999999999,-0.0013599999947473407,-9.599999999993945e-10,5.1680000000000156e-08,-5.455551879038106e-10,-3.409759924397804
SaveOnEvent_ch1_20260928004949111.wfm,00:49:49.111000,0.32599500000000003,-0.0016799999866634607,9.31296e-06,9.616319999999998e-06,-1.539072021120224e-09,-9.619920131983235
SaveOnEvent_ch1_20260928004949311.wfm,00:49:49.311000,0.32499500000000014,-0.0012799999676644802,-4.799999999996972e-10,9.618559999999999e-06,-8.642239896394292e-10,-5.401839935249882
SaveOnEvent_ch1_20260928004949511.wfm,00:49:49.511000,0.3239949999999998,-0.0015200000489130616,-9.599999999993945e-10,8.67648e-06,-5.623385567418299e-09,-35.14647979635629
SaveOnEvent_ch1_20260928004949711.wfm,00:49:49.711000,0.3229949999999999,-0.0015200000489130616,6.672960000000001e-06,8.953759999999998e-06,-5.158675182543229e-09,-32.24183989089215
SaveOnEvent_ch1_20260928004949911.wfm,00:49:49.911000,0.32199500000000003,-0.0012000000569969416,-6.239999999999452e-09,6.224000000000027e-08,-1.655167960417457e-09,-10.344879752607085
SaveOnEvent_ch1_20260928004950111.wfm,00:49:50.111000,0.3209949999999999,-0.0024800000246614218,6.19632e-06,7.596639999999999e-06,-6.066374413550365e-09,-37.914960084686754
SaveOnEvent_ch1_20260928004950311.wfm,00:49:50.311000,0.31999500000000003,-0.0013599999947473407,-5.1200000000007235e-09,9.623199999999998e-06,-1.9040383817022668e-09,-11.900799885654123
SaveOnEvent_ch1_20260928004950511.wfm,00:49:50.511000,0.3189949999999999,-0.0012000000569969416,-6.239999999999452e-09,6.191999999999991e-08,-2.582655957760293e-10,-1.6141599736001808
SaveOnEvent_ch1_20260928004950711.wfm,00:49:50.711000,0.3179949999999998,-0.0012799999676644802,-7.680000000000238e-09,9.625599999999998e-06,-2.7757439770433104e-09,-17.348799856525147
SaveOnEvent_ch1_20260928004950912.wfm,00:49:50.912000,0.3169900000000001,-0.0014400000218302011,-3.6799999999999377e-09,9.628799999999998e-06,-4.986630376258397e-09,-31.16687985160388
SaveOnEvent_ch1_20260928004951111.wfm,00:49:51.111000,0.315995,-0.00215999991632998,5.552639999999999e-06,6.91952e-06,-6.417574382401071e-09,-40.110079890000634
SaveOnEvent_ch1_20260928004951312.wfm,00:49:51.312000,0.3149899999999999,-0.0013599999947473407,-5.280000000000058e-09,9.625119999999998e-06,-1.5305407818593078e-09,-9.566319886624115
SaveOnEvent_ch1_20260928004951512.wfm,00:49:51.512000,0.31399,-0.0012799999676644802,-2.239999999999152e-09,7.15616e-06,-3.6681023556017326e-09,-22.92583972250577
SaveOnEvent_ch1_20260928004951711.wfm,00:49:51.711000,0.3129949999999999,-0.0018400000408291817,7.1638399999999985e-06,8.824160000000002e-06,-4.689651183614039e-09,-29.31063989759423
SaveOnEvent_ch1_20260928004951911.wfm,00:49:51.911000,0.311995,-0.0018400000408291817,9.595200000000001e-06,9.617599999999997e-06,-2.3778943586046773e-09,-14.862799741298659
SaveOnEvent_ch1_20260928004952111.wfm,00:49:52.111000,0.31099500000000013,-0.0013599999947473407,-8.000000000000601e-09,9.623679999999998e-06,-1.287692790739236e-09,-8.048719942133175
SaveOnEvent_ch1_20260928004952311.wfm,00:49:52.311000,0.309995,-0.0012799999676644802,1.920000000000483e-09,4.5760000000001066e-08,-1.377209567718675e-09,-8.607599798240699
SaveOnEvent_ch1_20260928004952511.wfm,00:49:52.511000,0.3089949999999999,-0.0018400000408291817,7.67008e-06,9.572639999999998e-06,-5.5324159726407355e-09,-34.57799982899451
SaveOnEvent_ch1_20260928004952711.wfm,00:49:52.711000,0.307995,-0.0012000000569969416,-3.5200000000006033e-09,4.464000000000064e-08,2.3529599219793327e-10,1.4704799512401223
SaveOnEvent_ch1_20260928004952911.wfm,00:49:52.911000,0.3069949999999999,-0.0014400000218302011,6.804479999999999e-06,9.620319999999998e-06,-3.346048019886951e-09,-20.91320012428332
SaveOnEvent_ch1_20260928004953111.wfm,00:49:53.111000,0.305995,-0.0012799999676644802,-2.720000000000543e-09,4.880000000000028e-08,-7.156415837048564e-10,-4.472799898154335
SaveOnEvent_ch1_20260928004953311.wfm,00:49:53.311000,0.3049950000000001,-0.0017600000137463212,6.417919999999998e-06,8.063839999999998e-06,-6.337087976825424e-09,-39.607039855152834
SaveOnEvent_ch1_20260928004953511.wfm,00:49:53.511000,0.3039949999999998,-0.0027199999894946814,2.5729599999999995e-06,1.5603200000000007e-06,-6.228716774012428e-09,-38.92951983757666
SaveOnEvent_ch1_20260928004953711.wfm,00:49:53.711000,0.3029949999999999,-0.0020000000949949026,4.2859200000000005e-06,5.6491199999999995e-06,-4.955462408063467e-09,-30.971680050395662
SaveOnEvent_ch1_20260928004953911.wfm,00:49:53.911000,0.301995,-0.0020000000949949026,7.998080000000001e-06,9.613439999999998e-06,-4.737542393940966e-09,-29.61015996214701
SaveOnEvent_ch1_20260928004954111.wfm,00:49:54.111000,0.3009950000000001,-0.0012000000569969416,0.0,5.600000000000082e-08,9.407871744129809e-10,5.880079840077087
SaveOnEvent_ch1_20260928004954311.wfm,00:49:54.311000,0.299995,-0.0013599999947473407,9.30736e-06,9.618399999999998e-06,-1.2672896251687777e-09,-7.921200157317799
SaveOnEvent_ch1_20260928004954511.wfm,00:49:54.511000,0.2989949999999999,-0.0017600000137463212,6.725120000000001e-06,8.176799999999998e-06,-4.430131208905949e-09,-27.688560055656126
SaveOnEvent_ch1_20260928004954711.wfm,00:49:54.711000,0.297995,-0.0014400000218302011,4.5392000000000005e-06,6.552320000000001e-06,-4.2854015650320784e-09,-26.7837597814505
SaveOnEvent_ch1_20260928004954911.wfm,00:49:54.911000,0.2969949999999999,-0.001120000029914081,-4.159999999999635e-09,4.288000000000119e-08,-9.029823804437157e-10,-5.643839877768187
SaveOnEvent_ch1_20260928004955111.wfm,00:49:55.111000,0.295995,-0.002959999954327941,4.96288e-06,1.7811199999999986e-06,-6.3426879907236425e-09,-39.64191994201974
SaveOnEvent_ch1_20260928004955311.wfm,00:49:55.311000,0.2949950000000001,-0.0016799999866634607,7.448320000000001e-06,9.35328e-06,-5.140038390152621e-09,-32.12559993844479
SaveOnEvent_ch1_20260928004955511.wfm,00:49:55.511000,0.2939949999999998,-0.0012799999676644802,-8.31999999999927e-09,9.623519999999998e-06,2.0949758616974738e-10,1.309039913554443
SaveOnEvent_ch1_20260928004955711.wfm,00:49:55.711000,0.2929949999999999,-0.0017600000137463212,9.125759999999999e-06,9.612959999999998e-06,-2.5025280071026643e-09,-15.6416000444151
SaveOnEvent_ch1_20260928004955911.wfm,00:49:55.911000,0.291995,-0.001120000029914081,-3.2000000000036285e-10,4.5760000000001066e-08,-8.053695806791062e-10,-5.033599879243411
SaveOnEvent_ch1_20260928004956111.wfm,00:49:56.111000,0.2909950000000001,-0.0012799999676644802,-8.480000000000298e-09,4.912000000000064e-08,-4.2393599129281915e-10,-2.6496799455781
SaveOnEvent_ch1_20260928004956311.wfm,00:49:56.311000,0.289995,-0.0015200000489130616,7.00176e-06,8.865440000000001e-06,-6.074527966061139e-09,-37.96607978787506
SaveOnEvent_ch1_20260928004956511.wfm,00:49:56.511000,0.2889949999999999,-0.0012799999676644802,1.599999999993344e-10,4.560000000000004e-08,-3.474943929258708e-10,-2.1718399557867087
SaveOnEvent_ch1_20260928004956711.wfm,00:49:56.711000,0.287995,-0.0012799999676644802,8.43488e-06,9.625439999999997e-06,-3.06928641018225e-09,-19.183360063645523
SaveOnEvent_ch1_20260928004956911.wfm,00:49:56.911000,0.2869949999999999,-0.0012799999676644802,-5.1200000000007235e-09,4.943999999999931e-08,-1.8249215562012955e-09,-11.40607972626458
SaveOnEvent_ch1_20260928004957111.wfm,00:49:57.111000,0.285995,-0.0018400000408291817,8.12768e-06,9.614719999999998e-06,-3.0011008052946997e-09,-18.757520033075707
SaveOnEvent_ch1_20260928004957311.wfm,00:49:57.311000,0.2849950000000001,-0.0012000000569969416,-1.0239999999999753e-08,5.6960000000000214e-08,-2.1484799717552908e-10,-1.34279998234706
SaveOnEvent_ch1_20260928004957511.wfm,00:49:57.511000,0.2839949999999998,-0.00215999991632998,7.801599999999998e-06,9.131360000000001e-06,-5.368505601841024e-09,-33.553520011511864
SaveOnEvent_ch1_20260928004957711.wfm,00:49:57.711000,0.2829949999999999,-0.0028800000436604023,6.525599999999999e-06,7.624e-06,-6.313708781853784e-09,-39.4608798865811
SaveOnEvent_ch1_20260928004957911.wfm,00:49:57.911000,0.281995,-0.001120000029914081,-4.479999999999998e-09,5.520000000000076e-08,-1.2022719713463453e-09,-7.5142398209136445
SaveOnEvent_ch1_20260928004958111.wfm,00:49:58.111000,0.2809950000000001,-0.0013599999947473407,-5.759999999999755e-09,5.8880000000000697e-08,-1.2672639917582252e-10,-0.7923199948563706
SaveOnEvent_ch1_20260928004958311.wfm,00:49:58.311000,0.279995,-0.001120000029914081,-7.0399999999995125e-09,7.67696e-06,-2.712979183413555e-09,-16.95623989633168
SaveOnEvent_ch1_20260928004958511.wfm,00:49:58.511000,0.2789949999999999,-0.0014400000218302011,-2.0799999999998175e-09,9.001919999999999e-06,-4.105414372808298e-09,-25.659119830059353
SaveOnEvent_ch1_20260928004958712.wfm,00:49:58.712000,0.27798999999999996,-0.0012000000569969416,-4.959999999999695e-09,5.0240000000001064e-08,-1.3684095676010461e-09,-8.552639797504526
SaveOnEvent_ch1_20260928004958911.wfm,00:49:58.911000,0.2769949999999999,-0.0012799999676644802,-3.6799999999999377e-09,9.615679999999999e-06,-3.8298495435575e-09,-23.936959647224285
SaveOnEvent_ch1_20260928004959111.wfm,00:49:59.111000,0.275995,-0.0012799999676644802,-2.0799999999998175e-09,5.833599999999998e-06,-5.3545983375050125e-09,-33.46639960940229
SaveOnEvent_ch1_20260928004959312.wfm,00:49:59.312000,0.27498999999999985,-0.0012799999676644802,-1.6000000000001202e-09,4.800000000000022e-08,-8.808703794516595e-10,-5.505439871572889
SaveOnEvent_ch1_20260928004959511.wfm,00:49:59.511000,0.27399499999999977,-0.0016799999866634607,4.258079999999999e-06,6.307679999999999e-06,-5.888889588194433e-09,-36.80567992621218
SaveOnEvent_ch1_20260928004959711.wfm,00:49:59.711000,0.2729949999999999,-0.0017600000137463212,6.7447999999999985e-06,8.64944e-06,-3.661030405603815e-09,-22.881680035032332
SaveOnEvent_ch1_20260928004959911.wfm,00:49:59.911000,0.271995,-0.0014400000218302011,-5.759999999999755e-09,4.3519999999998526e-08,-1.2880639696097932e-09,-8.050639810069697
SaveOnEvent_ch1_20260928005000111.wfm,00:50:00.111000,0.2709950000000001,-0.0012799999676644802,-8.800000000000661e-09,9.499519999999999e-06,-4.463903992471749e-09,-27.89975995293935
SaveOnEvent_ch1_20260928005000311.wfm,00:50:00.311000,0.269995,-0.0028800000436604023,6.09936e-06,1.475199999999999e-06,-6.575103952707722e-09,-41.094639704417204
SaveOnEvent_ch1_20260928005000511.wfm,00:50:00.511000,0.2689949999999999,-0.0020000000949949026,9.46e-06,9.615999999999997e-06,-2.0091327881859576e-09,-12.558079926209757
SaveOnEvent_ch1_20260928005000711.wfm,00:50:00.711000,0.267995,-0.0020000000949949026,7.371039999999999e-06,9.02896e-06,-4.7737663979339405e-09,-29.83631998708006
SaveOnEvent_ch1_20260928005000911.wfm,00:50:00.911000,0.26699499999999987,-0.0024800000246614218,1.1212799999999992e-06,1.8152000000000008e-06,-4.925407992785331e-09,-30.78375995490933
SaveOnEvent_ch1_20260928005001112.wfm,00:50:01.112000,0.26598999999999995,-0.0012799999676644802,-4.639999999999332e-09,9.622559999999997e-06,-8.291328039928321e-10,-5.182560024957638
SaveOnEvent_ch1_20260928005001311.wfm,00:50:01.311000,0.2649950000000001,-0.0018400000408291817,9.562079999999998e-06,9.619039999999998e-06,-2.7186815611761965e-09,-16.99271975737065
SaveOnEvent_ch1_20260928005001511.wfm,00:50:01.511000,0.26399499999999976,-0.0012799999676644802,-4.0000000000003005e-09,4.5760000000001066e-08,-7.879487819061627e-10,-4.924719886912499
SaveOnEvent_ch1_20260928005001711.wfm,00:50:01.711000,0.26299499999999987,-0.0012799999676644802,-4.320000000000663e-09,8.37424e-06,-3.862873641522601e-09,-24.143120259512216
SaveOnEvent_ch1_20260928005001911.wfm,00:50:01.911000,0.261995,-0.0012000000569969416,-1.0080000000000418e-08,9.623039999999999e-06,-1.8453248076257246e-09,-11.533680047665257
SaveOnEvent_ch1_20260928005002111.wfm,00:50:02.111000,0.2609950000000001,-0.0012799999676644802,2.240000000000846e-09,8.67488e-06,-3.727622371478939e-09,-23.29791982175084
SaveOnEvent_ch1_20260928005002311.wfm,00:50:02.311000,0.259995,-0.0015999999595806003,8.15824e-06,9.495039999999999e-06,-2.4468608159129497e-09,-15.29328009946039
SaveOnEvent_ch1_20260928005002511.wfm,00:50:02.511000,0.25899499999999986,-0.0012000000569969416,-8.000000000000601e-09,6.176000000000057e-08,-7.702975831343783e-10,-4.814319894590881
SaveOnEvent_ch1_20260928005002711.wfm,00:50:02.711000,0.257995,-0.0012799999676644802,-3.359999999999575e-09,4.672000000000046e-08,3.2730879025999565e-10,2.045679939124966
SaveOnEvent_ch1_20260928005002911.wfm,00:50:02.911000,0.25699499999999986,-0.0012799999676644802,-4.959999999999695e-09,4.8960000000001307e-08,-1.5820351630425998e-09,-9.887999769009184
SaveOnEvent_ch1_20260928005003111.wfm,00:50:03.111000,0.255995,-0.0013599999947473407,-4.320000000000663e-09,9.635039999999998e-06,-3.6985407445882417e-09,-23.116319653665414
SaveOnEvent_ch1_20260928005003311.wfm,00:50:03.311000,0.2549950000000001,-0.0012799999676644802,6.864959999999998e-06,9.62512e-06,-4.512012816076167e-09,-28.20040010046796
SaveOnEvent_ch1_20260928005003511.wfm,00:50:03.511000,0.25399499999999975,-0.0014400000218302011,6.67392e-06,8.706719999999999e-06,-4.4820031869620985e-09,-28.01287991850404
SaveOnEvent_ch1_20260928005003711.wfm,00:50:03.711000,0.25299499999999986,-0.0013599999947473407,-5.280000000000058e-09,9.541760000000001e-06,-1.9774015591898954e-09,-12.35911974494229
SaveOnEvent_ch1_20260928005003911.wfm,00:50:03.911000,0.25199499999999997,-0.0014400000218302011,-6.880000000000178e-09,7.47584e-06,-6.2968640256696384e-09,-39.355600160430185
SaveOnEvent_ch1_20260928005004111.wfm,00:50:04.111000,0.2509950000000001,-0.0017600000137463212,8.887999999999999e-06,9.615839999999998e-06,-3.875123177564234e-09,-24.220239859772846
SaveOnEvent_ch1_20260928005004311.wfm,00:50:04.311000,0.2499950000000002,-0.0016799999866634607,8.746080000000001e-06,9.613279999999999e-06,-3.7197568026091868e-09,-23.249040016322397
SaveOnEvent_ch1_20260928005004511.wfm,00:50:04.511000,0.24899499999999986,-0.0013599999947473407,1.120000000000423e-09,5.0399999999998704e-08,-7.550655828299926e-10,-4.719439892680384
SaveOnEvent_ch1_20260928005004711.wfm,00:50:04.711000,0.24799499999999997,-0.0014400000218302011,8.356639999999998e-06,9.620479999999997e-06,-3.545548803431445e-09,-22.160080021450995
SaveOnEvent_ch1_20260928005004911.wfm,00:50:04.911000,0.24699500000000008,-0.0013599999947473407,-5.439999999999392e-09,9.626719999999999e-06,-4.287814391516148e-09,-26.799359946977347
SaveOnEvent_ch1_20260928005005111.wfm,00:50:05.111000,0.24599499999999996,-0.0012799999676644802,-5.439999999999392e-09,5.0240000000001064e-08,-4.378240068209863e-11,-0.27368000426213257
SaveOnEvent_ch1_20260928005005311.wfm,00:50:05.311000,0.24499500000000007,-0.0013599999947473407,-3.2000000000036285e-10,9.400159999999999e-06,-3.975846381895243e-09,-24.849279886839213
SaveOnEvent_ch1_20260928005005511.wfm,00:50:05.511000,0.24399499999999996,-0.0012799999676644802,-5.600000000000421e-09,4.3360000000000886e-08,-1.6881535588949909e-09,-10.551119743089657
SaveOnEvent_ch1_20260928005005711.wfm,00:50:05.711000,0.24299499999999985,-0.0012000000569969416,-2.720000000000543e-09,9.616799999999999e-06,-1.7363263912405815e-09,-10.852239945263136
SaveOnEvent_ch1_20260928005005911.wfm,00:50:05.911000,0.24199499999999996,-0.0015200000489130616,-4.320000000000663e-09,9.620479999999997e-06,-2.441196758025324e-09,-15.258159737684764
SaveOnEvent_ch1_20260928005006111.wfm,00:50:06.111000,0.24099500000000007,-0.0020800000056624413,4.60928e-06,6.0912e-06,-5.823596803809046e-09,-36.39768002380151
SaveOnEvent_ch1_20260928005006312.wfm,00:50:06.312000,0.23998999999999993,-0.0017600000137463212,7.409599999999999e-06,9.2712e-06,-4.651948793020562e-09,-29.075119956367416
SaveOnEvent_ch1_20260928005006511.wfm,00:50:06.511000,0.23899499999999985,-0.0013599999947473407,-6.080000000000118e-09,9.628479999999998e-06,-4.580179117161312e-09,-28.626639482245082
SaveOnEvent_ch1_20260928005006711.wfm,00:50:06.711000,0.23799499999999996,-0.0015999999595806003,4.1784000000000005e-06,5.530079999999998e-06,-5.342988771945238e-09,-33.393839824653696
SaveOnEvent_ch1_20260928005006911.wfm,00:50:06.911000,0.23699500000000007,-0.0016799999866634607,9.52704e-06,9.615359999999998e-06,-2.3786751904431696e-09,-14.867519940249622
SaveOnEvent_ch1_20260928005007111.wfm,00:50:07.111000,0.23599499999999995,-0.0020000000949949026,7.233439999999999e-06,8.9296e-06,-4.4559360001981244e-09,-27.849920001230203
SaveOnEvent_ch1_20260928005007311.wfm,00:50:07.311000,0.23499500000000006,-0.0020000000949949026,1.8444799999999993e-06,3.4940799999999996e-06,-7.449235149624292e-09,-46.55791968514677
SaveOnEvent_ch1_20260928005007511.wfm,00:50:07.511000,0.23399499999999995,-0.0013599999947473407,-4.320000000000663e-09,9.507840000000002e-06,-4.3170687984325915e-09,-26.98199999021017
SaveOnEvent_ch1_20260928005007711.wfm,00:50:07.711000,0.23299499999999984,-0.0019199999514967203,5.4735999999999996e-06,6.87792e-06,-5.082579197182782e-09,-31.76631998238736
SaveOnEvent_ch1_20260928005007911.wfm,00:50:07.911000,0.23199499999999995,-0.0018400000408291817,9.36304e-06,9.616639999999998e-06,-3.813369555003007e-09,-23.834319718793267
SaveOnEvent_ch1_20260928005008111.wfm,00:50:08.111000,0.23099500000000006,-0.0020000000949949026,6.763359999999999e-06,8.41888e-06,-5.572908795492257e-09,-34.83087997182156
SaveOnEvent_ch1_20260928005008311.wfm,00:50:08.311000,0.22999500000000017,-0.0014400000218302011,-6.400000000000481e-09,5.152000000000082e-08,-6.073663868498973e-10,-3.7959999178128783
SaveOnEvent_ch1_20260928005008511.wfm,00:50:08.511000,0.22899499999999984,-0.0020000000949949026,8.16192e-06,9.611359999999998e-06,-3.040556825201493e-09,-19.004000157525297
SaveOnEvent_ch1_20260928005008711.wfm,00:50:08.711000,0.22799499999999995,-0.0012799999676644802,-6.880000000000178e-09,8.091839999999997e-06,-3.992159992216619e-09,-24.951199951348826
SaveOnEvent_ch1_20260928005008911.wfm,00:50:08.911000,0.22699500000000006,-0.00215999991632998,9.56176e-06,9.609919999999997e-06,-8.78124814091713e-10,-5.4892800880770665
SaveOnEvent_ch1_20260928005009111.wfm,00:50:09.111000,0.22599499999999995,-0.0013599999947473407,-8.159999999999935e-09,6.959680000000001e-06,-3.5934207630855994e-09,-22.459039769280935
SaveOnEvent_ch1_20260928005009311.wfm,00:50:09.311000,0.22499500000000006,-0.0015999999595806003,7.1460799999999995e-06,9.463359999999999e-06,-5.250054404046385e-09,-32.81320002529537
SaveOnEvent_ch1_20260928005009511.wfm,00:50:09.511000,0.22399499999999994,-0.002400000113993883,6.45296e-06,7.79792e-06,-6.4651711691985835e-09,-40.40743980748812
SaveOnEvent_ch1_20260928005009711.wfm,00:50:09.711000,0.22299499999999983,-0.0012000000569969416,-7.839999999999573e-09,7.899679999999999e-06,-4.538771156717558e-09,-28.367439729481703
SaveOnEvent_ch1_20260928005009911.wfm,00:50:09.911000,0.22199499999999994,-0.0012799999676644802,9.585919999999999e-06,9.620479999999997e-06,-9.869247954105931e-10,-6.168879971344722
SaveOnEvent_ch1_20260928005010111.wfm,00:50:10.111000,0.22099500000000005,-0.0016799999866634607,4.672319999999999e-06,7.187520000000002e-06,-6.270335975671184e-09,-39.189839847938856
SaveOnEvent_ch1_20260928005010311.wfm,00:50:10.311000,0.21999500000000016,-0.0013599999947473407,-1.920000000000483e-09,4.672000000000046e-08,-1.3053439825307312e-10,-0.8158399890817236
SaveOnEvent_ch1_20260928005010511.wfm,00:50:10.511000,0.21899499999999983,-0.0014400000218302011,9.45632e-06,9.622079999999997e-06,-1.976563176647758e-09,-12.354159854032332
SaveOnEvent_ch1_20260928005010711.wfm,00:50:10.711000,0.21799499999999994,-0.0013599999947473407,6.950879999999998e-06,9.617439999999998e-06,-4.14648960332386e-09,-25.915920020779595
SaveOnEvent_ch1_20260928005010911.wfm,00:50:10.911000,0.21699500000000005,-0.001120000029914081,-4.479999999999998e-09,8.9376e-06,-3.1645759732858285e-09,-19.778719833033392
SaveOnEvent_ch1_20260928005011111.wfm,00:50:11.111000,0.21599499999999994,-0.0012799999676644802,-1.920000000000483e-09,4.288000000000119e-08,-1.3674111673794666e-09,-8.546399796119658
SaveOnEvent_ch1_20260928005011311.wfm,00:50:11.311000,0.21499500000000005,-0.002319999970495701,8.84656e-06,9.616959999999998e-06,-5.980019164308904e-09,-37.37591977691045
SaveOnEvent_ch1_20260928005011511.wfm,00:50:11.511000,0.21399499999999994,-0.0024800000246614218,9.53344e-06,9.611839999999998e-06,-4.092319951860692e-09,-25.57823969918536
SaveOnEvent_ch1_20260928005011712.wfm,00:50:11.712000,0.21299,-0.0012000000569969416,-6.880000000000178e-09,6.159999999999955e-08,-5.454655889072456e-10,-3.409119930671295
SaveOnEvent_ch1_20260928005011911.wfm,00:50:11.911000,0.21199499999999993,-0.0009599999757483602,-2.720000000000543e-09,4.8479999999999915e-08,3.051839916571073e-10,1.9073599478579126
SaveOnEvent_ch1_20260928005012111.wfm,00:50:12.111000,0.21099500000000004,-0.0014400000218302011,-2.5599999999995147e-09,8.453280000000001e-06,-5.135923164682464e-09,-32.09983977925731
SaveOnEvent_ch1_20260928005012311.wfm,00:50:12.311000,0.20999500000000015,-0.0013599999947473407,-4.959999999999695e-09,9.621439999999998e-06,-7.194687880715324e-10,-4.497119925450534
SaveOnEvent_ch1_20260928005012511.wfm,00:50:12.511000,0.20899499999999982,-0.0012799999676644802,-9.11999999999933e-09,9.626079999999998e-06,-2.2039487758325424e-09,-13.77503984895884
SaveOnEvent_ch1_20260928005012711.wfm,00:50:12.711000,0.20799499999999993,-0.002400000113993883,6.06512e-06,7.5249600000000005e-06,-6.93157755622873e-09,-43.322639726422494
SaveOnEvent_ch1_20260928005012911.wfm,00:50:12.911000,0.20699500000000004,-0.0012799999676644802,-5.759999999999755e-09,8.676480000000001e-06,-3.0498623786051732e-09,-19.061919866275275
SaveOnEvent_ch1_20260928005013111.wfm,00:50:13.111000,0.20599499999999993,-0.0014400000218302011,-1.7599999999994546e-09,6.961280000000001e-06,-5.822790389556903e-09,-36.392639934725594
SaveOnEvent_ch1_20260928005013311.wfm,00:50:13.311000,0.20499500000000004,-0.0013599999947473407,-6.71999999999915e-09,9.627359999999998e-06,-2.783366362806407e-09,-17.396479767543497
SaveOnEvent_ch1_20260928005013511.wfm,00:50:13.511000,0.20399499999999993,-0.0015999999595806003,7.208480000000001e-06,8.788639999999999e-06,-4.060467210290952e-09,-25.378160064312397
SaveOnEvent_ch1_20260928005013711.wfm,00:50:13.711000,0.20299499999999981,-0.0013599999947473407,-1.6000000000001202e-09,9.47488e-06,-2.0707071873056708e-09,-12.942159920668928
SaveOnEvent_ch1_20260928005013911.wfm,00:50:13.911000,0.20199499999999992,-0.0012799999676644802,-8.000000000000601e-09,9.611519999999999e-06,-1.5414399797702197e-09,-9.634319873555796
SaveOnEvent_ch1_20260928005014111.wfm,00:50:14.111000,0.20099500000000003,-0.002240000059828162,8.24784e-06,9.308319999999998e-06,-4.506163221292662e-09,-28.164000133081572
SaveOnEvent_ch1_20260928005014311.wfm,00:50:14.311000,0.19999500000000014,-0.0013599999947473407,-7.359999999999875e-09,8.7408e-06,-4.1802496067341404e-09,-26.126720042084344
SaveOnEvent_ch1_20260928005014511.wfm,00:50:14.511000,0.1989949999999998,-0.0012799999676644802,-3.359999999999575e-09,7.558720000000001e-06,-4.314431948680426e-09,-26.96535967924865
SaveOnEvent_ch1_20260928005014711.wfm,00:50:14.711000,0.19799499999999992,-0.0012000000569969416,-5.280000000000058e-09,4.5440000000000703e-08,-6.05599986480082e-10,-3.7851199154974893
SaveOnEvent_ch1_20260928005014911.wfm,00:50:14.911000,0.19699500000000003,-0.0015200000489130616,-6.400000000000481e-09,7.595039999999999e-06,-5.433126353649422e-09,-33.95719971030485
SaveOnEvent_ch1_20260928005015111.wfm,00:50:15.111000,0.19599499999999992,-0.0013599999947473407,-6.239999999999452e-09,9.624799999999998e-06,-1.458561101695258e-11,-0.0915200688468758
SaveOnEvent_ch1_20260928005015311.wfm,00:50:15.311000,0.19499500000000003,-0.00215999991632998,8.396e-06,9.615039999999998e-06,-4.492812807506415e-09,-28.080720046942588
SaveOnEvent_ch1_20260928005015511.wfm,00:50:15.511000,0.19399499999999992,-0.0012799999676644802,-9.600000000000721e-09,5.263999999999955e-08,-5.77702387082391e-10,-3.6106399192649405
SaveOnEvent_ch1_20260928005015711.wfm,00:50:15.711000,0.1929949999999998,-0.0012799999676644802,-1.920000000000483e-09,4.5760000000001066e-08,-2.260313553707673e-09,-14.127119710668921
SaveOnEvent_ch1_20260928005015911.wfm,00:50:15.911000,0.19199499999999992,-0.0017600000137463212,9.57616e-06,9.612639999999998e-06,-2.4655807718960547e-09,-15.410719824343687
SaveOnEvent_ch1_20260928005016111.wfm,00:50:16.111000,0.19099500000000003,-0.0014400000218302011,-3.6799999999999377e-09,9.320159999999998e-06,-3.750464022252709e-09,-23.440720139071345
SaveOnEvent_ch1_20260928005016311.wfm,00:50:16.311000,0.18999500000000014,-0.002240000059828162,6.400960000000001e-06,7.7904e-06,-6.281228772886095e-09,-39.257919830532046
SaveOnEvent_ch1_20260928005016511.wfm,00:50:16.511000,0.1889949999999998,-0.0016799999866634607,6.489279999999999e-06,7.782240000000001e-06,-4.8151679840032015e-09,-30.094959900015965
SaveOnEvent_ch1_20260928005016711.wfm,00:50:16.711000,0.1879949999999999,-0.0024800000246614218,8.066719999999998e-06,9.24608e-06,-5.774348796727132e-09,-36.09015997953247
SaveOnEvent_ch1_20260928005016911.wfm,00:50:16.911000,0.18699500000000002,-0.0012799999676644802,-5.280000000000058e-09,9.169759999999999e-06,-2.3550463925674523e-09,-14.719279953540536
SaveOnEvent_ch1_20260928005017111.wfm,00:50:17.111000,0.18599500000000013,-0.0012000000569969416,-7.680000000000238e-09,5.711999999999955e-08,-1.7432575601921412e-09,-10.895679751207354
SaveOnEvent_ch1_20260928005017311.wfm,00:50:17.311000,0.18499500000000002,-0.0018400000408291817,7.123359999999999e-06,8.740959999999999e-06,-4.0241600134596214e-09,-25.15128008413012
SaveOnEvent_ch1_20260928005017511.wfm,00:50:17.511000,0.1839949999999999,-0.0013599999947473407,-2.239999999999152e-09,9.18016e-06,-2.6170623848820124e-09,-16.356799905508524
SaveOnEvent_ch1_20260928005017711.wfm,00:50:17.711000,0.18299500000000002,-0.0020800000056624413,5.047999999999998e-06,7.138239999999998e-06,-8.184031974130778e-09,-51.150479838310275
SaveOnEvent_ch1_20260928005017911.wfm,00:50:17.911000,0.1819949999999999,-0.001120000029914081,-7.200000000000541e-09,9.627999999999998e-06,-7.504127969034017e-10,-4.690559980634134
SaveOnEvent_ch1_20260928005018111.wfm,00:50:18.111000,0.18099500000000002,-0.0015200000489130616,3.2000000000036285e-10,4.751999999999883e-08,-1.1037631743517688e-09,-6.898559839697555
SaveOnEvent_ch1_20260928005018311.wfm,00:50:18.311000,0.17999500000000013,-0.0015999999595806003,9.42272e-06,9.615039999999998e-06,-2.08139520172728e-09,-13.009440010820981
SaveOnEvent_ch1_20260928005018511.wfm,00:50:18.511000,0.1789949999999998,-0.004399999976158142,6.243199999999998e-07,1.2743999999999992e-06,-7.579321563800331e-09,-47.37087977374904
SaveOnEvent_ch1_20260928005018711.wfm,00:50:18.711000,0.1779949999999999,-0.0013599999947473407,-3.2000000000036285e-10,9.622879999999998e-06,-2.6436031524953405e-09,-16.523119703109842
SaveOnEvent_ch1_20260928005018911.wfm,00:50:18.911000,0.176995,-0.0012799999676644802,-5.280000000000058e-09,7.735839999999999e-06,-2.984998387689702e-09,-18.656479923054576
SaveOnEvent_ch1_20260928005019111.wfm,00:50:19.111000,0.17599500000000012,-0.0019199999514967203,7.56992e-06,9.12848e-06,-4.2731200027908195e-09,-26.70728001743555
SaveOnEvent_ch1_20260928005019311.wfm,00:50:19.311000,0.174995,-0.0013599999947473407,-6.880000000000178e-09,9.630719999999997e-06,-3.0333503666380417e-09,-18.95879979149322
SaveOnEvent_ch1_20260928005019511.wfm,00:50:19.511000,0.1739949999999999,-0.002319999970495701,1.8670400000000003e-06,3.223360000000001e-06,-6.528934395886029e-09,-40.805839974287665
SaveOnEvent_ch1_20260928005019711.wfm,00:50:19.711000,0.172995,-0.001120000029914081,-6.400000000007257e-10,4.159999999999974e-08,-1.0168383752857327e-09,-6.355439845530782
SaveOnEvent_ch1_20260928005019911.wfm,00:50:19.911000,0.1719949999999999,-0.0012799999676644802,-4.800000000000361e-09,9.619359999999999e-06,-2.804409581485671e-09,-17.527839884278364
SaveOnEvent_ch1_20260928005020111.wfm,00:50:20.111000,0.170995,-0.0014400000218302011,5.402879999999999e-06,7.705439999999999e-06,-5.733574384620877e-09,-35.83503990387544
SaveOnEvent_ch1_20260928005020310.wfm,00:50:20.310000,0.16999999999999993,-0.0013599999947473407,-6.880000000000178e-09,9.626399999999998e-06,-4.186137598624916e-09,-26.163839991408167
SaveOnEvent_ch1_20260928005020511.wfm,00:50:20.511000,0.16899499999999978,-0.0020800000056624413,6.97328e-06,8.94208e-06,-5.119718409106137e-09,-31.998560056905262
SaveOnEvent_ch1_20260928005020711.wfm,00:50:20.711000,0.1679949999999999,-0.0016799999866634607,9.3536e-06,9.620799999999998e-06,-3.1120959607488448e-09,-19.451359754661098
SaveOnEvent_ch1_20260928005020911.wfm,00:50:20.911000,0.166995,-0.0014400000218302011,7.054239999999999e-06,8.946080000000001e-06,-3.805452845029067e-09,-23.78432028144016
SaveOnEvent_ch1_20260928005021111.wfm,00:50:21.111000,0.16599500000000011,-0.001120000029914081,-8.159999999999935e-09,9.60928e-06,-2.6264575903280626e-09,-16.415599939558888
SaveOnEvent_ch1_20260928005021311.wfm,00:50:21.311000,0.164995,-0.0013599999947473407,-2.0799999999998175e-09,9.54176e-06,-1.159955207349266e-09,-7.2500000459258445
SaveOnEvent_ch1_20260928005021511.wfm,00:50:21.511000,0.1639949999999999,-0.0015200000489130616,7.113279999999999e-06,9.47536e-06,-4.9062143972236674e-09,-30.66423998263781
SaveOnEvent_ch1_20260928005021711.wfm,00:50:21.711000,0.162995,-0.0015999999595806003,8.087839999999998e-06,9.619359999999999e-06,-4.529036809548268e-09,-28.307040059677092
SaveOnEvent_ch1_20260928005021911.wfm,00:50:21.911000,0.1619949999999999,-0.0012000000569969416,-5.439999999999392e-09,7.5463999999999994e-06,-3.556863975562156e-09,-22.23055984725943
SaveOnEvent_ch1_20260928005022111.wfm,00:50:22.111000,0.160995,-0.0015999999595806003,8.35424e-06,9.614719999999998e-06,-3.570803204399998e-09,-22.318160027527483
SaveOnEvent_ch1_20260928005022311.wfm,00:50:22.311000,0.1599950000000001,-0.0012799999676644802,9.431839999999998e-06,9.620319999999998e-06,-2.128345607179216e-09,-13.302720044885064
SaveOnEvent_ch1_20260928005022511.wfm,00:50:22.511000,0.15899499999999978,-0.0012799999676644802,-5.759999999999755e-09,9.40784e-06,-2.685350356698037e-09,-16.783759729354642
SaveOnEvent_ch1_20260928005022711.wfm,00:50:22.711000,0.15799499999999989,-0.0012000000569969416,-3.039999999999212e-09,9.622079999999997e-06,-2.2493503844481864e-09,-14.058959902788047
SaveOnEvent_ch1_20260928005022911.wfm,00:50:22.911000,0.156995,-0.0013599999947473407,8.000000000000601e-10,9.6248e-06,-5.236268795684443e-09,-32.72695997302071
SaveOnEvent_ch1_20260928005023111.wfm,00:50:23.111000,0.1559950000000001,-0.001120000029914081,-6.559999999999815e-09,4.1279999999999374e-08,-1.2883201024960477e-11,-0.08056000640499406
SaveOnEvent_ch1_20260928005023311.wfm,00:50:23.311000,0.154995,-0.002319999970495701,9.022399999999999e-06,9.616479999999997e-06,-3.997555171730928e-09,-24.985599823325174
SaveOnEvent_ch1_20260928005023511.wfm,00:50:23.511000,0.15399499999999988,-0.0012799999676644802,-5.1200000000007235e-09,9.5176e-06,-3.405190369482148e-09,-21.28271980927093
SaveOnEvent_ch1_20260928005023711.wfm,00:50:23.711000,0.152995,-0.0017600000137463212,9.508319999999998e-06,9.616639999999998e-06,-5.874880030867636e-10,-3.67272001929814
SaveOnEvent_ch1_20260928005023911.wfm,00:50:23.911000,0.15199499999999988,-0.0013599999947473407,-6.400000000007257e-10,9.6e-06,-2.314847978828475e-09,-14.468079867685447
SaveOnEvent_ch1_20260928005024111.wfm,00:50:24.111000,0.150995,-0.0013599999947473407,1.120000000000423e-09,8.964479999999999e-06,-3.846886379073837e-09,-24.043359869217966
SaveOnEvent_ch1_20260928005024311.wfm,00:50:24.311000,0.1499950000000001,-0.0027199999894946814,1.7271999999999993e-06,1.4412799999999995e-06,-5.812435213469434e-09,-36.327760084182955
SaveOnEvent_ch1_20260928005024511.wfm,00:50:24.511000,0.14899499999999977,-0.0013599999947473407,-2.239999999999152e-09,7.279519999999998e-06,-7.039519936109428e-09,-43.99719960067887
SaveOnEvent_ch1_20260928005024711.wfm,00:50:24.711000,0.14799499999999988,-0.0012000000569969416,1.120000000000423e-09,8.366079999999998e-06,-4.5541439541871644e-09,-28.463679713662714
SaveOnEvent_ch1_20260928005024911.wfm,00:50:24.911000,0.146995,-0.0012000000569969416,-6.71999999999915e-09,4.7360000000001186e-08,6.001279830140991e-10,3.7507998938381206
SaveOnEvent_ch1_20260928005025111.wfm,00:50:25.111000,0.1459950000000001,-0.0013599999947473407,-6.880000000000178e-09,8.813119999999998e-06,-5.568998361206615e-09,-34.80647975753527
SaveOnEvent_ch1_20260928005025311.wfm,00:50:25.311000,0.14499499999999999,-0.0012799999676644802,-2.0799999999998175e-09,6.968479999999998e-06,-3.057599961869417e-09,-19.110159761679824
SaveOnEvent_ch1_20260928005025511.wfm,00:50:25.511000,0.14399499999999987,-0.0017600000137463212,6.77088e-06,8.56832e-06,-5.802899173942858e-09,-36.2683998371358
SaveOnEvent_ch1_20260928005025711.wfm,00:50:25.711000,0.14299499999999998,-0.002319999970495701,8.689279999999999e-06,9.607679999999998e-06,-2.1586880227481004e-09,-13.492560142156435
SaveOnEvent_ch1_20260928005025911.wfm,00:50:25.911000,0.14199499999999987,-0.0015200000489130616,9.577439999999999e-06,9.626879999999998e-06,-1.7314431792544183e-09,-10.82223987035104
SaveOnEvent_ch1_20260928005026111.wfm,00:50:26.111000,0.14099499999999998,-0.0015999999595806003,8.09856e-06,9.565599999999999e-06,-3.508505594241433e-09,-21.92847996400087
SaveOnEvent_ch1_20260928005026311.wfm,00:50:26.311000,0.1399950000000001,-0.0014400000218302011,5.689599999999999e-06,8.519839999999999e-06,-4.77077758422587e-09,-29.81759990140563
SaveOnEvent_ch1_20260928005026511.wfm,00:50:26.511000,0.13899499999999976,-0.0014400000218302011,6.433120000000001e-06,8.132159999999999e-06,-4.842124769841319e-09,-30.263439811504213
SaveOnEvent_ch1_20260928005026711.wfm,00:50:26.711000,0.13799499999999987,-0.001120000029914081,-7.839999999999573e-09,6.719999999999997e-08,-4.4520319041563284e-10,-2.7826399400946684
SaveOnEvent_ch1_20260928005026911.wfm,00:50:26.911000,0.13699499999999998,-0.0018400000408291817,8.437919999999999e-06,9.620159999999997e-06,-4.6667775635351406e-09,-29.168079772091005
SaveOnEvent_ch1_20260928005027111.wfm,00:50:27.111000,0.1359950000000001,-0.0012000000569969416,-8.31999999999927e-09,9.626559999999997e-06,-2.019948793530929e-09,-12.624959959561238
SaveOnEvent_ch1_20260928005027311.wfm,00:50:27.311000,0.13499499999999998,-0.0012799999676644802,-7.359999999999875e-09,4.975999999999967e-08,-1.8632255550078116e-09,-11.64535971879377
SaveOnEvent_ch1_20260928005027511.wfm,00:50:27.511000,0.13399499999999986,-0.0012000000569969416,-4.959999999999695e-09,4.8479999999999915e-08,1.1577597849536205e-11,0.07231998656061478
SaveOnEvent_ch1_20260928005027711.wfm,00:50:27.711000,0.13299499999999997,-0.0014400000218302011,-2.4000000000001803e-09,9.626719999999999e-06,-1.6395519794826377e-09,-10.247679871768923
SaveOnEvent_ch1_20260928005027911.wfm,00:50:27.911000,0.13199499999999986,-0.0012000000569969416,-6.400000000007257e-10,4.7679999999999855e-08,-3.0656015197754904e-12,-0.01928000949556008
SaveOnEvent_ch1_20260928005028111.wfm,00:50:28.111000,0.13099499999999997,-0.0012799999676644802,-6.400000000000481e-09,5.7280000000000576e-08,-1.070867179660127e-09,-6.69319987288327
SaveOnEvent_ch1_20260928005028311.wfm,00:50:28.311000,0.12999500000000008,-0.001120000029914081,-7.200000000000541e-09,4.224000000000046e-08,6.129727832810014e-10,3.8311198955052532
SaveOnEvent_ch1_20260928005028511.wfm,00:50:28.511000,0.12899499999999975,-0.0017600000137463212,3.312e-06,4.7147200000000005e-06,-6.205401564734056e-09,-38.783759779587854
SaveOnEvent_ch1_20260928005028711.wfm,00:50:28.711000,0.12799499999999986,-0.0014400000218302011,-6.880000000000178e-09,8.9048e-06,-4.715974387326275e-09,-29.475119920796715
SaveOnEvent_ch1_20260928005028911.wfm,00:50:28.911000,0.12699499999999997,-0.0014400000218302011,-4.0000000000003005e-09,9.620799999999998e-06,-8.703744009346704e-10,-5.440480005840072
SaveOnEvent_ch1_20260928005029111.wfm,00:50:29.111000,0.12599500000000008,-0.0015999999595806003,7.48352e-06,9.3992e-06,-4.879711997651026e-09,-30.49855998530984
SaveOnEvent_ch1_20260928005029311.wfm,00:50:29.311000,0.12499500000000019,-0.0013599999947473407,6.400000000007257e-10,4.752000000000052e-08,-4.328320048050815e-11,-0.2705600030021742
SaveOnEvent_ch1_20260928005029511.wfm,00:50:29.511000,0.12399499999999986,-0.0013599999947473407,-3.839999999999272e-09,8.3608e-06,-5.26164478791412e-09,-32.885599924455164
SaveOnEvent_ch1_20260928005029711.wfm,00:50:29.711000,0.12299499999999997,-0.0012799999676644802,-5.759999999999755e-09,9.624799999999998e-06,-1.2060351884341793e-09,-7.538239927729592
SaveOnEvent_ch1_20260928005029910.wfm,00:50:29.910000,0.12199999999999989,-0.0024800000246614218,1.1871999999999994e-06,2.7603199999999993e-06,-6.7204735969705515e-09,-42.00303998106392
SaveOnEvent_ch1_20260928005030111.wfm,00:50:30.111000,0.12099499999999996,-0.0013599999947473407,-6.080000000000118e-09,5.280000000000058e-08,-1.1504831726406707e-09,-7.190639829001157
SaveOnEvent_ch1_20260928005030311.wfm,00:50:30.311000,0.11999500000000007,-0.0017600000137463212,9.557280000000001e-06,9.620639999999998e-06,-3.168678363466168e-09,-19.805119771655882
SaveOnEvent_ch1_20260928005030511.wfm,00:50:30.511000,0.11899499999999996,-0.0013599999947473407,-3.039999999999212e-09,5.1387199999999985e-06,-4.651084730746224e-09,-29.06943956715986
SaveOnEvent_ch1_20260928005030711.wfm,00:50:30.711000,0.11799499999999985,-0.001120000029914081,1.7599999999994546e-09,9.615519999999998e-06,-1.6511295998445702e-09,-10.319839999021497
SaveOnEvent_ch1_20260928005030911.wfm,00:50:30.911000,0.11699499999999996,-0.0016799999866634607,7.9464e-06,9.621119999999998e-06,-3.482995215177068e-09,-21.769200094859116
SaveOnEvent_ch1_20260928005031111.wfm,00:50:31.111000,0.11599500000000007,-0.0018400000408291817,9.106719999999998e-06,9.616959999999998e-06,-2.022924801153129e-09,-12.644080007186858
SaveOnEvent_ch1_20260928005031311.wfm,00:50:31.311000,0.11499500000000018,-0.0012000000569969416,-5.9200000000007836e-09,5.3280000000000276e-08,-2.304383961809804e-10,-1.4402399761311244
SaveOnEvent_ch1_20260928005031511.wfm,00:50:31.511000,0.11399499999999985,-0.001120000029914081,-2.239999999999152e-09,4.319999999999986e-08,9.88627173954156e-10,6.17895983721246
SaveOnEvent_ch1_20260928005031711.wfm,00:50:31.711000,0.11299499999999996,-0.0014400000218302011,-2.720000000000543e-09,9.309919999999998e-06,-2.38255998834502e-09,-14.89127992716385
SaveOnEvent_ch1_20260928005031912.wfm,00:50:31.912000,0.11199000000000003,-0.0010400000028312206,-4.159999999999635e-09,6.629759999999998e-06,-4.192684744608122e-09,-26.204399653797736
SaveOnEvent_ch1_20260928005032112.wfm,00:50:32.112000,0.11098999999999992,-0.0012799999676644802,-6.71999999999915e-09,4.7199999999998464e-08,1.5521279437001632e-10,0.9700799648126122
SaveOnEvent_ch1_20260928005032311.wfm,00:50:32.311000,0.10999500000000006,-0.0020800000056624413,6.50304e-06,7.91872e-06,-5.395974387314633e-09,-33.725039920711424
SaveOnEvent_ch1_20260928005032511.wfm,00:50:32.511000,0.10899499999999995,-0.0014400000218302011,8.92288e-06,9.620319999999998e-06,-2.2972031956375546e-09,-14.358079972764244
SaveOnEvent_ch1_20260928005032711.wfm,00:50:32.711000,0.10799499999999984,-0.0013599999947473407,-7.200000000000541e-09,5.1199999999998764e-08,-1.126284773154184e-09,-7.039279832213651
SaveOnEvent_ch1_20260928005032912.wfm,00:50:32.912000,0.10699000000000014,-0.0016799999866634607,5.813280000000001e-06,7.5465600000000005e-06,-5.413286371650174e-09,-33.83319982280955
SaveOnEvent_ch1_20260928005033111.wfm,00:50:33.111000,0.10599500000000006,-0.0012799999676644802,-6.559999999999815e-09,6.992000000000051e-08,-2.042547150989995e-09,-12.766159693681402
SaveOnEvent_ch1_20260928005033311.wfm,00:50:33.311000,0.10499500000000017,-0.0015200000489130616,8.56672e-06,9.621919999999998e-06,-2.084652809938413e-09,-13.029680062143598
SaveOnEvent_ch1_20260928005033511.wfm,00:50:33.511000,0.10399499999999984,-0.00215999991632998,8.855359999999999e-06,9.606239999999997e-06,-3.1773248249152643e-09,-19.85904015574488
SaveOnEvent_ch1_20260928005033711.wfm,00:50:33.711000,0.10299499999999995,-0.0013599999947473407,-8.639999999999633e-09,9.267839999999999e-06,-5.172563201126177e-09,-32.32888000702951
SaveOnEvent_ch1_20260928005033911.wfm,00:50:33.911000,0.10199500000000006,-0.0015999999595806003,7.3535999999999985e-06,9.171039999999999e-06,-4.888582397198771e-09,-30.55391998248524
SaveOnEvent_ch1_20260928005034111.wfm,00:50:34.111000,0.10099499999999995,-0.0012000000569969416,-6.080000000000118e-09,9.625439999999997e-06,-1.9099071680707825e-09,-11.937439800443826
SaveOnEvent_ch1_20260928005034311.wfm,00:50:34.311000,0.09999500000000006,-0.0020000000949949026,7.629759999999998e-06,9.012799999999998e-06,-3.1922816303139577e-09,-19.952080189454136
SaveOnEvent_ch1_20260928005034511.wfm,00:50:34.511000,0.09899499999999994,-0.0016799999866634607,8.3352e-06,9.620799999999998e-06,-3.99919359413441e-09,-24.995519963355036
SaveOnEvent_ch1_20260928005034711.wfm,00:50:34.711000,0.09799499999999983,-0.0025599999353289604,9.42704e-06,9.608799999999999e-06,-3.447276777448129e-09,-21.54671985906316
SaveOnEvent_ch1_20260928005034911.wfm,00:50:34.911000,0.09699499999999994,-0.0012799999676644802,-4.479999999999998e-09,5.551999999999943e-08,-1.2351679708971636e-09,-7.719999818102224
SaveOnEvent_ch1_20260928005035111.wfm,00:50:35.111000,0.09599500000000005,-0.0015999999595806003,-3.6799999999999377e-09,9.056000000000001e-06,-5.1230975866317764e-09,-32.01967991644051
SaveOnEvent_ch1_20260928005035311.wfm,00:50:35.311000,0.09499500000000016,-0.0015200000489130616,7.4627199999999986e-06,9.621759999999997e-06,-3.425638417913576e-09,-21.41064011194976
SaveOnEvent_ch1_20260928005035511.wfm,00:50:35.511000,0.09399499999999983,-0.0014400000218302011,-5.280000000000058e-09,9.622719999999998e-06,-1.3015167813515275e-09,-8.135119883459993
SaveOnEvent_ch1_20260928005035711.wfm,00:50:35.711000,0.09299499999999994,-0.0013599999947473407,-1.071999999999945e-08,5.1040000000001124e-08,-1.2924223690596387e-09,-8.077679806621745
SaveOnEvent_ch1_20260928005035911.wfm,00:50:35.911000,0.09199500000000005,-0.0018400000408291817,6.322719999999999e-06,8.189919999999999e-06,-5.654559978062751e-09,-35.34127986288513
SaveOnEvent_ch1_20260928005036111.wfm,00:50:36.111000,0.09099499999999994,-0.0013599999947473407,-2.5599999999995147e-09,5.312000000000094e-08,-9.813759769918397e-10,-6.133839856192935
SaveOnEvent_ch1_20260928005036311.wfm,00:50:36.311000,0.08999500000000005,-0.0016799999866634607,3.7208e-06,4.888959999999999e-06,-4.779564794318284e-09,-29.87231996448827
SaveOnEvent_ch1_20260928005036512.wfm,00:50:36.512000,0.0889899999999999,-0.0012799999676644802,-1.4400000000007858e-09,4.352000000000022e-08,3.726399889471948e-10,2.3290399309189525
SaveOnEvent_ch1_20260928005036711.wfm,00:50:36.711000,0.08799499999999982,-0.0012000000569969416,-7.200000000000541e-09,9.625119999999998e-06,-1.986905566675121e-09,-12.418799791717902
SaveOnEvent_ch1_20260928005036911.wfm,00:50:36.911000,0.08699499999999993,-0.0019199999514967203,6.59536e-06,7.963999999999999e-06,-5.995231989396269e-09,-37.47039993372164
SaveOnEvent_ch1_20260928005037111.wfm,00:50:37.111000,0.08599500000000004,-0.0014400000218302011,-6.080000000000118e-09,6.779359999999999e-06,-5.326054397383705e-09,-33.28799998364411
SaveOnEvent_ch1_20260928005037311.wfm,00:50:37.311000,0.08499500000000015,-0.0013599999947473407,8.7808e-06,9.624959999999997e-06,-2.760108803536273e-09,-17.2512000221177
SaveOnEvent_ch1_20260928005037511.wfm,00:50:37.511000,0.08399499999999982,-0.0016799999866634607,5.326720000000001e-06,7.210879999999999e-06,-5.908223963710481e-09,-36.926559773186455
SaveOnEvent_ch1_20260928005037711.wfm,00:50:37.711000,0.08299499999999993,-0.0015999999595806003,9.17712e-06,9.618559999999999e-06,-3.2708096015686153e-09,-20.44328000981477
SaveOnEvent_ch1_20260928005037911.wfm,00:50:37.911000,0.08199500000000004,-0.0016799999866634607,4.0662399999999995e-06,5.845119999999997e-06,-5.74345597675769e-09,-35.89671985473251
SaveOnEvent_ch1_20260928005038111.wfm,00:50:38.111000,0.08099499999999993,-0.0015200000489130616,-3.039999999999212e-09,9.623999999999998e-06,-1.97441918356577e-09,-12.340479897276964
SaveOnEvent_ch1_20260928005038311.wfm,00:50:38.311000,0.07999500000000004,-0.0015999999595806003,4.996479999999999e-06,7.5328e-06,-6.076959994204808e-09,-37.981199963775
SaveOnEvent_ch1_20260928005038511.wfm,00:50:38.511000,0.07899499999999993,-0.0014400000218302011,-6.400000000007257e-10,4.479999999999998e-08,-1.4346559909312075e-09,-8.966879943327513
SaveOnEvent_ch1_20260928005038711.wfm,00:50:38.711000,0.07799499999999981,-0.0012000000569969416,-5.439999999999392e-09,9.623359999999999e-06,-4.608236762387676e-09,-28.801759764930466
SaveOnEvent_ch1_20260928005038911.wfm,00:50:38.911000,0.07699499999999992,-0.0015999999595806003,8.826879999999999e-06,9.621439999999998e-06,-3.2936832045624015e-09,-20.586240028525935
SaveOnEvent_ch1_20260928005039111.wfm,00:50:39.111000,0.07599500000000003,-0.0013599999947473407,-4.159999999999635e-09,9.62576e-06,-4.055648016191554e-09,-25.348160101188114
SaveOnEvent_ch1_20260928005039311.wfm,00:50:39.311000,0.07499500000000014,-0.0015999999595806003,5.748159999999999e-06,8.00608e-06,-3.850784041516016e-09,-24.067600259470055
SaveOnEvent_ch1_20260928005039511.wfm,00:50:39.511000,0.07399499999999981,-0.0017600000137463212,6.0376e-06,7.826239999999997e-06,-4.560569604183548e-09,-28.50384002615465
SaveOnEvent_ch1_20260928005039711.wfm,00:50:39.711000,0.07299499999999992,-0.0012799999676644802,-6.080000000000118e-09,9.576159999999999e-06,-6.610240063606755e-10,-4.1316000397491734
SaveOnEvent_ch1_20260928005039911.wfm,00:50:39.911000,0.07199500000000003,-0.0016799999866634607,4.6385600000000005e-06,6.529280000000001e-06,-5.6238271806272646e-09,-35.14911987891537
SaveOnEvent_ch1_20260928005040112.wfm,00:50:40.112000,0.07098999999999989,-0.0012000000569969416,-3.839999999999272e-09,9.582719999999999e-06,-3.526060780957337e-09,-22.03815988099086
SaveOnEvent_ch1_20260928005040311.wfm,00:50:40.311000,0.06999500000000003,-0.0012000000569969416,-5.600000000000421e-09,5.456000000000003e-08,9.638271732768065e-10,6.0239998329780065
SaveOnEvent_ch1_20260928005040511.wfm,00:50:40.511000,0.06899499999999992,-0.0015200000489130616,7.288319999999999e-06,8.90352e-06,-4.029132780865765e-09,-25.182319880404975
SaveOnEvent_ch1_20260928005040711.wfm,00:50:40.711000,0.0679949999999998,-0.0012799999676644802,-3.2000000000002404e-09,5.232000000000088e-08,-6.800063848984436e-10,-4.250079905614257
SaveOnEvent_ch1_20260928005040912.wfm,00:50:40.912000,0.0669900000000001,-0.0013599999947473407,-3.6799999999999377e-09,8.770879999999998e-06,-5.399321610922924e-09,-33.7460800682602
SaveOnEvent_ch1_20260928005041111.wfm,00:50:41.111000,0.06599500000000003,-0.0015200000489130616,-3.039999999999212e-09,9.622079999999997e-06,-1.2942143767210663e-09,-8.089279854495544
SaveOnEvent_ch1_20260928005041311.wfm,00:50:41.311000,0.06499500000000014,-0.0014400000218302011,-3.2000000000036285e-10,9.39984e-06,-3.88364794391673e-09,-24.27319964946946
SaveOnEvent_ch1_20260928005041511.wfm,00:50:41.511000,0.0639949999999998,-0.0028800000436604023,8.176959999999999e-06,9.29792e-06,-4.308121596784331e-09,-26.926319979917025
SaveOnEvent_ch1_20260928005041712.wfm,00:50:41.712000,0.0629900000000001,-0.0013599999947473407,-6.880000000000178e-09,4.912000000000064e-08,-1.2022207715013067e-09,-7.513919821882155
SaveOnEvent_ch1_20260928005041911.wfm,00:50:41.911000,0.06199500000000002,-0.0012000000569969416,6.400000000007257e-10,5.183999999999949e-08,-5.885247867857092e-10,-3.678319917409681
SaveOnEvent_ch1_20260928005042111.wfm,00:50:42.111000,0.06099499999999991,-0.0019199999514967203,8.90128e-06,9.615999999999997e-06,-5.212153560740406e-09,-32.57663975461037
SaveOnEvent_ch1_20260928005042311.wfm,00:50:42.311000,0.05999500000000002,-0.0014400000218302011,8.000000000000601e-10,5.08799999999984e-08,-1.6320319606433615e-09,-10.200319754017983
SaveOnEvent_ch1_20260928005042511.wfm,00:50:42.511000,0.05899499999999991,-0.0010400000028312206,-7.839999999999573e-09,9.609919999999999e-06,-3.2940799550618993e-10,-2.059039971907623
SaveOnEvent_ch1_20260928005042712.wfm,00:50:42.712000,0.057989999999999986,-0.0015200000489130616,9.138879999999998e-06,9.623839999999999e-06,-3.1652031799079827e-09,-19.78319987442228
SaveOnEvent_ch1_20260928005042911.wfm,00:50:42.911000,0.05699499999999991,-0.0012799999676644802,8.351999999999999e-06,9.639039999999998e-06,-3.5439296134398313e-09,-22.150080083985813
SaveOnEvent_ch1_20260928005043111.wfm,00:50:43.111000,0.05599500000000002,-0.0012799999676644802,-6.239999999999452e-09,9.623359999999997e-06,-1.880588783847632e-09,-11.754319899075199
SaveOnEvent_ch1_20260928005043311.wfm,00:50:43.311000,0.05499500000000013,-0.0013599999947473407,-5.759999999999755e-09,9.624639999999997e-06,-1.2692288063885613e-09,-7.933360039925901
SaveOnEvent_ch1_20260928005043511.wfm,00:50:43.511000,0.05399499999999979,-0.0018400000408291817,7.94048e-06,9.54688e-06,-3.1647552137402792e-09,-19.780160085880198
SaveOnEvent_ch1_20260928005043711.wfm,00:50:43.711000,0.0529949999999999,-0.0015200000489130616,-2.0799999999998175e-09,9.301920000000001e-06,-5.542412748383359e-09,-34.640319677389925
SaveOnEvent_ch1_20260928005043911.wfm,00:50:43.911000,0.05199500000000001,-0.0018400000408291817,6.99072e-06,8.7832e-06,-6.120601538449986e-09,-38.254079615318915
SaveOnEvent_ch1_20260928005044111.wfm,00:50:44.111000,0.050995000000000124,-0.0015200000489130616,-6.080000000000118e-09,7.956320000000002e-06,-3.9510655643604695e-09,-24.694319777248893
SaveOnEvent_ch1_20260928005044311.wfm,00:50:44.311000,0.04999500000000001,-0.001120000029914081,-6.559999999999815e-09,9.623359999999999e-06,-1.9905471869837496e-09,-12.441199918655911
SaveOnEvent_ch1_20260928005044512.wfm,00:50:44.512000,0.04898999999999987,-0.0018400000408291817,5.38192e-06,7.454080000000001e-06,-5.833561576036736e-09,-36.45991985022556
SaveOnEvent_ch1_20260928005044711.wfm,00:50:44.711000,0.04799500000000001,-0.0012799999676644802,1.7599999999994546e-09,9.56816e-06,-3.791231971546076e-09,-23.695519822154893
SaveOnEvent_ch1_20260928005044911.wfm,00:50:44.911000,0.0469949999999999,-0.0018400000408291817,9.540479999999998e-06,9.609919999999997e-06,-7.68704001577569e-10,-4.805280009866692
SaveOnEvent_ch1_20260928005045111.wfm,00:50:45.111000,0.04599500000000001,-0.0018400000408291817,7.421920000000001e-06,8.860800000000002e-06,-4.8575808032765045e-09,-30.360160020471085
SaveOnEvent_ch1_20260928005045312.wfm,00:50:45.312000,0.04498999999999986,-0.0012799999676644802,-6.71999999999915e-09,5.743999999999991e-08,-1.0285119756287878e-09,-6.428159847680945
SaveOnEvent_ch1_20260928005045511.wfm,00:50:45.511000,0.043994999999999784,-0.0013599999947473407,-5.280000000000058e-09,9.622079999999997e-06,2.2478718857281077e-10,1.4045599285745993
SaveOnEvent_ch1_20260928005045711.wfm,00:50:45.711000,0.042994999999999894,-0.0015999999595806003,4.3895999999999994e-06,6.304639999999998e-06,-5.140236773150974e-09,-32.12663983218954
SaveOnEvent_ch1_20260928005045912.wfm,00:50:45.912000,0.04198999999999997,-0.0015200000489130616,7.25472e-06,9.32032e-06,-2.7757824373338346e-09,-17.34888023333042
SaveOnEvent_ch1_20260928005046111.wfm,00:50:46.111000,0.040995000000000115,-0.0015200000489130616,8.30528e-06,9.620479999999997e-06,-1.8892928258399447e-09,-11.80864016150008
SaveOnEvent_ch1_20260928005046311.wfm,00:50:46.311000,0.039995,-0.0012799999676644802,-2.720000000000543e-09,9.03936e-06,-3.5216063726670106e-09,-22.010319829161745
SaveOnEvent_ch1_20260928005046511.wfm,00:50:46.511000,0.03899499999999989,-0.0014400000218302011,-1.7599999999994546e-09,9.620319999999998e-06,-1.616761587962973e-09,-10.105119924759492
SaveOnEvent_ch1_20260928005046711.wfm,00:50:46.711000,0.037995,-0.0012000000569969416,-4.800000000000361e-09,6.33600000000007e-08,-6.749631854542532e-10,-4.2186399090860505
SaveOnEvent_ch1_20260928005046911.wfm,00:50:46.911000,0.03699499999999989,-0.0012000000569969416,-7.680000000000238e-09,9.50416e-06,-4.113958383202554e-09,-25.712479895009892
SaveOnEvent_ch1_20260928005047111.wfm,00:50:47.111000,0.035995,-0.0014400000218302011,-5.9200000000007836e-09,4.319999999999986e-08,-8.141247820388512e-10,-5.088559887750307
SaveOnEvent_ch1_20260928005047311.wfm,00:50:47.311000,0.03499500000000011,-0.0012799999676644802,-5.600000000000421e-09,4.543999999999901e-08,-1.1695359873120028e-10,-0.7309599920699839
SaveOnEvent_ch1_20260928005047511.wfm,00:50:47.511000,0.033994999999999775,-0.0015999999595806003,5.5758399999999995e-06,7.201119999999999e-06,-4.747212793719952e-09,-29.670239960745675
SaveOnEvent_ch1_20260928005047711.wfm,00:50:47.711000,0.032994999999999886,-0.0012799999676644802,-4.320000000000663e-09,7.662880000000001e-06,-2.916627166855614e-09,-18.22911979284254
SaveOnEvent_ch1_20260928005047911.wfm,00:50:47.911000,0.031994999999999996,-0.0015999999595806003,-6.400000000007257e-10,7.87232e-06,-5.486585562250109e-09,-34.29135976405814
SaveOnEvent_ch1_20260928005048111.wfm,00:50:48.111000,0.030995000000000106,-0.0013599999947473407,-7.200000000000541e-09,8.789759999999999e-06,-3.2366399883548716e-09,-20.229279927210882
SaveOnEvent_ch1_20260928005048311.wfm,00:50:48.311000,0.029994999999999994,-0.0013599999947473407,-4.159999999999635e-09,4.863999999999925e-08,-1.2663231694861307e-09,-7.9146398092852905
SaveOnEvent_ch1_20260928005048511.wfm,00:50:48.511000,0.028994999999999882,-0.0018400000408291817,7.239040000000001e-06,9.220159999999999e-06,-5.039660799694246e-09,-31.498319998092484
SaveOnEvent_ch1_20260928005048711.wfm,00:50:48.711000,0.027994999999999992,-0.0020800000056624413,8.525279999999998e-06,9.614079999999999e-06,-3.5471616300102306e-09,-22.170480187574867
SaveOnEvent_ch1_20260928005048911.wfm,00:50:48.911000,0.02699499999999988,-0.0015999999595806003,8.074079999999998e-06,9.1872e-06,-5.4029247801913864e-09,-33.7685598761891
SaveOnEvent_ch1_20260928005049111.wfm,00:50:49.111000,0.02599499999999999,-0.001120000029914081,-6.559999999999815e-09,5.0080000000000036e-08,-1.4246719655464407e-09,-8.904239784664242
SaveOnEvent_ch1_20260928005049311.wfm,00:50:49.311000,0.0249950000000001,-0.0013599999947473407,-3.6799999999999377e-09,4.783999999999919e-08,-1.5258495630137624e-09,-9.536639768833993
SaveOnEvent_ch1_20260928005049511.wfm,00:50:49.511000,0.023994999999999767,-0.0013599999947473407,-1.4400000000007858e-09,4.479999999999998e-08,-8.470655798865456e-10,-5.2944798742828425
SaveOnEvent_ch1_20260928005049711.wfm,00:50:49.711000,0.022994999999999877,-0.002240000059828162,9.564e-06,9.608799999999999e-06,-2.70322556544095e-09,-16.89623978396412
SaveOnEvent_ch1_20260928005049911.wfm,00:50:49.911000,0.021994999999999987,-0.0013599999947473407,-4.320000000000663e-09,7.71104e-06,-2.7907071931939568e-09,-17.44207995745819
SaveOnEvent_ch1_20260928005050111.wfm,00:50:50.111000,0.020995000000000097,-0.0012000000569969416,-3.5200000000006033e-09,5.391999999999931e-08,-5.401471881102757e-10,-3.3759999256872106
SaveOnEvent_ch1_20260928005050311.wfm,00:50:50.311000,0.019994999999999985,-0.0014400000218302011,-4.479999999999998e-09,9.619199999999998e-06,-1.7214783656247869e-09,-10.759839785168879
SaveOnEvent_ch1_20260928005050511.wfm,00:50:50.511000,0.018994999999999873,-0.0018400000408291817,7.836800000000001e-06,9.20368e-06,-5.264236785762476e-09,-32.90175991100841
SaveOnEvent_ch1_20260928005050711.wfm,00:50:50.711000,0.017994999999999983,-0.0012000000569969416,-6.400000000000481e-09,6.064000000000015e-08,-8.565311806765367e-10,-5.353359879227355
SaveOnEvent_ch1_20260928005050911.wfm,00:50:50.911000,0.01699499999999987,-0.0012000000569969416,-1.2799999999997574e-09,9.303839999999998e-06,-3.185836780485698e-09,-19.911759878043085
SaveOnEvent_ch1_20260928005051111.wfm,00:50:51.111000,0.01599499999999998,-0.0016799999866634607,3.19104e-06,4.95184e-06,-5.981727980508003e-09,-37.38591987817199
SaveOnEvent_ch1_20260928005051311.wfm,00:50:51.311000,0.014995000000000092,-0.0014400000218302011,5.5183999999999995e-06,8.22288e-06,-4.6417087983759145e-09,-29.01095998985693
SaveOnEvent_ch1_20260928005051511.wfm,00:50:51.511000,0.013994999999999758,-0.0013599999947473407,-6.559999999999815e-09,4.7840000000000884e-08,-1.073529575581196e-09,-6.709839847375406
SaveOnEvent_ch1_20260928005051711.wfm,00:50:51.711000,0.012994999999999868,-0.0012799999676644802,-6.080000000000118e-09,6.246719999999999e-06,-3.5992767635709586e-09,-22.49567977231345
SaveOnEvent_ch1_20260928005051911.wfm,00:50:51.911000,0.011994999999999978,-0.0012000000569969416,-4.639999999999332e-09,6.143999999999852e-08,-5.920703872595884e-10,-3.7004799203714356
SaveOnEvent_ch1_20260928005052111.wfm,00:50:52.111000,0.010995000000000088,-0.0013599999947473407,-2.720000000000543e-09,5.295999999999991e-08,-9.706687773228635e-10,-6.0666398582689
SaveOnEvent_ch1_20260928005052311.wfm,00:50:52.311000,0.009994999999999976,-0.0012799999676644802,-1.1680000000000539e-08,5.5840000000001485e-08,-2.316575950079132e-09,-14.478799687989522
SaveOnEvent_ch1_20260928005052511.wfm,00:50:52.511000,0.008994999999999864,-0.0015999999595806003,5.584159999999999e-06,8.197919999999998e-06,-5.132640018474775e-09,-32.0792001154623
SaveOnEvent_ch1_20260928005052711.wfm,00:50:52.711000,0.007994999999999974,-0.0014400000218302011,7.299200000000001e-06,9.5832e-06,-3.887174415728075e-09,-24.29512009830796
SaveOnEvent_ch1_20260928005052911.wfm,00:50:52.911000,0.0069949999999998624,-0.0014400000218302011,-6.080000000000118e-09,9.627359999999998e-06,-3.216812774883579e-09,-20.105679843050893
SaveOnEvent_ch1_20260928005053111.wfm,00:50:53.111000,0.005994999999999973,-0.0016799999866634607,7.318080000000001e-06,9.57936e-06,-4.45640960447723e-09,-27.852960027987137
SaveOnEvent_ch1_20260928005053311.wfm,00:50:53.311000,0.004995000000000083,-0.0013599999947473407,-2.0799999999998175e-09,9.624000000000001e-06,-1.682963191641028e-09,-10.518879947747337
SaveOnEvent_ch1_20260928005053511.wfm,00:50:53.511000,0.003994999999999749,-0.0012000000569969416,-2.720000000000543e-09,4.1919999999998406e-08,3.4679038965143207e-10,2.167439935321454
SaveOnEvent_ch1_20260928005053711.wfm,00:50:53.711000,0.002994999999999859,-0.0017600000137463212,7.13408e-06,9.256160000000002e-06,-4.84908160462277e-09,-30.30704002888524
SaveOnEvent_ch1_20260928005053911.wfm,00:50:53.911000,0.001994999999999969,-0.0015999999595806003,5.004e-06,6.917759999999999e-06,-5.6456767821661184e-09,-35.285679888533195
SaveOnEvent_ch1_20260928005054111.wfm,00:50:54.111000,0.0009950000000000792,-0.0013599999947473407,-2.720000000000543e-09,8.324640000000001e-06,-5.094214398355689e-09,-31.839039989718003
SaveOnEvent_ch1_20260928005054311.wfm,00:50:54.311000,-4.999999999810711e-06,-0.0012799999676644802,-8.959999999999996e-09,9.61056e-06,-3.214649575855581e-09,-20.091839849104872
SaveOnEvent_ch1_20260928005054511.wfm,00:50:54.511000,-0.0010050000000001447,-0.0015200000489130616,9.231679999999999e-06,9.620159999999997e-06,-1.6583615967631324e-09,-10.365439979766961
SaveOnEvent_ch1_20260928005054712.wfm,00:50:54.712000,-0.0020099999999998452,-0.0015200000489130616,-9.760000000000056e-09,8.8968e-06,-4.09047676017275e-09,-25.56575975107262
SaveOnEvent_ch1_20260928005054911.wfm,00:50:54.911000,-0.0030049999999999244,-0.0019199999514967203,4.4934399999999995e-06,6.48144e-06,-5.602745598510371e-09,-35.01719999068882
SaveOnEvent_ch1_20260928005055111.wfm,00:50:55.111000,-0.004004999999999814,-0.0012000000569969416,-5.9200000000007836e-09,9.625119999999998e-06,3.832319418434371e-11,0.2391199636622332
SaveOnEvent_ch1_20260928005055311.wfm,00:50:55.311000,-0.005004999999999704,-0.0012799999676644802,-3.039999999999212e-09,8.998079999999998e-06,-2.2992255635117177e-09,-14.370479771954706
SaveOnEvent_ch1_20260928005055511.wfm,00:50:55.511000,-0.006005000000000038,-0.0012000000569969416,-4.0000000000003005e-09,4.9279999999999975e-08,-5.42815988201184e-10,-3.3925599262584
SaveOnEvent_ch1_20260928005055711.wfm,00:50:55.711000,-0.007004999999999928,-0.0012000000569969416,-9.91999999999939e-09,9.632479999999998e-06,-2.6105599515419434e-09,-16.316639697150094
SaveOnEvent_ch1_20260928005055911.wfm,00:50:55.911000,-0.008004999999999818,-0.0015999999595806003,6.829759999999999e-06,8.328479999999999e-06,-3.5314816096308626e-09,-22.07200006020139
SaveOnEvent_ch1_20260928005056112.wfm,00:50:56.112000,-0.009009999999999962,-0.0015200000489130616,-7.359999999999875e-09,9.628159999999998e-06,-3.905503995143808e-09,-24.40991996965022
SaveOnEvent_ch1_20260928005056311.wfm,00:50:56.311000,-0.010005000000000042,-0.0015200000489130616,-6.880000000000178e-09,9.6032e-06,-4.255334401777945e-09,-26.596160011104075
SaveOnEvent_ch1_20260928005056511.wfm,00:50:56.511000,-0.011004999999999932,-0.0013599999947473407,-4.799999999996972e-10,4.783999999999919e-08,-6.54860784769989e-10,-4.092959904810414
SaveOnEvent_ch1_20260928005056711.wfm,00:50:56.711000,-0.012005000000000265,-0.0012000000569969416,-5.439999999999392e-09,5.232000000000088e-08,-5.422719884989789e-10,-3.3891999281186145
SaveOnEvent_ch1_20260928005056911.wfm,00:50:56.911000,-0.013005000000000155,-0.001120000029914081,-4.959999999999695e-09,4.512000000000034e-08,3.128703907737495e-10,1.9555199423339218
SaveOnEvent_ch1_20260928005057111.wfm,00:50:57.111000,-0.014005000000000045,-0.0015999999595806003,7.518079999999999e-06,9.15696e-06,-4.151295989388597e-09,-25.945999933668645
SaveOnEvent_ch1_20260928005057312.wfm,00:50:57.312000,-0.01501000000000019,-0.0013599999947473407,-1.2799999999997574e-09,9.628319999999999e-06,-2.5646976240980453e-09,-16.02976015061722
SaveOnEvent_ch1_20260928005057511.wfm,00:50:57.511000,-0.01600500000000027,-0.0014400000218302011,5.431199999999998e-06,7.097600000000001e-06,-4.80331519983243e-09,-30.020879998948658
SaveOnEvent_ch1_20260928005057711.wfm,00:50:57.711000,-0.01700500000000016,-0.0012799999676644802,-4.320000000000663e-09,3.968000000000095e-08,-7.608767822920352e-10,-4.755519889324205
SaveOnEvent_ch1_20260928005057911.wfm,00:50:57.911000,-0.01800500000000005,-0.0013599999947473407,-6.400000000000481e-09,4.8960000000001307e-08,-8.390399943105863e-11,-0.5244799964420963
SaveOnEvent_ch1_20260928005058111.wfm,00:50:58.111000,-0.01900499999999994,-0.0012799999676644802,-6.400000000000481e-09,6.528000000000118e-08,-1.6594623599876656e-09,-10.371679749921896
SaveOnEvent_ch1_20260928005058311.wfm,00:50:58.311000,-0.02000499999999983,-0.0015200000489130616,7.136479999999999e-06,9.080959999999999e-06,-3.235372826710808e-09,-20.221360166935483
SaveOnEvent_ch1_20260928005058511.wfm,00:50:58.511000,-0.021005000000000162,-0.0014400000218302011,-5.280000000000058e-09,9.287679999999998e-06,-3.603244789803865e-09,-22.52055993626709
SaveOnEvent_ch1_20260928005058712.wfm,00:50:58.712000,-0.022009999999999863,-0.0013599999947473407,-4.800000000000361e-09,9.625759999999997e-06,-2.3412607763451513e-09,-14.633359852159629
SaveOnEvent_ch1_20260928005058911.wfm,00:50:58.911000,-0.023004999999999942,-0.0017600000137463212,4.35616e-06,5.830559999999999e-06,-5.481388766502493e-09,-34.25879979063757
SaveOnEvent_ch1_20260928005059112.wfm,00:50:59.112000,-0.024010000000000087,-0.0017600000137463212,8.588639999999999e-06,9.617599999999997e-06,-2.3994240123080083e-09,-14.996960076940013
SaveOnEvent_ch1_20260928005059312.wfm,00:50:59.312000,-0.025009999999999977,-0.0012799999676644802,9.516e-06,9.621119999999998e-06,-6.829248003824585e-10,-4.268800002406351
SaveOnEvent_ch1_20260928005059512.wfm,00:50:59.512000,-0.026009999999999867,-0.0015200000489130616,-2.8799999999998776e-09,9.431039999999998e-06,-4.335039976150729e-09,-27.09431985093397
SaveOnEvent_ch1_20260928005059712.wfm,00:50:59.712000,-0.027009999999999756,-0.0012799999676644802,-5.600000000000421e-09,9.620479999999997e-06,-1.0019135922612589e-09,-6.262399951636326
SaveOnEvent_ch1_20260928005059911.wfm,00:50:59.911000,-0.028004999999999836,-0.0014400000218302011,-4.800000000000361e-09,4.8160000000001247e-08,-1.6992191667598658e-09,-10.620399792242097
SaveOnEvent_ch1_20260928005100111.wfm,00:51:00.111000,-0.02900500000000017,-0.0012799999676644802,-5.280000000000058e-09,8.6072e-06,-3.224652785938234e-09,-20.154319912107894
SaveOnEvent_ch1_20260928005100311.wfm,00:51:00.311000,-0.03000500000000006,-0.0012799999676644802,-5.9200000000007836e-09,7.9896e-06,-3.625510365511289e-09,-22.659679784439504
SaveOnEvent_ch1_20260928005100511.wfm,00:51:00.511000,-0.03100499999999995,-0.0012000000569969416,-5.9200000000007836e-09,9.042399999999998e-06,-3.920294353235515e-09,-24.502079707715893
SaveOnEvent_ch1_20260928005100711.wfm,00:51:00.711000,-0.03200500000000028,-0.001120000029914081,-2.5599999999995147e-09,4.080000000000137e-08,-1.6932479691458981e-10,-1.0583199807151686
SaveOnEvent_ch1_20260928005100911.wfm,00:51:00.911000,-0.03300500000000017,-0.0015999999595806003,5.9231999999999995e-06,7.758079999999998e-06,-3.9800512232421875e-09,-24.875440145260654
SaveOnEvent_ch1_20260928005101111.wfm,00:51:01.111000,-0.03400500000000006,-0.0017600000137463212,8.11136e-06,9.125919999999998e-06,-2.9162176270200856e-09,-18.22664016886847
SaveOnEvent_ch1_20260928005101311.wfm,00:51:01.311000,-0.03500499999999995,-0.0018400000408291817,6.116320000000001e-06,7.945439999999998e-06,-5.158508793616201e-09,-32.24087996009621
SaveOnEvent_ch1_20260928005101512.wfm,00:51:01.512000,-0.0360100000000001,-0.0013599999947473407,6.964159999999999e-06,9.219039999999999e-06,-3.6771647944557467e-09,-22.982559965341352
SaveOnEvent_ch1_20260928005101712.wfm,00:51:01.712000,-0.03700999999999999,-0.0013599999947473407,-3.039999999999212e-09,9.552000000000001e-06,-9.393407991738052e-10,-5.871119994844776
SaveOnEvent_ch1_20260928005101911.wfm,00:51:01.911000,-0.038005000000000067,-0.0012000000569969416,-4.800000000000361e-09,5.807999999999894e-08,-1.5871231622993958e-09,-9.919599764369195
SaveOnEvent_ch1_20260928005102111.wfm,00:51:02.111000,-0.039004999999999956,-0.0012799999676644802,-3.359999999999575e-09,8.727199999999998e-06,-3.2242880304646687e-09,-20.15200019039912
SaveOnEvent_ch1_20260928005102311.wfm,00:51:02.311000,-0.040004999999999846,-0.0014400000218302011,0.0,5.090879999999998e-06,-6.784019172971598e-09,-42.400239831069484
SaveOnEvent_ch1_20260928005102511.wfm,00:51:02.511000,-0.04100500000000018,-0.0012799999676644802,-5.759999999999755e-09,9.624319999999998e-06,-6.434239940089168e-10,-4.021759962546639
SaveOnEvent_ch1_20260928005102711.wfm,00:51:02.711000,-0.04200500000000007,-0.0013599999947473407,-4.800000000000361e-09,8.40336e-06,-4.240326362843623e-09,-26.502319767780136
SaveOnEvent_ch1_20260928005102911.wfm,00:51:02.911000,-0.04300499999999996,-0.0014400000218302011,8.31584e-06,9.623839999999999e-06,-4.230751998443157e-09,-26.442639990273165
SaveOnEvent_ch1_20260928005103111.wfm,00:51:03.111000,-0.04400499999999985,-0.0014400000218302011,-2.8799999999998776e-09,9.620639999999998e-06,-2.677337578129953e-09,-16.73375986330211
SaveOnEvent_ch1_20260928005103311.wfm,00:51:03.311000,-0.04500499999999974,-0.0014400000218302011,-4.479999999999998e-09,6.67936e-06,-5.044313553022221e-09,-31.527119706384838
SaveOnEvent_ch1_20260928005103512.wfm,00:51:03.512000,-0.046009999999999884,-0.0020000000949949026,7.4656e-06,8.780319999999998e-06,-5.182508786048273e-09,-32.39103991279262
SaveOnEvent_ch1_20260928005103711.wfm,00:51:03.711000,-0.047004999999999963,-0.0012799999676644802,-2.5599999999995147e-09,8.31232e-06,-3.4703167726541893e-09,-21.689679829083616
SaveOnEvent_ch1_20260928005103911.wfm,00:51:03.911000,-0.04800499999999985,-0.0012799999676644802,-5.1200000000007235e-09,4.59200000000004e-08,-8.162623812700623e-10,-5.101679882936878
SaveOnEvent_ch1_20260928005104111.wfm,00:51:04.111000,-0.04900500000000019,-0.0013599999947473407,-3.039999999999212e-09,9.626719999999999e-06,-1.4233663743967189e-09,-8.896399839984952
SaveOnEvent_ch1_20260928005104311.wfm,00:51:04.311000,-0.05000500000000008,-0.0012799999676644802,9.585759999999998e-06,9.625279999999998e-06,-1.6491519774752669e-09,-10.307839859247906
SaveOnEvent_ch1_20260928005104511.wfm,00:51:04.511000,-0.05100499999999997,-0.0012799999676644802,-6.880000000000178e-09,9.626719999999999e-06,-4.07123193653766e-09,-25.445759603346232
SaveOnEvent_ch1_20260928005104711.wfm,00:51:04.711000,-0.0520050000000003,-0.0012799999676644802,8.562719999999998e-06,9.623679999999998e-06,-2.2218304009479437e-09,-13.886880005913554
SaveOnEvent_ch1_20260928005104911.wfm,00:51:04.911000,-0.05300500000000019,-0.0012799999676644802,-6.400000000000481e-09,9.624639999999997e-06,-1.4797952174046069e-09,-9.249280108779203
SaveOnEvent_ch1_20260928005105111.wfm,00:51:05.111000,-0.05400500000000008,-0.0012000000569969416,5.407519999999998e-06,7.631039999999998e-06,-2.815334399016576e-09,-17.596079993847525
SaveOnEvent_ch1_20260928005105311.wfm,00:51:05.311000,-0.05500499999999997,-0.0012000000569969416,-4.320000000000663e-09,5.583999999999979e-08,-9.069695789879197e-10,-5.6686398686724715
SaveOnEvent_ch1_20260928005105511.wfm,00:51:05.511000,-0.056005000000000305,-0.0014400000218302011,-5.1200000000007235e-09,6.91632e-06,-3.779507165558169e-09,-23.622239784745034
SaveOnEvent_ch1_20260928005105711.wfm,00:51:05.711000,-0.057005000000000194,-0.00215999991632998,3.1625599999999998e-06,4.42656e-06,-5.463276801758911e-09,-34.145600010990165
SaveOnEvent_ch1_20260928005105911.wfm,00:51:05.911000,-0.058005000000000084,-0.0012000000569969416,-3.359999999999575e-09,4.735999999999949e-08,-5.486079881060874e-10,-3.428799925663043
SaveOnEvent_ch1_20260928005106111.wfm,00:51:06.111000,-0.059004999999999974,-0.0013599999947473407,-3.5200000000006033e-09,9.610399999999999e-06,-2.4201599904242913e-09,-15.12631994014373
SaveOnEvent_ch1_20260928005106311.wfm,00:51:06.311000,-0.060004999999999864,-0.001120000029914081,-7.359999999999875e-09,6.559999999999985e-08,-1.4343807655945426e-09,-8.964959784963867
SaveOnEvent_ch1_20260928005106511.wfm,00:51:06.511000,-0.0610050000000002,-0.0013599999947473407,-1.7599999999994546e-09,5.904000000000003e-08,-1.3714431676268573e-09,-8.571519797667861
SaveOnEvent_ch1_20260928005106712.wfm,00:51:06.712000,-0.0620099999999999,-0.0013599999947473407,-3.839999999999272e-09,9.628319999999999e-06,-2.273619185723362e-09,-14.210799910797505
SaveOnEvent_ch1_20260928005106912.wfm,00:51:06.912000,-0.06300999999999979,-0.0015999999595806003,8.97424e-06,9.618719999999998e-06,-1.945779207830778e-09,-12.16192004896584
SaveOnEvent_ch1_20260928005107111.wfm,00:51:07.111000,-0.06400499999999987,-0.0015200000489130616,5.0256e-06,6.933120000000001e-06,-4.9170559771265824e-09,-30.731759857037105
SaveOnEvent_ch1_20260928005107311.wfm,00:51:07.311000,-0.06500499999999976,-0.002240000059828162,5.5728e-06,6.95872e-06,-5.780735988477245e-09,-36.12983992797672
SaveOnEvent_ch1_20260928005107512.wfm,00:51:07.512000,-0.0660099999999999,-0.0014400000218302011,9.572159999999998e-06,9.616639999999998e-06,-2.87800960415974e-09,-17.988240025995765
SaveOnEvent_ch1_20260928005107712.wfm,00:51:07.712000,-0.06700999999999979,-0.0012799999676644802,-3.839999999999272e-09,5.120000000000046e-08,-1.1247615733928958e-09,-7.029839833703591
SaveOnEvent_ch1_20260928005107911.wfm,00:51:07.911000,-0.06800499999999987,-0.0014400000218302011,6.539040000000001e-06,8.765119999999998e-06,-4.322649627856444e-09,-27.016800174111268
SaveOnEvent_ch1_20260928005108112.wfm,00:51:08.112000,-0.06901000000000002,-0.0016799999866634607,7.090400000000001e-06,8.58688e-06,-4.027699213442392e-09,-25.17336008400889
SaveOnEvent_ch1_20260928005108312.wfm,00:51:08.312000,-0.0700099999999999,-0.0013599999947473407,-5.280000000000058e-09,4.735999999999949e-08,2.835839668754703e-11,0.17687997929169796
SaveOnEvent_ch1_20260928005108511.wfm,00:51:08.511000,-0.07100499999999998,-0.0014400000218302011,-5.759999999999755e-09,4.560000000000004e-08,-9.143615833204208e-10,-5.715119895758107
SaveOnEvent_ch1_20260928005108712.wfm,00:51:08.712000,-0.07201000000000013,-0.0012000000569969416,-7.839999999999573e-09,9.203359999999998e-06,-3.939814367373472e-09,-24.62399979608017
SaveOnEvent_ch1_20260928005108911.wfm,00:51:08.911000,-0.07300500000000021,-0.0015999999595806003,-4.0000000000003005e-09,8.86496e-06,-4.021625596419906e-09,-25.135439977631904
SaveOnEvent_ch1_20260928005109111.wfm,00:51:09.111000,-0.0740050000000001,-0.002319999970495701,8.56656e-06,9.610719999999997e-06,-4.018982372272294e-09,-25.119279826729326
SaveOnEvent_ch1_20260928005109311.wfm,00:51:09.311000,-0.07500499999999999,-0.0013599999947473407,-5.1200000000007235e-09,9.633599999999997e-06,-3.7383871857658945e-09,-23.365359911025735
SaveOnEvent_ch1_20260928005109511.wfm,00:51:09.511000,-0.07600500000000032,-0.0012000000569969416,-1.6000000000001202e-09,5.8880000000000697e-08,-3.2150399433216264e-10,-2.0093599645770155
SaveOnEvent_ch1_20260928005109711.wfm,00:51:09.711000,-0.07700500000000021,-0.001120000029914081,-4.0000000000003005e-09,6.6368000000000006e-06,-3.777958364863883e-09,-23.612399780395208
SaveOnEvent_ch1_20260928005109911.wfm,00:51:09.911000,-0.0780050000000001,-0.001120000029914081,-8.639999999999633e-09,5.0880000000000096e-08,-1.1013439747388472e-09,-6.883679842110723
SaveOnEvent_ch1_20260928005110111.wfm,00:51:10.111000,-0.07900499999999999,-0.0013599999947473407,-3.359999999999575e-09,9.626399999999998e-06,-3.2207615804555804e-09,-20.130239877849817
SaveOnEvent_ch1_20260928005110311.wfm,00:51:10.311000,-0.08000499999999988,-0.0012799999676644802,-7.51999999999921e-09,9.628319999999999e-06,-2.4011968094413123e-09,-15.008000059024198
SaveOnEvent_ch1_20260928005110511.wfm,00:51:10.511000,-0.08100500000000022,-0.0014400000218302011,2.8799999999998776e-09,9.625759999999997e-06,-3.473113599477802e-09,-21.707439996738685
SaveOnEvent_ch1_20260928005110711.wfm,00:51:10.711000,-0.0820050000000001,-0.0015200000489130616,9.592799999999999e-06,9.614559999999998e-06,-1.3608960490440655e-10,-0.8512800306780264
SaveOnEvent_ch1_20260928005110911.wfm,00:51:10.911000,-0.083005,-0.0020000000949949026,6.183840000000001e-06,7.91744e-06,-4.5903488260833535e-09,-28.689920163014904
SaveOnEvent_ch1_20260928005111111.wfm,00:51:11.111000,-0.08400499999999989,-0.0013599999947473407,-5.759999999999755e-09,9.629919999999997e-06,-3.10343681249069e-09,-19.39704007806722
SaveOnEvent_ch1_20260928005111312.wfm,00:51:11.312000,-0.08501000000000003,-0.0020800000056624413,3.43008e-06,4.934239999999999e-06,-5.098611206263305e-09,-31.866400039143628
SaveOnEvent_ch1_20260928005111512.wfm,00:51:11.512000,-0.08600999999999992,-0.0013599999947473407,4.799999999996972e-10,9.61984e-06,-3.1559039760194722e-09,-19.724719850113615
SaveOnEvent_ch1_20260928005111712.wfm,00:51:11.712000,-0.08700999999999981,-0.0012799999676644802,-8.639999999999633e-09,9.61936e-06,-3.1125247755227622e-09,-19.453599847009173
SaveOnEvent_ch1_20260928005111911.wfm,00:51:11.911000,-0.08800499999999989,-0.0014400000218302011,-1.120000000000423e-09,7.279839999999999e-06,-4.293849551733583e-09,-26.836719698330853
SaveOnEvent_ch1_20260928005112111.wfm,00:51:12.111000,-0.08900499999999978,-0.0012799999676644802,-4.320000000000663e-09,9.630399999999998e-06,-1.4290687692956946e-09,-8.932239808083978
SaveOnEvent_ch1_20260928005112311.wfm,00:51:12.311000,-0.09000500000000011,-0.0013599999947473407,6.822719999999998e-06,9.13616e-06,-3.0609984056511883e-09,-19.131520035327412
SaveOnEvent_ch1_20260928005112511.wfm,00:51:12.511000,-0.091005,-0.0013599999947473407,-7.200000000000541e-09,5.263999999999955e-08,-2.28542714427691e-09,-14.283999651728664
SaveOnEvent_ch1_20260928005112711.wfm,00:51:12.711000,-0.09200499999999989,-0.0012000000569969416,-8.000000000000601e-09,6.319999999999967e-08,-8.774527810374277e-10,-5.484319881477859
SaveOnEvent_ch1_20260928005112911.wfm,00:51:12.911000,-0.09300500000000023,-0.0012799999676644802,3.359999999999575e-09,8.45264e-06,-4.289855964235029e-09,-26.811839776462875
SaveOnEvent_ch1_20260928005113111.wfm,00:51:13.111000,-0.09400500000000012,-0.0012799999676644802,-6.71999999999915e-09,5.263999999999955e-08,-1.2031359849730656e-10,-0.7519999906071462
SaveOnEvent_ch1_20260928005113311.wfm,00:51:13.311000,-0.095005,-0.0013599999947473407,7.2432e-06,9.438079999999999e-06,-2.875328035063574e-09,-17.97104021915584
SaveOnEvent_ch1_20260928005113511.wfm,00:51:13.511000,-0.09600500000000034,-0.0012799999676644802,-4.320000000000663e-09,4.4160000000000946e-08,-6.820991843938838e-10,-4.263199902459746
SaveOnEvent_ch1_20260928005113711.wfm,00:51:13.711000,-0.09700500000000023,-0.001120000029914081,-4.639999999999332e-09,5.807999999999894e-08,-1.3302911692298922e-09,-8.31455980768078
SaveOnEvent_ch1_20260928005113911.wfm,00:51:13.911000,-0.09800500000000012,-0.0012000000569969416,-8.159999999999935e-09,9.554719999999998e-06,-2.822367977763062e-09,-17.640079861012055
SaveOnEvent_ch1_20260928005114112.wfm,00:51:14.112000,-0.09901000000000026,-0.0013599999947473407,-5.9200000000007836e-09,9.622239999999999e-06,-2.7767487631947736e-09,-17.35495976996026
SaveOnEvent_ch1_20260928005114312.wfm,00:51:14.312000,-0.10001000000000015,-0.0013599999947473407,-3.359999999999575e-09,9.629759999999998e-06,-2.762873561731538e-09,-17.26839976082556
SaveOnEvent_ch1_20260928005114512.wfm,00:51:14.512000,-0.10101000000000004,-0.0014400000218302011,-5.439999999999392e-09,9.620479999999997e-06,-1.0953216014243661e-09,-6.846160008892184
SaveOnEvent_ch1_20260928005114711.wfm,00:51:14.711000,-0.10200500000000012,-0.0013599999947473407,7.732960000000001e-06,9.624479999999998e-06,-3.7074496001610524e-09,-23.17192000101204
SaveOnEvent_ch1_20260928005114911.wfm,00:51:14.911000,-0.10300500000000001,-0.0012000000569969416,-8.959999999999996e-09,4.8160000000001247e-08,-5.738687875797059e-10,-3.586559922376182
SaveOnEvent_ch1_20260928005115111.wfm,00:51:15.111000,-0.1040049999999999,-0.0017600000137463212,5.686399999999999e-06,7.96736e-06,-6.140409582545979e-09,-38.37783989091986
SaveOnEvent_ch1_20260928005115311.wfm,00:51:15.311000,-0.10500499999999979,-0.0015200000489130616,8.22672e-06,9.616479999999997e-06,-2.072627235620749e-09,-12.954400222632103
SaveOnEvent_ch1_20260928005115511.wfm,00:51:15.511000,-0.10600500000000013,-0.0014400000218302011,-7.0399999999995125e-09,7.523679999999999e-06,-3.902425589528866e-09,-24.39031993455137
SaveOnEvent_ch1_20260928005115711.wfm,00:51:15.711000,-0.10700500000000002,-0.0012000000569969416,-6.239999999999452e-09,9.368479999999999e-06,-1.2521407797862755e-09,-7.826159873657161
SaveOnEvent_ch1_20260928005115911.wfm,00:51:15.911000,-0.1080049999999999,-0.0012799999676644802,-1.7599999999994546e-09,5.70848e-06,-4.49719675963046e-09,-28.107679747685324
SaveOnEvent_ch1_20260928005116111.wfm,00:51:16.111000,-0.1090049999999998,-0.002240000059828162,7.743199999999999e-06,9.524799999999999e-06,-4.229113619958516e-09,-26.43240012472961
SaveOnEvent_ch1_20260928005116311.wfm,00:51:16.311000,-0.11000500000000013,-0.0012799999676644802,-6.400000000007257e-10,9.621439999999998e-06,-1.9052802654681488e-10,-1.191360165947117
SaveOnEvent_ch1_20260928005116512.wfm,00:51:16.512000,-0.11100999999999983,-0.0014400000218302011,-5.600000000000421e-09,7.76288e-06,-4.3726847740588725e-09,-27.3294398378639
SaveOnEvent_ch1_20260928005116712.wfm,00:51:16.712000,-0.11201000000000016,-0.0014400000218302011,-1.4400000000007858e-09,8.732319999999999e-06,-3.794067163099533e-09,-23.71319976937957
SaveOnEvent_ch1_20260928005116911.wfm,00:51:16.911000,-0.11300500000000024,-0.002240000059828162,8.178559999999999e-06,9.329600000000001e-06,-4.7014911718573415e-09,-29.384799824096262
SaveOnEvent_ch1_20260928005117111.wfm,00:51:17.111000,-0.11400500000000013,-0.0012000000569969416,-7.0399999999995125e-09,9.635999999999997e-06,-2.387903984114525e-09,-14.924799900705693
SaveOnEvent_ch1_20260928005117311.wfm,00:51:17.311000,-0.11500500000000002,-0.0020000000949949026,7.030079999999999e-06,8.72112e-06,-5.345337593590376e-09,-33.40871995993075
SaveOnEvent_ch1_20260928005117511.wfm,00:51:17.511000,-0.11600500000000036,-0.0014400000218302011,-4.959999999999695e-09,4.943999999999931e-08,-1.8867071545217153e-09,-11.791919715760741
SaveOnEvent_ch1_20260928005117711.wfm,00:51:17.711000,-0.11700500000000025,-0.0013599999947473407,-3.6799999999999377e-09,7.100639999999999e-06,-6.03513597193174e-09,-37.719839824567316
SaveOnEvent_ch1_20260928005117911.wfm,00:51:17.911000,-0.11800500000000014,-0.0012799999676644802,-5.600000000000421e-09,8.42464e-06,-2.985638384288177e-09,-18.660479901795043
SaveOnEvent_ch1_20260928005118111.wfm,00:51:18.111000,-0.11900500000000003,-0.0010400000028312206,3.2000000000036285e-10,9.59696e-06,-2.954905588128602e-09,-18.468399925797712
SaveOnEvent_ch1_20260928005118311.wfm,00:51:18.311000,-0.12000499999999992,-0.0012000000569969416,8.221600000000001e-06,9.626239999999997e-06,-2.2101184018328773e-09,-13.813600011460949
SaveOnEvent_ch1_20260928005118511.wfm,00:51:18.511000,-0.12100500000000025,-0.0019199999514967203,5.7024e-06,7.095199999999998e-06,-5.575417584681419e-09,-34.84655990425381
SaveOnEvent_ch1_20260928005118711.wfm,00:51:18.711000,-0.12200500000000014,-0.0016799999866634607,6.820799999999999e-06,8.53376e-06,-4.004185624676757e-09,-25.026400154223666
SaveOnEvent_ch1_20260928005118911.wfm,00:51:18.911000,-0.12300500000000003,-0.0012000000569969416,-7.680000000000238e-09,9.39504e-06,-1.5132735947775662e-09,-9.45823996735271
SaveOnEvent_ch1_20260928005119111.wfm,00:51:19.111000,-0.12400499999999992,-0.0017600000137463212,6.720639999999999e-06,8.505599999999999e-06,-4.830796785806304e-09,-30.19263991128537
SaveOnEvent_ch1_20260928005119311.wfm,00:51:19.311000,-0.1250049999999998,-0.0013599999947473407,-4.959999999999695e-09,7.78112e-06,-4.213087970388587e-09,-26.33191981492564
SaveOnEvent_ch1_20260928005119511.wfm,00:51:19.511000,-0.12600500000000014,-0.00431999983265996,5.798400000000002e-07,1.0982400000000002e-06,-7.585452770714182e-09,-47.40911981696263
SaveOnEvent_ch1_20260928005119711.wfm,00:51:19.711000,-0.12700500000000003,-0.002959999954327941,1.2420799999999998e-06,1.6676799999999996e-06,-7.663942353704478e-09,-47.89975971064996
SaveOnEvent_ch1_20260928005119911.wfm,00:51:19.911000,-0.12800499999999992,-0.0013599999947473407,7.028959999999999e-06,9.316799999999999e-06,-4.062956803296692e-09,-25.39368002061383
SaveOnEvent_ch1_20260928005120111.wfm,00:51:20.111000,-0.12900499999999981,-0.0015200000489130616,-1.920000000000483e-09,8.287679999999999e-06,-3.17608317115577e-09,-19.850799819716485
SaveOnEvent_ch1_20260928005120312.wfm,00:51:20.312000,-0.13000999999999996,-0.0015200000489130616,9.408799999999999e-06,9.624319999999998e-06,-1.8875199873372885e-09,-11.797679920855444
SaveOnEvent_ch1_20260928005120511.wfm,00:51:20.511000,-0.13100500000000004,-0.0014400000218302011,8.100959999999998e-06,9.623039999999999e-06,-3.938579169937875e-09,-24.616559812100604
SaveOnEvent_ch1_20260928005120712.wfm,00:51:20.712000,-0.13201000000000018,-0.0013599999947473407,-6.080000000000118e-09,8.585920000000002e-06,-3.5035903817042724e-09,-21.89759988564765
SaveOnEvent_ch1_20260928005120911.wfm,00:51:20.911000,-0.13300499999999982,-0.0013599999947473407,4.929280000000001e-06,7.588639999999998e-06,-4.2480448048911045e-09,-26.55040003056638
SaveOnEvent_ch1_20260928005121111.wfm,00:51:21.111000,-0.13400500000000015,-0.0012000000569969416,-6.400000000000481e-09,9.587999999999999e-06,-1.9270207910845035e-09,-12.044159944285639
SaveOnEvent_ch1_20260928005121311.wfm,00:51:21.311000,-0.13500500000000004,-0.0012799999676644802,-2.720000000000543e-09,5.071999999999907e-08,-1.4135039661731565e-09,-8.83447978858021
SaveOnEvent_ch1_20260928005121512.wfm,00:51:21.512000,-0.1360100000000002,-0.0012799999676644802,-5.759999999999755e-09,6.154560000000001e-06,-3.4385407565487507e-09,-21.491039728425676
SaveOnEvent_ch1_20260928005121712.wfm,00:51:21.712000,-0.13701000000000008,-0.0015200000489130616,-5.1200000000007235e-09,9.622399999999998e-06,-3.96252153975656e-09,-24.766239623480942
SaveOnEvent_ch1_20260928005121911.wfm,00:51:21.911000,-0.13800500000000016,-0.0012000000569969416,-5.439999999999392e-09,9.529279999999999e-06,-1.8842816006205965e-09,-11.777040003886214
SaveOnEvent_ch1_20260928005122111.wfm,00:51:22.111000,-0.13900500000000005,-0.0012799999676644802,-4.639999999999332e-09,9.28592e-06,-3.3304895896906975e-09,-20.8157599355618
SaveOnEvent_ch1_20260928005122311.wfm,00:51:22.311000,-0.14000499999999994,-0.001120000029914081,-4.320000000000663e-09,9.627039999999997e-06,-1.1166463809646666e-09,-6.979359881021082
SaveOnEvent_ch1_20260928005122512.wfm,00:51:22.512000,-0.14101000000000008,-0.0012799999676644802,-4.959999999999695e-09,7.0776000000000015e-06,-3.9139775608410115e-09,-24.462559755251277
SaveOnEvent_ch1_20260928005122711.wfm,00:51:22.711000,-0.14200500000000016,-0.0012799999676644802,-4.0000000000003005e-09,8.639039999999998e-06,-3.841235177090856e-09,-24.007999856810784
SaveOnEvent_ch1_20260928005122912.wfm,00:51:22.912000,-0.14300999999999986,-0.0012000000569969416,-9.11999999999933e-09,9.625599999999998e-06,-2.6123647801857414e-09,-16.327759876148775
SaveOnEvent_ch1_20260928005123111.wfm,00:51:23.111000,-0.14400499999999994,-0.0012799999676644802,-8.959999999999996e-09,9.625279999999998e-06,-2.492787188233339e-09,-15.580399926460814
SaveOnEvent_ch1_20260928005123311.wfm,00:51:23.311000,-0.14500499999999983,-0.0013599999947473407,-2.720000000000543e-09,8.898559999999999e-06,-3.482188768440392e-09,-21.763919802760938
SaveOnEvent_ch1_20260928005123511.wfm,00:51:23.511000,-0.14600500000000016,-0.001120000029914081,-1.6000000000001202e-09,9.61504e-06,-2.774815974631344e-09,-17.342879841453396
SaveOnEvent_ch1_20260928005123711.wfm,00:51:23.711000,-0.14700500000000005,-0.0015999999595806003,8.772639999999999e-06,9.621279999999997e-06,-3.4430080065201034e-09,-21.519360040751053
SaveOnEvent_ch1_20260928005123911.wfm,00:51:23.911000,-0.14800499999999994,-0.0013599999947473407,-4.320000000000663e-09,9.627039999999997e-06,-1.92818558739731e-09,-12.051599921222078
SaveOnEvent_ch1_20260928005124111.wfm,00:51:24.111000,-0.14900499999999983,-0.002400000113993883,8.051519999999999e-06,9.505119999999998e-06,-4.945753602809272e-09,-30.91152001757291
SaveOnEvent_ch1_20260928005124311.wfm,00:51:24.311000,-0.15000499999999972,-0.0013599999947473407,-2.4000000000001803e-09,9.623999999999998e-06,-3.928531173365187e-09,-24.55391983356094
SaveOnEvent_ch1_20260928005124511.wfm,00:51:24.511000,-0.15100500000000006,-0.0013599999947473407,-5.1200000000007235e-09,9.624959999999997e-06,-3.758752005281859e-09,-23.49264003301505
SaveOnEvent_ch1_20260928005124711.wfm,00:51:24.711000,-0.15200499999999995,-0.0012000000569969416,-8.000000000000601e-09,5.8880000000000697e-08,-1.34191996852169e-09,-8.38703980325954
SaveOnEvent_ch1_20260928005124911.wfm,00:51:24.911000,-0.15300499999999984,-0.0012799999676644802,-5.9200000000007836e-09,5.9360000000000394e-08,-8.160063813463761e-10,-5.100239883409813
SaveOnEvent_ch1_20260928005125112.wfm,00:51:25.112000,-0.15400999999999998,-0.0012799999676644802,-8.159999999999935e-09,9.594719999999998e-06,-3.4950591740431256e-09,-21.84439983777702
SaveOnEvent_ch1_20260928005125311.wfm,00:51:25.311000,-0.15500500000000006,-0.0020800000056624413,2.2345599999999995e-06,3.86656e-06,-5.983404774076768e-09,-37.396479837974766
SaveOnEvent_ch1_20260928005125511.wfm,00:51:25.511000,-0.15600499999999995,-0.0015200000489130616,4.383199999999999e-06,6.107360000000001e-06,-5.274918363322502e-09,-32.96831977076363
SaveOnEvent_ch1_20260928005125711.wfm,00:51:25.711000,-0.15700500000000028,-0.0009599999757483602,-4.159999999999635e-09,5.1040000000001124e-08,1.7816319472156255e-10,1.113519967009779
SaveOnEvent_ch1_20260928005125912.wfm,00:51:25.912000,-0.15800999999999998,-0.00215999991632998,9.50384e-06,9.609439999999998e-06,-1.487910390940956e-09,-9.30047994342749
SaveOnEvent_ch1_20260928005126111.wfm,00:51:26.111000,-0.15900500000000006,-0.0015200000489130616,5.28656e-06,6.684799999999999e-06,-5.668383995380717e-09,-35.42751997112646
SaveOnEvent_ch1_20260928005126311.wfm,00:51:26.311000,-0.16000499999999995,-0.0013599999947473407,-4.799999999996972e-10,7.64704e-06,-4.176121571704281e-09,-26.100959823146695
SaveOnEvent_ch1_20260928005126512.wfm,00:51:26.512000,-0.1610100000000001,-0.0012000000569969416,-9.11999999999933e-09,5.5999999999999125e-08,-8.608831807947702e-10,-5.380479879968334
SaveOnEvent_ch1_20260928005126712.wfm,00:51:26.712000,-0.16201,-0.0012000000569969416,9.42704e-06,9.620639999999998e-06,-5.479296118859189e-10,-3.425120074301958
SaveOnEvent_ch1_20260928005126912.wfm,00:51:26.912000,-0.16300999999999988,-0.0014400000218302011,-7.200000000000541e-09,6.175999999999998e-06,-4.0669247634499345e-09,-25.418399771559052
SaveOnEvent_ch1_20260928005127111.wfm,00:51:27.111000,-0.16400499999999996,-0.0013599999947473407,-2.4000000000001803e-09,9.523999999999999e-06,-3.927513623300475e-09,-24.54728014563443
SaveOnEvent_ch1_20260928005127311.wfm,00:51:27.311000,-0.16500499999999985,-0.0013599999947473407,3.2000000000036285e-10,9.628959999999998e-06,-2.342905570119619e-09,-14.643519813253079
SaveOnEvent_ch1_20260928005127511.wfm,00:51:27.511000,-0.16600500000000018,-0.0014400000218302011,-7.680000000000238e-09,6.507039999999998e-06,-5.0580607862072075e-09,-31.613039913791
SaveOnEvent_ch1_20260928005127711.wfm,00:51:27.711000,-0.16700500000000007,-0.0012799999676644802,-6.080000000000118e-09,6.25056e-06,-2.686329574577977e-09,-16.789759841107298
SaveOnEvent_ch1_20260928005127911.wfm,00:51:27.911000,-0.16800499999999996,-0.0013599999947473407,6.588799999999999e-06,9.031039999999998e-06,-3.93630720424e-09,-24.602160026493948
SaveOnEvent_ch1_20260928005128111.wfm,00:51:28.111000,-0.16900499999999985,-0.0012799999676644802,-6.400000000000481e-09,4.64000000000001e-08,-2.9278079485334462e-09,-18.299039678327972
SaveOnEvent_ch1_20260928005128311.wfm,00:51:28.311000,-0.17000499999999974,-0.001120000029914081,-3.2000000000036285e-10,9.618399999999998e-06,-2.829184014420016e-10,-1.7685600090189837
SaveOnEvent_ch1_20260928005128512.wfm,00:51:28.512000,-0.17100999999999988,-0.0018400000408291817,6.858239999999999e-06,8.80192e-06,-4.164537603063509e-09,-26.02864001915441
SaveOnEvent_ch1_20260928005128711.wfm,00:51:28.711000,-0.17200499999999996,-0.0013599999947473407,-6.400000000000481e-09,6.847519999999998e-06,-4.1887231489550316e-09,-26.17975968096289
SaveOnEvent_ch1_20260928005128911.wfm,00:51:28.911000,-0.17300499999999985,-0.0012000000569969416,-6.559999999999815e-09,9.620479999999997e-06,-2.8688640982843826e-10,-1.793360061419662
SaveOnEvent_ch1_20260928005129111.wfm,00:51:29.111000,-0.1740050000000002,-0.0012799999676644802,-1.2799999999997574e-09,8.863039999999999e-06,-2.582118387129159e-09,-16.138399919553194
SaveOnEvent_ch1_20260928005129311.wfm,00:51:29.311000,-0.17500500000000008,-0.0012000000569969416,-3.039999999999212e-09,4.224000000000046e-08,-2.341311954404229e-10,-1.4633599715016317
SaveOnEvent_ch1_20260928005129512.wfm,00:51:29.512000,-0.17601000000000022,-0.0012799999676644802,7.6064000000000006e-06,9.625439999999997e-06,-3.135174423826391e-09,-19.59520014890586
SaveOnEvent_ch1_20260928005129712.wfm,00:51:29.712000,-0.1770100000000001,-0.0018400000408291817,3.81856e-06,5.6608e-06,-6.9334655701182785e-09,-43.33423981323722
SaveOnEvent_ch1_20260928005129911.wfm,00:51:29.911000,-0.1780050000000002,-0.0012799999676644802,-5.600000000000421e-09,9.629119999999997e-06,-1.5283201086101854e-10,-0.9556800678838044
SaveOnEvent_ch1_20260928005130111.wfm,00:51:30.111000,-0.17900500000000008,-0.0018400000408291817,8.34064e-06,9.616319999999998e-06,-4.362559986480044e-09,-27.266479915502714
SaveOnEvent_ch1_20260928005130311.wfm,00:51:30.311000,-0.18000499999999997,-0.0010400000028312206,-1.7599999999994546e-09,9.619039999999998e-06,-2.474496041471134e-10,-1.5469600259093568
SaveOnEvent_ch1_20260928005130511.wfm,00:51:30.511000,-0.1810050000000003,-0.0013599999947473407,-6.400000000000481e-09,4.735999999999949e-08,-2.9908223473513492e-09,-18.692879670939874
SaveOnEvent_ch1_20260928005130711.wfm,00:51:30.711000,-0.1820050000000002,-0.00279999990016222,6.667359999999999e-06,7.782879999999998e-06,-6.852012781328518e-09,-42.82535988331074
SaveOnEvent_ch1_20260928005130911.wfm,00:51:30.911000,-0.18300500000000008,-0.0015200000489130616,8.474719999999998e-06,9.621119999999998e-06,-3.1558144003408917e-09,-19.724320002133027
SaveOnEvent_ch1_20260928005131111.wfm,00:51:31.111000,-0.18400499999999997,-0.0012799999676644802,-6.559999999999815e-09,4.495999999999931e-08,-9.995583774568504e-10,-6.247519859112799
SaveOnEvent_ch1_20260928005131311.wfm,00:51:31.311000,-0.18500499999999986,-0.0017600000137463212,6.980959999999999e-06,8.738239999999998e-06,-4.724319971567019e-09,-29.527279822301352
SaveOnEvent_ch1_20260928005131511.wfm,00:51:31.511000,-0.1860050000000002,-0.0015200000489130616,4.90912e-06,6.317599999999999e-06,-3.8736127981403825e-09,-24.21031998837134
SaveOnEvent_ch1_20260928005131711.wfm,00:51:31.711000,-0.1870050000000001,-0.0017600000137463212,5.4088e-06,6.72816e-06,-6.693388776904905e-09,-41.833839855651604
SaveOnEvent_ch1_20260928005131911.wfm,00:51:31.911000,-0.18800499999999998,-0.0014400000218302011,-2.8799999999998776e-09,8.78736e-06,-4.4670783513085895e-09,-27.919519695686176
SaveOnEvent_ch1_20260928005132112.wfm,00:51:32.112000,-0.18901000000000012,-0.0015200000489130616,8.05216e-06,9.624959999999997e-06,-5.1776127705373775e-09,-32.36055981586105
SaveOnEvent_ch1_20260928005132311.wfm,00:51:32.311000,-0.19000499999999976,-0.003120000008493662,6.739200000000001e-07,1.4111999999999993e-06,-5.768806410985997e-09,-36.05512006866047
SaveOnEvent_ch1_20260928005132511.wfm,00:51:32.511000,-0.1910050000000001,-0.0015200000489130616,7.165280000000001e-06,9.620479999999999e-06,-3.7168192128185137e-09,-23.230480080121197
SaveOnEvent_ch1_20260928005132712.wfm,00:51:32.712000,-0.1920099999999998,-0.0014400000218302011,-1.6000000000001202e-09,7.431200000000001e-06,-4.93005439092638e-09,-30.81303994328482
SaveOnEvent_ch1_20260928005132911.wfm,00:51:32.911000,-0.19300499999999987,-0.0012799999676644802,-4.959999999999695e-09,9.621439999999998e-06,-5.895424023712995e-10,-3.684960014827084
SaveOnEvent_ch1_20260928005133111.wfm,00:51:33.111000,-0.1940050000000002,-0.0014400000218302011,-6.400000000000481e-09,4.543999999999901e-08,-1.43881598552223e-09,-8.992879909521434
SaveOnEvent_ch1_20260928005133311.wfm,00:51:33.311000,-0.1950050000000001,-0.0012000000569969416,-6.400000000000481e-09,9.627199999999998e-06,-2.2369663917040436e-09,-13.981359948142199
SaveOnEvent_ch1_20260928005133512.wfm,00:51:33.512000,-0.19601000000000024,-0.0019199999514967203,6.4155199999999995e-06,7.6864e-06,-5.272755194208586e-09,-32.95495996379759
SaveOnEvent_ch1_20260928005133712.wfm,00:51:33.712000,-0.19701000000000013,-0.0015999999595806003,3.3303999999999995e-06,5.3904e-06,-6.76785916622728e-09,-42.299199788918486
SaveOnEvent_ch1_20260928005133912.wfm,00:51:33.912000,-0.19801000000000002,-0.001120000029914081,-3.6799999999999377e-09,4.2560000000000826e-08,-1.9589759637834724e-10,-1.224399977363646
SaveOnEvent_ch1_20260928005134112.wfm,00:51:34.112000,-0.19901000000000035,-0.0014400000218302011,-3.6799999999999377e-09,8.52032e-06,-5.242841551490129e-09,-32.76799969680724
SaveOnEvent_ch1_20260928005134311.wfm,00:51:34.311000,-0.200005,-0.0013599999947473407,-3.5200000000006033e-09,9.199039999999997e-06,-3.846515187607147e-09,-24.040959922538605
SaveOnEvent_ch1_20260928005134511.wfm,00:51:34.511000,-0.20100500000000032,-0.0019199999514967203,5.434559999999999e-06,6.924640000000001e-06,-4.779884781858418e-09,-29.874399886612082
SaveOnEvent_ch1_20260928005134712.wfm,00:51:34.712000,-0.20201000000000002,-0.0013599999947473407,-3.839999999999272e-09,4.7679999999999855e-08,-1.8430527553078722e-09,-11.519119720673189
SaveOnEvent_ch1_20260928005134911.wfm,00:51:34.911000,-0.2030050000000001,-0.0020000000949949026,8.415199999999999e-06,9.615519999999998e-06,-5.013849563195832e-09,-31.33735976999742
SaveOnEvent_ch1_20260928005135111.wfm,00:51:35.111000,-0.204005,-0.0019199999514967203,2.5468799999999996e-06,4.45024e-06,-6.86415998874465e-09,-42.90111992965103
SaveOnEvent_ch1_20260928005135311.wfm,00:51:35.311000,-0.20500499999999988,-0.0014400000218302011,8.67152e-06,9.618719999999998e-06,-1.9868927936279184e-09,-12.418639960204018
SaveOnEvent_ch1_20260928005135511.wfm,00:51:35.511000,-0.20600500000000022,-0.0014400000218302011,4.0000000000003005e-09,7.963359999999998e-06,-4.53948160662316e-09,-28.371920041390695
SaveOnEvent_ch1_20260928005135711.wfm,00:51:35.711000,-0.2070050000000001,-0.0019199999514967203,1.5467199999999997e-06,3.2932799999999997e-06,-5.863513591592202e-09,-36.64703994744923
SaveOnEvent_ch1_20260928005135912.wfm,00:51:35.912000,-0.2080099999999998,-0.0012799999676644802,-7.51999999999921e-09,9.400639999999999e-06,-1.5843263759929684e-09,-9.902399849961512
SaveOnEvent_ch1_20260928005136112.wfm,00:51:36.112000,-0.20901000000000014,-0.0014400000218302011,-1.6000000000001202e-09,8.26032e-06,-4.922598336366935e-09,-30.76647960228729
SaveOnEvent_ch1_20260928005136312.wfm,00:51:36.312000,-0.21001000000000003,-0.0015999999595806003,9.55456e-06,9.623519999999998e-06,-3.572006361321543e-09,-22.325839758239454
SaveOnEvent_ch1_20260928005136512.wfm,00:51:36.512000,-0.21100999999999992,-0.001120000029914081,-6.239999999999452e-09,5.18928e-06,-4.883180739807433e-09,-30.52007962379139
SaveOnEvent_ch1_20260928005136711.wfm,00:51:36.711000,-0.212005,-0.0012799999676644802,-1.2799999999997574e-09,4.8479999999999915e-08,-1.9810879516019478e-09,-12.382079697505105
SaveOnEvent_ch1_20260928005136912.wfm,00:51:36.912000,-0.21301000000000014,-0.0012799999676644802,-6.880000000000178e-09,6.886719999999998e-06,-5.9429951639729565e-09,-37.14391977482592
SaveOnEvent_ch1_20260928005137112.wfm,00:51:37.112000,-0.21401000000000003,-0.0015200000489130616,1.599999999993344e-10,6.628640000000001e-06,-5.037139143275559e-09,-31.482399645465193
SaveOnEvent_ch1_20260928005137312.wfm,00:51:37.312000,-0.21500999999999992,-0.0014400000218302011,2.6283199999999996e-06,5.836480000000001e-06,-5.657273569938261e-09,-35.3580798121111
SaveOnEvent_ch1_20260928005137512.wfm,00:51:37.512000,-0.21601000000000026,-0.0015200000489130616,3.7825600000000006e-06,6.8487999999999995e-06,-7.3785792015469635e-09,-46.11632000966347
SaveOnEvent_ch1_20260928005137711.wfm,00:51:37.711000,-0.2170049999999999,-0.0013599999947473407,6.596000000000001e-06,9.07008e-06,-5.015347176494542e-09,-31.34623985309736
SaveOnEvent_ch1_20260928005137911.wfm,00:51:37.911000,-0.21800500000000023,-0.0018400000408291817,5.651519999999998e-06,7.412479999999999e-06,-6.169075165111574e-09,-38.55695978194126
SaveOnEvent_ch1_20260928005138112.wfm,00:51:38.112000,-0.21901000000000037,-0.0012799999676644802,-4.479999999999998e-09,9.625279999999998e-06,-1.524236809578721e-09,-9.526960059884004
SaveOnEvent_ch1_20260928005138311.wfm,00:51:38.311000,-0.220005,-0.0020000000949949026,9.5208e-06,9.612799999999997e-06,-1.672646386674603e-09,-10.45503991676378
SaveOnEvent_ch1_20260928005138512.wfm,00:51:38.512000,-0.22101000000000015,-0.0012799999676644802,-3.6799999999999377e-09,9.47248e-06,-2.9599999630893545e-09,-18.500319769314956
SaveOnEvent_ch1_20260928005138712.wfm,00:51:38.712000,-0.22201000000000004,-0.0012000000569969416,-2.5599999999995147e-09,6.191999999999991e-08,-1.0462207761919151e-09,-6.538959851197433
SaveOnEvent_ch1_20260928005138911.wfm,00:51:38.911000,-0.22300500000000012,-0.0012799999676644802,6.831679999999998e-06,9.177760000000001e-06,-4.020262401285581e-09,-25.12688000802882
SaveOnEvent_ch1_20260928005139111.wfm,00:51:39.111000,-0.224005,-0.0018400000408291817,9.172480000000001e-06,9.615039999999998e-06,-2.2661503837187754e-09,-14.164239898265805
SaveOnEvent_ch1_20260928005139311.wfm,00:51:39.311000,-0.2250049999999999,-0.0012799999676644802,-2.0799999999998175e-09,5.360000000000064e-08,-1.600428761916701e-09,-10.002799761976348
SaveOnEvent_ch1_20260928005139512.wfm,00:51:39.512000,-0.22601000000000004,-0.0012799999676644802,0.0,8.201920000000002e-06,-3.930399960011708e-09,-24.565199750068132
SaveOnEvent_ch1_20260928005139711.wfm,00:51:39.711000,-0.22700500000000012,-0.0012799999676644802,1.920000000000483e-09,9.648159999999997e-06,-4.4446719356719405e-09,-27.779679597937502
SaveOnEvent_ch1_20260928005139912.wfm,00:51:39.912000,-0.22800999999999982,-0.0015200000489130616,-4.0000000000003005e-09,6.097599999999999e-06,-5.987155134726782e-09,-37.41991959203733
SaveOnEvent_ch1_20260928005140111.wfm,00:51:40.111000,-0.2290049999999999,-0.0015999999595806003,5.591999999999998e-06,7.4008e-06,-4.3901504141069e-09,-27.438480088167125
SaveOnEvent_ch1_20260928005140312.wfm,00:51:40.312000,-0.23001000000000005,-0.0013599999947473407,-4.320000000000663e-09,5.263999999999955e-08,-1.1164799736486746e-09,-6.978079835302196
SaveOnEvent_ch1_20260928005140512.wfm,00:51:40.512000,-0.23100999999999994,-0.002400000113993883,1.3326399999999992e-06,2.6665599999999998e-06,-6.8852607658319165e-09,-43.032959786447464
SaveOnEvent_ch1_20260928005140711.wfm,00:51:40.711000,-0.23200500000000002,-0.0014400000218302011,-2.8799999999998776e-09,4.479999999999998e-08,-3.116095943679115e-10,-1.947519964800449
SaveOnEvent_ch1_20260928005140911.wfm,00:51:40.911000,-0.2330049999999999,-0.0014400000218302011,-1.920000000000483e-09,5.714239999999998e-06,-4.149017554023304e-09,-25.931519712641602
SaveOnEvent_ch1_20260928005141111.wfm,00:51:41.111000,-0.2340049999999998,-0.0013599999947473407,-4.159999999999635e-09,9.623039999999999e-06,-1.8292415821948075e-09,-11.433439888700377
SaveOnEvent_ch1_20260928005141311.wfm,00:51:41.311000,-0.23500500000000013,-0.0015200000489130616,-6.71999999999915e-09,9.627519999999999e-06,-9.111615841859018e-10,-5.695119901152793
SaveOnEvent_ch1_20260928005141512.wfm,00:51:41.512000,-0.23600999999999983,-0.0012799999676644802,-2.4000000000001803e-09,4.3679999999999555e-08,-2.2376575449248776e-09,-13.985519655776443
SaveOnEvent_ch1_20260928005141711.wfm,00:51:41.711000,-0.2370049999999999,-0.0015999999595806003,7.042719999999999e-06,9.27232e-06,-4.678016003281806e-09,-29.238000020501204
SaveOnEvent_ch1_20260928005141911.wfm,00:51:41.911000,-0.23800500000000024,-0.0014400000218302011,-4.959999999999695e-09,9.363679999999998e-06,-3.833171212046873e-09,-23.95768007528386
SaveOnEvent_ch1_20260928005142112.wfm,00:51:42.112000,-0.23900999999999994,-0.0015200000489130616,4.529759999999999e-06,7.23808e-06,-4.97246078402968e-09,-31.078079900180455
SaveOnEvent_ch1_20260928005142312.wfm,00:51:42.312000,-0.24001000000000028,-0.0013599999947473407,-7.200000000000541e-09,9.625599999999998e-06,-3.6607168007316036e-09,-22.879840004578
SaveOnEvent_ch1_20260928005142512.wfm,00:51:42.512000,-0.24101000000000017,-0.00215999991632998,5.9783999999999985e-06,7.184479999999999e-06,-4.969030422016513e-09,-31.056560137600172
SaveOnEvent_ch1_20260928005142711.wfm,00:51:42.711000,-0.24200500000000025,-0.0013599999947473407,-6.400000000000481e-09,9.620959999999997e-06,-2.8532159615959945e-09,-17.833119759976398
SaveOnEvent_ch1_20260928005142911.wfm,00:51:42.911000,-0.24300500000000014,-0.0012799999676644802,-3.2000000000002404e-09,4.811999999999999e-06,-3.840537545471452e-09,-24.003599659190513
SaveOnEvent_ch1_20260928005143112.wfm,00:51:43.112000,-0.24401000000000028,-0.0012000000569969416,-4.959999999999695e-09,9.627839999999997e-06,-1.4862655721371994e-09,-9.289519825862953
SaveOnEvent_ch1_20260928005143312.wfm,00:51:43.312000,-0.24501000000000017,-0.0014400000218302011,-5.1200000000007235e-09,9.623679999999998e-06,-2.866598361432552e-09,-17.916639758943347
SaveOnEvent_ch1_20260928005143511.wfm,00:51:43.511000,-0.24600500000000025,-0.0012799999676644802,-3.039999999999212e-09,4.703999999999913e-08,-1.4934335641539654e-09,-9.334079775959253
SaveOnEvent_ch1_20260928005143712.wfm,00:51:43.712000,-0.24700999999999995,-0.0016799999866634607,9.03312e-06,9.615679999999997e-06,-2.435993608266581e-09,-15.225680051691597
SaveOnEvent_ch1_20260928005143912.wfm,00:51:43.912000,-0.24800999999999984,-0.0014400000218302011,-7.0399999999995125e-09,9.625919999999998e-06,-2.6543231645901675e-09,-16.58999977869098
SaveOnEvent_ch1_20260928005144111.wfm,00:51:44.111000,-0.24900499999999992,-0.0013599999947473407,-5.759999999999755e-09,7.211679999999999e-06,-4.862713593638036e-09,-30.392159960232675
SaveOnEvent_ch1_20260928005144312.wfm,00:51:44.312000,-0.25001000000000007,-0.0012799999676644802,-5.600000000000421e-09,6.079999999999999e-06,-4.072467157405337e-09,-25.453119733778294
SaveOnEvent_ch1_20260928005144511.wfm,00:51:44.511000,-0.25100500000000014,-0.0013599999947473407,-5.759999999999755e-09,9.630559999999998e-06,-2.384735951290931e-09,-14.905039695557207
SaveOnEvent_ch1_20260928005144711.wfm,00:51:44.711000,-0.25200500000000003,-0.0012000000569969416,-7.680000000000238e-09,9.59296e-06,-1.517023967979475e-09,-9.481759799877182
SaveOnEvent_ch1_20260928005144911.wfm,00:51:44.911000,-0.2530049999999999,-0.0013599999947473407,-3.039999999999212e-09,9.627359999999998e-06,-3.725081593587526e-09,-23.282079959928524
SaveOnEvent_ch1_20260928005145111.wfm,00:51:45.111000,-0.2540049999999998,-0.0015200000489130616,-3.2000000000002404e-09,9.621759999999997e-06,-1.8364351712795881e-09,-11.478479820507346
SaveOnEvent_ch1_20260928005145312.wfm,00:51:45.312000,-0.25500999999999996,-0.0018400000408291817,2.2471999999999994e-06,3.94352e-06,-6.084428777457213e-09,-38.02775985910557
SaveOnEvent_ch1_20260928005145511.wfm,00:51:45.511000,-0.25600500000000004,-0.0014400000218302011,-3.039999999999212e-09,9.621599999999998e-06,-2.8588927739858607e-09,-17.8686398374266
SaveOnEvent_ch1_20260928005145711.wfm,00:51:45.711000,-0.25700499999999993,-0.0013599999947473407,-4.639999999999332e-09,9.158879999999998e-06,-3.3327743656467615e-09,-20.829999785288237
SaveOnEvent_ch1_20260928005145911.wfm,00:51:45.911000,-0.25800500000000026,-0.0012799999676644802,-7.839999999999573e-09,5.311999999999925e-08,-4.29151990737301e-10,-2.682239942107117
SaveOnEvent_ch1_20260928005146112.wfm,00:51:46.112000,-0.25900999999999996,-0.0013599999947473407,6.400000000007257e-10,9.50336e-06,-4.332089646107048e-09,-27.075840288162
SaveOnEvent_ch1_20260928005146311.wfm,00:51:46.311000,-0.26000500000000004,-0.003120000008493662,1.0574400000000005e-06,1.4862400000000005e-06,-6.2913791668973875e-09,-39.321119793108664
SaveOnEvent_ch1_20260928005146511.wfm,00:51:46.511000,-0.2610050000000004,-0.0012799999676644802,-1.7599999999994546e-09,9.615519999999998e-06,-5.088192052370852e-10,-3.1804800327226985
SaveOnEvent_ch1_20260928005146711.wfm,00:51:46.711000,-0.26200500000000027,-0.0012799999676644802,-8.159999999999935e-09,9.625759999999997e-06,-2.943641603549479e-09,-18.398160022188677
SaveOnEvent_ch1_20260928005146911.wfm,00:51:46.911000,-0.26300500000000016,-0.0015999999595806003,5.656959999999999e-06,7.81104e-06,-5.56720637578517e-09,-34.79527984865126
SaveOnEvent_ch1_20260928005147111.wfm,00:51:47.111000,-0.26400500000000005,-0.0024800000246614218,5.7387199999999995e-06,6.9008e-06,-5.984223999443928e-09,-37.40159999651951
SaveOnEvent_ch1_20260928005147311.wfm,00:51:47.311000,-0.26500499999999994,-0.0012799999676644802,-5.439999999999392e-09,9.61984e-06,-2.9476223680609826e-09,-18.423039800371043
SaveOnEvent_ch1_20260928005147511.wfm,00:51:47.511000,-0.26600500000000027,-0.0012000000569969416,-7.839999999999573e-09,7.407679999999999e-06,-5.079366360309066e-09,-31.746239751926623
SaveOnEvent_ch1_20260928005147712.wfm,00:51:47.712000,-0.26700999999999997,-0.0013599999947473407,-5.439999999999392e-09,9.625279999999998e-06,-2.4804800100531413e-09,-15.503520062833559
SaveOnEvent_ch1_20260928005147911.wfm,00:51:47.911000,-0.26800500000000005,-0.0014400000218302011,-5.1200000000007235e-09,8.216959999999998e-06,-4.725497582268435e-09,-29.53455988917267
SaveOnEvent_ch1_20260928005148112.wfm,00:51:48.112000,-0.2690100000000002,-0.0013599999947473407,-4.479999999999998e-09,5.456000000000003e-08,-1.4056511664181024e-09,-8.785439790110104
SaveOnEvent_ch1_20260928005148311.wfm,00:51:48.311000,-0.27000499999999983,-0.0012799999676644802,-7.51999999999921e-09,9.626079999999998e-06,-1.0526015909481745e-09,-6.579279943427537
SaveOnEvent_ch1_20260928005148511.wfm,00:51:48.511000,-0.27100500000000016,-0.0041600000113248825,7.371199999999998e-07,1.1948799999999996e-06,-7.835750335622579e-09,-48.9735195976391
SaveOnEvent_ch1_20260928005148711.wfm,00:51:48.711000,-0.27200500000000005,-0.001120000029914081,-5.759999999999755e-09,9.627839999999997e-06,-3.135571158074305e-09,-19.59775973795331
SaveOnEvent_ch1_20260928005148911.wfm,00:51:48.911000,-0.27300499999999994,-0.0013599999947473407,-3.039999999999212e-09,4.800000000000022e-08,-1.8269247555197196e-09,-11.41831972199725
SaveOnEvent_ch1_20260928005149111.wfm,00:51:49.111000,-0.27400499999999983,-0.002240000059828162,8.347040000000001e-06,9.606079999999998e-06,-3.3364351910538976e-09,-20.85335994407069
SaveOnEvent_ch1_20260928005149311.wfm,00:51:49.311000,-0.2750049999999997,-0.0019199999514967203,7.84304e-06,9.28016e-06,-4.2466496076481424e-09,-26.542000047804322
SaveOnEvent_ch1_20260928005149512.wfm,00:51:49.512000,-0.27600999999999987,-0.0012000000569969416,-4.959999999999695e-09,9.621599999999998e-06,-2.457151989839038e-09,-15.357519936485915
SaveOnEvent_ch1_20260928005149711.wfm,00:51:49.711000,-0.27700499999999995,-0.0020000000949949026,8.39216e-06,9.599200000000001e-06,-4.042649609553626e-09,-25.266960059700068
SaveOnEvent_ch1_20260928005149912.wfm,00:51:49.912000,-0.2780100000000001,-0.0014400000218302011,-5.9200000000007836e-09,4.899839999999998e-06,-4.806399941989222e-09,-30.040159637428587
SaveOnEvent_ch1_20260928005150111.wfm,00:51:50.111000,-0.27900500000000017,-0.0013599999947473407,-2.8799999999998776e-09,9.620479999999997e-06,-2.8214527802029587e-09,-17.63447987625841
SaveOnEvent_ch1_20260928005150312.wfm,00:51:50.312000,-0.2800100000000003,-0.0015200000489130616,9.515679999999998e-06,9.620159999999997e-06,-1.4515327932685584e-09,-9.072799957939424
SaveOnEvent_ch1_20260928005150512.wfm,00:51:50.512000,-0.2810100000000002,-0.0016799999866634607,5.7028799999999995e-06,7.81712e-06,-6.525292788168882e-09,-40.783279926050454
SaveOnEvent_ch1_20260928005150712.wfm,00:51:50.712000,-0.2820100000000001,-0.0015999999595806003,5.523360000000001e-06,7.180320000000001e-06,-5.5027327918261285e-09,-34.392159948911285
SaveOnEvent_ch1_20260928005150911.wfm,00:51:50.911000,-0.2830050000000002,-0.0012799999676644802,-4.639999999999332e-09,9.635359999999998e-06,-2.1557311550364826e-09,-13.473759718966903
SaveOnEvent_ch1_20260928005151112.wfm,00:51:51.112000,-0.2840100000000003,-0.0012799999676644802,-2.5599999999995147e-09,4.560000000000004e-08,-1.0381503756740133e-09,-6.488399847963592
SaveOnEvent_ch1_20260928005151311.wfm,00:51:51.311000,-0.28500499999999995,-0.0015200000489130616,5.5271999999999985e-06,7.504479999999998e-06,-5.54945279557258e-09,-34.684239972324576
SaveOnEvent_ch1_20260928005151511.wfm,00:51:51.511000,-0.2860050000000003,-0.0012000000569969416,6.926559999999998e-06,9.618879999999997e-06,-3.4937279807706347e-09,-21.836239879805362
SaveOnEvent_ch1_20260928005151712.wfm,00:51:51.712000,-0.28701,-0.0012000000569969416,-5.1200000000007235e-09,9.623679999999998e-06,-2.0428159902198252e-09,-12.767999938863795
SaveOnEvent_ch1_20260928005151912.wfm,00:51:51.912000,-0.2880099999999999,-0.0012000000569969416,-3.359999999999575e-09,9.30704e-06,-3.3949247732223003e-09,-21.21847983263433
SaveOnEvent_ch1_20260928005152112.wfm,00:51:52.112000,-0.2890100000000002,-0.0013599999947473407,-5.280000000000058e-09,9.6256e-06,-2.4080959789990414e-09,-15.050959868734935
SaveOnEvent_ch1_20260928005152312.wfm,00:51:52.312000,-0.2900100000000001,-0.0012000000569969416,-7.680000000000238e-09,9.626399999999998e-06,-1.9594111924292505e-09,-12.246639952674741
SaveOnEvent_ch1_20260928005152512.wfm,00:51:52.512000,-0.29101,-0.0012799999676644802,-3.839999999999272e-09,4.735999999999949e-08,-2.238015961437466e-10,-1.3987999758974183
SaveOnEvent_ch1_20260928005152712.wfm,00:51:52.712000,-0.2920099999999999,-0.0015200000489130616,6.345919999999999e-06,8.90448e-06,-4.499737592313903e-09,-28.12367995196837
SaveOnEvent_ch1_20260928005152912.wfm,00:51:52.912000,-0.29300999999999977,-0.0013599999947473407,-9.439999999999693e-09,9.628639999999997e-06,-3.243270408422687e-09,-20.270880052645225
SaveOnEvent_ch1_20260928005153112.wfm,00:51:53.112000,-0.2940100000000001,-0.0012000000569969416,-4.639999999999332e-09,9.623199999999998e-06,-2.127967982089613e-09,-13.300159888050985
SaveOnEvent_ch1_20260928005153312.wfm,00:51:53.312000,-0.29501,-0.0014400000218302011,7.856320000000001e-06,9.541759999999998e-06,-4.452121585872955e-09,-27.82607991169789
SaveOnEvent_ch1_20260928005153511.wfm,00:51:53.511000,-0.2960050000000001,-0.0014400000218302011,5.43936e-06,7.019999999999999e-06,-4.732115193086211e-09,-29.575919956783764
SaveOnEvent_ch1_20260928005153711.wfm,00:51:53.711000,-0.29700499999999996,-0.0012799999676644802,-6.880000000000178e-09,5.904000000000003e-08,-4.4984959051711484e-10,-2.8115999407309573
SaveOnEvent_ch1_20260928005153912.wfm,00:51:53.912000,-0.2980100000000001,-0.0014400000218302011,-1.7599999999994546e-09,5.04000000000004e-08,-2.790207952051417e-10,-1.7438399700331502
SaveOnEvent_ch1_20260928005154111.wfm,00:51:54.111000,-0.2990050000000002,-0.0014400000218302011,9.319520000000001e-06,9.617439999999998e-06,-2.7323903814842924e-09,-17.07807988426066
SaveOnEvent_ch1_20260928005154311.wfm,00:51:54.311000,-0.3000050000000001,-0.0012799999676644802,-4.0000000000003005e-09,9.623519999999998e-06,-1.2251519794738815e-09,-7.657599871716229
SaveOnEvent_ch1_20260928005154512.wfm,00:51:54.512000,-0.3010100000000002,-0.0012799999676644802,3.93456e-06,6.35504e-06,-4.4308863840438434e-09,-27.693279900267953
SaveOnEvent_ch1_20260928005154711.wfm,00:51:54.711000,-0.3020050000000003,-0.0018400000408291817,6.4024e-06,8.1104e-06,-4.925670410483145e-09,-30.78560006551561
SaveOnEvent_ch1_20260928005154911.wfm,00:51:54.911000,-0.3030050000000002,-0.0016799999866634607,7.5433599999999985e-06,9.54704e-06,-5.079788805246353e-09,-31.749040032795165
SaveOnEvent_ch1_20260928005155111.wfm,00:51:55.111000,-0.3040050000000001,-0.0012799999676644802,-4.320000000000663e-09,5.343999999999961e-08,-3.7471999239176274e-10,-2.341999952448532
SaveOnEvent_ch1_20260928005155311.wfm,00:51:55.311000,-0.30500499999999997,-0.0018400000408291817,8.93184e-06,9.617119999999998e-06,-2.6873152070958116e-09,-16.79640004434623
SaveOnEvent_ch1_20260928005155512.wfm,00:51:55.512000,-0.3060100000000001,-0.0012799999676644802,-4.479999999999998e-09,4.7679999999999855e-08,-2.161190347531809e-09,-13.507599672069773
SaveOnEvent_ch1_20260928005155712.wfm,00:51:55.712000,-0.30701,-0.0013599999947473407,-4.479999999999998e-09,9.626879999999998e-06,-2.2250623765378256e-09,-13.90695985336788
SaveOnEvent_ch1_20260928005155911.wfm,00:51:55.911000,-0.3080050000000001,-0.0015200000489130616,4.7848e-06,7.03232e-06,-5.250169572739395e-09,-32.81383982961415
SaveOnEvent_ch1_20260928005156111.wfm,00:51:56.111000,-0.309005,-0.0012799999676644802,-4.639999999999332e-09,5.5360000000000093e-08,-1.1835391723457732e-09,-7.397119827161077
SaveOnEvent_ch1_20260928005156312.wfm,00:51:56.312000,-0.3100100000000001,-0.0012799999676644802,-7.51999999999921e-09,6.7756800000000005e-06,-3.1425279727904117e-09,-19.640879829938058
SaveOnEvent_ch1_20260928005156511.wfm,00:51:56.511000,-0.3110050000000002,-0.0014400000218302011,9.00736e-06,9.621919999999998e-06,-2.411142400642854e-09,-15.070160004019272
SaveOnEvent_ch1_20260928005156711.wfm,00:51:56.711000,-0.3120050000000001,-0.0013599999947473407,8.3528e-06,9.618399999999998e-06,-2.699814399224707e-09,-16.874319995142287
SaveOnEvent_ch1_20260928005156912.wfm,00:51:56.912000,-0.3130099999999998,-0.0013599999947473407,-2.4000000000001803e-09,9.623359999999997e-06,-2.418771156291477e-09,-15.11775972682517
SaveOnEvent_ch1_20260928005157112.wfm,00:51:57.112000,-0.3140100000000001,-0.0012000000569969416,8.000000000000601e-10,8.570879999999998e-06,-2.718022390736731e-09,-16.987839942099527
SaveOnEvent_ch1_20260928005157312.wfm,00:51:57.312000,-0.31501,-0.001120000029914081,-8.480000000000298e-09,5.7280000000000576e-08,-3.149951937049614e-10,-1.968719960656017
SaveOnEvent_ch1_20260928005157511.wfm,00:51:57.511000,-0.3160050000000001,-0.0014400000218302011,3.1222399999999998e-06,5.1480000000000005e-06,-5.210540761633309e-09,-32.56599976020516
SaveOnEvent_ch1_20260928005157711.wfm,00:51:57.711000,-0.317005,-0.0014400000218302011,-6.400000000000481e-09,4.735999999999949e-08,-7.788735822984025e-10,-4.867999889364
SaveOnEvent_ch1_20260928005157911.wfm,00:51:57.911000,-0.31800499999999987,-0.0013599999947473407,-7.839999999999573e-09,9.622239999999999e-06,-3.730105590717865e-09,-23.313519941992126
SaveOnEvent_ch1_20260928005158112.wfm,00:51:58.112000,-0.31901,-0.0012799999676644802,-2.0799999999998175e-09,3.951999999999992e-08,-7.732095819665106e-10,-4.832559887290699
SaveOnEvent_ch1_20260928005158312.wfm,00:51:58.312000,-0.3200099999999999,-0.0014400000218302011,-1.120000000000423e-09,9.627519999999999e-06,-1.5532543870271175e-09,-9.708239918923937
SaveOnEvent_ch1_20260928005158511.wfm,00:51:58.511000,-0.321005,-0.001120000029914081,-4.479999999999998e-09,6.055680000000001e-06,-1.34021759370109e-09,-8.376559960626764
SaveOnEvent_ch1_20260928005158712.wfm,00:51:58.712000,-0.32201000000000013,-0.0012799999676644802,-6.71999999999915e-09,5.423999999999967e-08,-1.5419263632828369e-09,-9.637279770511668
SaveOnEvent_ch1_20260928005158911.wfm,00:51:58.911000,-0.3230050000000002,-0.0012799999676644802,-4.0000000000003005e-09,6.362079999999998e-06,-2.2623743779864153e-09,-14.140079862409038
SaveOnEvent_ch1_20260928005159112.wfm,00:51:59.112000,-0.32401000000000035,-0.0018400000408291817,9.206399999999999e-06,9.620159999999997e-06,-3.1281343879806784e-09,-19.551679924858036
SaveOnEvent_ch1_20260928005159311.wfm,00:51:59.311000,-0.325005,-0.0014400000218302011,-2.720000000000543e-09,7.736160000000001e-06,-6.1799487969069715e-09,-38.624879980663536
SaveOnEvent_ch1_20260928005159511.wfm,00:51:59.511000,-0.3260050000000003,-0.0014400000218302011,-2.8799999999998776e-09,4.6240000000000763e-08,-7.718079825839955e-10,-4.823759891150985
SaveOnEvent_ch1_20260928005159712.wfm,00:51:59.712000,-0.32701,-0.0014400000218302011,9.29568e-06,9.619679999999997e-06,-2.047103984076529e-09,-12.795039900462143
SaveOnEvent_ch1_20260928005159911.wfm,00:51:59.911000,-0.3280050000000001,-0.0015200000489130616,-3.6799999999999377e-09,5.992160000000001e-06,-7.2505279648932595e-09,-45.31599978057784
SaveOnEvent_ch1_20260928005200111.wfm,00:52:00.111000,-0.329005,-0.0012000000569969416,-4.800000000000361e-09,9.624159999999997e-06,-1.9358783930749614e-09,-12.099519956711447
SaveOnEvent_ch1_20260928005200311.wfm,00:52:00.311000,-0.3300049999999999,-0.0015200000489130616,-4.159999999999635e-09,9.620479999999997e-06,-1.7448639660212185e-09,-10.905999787646579
SaveOnEvent_ch1_20260928005200511.wfm,00:52:00.511000,-0.3310050000000002,-0.0012799999676644802,8.37744e-06,9.620479999999997e-06,-4.462815979053264e-09,-27.89303986908635
SaveOnEvent_ch1_20260928005200711.wfm,00:52:00.711000,-0.3320050000000001,-0.0013599999947473407,-5.759999999999755e-09,9.632639999999998e-06,-4.249632002001159e-09,-26.56072001249413
SaveOnEvent_ch1_20260928005200911.wfm,00:52:00.911000,-0.333005,-0.00215999991632998,7.66368e-06,9.21904e-06,-5.346342408370691e-09,-33.415040052321274
SaveOnEvent_ch1_20260928005201111.wfm,00:52:01.111000,-0.3340049999999999,-0.0016799999866634607,8.507519999999999e-06,9.624639999999997e-06,-3.6921472101099775e-09,-23.07648006317322
SaveOnEvent_ch1_20260928005201311.wfm,00:52:01.311000,-0.3350049999999998,-0.0014400000218302011,-6.880000000000178e-09,5.80816e-06,-5.751046364095529e-09,-35.94415977559402
SaveOnEvent_ch1_20260928005201511.wfm,00:52:01.511000,-0.3360050000000001,-0.0016799999866634607,8.065119999999998e-06,9.622399999999998e-06,-4.475635186356958e-09,-27.973199914733414
SaveOnEvent_ch1_20260928005201711.wfm,00:52:01.711000,-0.337005,-0.0013599999947473407,-6.400000000000481e-09,5.503999999999973e-08,-3.0977535264752798e-09,-19.361039540468482
SaveOnEvent_ch1_20260928005201911.wfm,00:52:01.911000,-0.3380049999999999,-0.001120000029914081,4.0000000000003005e-09,9.624959999999997e-06,-1.3164479720359663e-09,-8.22823982522823
SaveOnEvent_ch1_20260928005202111.wfm,00:52:02.111000,-0.3390049999999998,-0.0012000000569969416,-5.1200000000007235e-09,9.622399999999998e-06,-1.5311039828415945e-09,-9.569839892763412
SaveOnEvent_ch1_20260928005202312.wfm,00:52:02.312000,-0.3400099999999999,-0.0012799999676644802,0.0,4.304000000000052e-08,1.1006079533836113e-10,0.6879199708637316
SaveOnEvent_ch1_20260928005202511.wfm,00:52:02.511000,-0.341005,-0.0015200000489130616,7.52512e-06,9.58176e-06,-4.240044813987329e-09,-26.50064008741174
SaveOnEvent_ch1_20260928005202711.wfm,00:52:02.711000,-0.3420049999999999,-0.001120000029914081,-1.2799999999997574e-09,9.630399999999998e-06,-2.344812776686157e-09,-14.655519854277372
SaveOnEvent_ch1_20260928005202911.wfm,00:52:02.911000,-0.3430050000000002,-0.0028800000436604023,5.84944e-06,6.818720000000001e-06,-6.535628766035662e-09,-40.84783978771884
SaveOnEvent_ch1_20260928005203111.wfm,00:52:03.111000,-0.3440050000000001,-0.0013599999947473407,-3.039999999999212e-09,4.880000000000028e-08,-4.6179198988014896e-10,-2.8862399367499165
SaveOnEvent_ch1_20260928005203311.wfm,00:52:03.311000,-0.345005,-0.0014400000218302011,-1.599999999993344e-10,9.620319999999998e-06,-1.9903935780329624e-09,-12.440559862734517
SaveOnEvent_ch1_20260928005203511.wfm,00:52:03.511000,-0.34600500000000034,-0.002240000059828162,7.179199999999999e-06,8.205599999999998e-06,-4.070649620883632e-09,-25.44184013051563
SaveOnEvent_ch1_20260928005203711.wfm,00:52:03.711000,-0.34700500000000023,-0.001120000029914081,-3.039999999999212e-09,8.45888e-06,-2.7806400038371796e-09,-17.37912002397934
SaveOnEvent_ch1_20260928005203911.wfm,00:52:03.911000,-0.3480050000000001,-0.002400000113993883,1.4134400000000001e-06,2.4678399999999997e-06,-5.826195193601304e-09,-36.413759960007155
SaveOnEvent_ch1_20260928005204111.wfm,00:52:04.111000,-0.349005,-0.0016799999866634607,7.565920000000001e-06,9.126559999999999e-06,-2.836217625255231e-09,-17.7267201578361
SaveOnEvent_ch1_20260928005204311.wfm,00:52:04.311000,-0.3500049999999999,-0.0013599999947473407,-4.0000000000003005e-09,9.623359999999997e-06,-3.04167041462613e-09,-19.010960091400193
SaveOnEvent_ch1_20260928005204512.wfm,00:52:04.512000,-0.35101000000000004,-0.0015999999595806003,3.9936e-06,5.73536e-06,-3.932492806701919e-09,-24.578160041884985
SaveOnEvent_ch1_20260928005204711.wfm,00:52:04.711000,-0.3520050000000001,-0.0012799999676644802,-3.839999999999272e-09,5.423999999999967e-08,-9.855039773578769e-10,-6.159439858485712
SaveOnEvent_ch1_20260928005204911.wfm,00:52:04.911000,-0.353005,-0.0013599999947473407,-5.1200000000007235e-09,8.39792e-06,-4.894399958760477e-09,-30.590159742248943
SaveOnEvent_ch1_20260928005205111.wfm,00:52:05.111000,-0.3540049999999999,-0.0013599999947473407,-4.0000000000003005e-09,4.560000000000004e-08,1.9366399362217778e-10,1.2102399601426441
SaveOnEvent_ch1_20260928005205311.wfm,00:52:05.311000,-0.3550049999999998,-0.0012000000569969416,-5.759999999999755e-09,7.99344e-06,-3.821196796162985e-09,-23.882639976014616
SaveOnEvent_ch1_20260928005205511.wfm,00:52:05.511000,-0.3560050000000001,-0.0014400000218302011,-4.800000000000361e-09,4.7679999999999855e-08,-1.506950363607611e-09,-9.418399772548582
SaveOnEvent_ch1_20260928005205711.wfm,00:52:05.711000,-0.357005,-0.0012799999676644802,-5.280000000000058e-09,9.622239999999999e-06,-1.4758143832720808e-09,-9.224319895438384
SaveOnEvent_ch1_20260928005205912.wfm,00:52:05.912000,-0.3580099999999997,-0.0012000000569969416,-8.000000000000601e-09,9.622239999999999e-06,-3.201510379461105e-09,-20.009919871634338
SaveOnEvent_ch1_20260928005206111.wfm,00:52:06.111000,-0.3590049999999998,-0.001120000029914081,-7.359999999999875e-09,5.04000000000004e-08,-5.093759887106711e-10,-3.183759929437656
SaveOnEvent_ch1_20260928005206311.wfm,00:52:06.311000,-0.36000500000000013,-0.0012000000569969416,-5.759999999999755e-09,5.551999999999943e-08,-9.721663775085475e-10,-6.076159859425388
SaveOnEvent_ch1_20260928005206511.wfm,00:52:06.511000,-0.361005,-0.0017600000137463212,8.953439999999999e-06,9.620319999999998e-06,-3.2836479841032973e-09,-20.523519900656538
SaveOnEvent_ch1_20260928005206711.wfm,00:52:06.711000,-0.3620049999999999,-0.0019199999514967203,8.817919999999999e-06,9.615839999999998e-06,-3.2673727908148406e-09,-20.42175994257559
SaveOnEvent_ch1_20260928005206911.wfm,00:52:06.911000,-0.36300500000000024,-0.0012799999676644802,-1.920000000000483e-09,7.24704e-06,-3.3144703706447027e-09,-20.715519816527376
SaveOnEvent_ch1_20260928005207111.wfm,00:52:07.111000,-0.36400500000000013,-0.0013599999947473407,8.16496e-06,9.622239999999999e-06,-3.084819224993696e-09,-19.28056015621405
SaveOnEvent_ch1_20260928005207311.wfm,00:52:07.311000,-0.365005,-0.0012000000569969416,-8.000000000000601e-10,9.628319999999999e-06,-4.291110356554856e-09,-26.81975972847431
SaveOnEvent_ch1_20260928005207511.wfm,00:52:07.511000,-0.36600500000000036,-0.0015200000489130616,-3.5200000000006033e-09,9.622079999999997e-06,-3.7718719745264365e-09,-23.574639840779128
SaveOnEvent_ch1_20260928005207711.wfm,00:52:07.711000,-0.36700500000000025,-0.0015999999595806003,-3.5200000000006033e-09,9.626239999999997e-06,-4.3520128127210764e-09,-27.20056007950916
SaveOnEvent_ch1_20260928005207911.wfm,00:52:07.911000,-0.36800500000000014,-0.0013599999947473407,5.624000000000001e-06,8.291039999999998e-06,-5.210892771645449e-09,-32.568319822777994
SaveOnEvent_ch1_20260928005208111.wfm,00:52:08.111000,-0.369005,-0.0012000000569969416,-6.880000000000178e-09,9.627199999999998e-06,-2.5306112046143962e-09,-15.81664002884645
SaveOnEvent_ch1_20260928005208311.wfm,00:52:08.311000,-0.3700049999999999,-0.0012000000569969416,-6.239999999999452e-09,9.622719999999998e-06,-4.705152262840383e-10,-2.9409601642691996
SaveOnEvent_ch1_20260928005208512.wfm,00:52:08.512000,-0.37101000000000006,-0.0013599999947473407,7.510560000000001e-06,9.619839999999998e-06,-3.951692824412602e-09,-24.698480152583215
SaveOnEvent_ch1_20260928005208712.wfm,00:52:08.712000,-0.37200999999999995,-0.0012799999676644802,-2.720000000000543e-09,7.494879999999999e-06,-4.564454357419162e-09,-28.528079733863706
SaveOnEvent_ch1_20260928005208911.wfm,00:52:08.911000,-0.37300500000000003,-0.0017600000137463212,4.326079999999999e-06,5.910719999999999e-06,-6.623379158212336e-09,-41.39631973882206
SaveOnEvent_ch1_20260928005209111.wfm,00:52:09.111000,-0.3740049999999999,-0.0012799999676644802,-6.71999999999915e-09,7.408000000000001e-06,-3.408185570279601e-09,-21.30135981424246
SaveOnEvent_ch1_20260928005209311.wfm,00:52:09.311000,-0.3750049999999998,-0.0013599999947473407,0.0,4.99200000000007e-08,-5.200319884880467e-10,-3.2503999280452263
SaveOnEvent_ch1_20260928005209511.wfm,00:52:09.511000,-0.37600500000000014,-0.0012799999676644802,-6.559999999999815e-09,9.541919999999999e-06,-6.891199949476842e-10,-4.307279968430521
SaveOnEvent_ch1_20260928005209712.wfm,00:52:09.712000,-0.37700999999999985,-0.0015999999595806003,8.35152e-06,9.614399999999997e-06,-2.918745616315862e-09,-18.242720101989107
SaveOnEvent_ch1_20260928005209911.wfm,00:52:09.911000,-0.3780049999999999,-0.0012000000569969416,-7.680000000000238e-09,9.624799999999998e-06,-8.744511885545203e-10,-5.465839928452624
SaveOnEvent_ch1_20260928005210111.wfm,00:52:10.111000,-0.3790049999999998,-0.0012799999676644802,-7.359999999999875e-09,4.99200000000007e-08,-1.271340769466477e-09,-7.945999809162458
SaveOnEvent_ch1_20260928005210311.wfm,00:52:10.311000,-0.38000500000000015,-0.0012799999676644802,1.4400000000007858e-09,9.57728e-06,-6.123264047829473e-10,-3.8273600298853125
SaveOnEvent_ch1_20260928005210511.wfm,00:52:10.511000,-0.38100500000000004,-0.0012000000569969416,-8.480000000000298e-09,9.296959999999998e-06,-2.817004774843808e-09,-17.60655984276673
SaveOnEvent_ch1_20260928005210711.wfm,00:52:10.711000,-0.38200499999999993,-0.0014400000218302011,-4.639999999999332e-09,9.320640000000001e-06,-3.120659177037885e-09,-19.504399856494274
SaveOnEvent_ch1_20260928005210911.wfm,00:52:10.911000,-0.38300500000000026,-0.002319999970495701,6.840159999999998e-06,8.109759999999999e-06,-5.899603193732908e-09,-36.872799960838165
SaveOnEvent_ch1_20260928005211112.wfm,00:52:11.112000,-0.38400999999999996,-0.0013599999947473407,-5.600000000000421e-09,9.625119999999998e-06,-4.09943673939211e-09,-25.62207962118555
SaveOnEvent_ch1_20260928005211312.wfm,00:52:11.312000,-0.3850100000000003,-0.001120000029914081,-7.680000000000238e-09,8.58512e-06,-4.54689275709912e-09,-28.41831973186345
SaveOnEvent_ch1_20260928005211512.wfm,00:52:11.512000,-0.3860100000000002,-0.0012000000569969416,-9.599999999993945e-10,9.620159999999997e-06,-1.6052543761092208e-09,-10.033439850667492
SaveOnEvent_ch1_20260928005211711.wfm,00:52:11.711000,-0.38700500000000027,-0.0013599999947473407,-4.639999999999332e-09,9.619840000000002e-06,-3.0581887879595154e-09,-19.11399992473889
SaveOnEvent_ch1_20260928005211911.wfm,00:52:11.911000,-0.38800500000000016,-0.00215999991632998,6.52368e-06,7.842719999999998e-06,-5.468473626160993e-09,-34.17832016351167
SaveOnEvent_ch1_20260928005212112.wfm,00:52:12.112000,-0.3890100000000003,-0.0013599999947473407,7.64896e-06,9.627999999999998e-06,-4.2373056099703495e-09,-26.483600062318146
SaveOnEvent_ch1_20260928005212312.wfm,00:52:12.312000,-0.3900100000000002,-0.0012799999676644802,-3.2000000000002404e-09,9.111199999999998e-06,-2.9370751646510326e-09,-18.35703977907542
SaveOnEvent_ch1_20260928005212511.wfm,00:52:12.511000,-0.39100500000000027,-0.0012000000569969416,-6.080000000000118e-09,7.988e-06,-3.4867199550801894e-09,-21.792159719247138
SaveOnEvent_ch1_20260928005212712.wfm,00:52:12.712000,-0.39200999999999997,-0.001120000029914081,-4.320000000000663e-09,9.313919999999999e-06,-3.279475178418214e-09,-20.497039865120314
SaveOnEvent_ch1_20260928005212912.wfm,00:52:12.912000,-0.39300999999999986,-0.0012799999676644802,-1.120000000000423e-09,8.27936e-06,-4.212902367850765e-09,-26.330879799061222
SaveOnEvent_ch1_20260928005213111.wfm,00:52:13.111000,-0.39400499999999994,-0.0013599999947473407,-5.280000000000058e-09,9.623999999999998e-06,-2.3602879567723705e-09,-14.752319729828741
SaveOnEvent_ch1_20260928005213311.wfm,00:52:13.311000,-0.39500499999999983,-0.001120000029914081,-3.2000000000002404e-09,4.4960000000001006e-08,1.0452479606028673e-10,0.6532799753767904
SaveOnEvent_ch1_20260928005213511.wfm,00:52:13.511000,-0.39600500000000016,-0.0015999999595806003,4.83616e-06,6.64912e-06,-4.770579179942139e-09,-29.81615987463738
SaveOnEvent_ch1_20260928005213712.wfm,00:52:13.712000,-0.39700999999999986,-0.0014400000218302011,-8.480000000000298e-09,8.54176e-06,-5.102233592087867e-09,-31.889199950557668
SaveOnEvent_ch1_20260928005213911.wfm,00:52:13.911000,-0.39800499999999994,-0.0013599999947473407,-3.5200000000006033e-09,9.629919999999997e-06,-3.3889407632616296e-09,-21.181279770389665
SaveOnEvent_ch1_20260928005214112.wfm,00:52:14.112000,-0.3990100000000001,-0.0015999999595806003,7.36544e-06,8.508639999999998e-06,-4.333369590907825e-09,-27.083759943168843
SaveOnEvent_ch1_20260928005214311.wfm,00:52:14.311000,-0.4000049999999997,-0.0012799999676644802,-6.559999999999815e-09,9.620959999999997e-06,-2.1202943718875738e-09,-13.252319824299775
SaveOnEvent_ch1_20260928005214511.wfm,00:52:14.511000,-0.40100500000000006,-0.0013599999947473407,-3.039999999999212e-09,4.59200000000004e-08,-1.5702271645120337e-09,-9.814239778206684
SaveOnEvent_ch1_20260928005214711.wfm,00:52:14.711000,-0.40200499999999995,-0.0014400000218302011,-9.599999999993945e-10,5.968000000000076e-08,-3.9214207511697865e-09,-24.509199694817653
SaveOnEvent_ch1_20260928005214911.wfm,00:52:14.911000,-0.40300499999999984,-0.0014400000218302011,-4.0000000000003005e-09,8.297759999999998e-06,-5.5171328032366e-09,-34.48232002023724
SaveOnEvent_ch1_20260928005215112.wfm,00:52:15.112000,-0.40401,-0.0013599999947473407,-6.880000000000178e-09,6.768159999999998e-06,-4.9941247674357125e-09,-31.213439796469174
SaveOnEvent_ch1_20260928005215311.wfm,00:52:15.311000,-0.40500500000000006,-0.0012799999676644802,-7.680000000000238e-09,6.948800000000002e-06,-5.089926336288917e-09,-31.812239601800684
SaveOnEvent_ch1_20260928005215511.wfm,00:52:15.511000,-0.40600499999999995,-0.0012000000569969416,-6.71999999999915e-09,9.534239999999999e-06,-3.6900671651703293e-09,-23.063199782307493
SaveOnEvent_ch1_20260928005215712.wfm,00:52:15.712000,-0.4070100000000001,-0.0016799999866634607,4.9452799999999985e-06,6.674719999999999e-06,-4.434681587012018e-09,-27.716879918822087
SaveOnEvent_ch1_20260928005215911.wfm,00:52:15.911000,-0.4080050000000002,-0.0014400000218302011,-2.720000000000543e-09,9.063199999999998e-06,-4.287078362577595e-09,-26.794479766103905
SaveOnEvent_ch1_20260928005216112.wfm,00:52:16.112000,-0.4090100000000003,-0.0012799999676644802,-3.839999999999272e-09,5.375999999999997e-08,-1.7325055580306812e-09,-10.828159737691749
SaveOnEvent_ch1_20260928005216312.wfm,00:52:16.312000,-0.4100100000000002,-0.0013599999947473407,-3.839999999999272e-09,5.471999999999937e-08,1.7049599371850626e-10,1.0655999607406557
SaveOnEvent_ch1_20260928005216511.wfm,00:52:16.511000,-0.4110050000000003,-0.0014400000218302011,-1.4400000000007858e-09,4.079999999999968e-08,-9.59615977518261e-10,-5.997599859489128
SaveOnEvent_ch1_20260928005216711.wfm,00:52:16.711000,-0.4120050000000002,-0.0015200000489130616,5.417599999999999e-06,7.469920000000001e-06,-5.239084795925299e-09,-32.744479974528076
SaveOnEvent_ch1_20260928005216911.wfm,00:52:16.911000,-0.41300500000000007,-0.00215999991632998,8.64096e-06,9.616159999999998e-06,-3.824640004208776e-09,-23.904640026332345
SaveOnEvent_ch1_20260928005217111.wfm,00:52:17.111000,-0.41400499999999996,-0.0012799999676644802,-2.0799999999998175e-09,7.63424e-06,-5.066009585396387e-09,-31.662639908725396
SaveOnEvent_ch1_20260928005217311.wfm,00:52:17.311000,-0.41500499999999985,-0.0020000000949949026,9.457279999999999e-06,9.615359999999998e-06,-2.5249599812249604e-09,-15.781919882661896
SaveOnEvent_ch1_20260928005217511.wfm,00:52:17.511000,-0.4160050000000002,-0.0010400000028312206,-9.600000000000721e-09,9.62448e-06,-2.0358911878615617e-09,-12.724559924128698
SaveOnEvent_ch1_20260928005217711.wfm,00:52:17.711000,-0.41700500000000007,-0.0015200000489130616,4.959360000000001e-06,7.60864e-06,-5.066867187595925e-09,-31.668079922470497
SaveOnEvent_ch1_20260928005217912.wfm,00:52:17.912000,-0.41800999999999977,-0.0012799999676644802,-4.799999999996972e-10,8.70624e-06,-3.309427174553276e-09,-20.684159840951907
SaveOnEvent_ch1_20260928005218111.wfm,00:52:18.111000,-0.41900499999999985,-0.0014400000218302011,-4.159999999999635e-09,9.623039999999999e-06,-1.5025663839257296e-09,-9.391519899538253
SaveOnEvent_ch1_20260928005218311.wfm,00:52:18.311000,-0.42000499999999974,-0.0014400000218302011,5.529439999999999e-06,7.2355199999999984e-06,-4.8213247664831535e-09,-30.133439790515695
SaveOnEvent_ch1_20260928005218512.wfm,00:52:18.512000,-0.4210099999999999,-0.0014400000218302011,-3.2000000000002404e-09,9.617599999999997e-06,-3.498975973799824e-09,-21.86911983625032
SaveOnEvent_ch1_20260928005218711.wfm,00:52:18.711000,-0.42200499999999996,-0.00215999991632998,6.449599999999998e-06,7.971839999999998e-06,-4.192665625966621e-09,-26.204400162299862
SaveOnEvent_ch1_20260928005218911.wfm,00:52:18.911000,-0.42300499999999985,-0.0013599999947473407,-3.359999999999575e-09,7.125440000000001e-06,-5.16265594647499e-09,-32.26679966546362
SaveOnEvent_ch1_20260928005219112.wfm,00:52:19.112000,-0.42401,-0.0012799999676644802,-6.71999999999915e-09,4.752000000000052e-08,-9.079679928021344e-11,-0.5675199955003336
SaveOnEvent_ch1_20260928005219312.wfm,00:52:19.312000,-0.4250099999999999,-0.0012000000569969416,-8.000000000000601e-10,5.200000000000052e-08,-5.742783872620203e-10,-3.589279920386616
SaveOnEvent_ch1_20260928005219512.wfm,00:52:19.512000,-0.4260100000000002,-0.0014400000218302011,-2.4000000000001803e-09,7.378560000000001e-06,-3.6813055790471824e-09,-23.00847986905137
SaveOnEvent_ch1_20260928005219712.wfm,00:52:19.712000,-0.4270100000000001,-0.0015999999595806003,5.193599999999999e-06,7.009279999999998e-06,-5.247545596070119e-09,-32.79735997543321
SaveOnEvent_ch1_20260928005219911.wfm,00:52:19.911000,-0.4280050000000002,-0.0013599999947473407,-2.239999999999152e-09,9.621919999999998e-06,-3.9373951686569456e-09,-24.609119804110378
SaveOnEvent_ch1_20260928005220111.wfm,00:52:20.111000,-0.4290050000000001,-0.0012799999676644802,7.850719999999999e-06,9.624319999999998e-06,-3.385011221831664e-09,-21.156720136437798
SaveOnEvent_ch1_20260928005220311.wfm,00:52:20.311000,-0.43000499999999997,-0.0018400000408291817,7.09552e-06,8.556159999999998e-06,-3.85313921349356e-09,-24.082400084327674
SaveOnEvent_ch1_20260928005220511.wfm,00:52:20.511000,-0.4310050000000003,-0.0012000000569969416,-2.8799999999998776e-09,4.831999999999889e-08,-1.925823969650054e-10,-1.203919981024228
SaveOnEvent_ch1_20260928005220712.wfm,00:52:20.712000,-0.43201,-0.0012799999676644802,-9.439999999999693e-09,9.623199999999998e-06,-5.068480105721353e-10,-3.1682400660647545
SaveOnEvent_ch1_20260928005220912.wfm,00:52:20.912000,-0.4330099999999999,-0.0014400000218302011,-3.039999999999212e-09,5.040479999999999e-06,-4.457081552546006e-09,-27.856879703409504
SaveOnEvent_ch1_20260928005221112.wfm,00:52:21.112000,-0.43401000000000023,-0.0012000000569969416,-6.880000000000178e-09,9.627999999999998e-06,-1.2284415874048137e-09,-7.678159921284532
SaveOnEvent_ch1_20260928005221311.wfm,00:52:21.311000,-0.43500499999999986,-0.0014400000218302011,-4.959999999999695e-09,9.5888e-06,-4.525510372533461e-09,-28.2847998283396
SaveOnEvent_ch1_20260928005221512.wfm,00:52:21.512000,-0.43601,-0.0012799999676644802,4.799999999996972e-10,4.495999999999931e-08,-5.68640007427893e-11,-0.35536000464344397
SaveOnEvent_ch1_20260928005221712.wfm,00:52:21.712000,-0.4370099999999999,-0.0015999999595806003,9.146719999999998e-06,9.620479999999997e-06,-2.3350848048832273e-09,-14.59496003051754
SaveOnEvent_ch1_20260928005221911.wfm,00:52:21.911000,-0.438005,-0.0012799999676644802,-9.439999999999693e-09,4.7679999999999855e-08,-1.6318719739560056e-10,-1.0199199837225024
SaveOnEvent_ch1_20260928005222112.wfm,00:52:22.112000,-0.4390100000000001,-0.0017600000137463212,8.252160000000001e-06,9.581759999999998e-06,-3.415948807459789e-09,-21.350080046628136
SaveOnEvent_ch1_20260928005222312.wfm,00:52:22.312000,-0.44001,-0.0014400000218302011,9.555199999999998e-06,9.618719999999998e-06,-1.383993587670847e-09,-8.650639922940172
SaveOnEvent_ch1_20260928005222511.wfm,00:52:22.511000,-0.4410050000000001,-0.0012799999676644802,-9.599999999993945e-10,4.800000000000022e-08,-3.248703949479382e-10,-2.030719968432095
SaveOnEvent_ch1_20260928005222712.wfm,00:52:22.712000,-0.4420099999999998,-0.0013599999947473407,-4.320000000000663e-09,6.884319999999999e-06,-4.825894352765753e-09,-30.16199970478192
SaveOnEvent_ch1_20260928005222911.wfm,00:52:22.911000,-0.44300499999999987,-0.0014400000218302011,4.08848e-06,6.674880000000001e-06,-4.512057616335803e-09,-28.200560102093732
SaveOnEvent_ch1_20260928005223111.wfm,00:52:23.111000,-0.4440050000000002,-0.0019199999514967203,9.060959999999999e-06,9.614719999999998e-06,-2.7464767871354675e-09,-17.166159919608617
SaveOnEvent_ch1_20260928005223311.wfm,00:52:23.311000,-0.4450050000000001,-0.0025599999353289604,9.561599999999998e-06,2.315199999999974e-07,-2.4776575574697916e-09,-15.486639734153869
SaveOnEvent_ch1_20260928005223511.wfm,00:52:23.511000,-0.446005,-0.0014400000218302011,9.42224e-06,9.617599999999997e-06,-1.7594303790014202e-09,-10.997119868756272
SaveOnEvent_ch1_20260928005223711.wfm,00:52:23.711000,-0.4470050000000003,-0.0013599999947473407,-2.720000000000543e-09,7.218719999999997e-06,-3.053331185469868e-09,-19.083439909183653
SaveOnEvent_ch1_20260928005223911.wfm,00:52:23.911000,-0.4480050000000002,-0.0016799999866634607,3.52816e-06,4.99792e-06,-5.081318405768831e-09,-31.758320036053192
SaveOnEvent_ch1_20260928005224112.wfm,00:52:24.112000,-0.44901000000000035,-0.001120000029914081,-6.400000000000481e-09,4.943999999999931e-08,-3.655999921937473e-10,-2.28503995120991
SaveOnEvent_ch1_20260928005224311.wfm,00:52:24.311000,-0.450005,-0.0020000000949949026,6.054399999999999e-06,7.828639999999998e-06,-5.9459519790695036e-09,-37.16239986917935
SaveOnEvent_ch1_20260928005224511.wfm,00:52:24.511000,-0.4510050000000003,-0.0019199999514967203,6.777599999999999e-06,8.419999999999999e-06,-5.700908779897728e-09,-35.63095987436827
SaveOnEvent_ch1_20260928005224711.wfm,00:52:24.711000,-0.4520050000000002,-0.0012799999676644802,-4.959999999999695e-09,4.384000000000058e-08,-3.328473527575844e-09,-20.803119547344977
SaveOnEvent_ch1_20260928005224912.wfm,00:52:24.912000,-0.4530099999999999,-0.0015200000489130616,-1.6000000000001202e-09,8.96192e-06,-4.684345593187027e-09,-29.277439957426395
SaveOnEvent_ch1_20260928005225111.wfm,00:52:25.111000,-0.454005,-0.0016799999866634607,9.23024e-06,9.617279999999997e-06,-2.5217983852885647e-09,-15.761999908077996
SaveOnEvent_ch1_20260928005225311.wfm,00:52:25.311000,-0.4550049999999999,-0.0013599999947473407,-5.280000000000058e-09,9.625439999999997e-06,-1.7792064272682192e-09,-11.120480170415249
SaveOnEvent_ch1_20260928005225512.wfm,00:52:25.512000,-0.45601,-0.0014400000218302011,-4.479999999999998e-09,9.622079999999997e-06,-1.909471970363519e-09,-11.934639814775437
SaveOnEvent_ch1_20260928005225712.wfm,00:52:25.712000,-0.4570099999999999,-0.0013599999947473407,-5.280000000000058e-09,9.60496e-06,-1.9610559932957378e-09,-12.256959958089283
SaveOnEvent_ch1_20260928005225912.wfm,00:52:25.912000,-0.4580099999999998,-0.0017600000137463212,5.927199999999998e-06,8.0144e-06,-6.043148789550179e-09,-37.76991993468255
SaveOnEvent_ch1_20260928005226112.wfm,00:52:26.112000,-0.45901000000000014,-0.0013599999947473407,9.39168e-06,9.627679999999998e-06,-1.990687979990612e-09,-12.442479874938726
SaveOnEvent_ch1_20260928005226312.wfm,00:52:26.312000,-0.46001000000000003,-0.0013599999947473407,-6.559999999999815e-09,5.922880000000001e-06,-4.1380415453086604e-09,-25.862959658174077
SaveOnEvent_ch1_20260928005226511.wfm,00:52:26.511000,-0.4610050000000001,-0.0013599999947473407,6.0688e-06,7.93632e-06,-4.990835210038348e-09,-31.19296006273362
SaveOnEvent_ch1_20260928005226712.wfm,00:52:26.712000,-0.4620099999999998,-0.0015999999595806003,6.963360000000001e-06,8.900320000000002e-06,-3.864710424074437e-09,-24.15480015045614
SaveOnEvent_ch1_20260928005226912.wfm,00:52:26.912000,-0.46301000000000014,-0.0013599999947473407,-2.720000000000543e-09,8.832159999999999e-06,-3.5232703707949274e-09,-22.020639817463234
SaveOnEvent_ch1_20260928005227112.wfm,00:52:27.112000,-0.46401000000000003,-0.0012000000569969416,-5.9200000000007836e-09,9.624159999999997e-06,-2.538700783243401e-09,-15.867199895263184
SaveOnEvent_ch1_20260928005227312.wfm,00:52:27.312000,-0.4650099999999999,-0.0012000000569969416,-6.080000000000118e-09,5.055999999999973e-08,-6.259967860952014e-10,-3.9125599130929913
SaveOnEvent_ch1_20260928005227511.wfm,00:52:27.511000,-0.466005,-0.0013599999947473407,-9.599999999993945e-10,8.865279999999998e-06,-4.870143953184595e-09,-30.43863970739767
SaveOnEvent_ch1_20260928005227711.wfm,00:52:27.711000,-0.4670049999999999,-0.0015200000489130616,9.43376e-06,9.617599999999997e-06,-2.348467187385537e-09,-14.678559921158012
SaveOnEvent_ch1_20260928005227912.wfm,00:52:27.912000,-0.46801000000000004,-0.0012799999676644802,-6.880000000000178e-09,9.611039999999998e-06,-8.771071924408896e-10,-5.482239952747477
SaveOnEvent_ch1_20260928005228111.wfm,00:52:28.111000,-0.4690050000000001,-0.0015999999595806003,9.3552e-06,9.620639999999998e-06,-2.2055039914464552e-09,-13.785199946520152
SaveOnEvent_ch1_20260928005228312.wfm,00:52:28.312000,-0.47001000000000026,-0.0012799999676644802,-4.0000000000003005e-09,6.864319999999998e-06,-2.6775487787160094e-09,-16.734799866972025
SaveOnEvent_ch1_20260928005228512.wfm,00:52:28.512000,-0.47101000000000015,-0.0013599999947473407,-4.799999999996972e-10,9.247199999999998e-06,-1.4120639993715996e-09,-8.825679996079998
SaveOnEvent_ch1_20260928005228711.wfm,00:52:28.711000,-0.47200500000000023,-0.0014400000218302011,9.006079999999999e-06,9.621439999999998e-06,-3.1107839843165136e-09,-19.443039901962038
SaveOnEvent_ch1_20260928005228912.wfm,00:52:28.912000,-0.47300999999999993,-0.0012799999676644802,-4.800000000000361e-09,4.319999999999986e-08,-4.3108479056274504e-10,-2.694399941014126
SaveOnEvent_ch1_20260928005229112.wfm,00:52:29.112000,-0.47401000000000026,-0.0013599999947473407,-5.280000000000058e-09,9.604319999999999e-06,-3.7280959636089396e-09,-23.300959772546776
SaveOnEvent_ch1_20260928005229312.wfm,00:52:29.312000,-0.47501000000000015,-0.0015200000489130616,-2.8799999999998776e-09,5.94464e-06,-6.0199103607446856e-09,-37.62455975465127
SaveOnEvent_ch1_20260928005229511.wfm,00:52:29.511000,-0.47600500000000023,-0.001120000029914081,1.2799999999997574e-09,9.620959999999997e-06,-1.929324775277637e-09,-12.058639845490688
SaveOnEvent_ch1_20260928005229712.wfm,00:52:29.712000,-0.47700999999999993,-0.0013599999947473407,-4.959999999999695e-09,8.89776e-06,-4.3905471921502585e-09,-27.44119995093206
SaveOnEvent_ch1_20260928005229912.wfm,00:52:29.912000,-0.4780099999999998,-0.0012000000569969416,-3.5200000000006033e-09,5.120000000000046e-08,4.3845118692144665e-10,2.740399918257026
SaveOnEvent_ch1_20260928005230111.wfm,00:52:30.111000,-0.4790049999999999,-0.0012000000569969416,-5.9200000000007836e-09,9.623039999999999e-06,-1.9747199670411614e-09,-12.342399793997174
SaveOnEvent_ch1_20260928005230311.wfm,00:52:30.311000,-0.4800049999999998,-0.0013599999947473407,-6.880000000000178e-09,5.520000000000076e-08,-2.1998079629149376e-10,-1.3747999768238515
SaveOnEvent_ch1_20260928005230511.wfm,00:52:30.511000,-0.4810050000000001,-0.0014400000218302011,-7.0399999999995125e-09,9.625279999999998e-06,-3.1457663617795293e-09,-19.66143976111198
SaveOnEvent_ch1_20260928005230712.wfm,00:52:30.712000,-0.4820099999999998,-0.0014400000218302011,9.31408e-06,9.624479999999998e-06,-3.8328575575561216e-09,-23.955999734753277
SaveOnEvent_ch1_20260928005230911.wfm,00:52:30.911000,-0.4830049999999999,-0.0015999999595806003,7.324960000000001e-06,9.252799999999999e-06,-4.5869311852357355e-09,-28.668639907729812
SaveOnEvent_ch1_20260928005231112.wfm,00:52:31.112000,-0.48401000000000005,-0.0012799999676644802,-4.479999999999998e-09,9.626399999999998e-06,-1.921132779805922e-09,-12.007439873792464
SaveOnEvent_ch1_20260928005231311.wfm,00:52:31.311000,-0.48500500000000013,-0.0013599999947473407,7.650399999999999e-06,9.631679999999998e-06,-5.191929598432035e-09,-32.44991999020567
SaveOnEvent_ch1_20260928005231511.wfm,00:52:31.511000,-0.486005,-0.0014400000218302011,-4.800000000000361e-09,4.319999999999986e-08,-2.6884543504239986e-09,-16.803199690155452
SaveOnEvent_ch1_20260928005231712.wfm,00:52:31.712000,-0.48701000000000016,-0.0012799999676644802,8.000000000000601e-10,7.2035199999999994e-06,-5.232832001834176e-09,-32.70536001145956
SaveOnEvent_ch1_20260928005231912.wfm,00:52:31.912000,-0.48801000000000005,-0.0012000000569969416,-3.5200000000006033e-09,6.016000000000045e-08,-9.493119784258302e-10,-5.933439865155378
SaveOnEvent_ch1_20260928005232112.wfm,00:52:32.112000,-0.48900999999999994,-0.0013599999947473407,4.029279999999999e-06,6.372159999999999e-06,-5.113932813452556e-09,-31.962240084074438
SaveOnEvent_ch1_20260928005232311.wfm,00:52:32.311000,-0.490005,-0.001120000029914081,-3.2000000000002404e-09,3.9360000000000585e-08,-7.188159828470096e-10,-4.492719892790774
SaveOnEvent_ch1_20260928005232511.wfm,00:52:32.511000,-0.49100500000000036,-0.0012799999676644802,-6.400000000007257e-10,5.135999999999979e-08,-1.2026815714803507e-09,-7.516799821751192
SaveOnEvent_ch1_20260928005232712.wfm,00:52:32.712000,-0.49201000000000006,-0.0017600000137463212,7.126559999999999e-06,8.990559999999999e-06,-5.102572778088503e-09,-31.89143986304407
SaveOnEvent_ch1_20260928005232912.wfm,00:52:32.912000,-0.49300999999999995,-0.0012799999676644802,-4.639999999999332e-09,5.2062400000000005e-06,-5.804230357843919e-09,-36.27655973652145
SaveOnEvent_ch1_20260928005233112.wfm,00:52:33.112000,-0.4940100000000003,-0.0012799999676644802,-5.9200000000007836e-09,6.278559999999998e-06,-3.2121919952309692e-09,-20.076319970190525
SaveOnEvent_ch1_20260928005233312.wfm,00:52:33.312000,-0.49501000000000017,-0.0012799999676644802,-3.6799999999999377e-09,5.200000000000052e-08,-1.711827169181777e-09,-10.699199807393597
SaveOnEvent_ch1_20260928005233512.wfm,00:52:33.512000,-0.49601000000000006,-0.0012799999676644802,-3.359999999999575e-09,4.463999999999895e-08,8.021631780918693e-10,5.01351986307418
SaveOnEvent_ch1_20260928005233712.wfm,00:52:33.712000,-0.49700999999999995,-0.0012799999676644802,2.720000000000543e-09,9.620799999999998e-06,-7.294976019486755e-10,-4.559840012196219
SaveOnEvent_ch1_20260928005233912.wfm,00:52:33.912000,-0.49800999999999984,-0.0013599999947473407,3.2000000000036285e-10,8.081119999999998e-06,-2.170867184721864e-09,-13.568159904505592
SaveOnEvent_ch1_20260928005234112.wfm,00:52:34.112000,-0.4990100000000002,-0.001120000029914081,-6.880000000000178e-09,4.464000000000064e-08,5.768895839829942e-10,3.605439899896737
SaveOnEvent_ch1_20260928005234311.wfm,00:52:34.311000,-0.5000049999999998,-0.0012799999676644802,-1.7599999999994546e-09,9.623199999999998e-06,-3.6532927549886505e-09,-22.83343971866998
SaveOnEvent_ch1_20260928005234512.wfm,00:52:34.512000,-0.50101,-0.0015999999595806003,2.81552e-06,5.142560000000001e-06,-6.554419194101355e-09,-40.965199963131454
SaveOnEvent_ch1_20260928005234711.wfm,00:52:34.711000,-0.502005,-0.0012799999676644802,-3.359999999999575e-09,4.575999999999937e-08,-1.344127981970087e-10,-0.8402399887272622
SaveOnEvent_ch1_20260928005234911.wfm,00:52:34.911000,-0.5030049999999999,-0.0012000000569969416,-4.800000000000361e-09,5.5360000000000093e-08,-1.4907647656509646e-09,-9.317599785310449
SaveOnEvent_ch1_20260928005235111.wfm,00:52:35.111000,-0.5040049999999998,-0.0015200000489130616,-5.1200000000007235e-09,5.0880000000000096e-08,-1.5941695620468834e-09,-9.963599762792
SaveOnEvent_ch1_20260928005235311.wfm,00:52:35.311000,-0.5050050000000001,-0.0013599999947473407,-8.639999999999633e-09,5.711999999999955e-08,-1.4477055703080235e-09,-9.04847981443163
SaveOnEvent_ch1_20260928005235511.wfm,00:52:35.511000,-0.506005,-0.0010400000028312206,-7.359999999999875e-09,4.5279999999999675e-08,9.366783755365778e-10,5.85415984710562
SaveOnEvent_ch1_20260928005235712.wfm,00:52:35.712000,-0.5070100000000002,-0.0013599999947473407,-2.239999999999152e-09,4.5279999999999675e-08,-6.505023850803243e-10,-4.065759906749008
SaveOnEvent_ch1_20260928005235912.wfm,00:52:35.912000,-0.5080100000000001,-0.0013599999947473407,-4.479999999999998e-09,9.633919999999997e-06,-4.600851185298525e-09,-28.755679908121238
SaveOnEvent_ch1_20260928005236112.wfm,00:52:36.112000,-0.50901,-0.0019199999514967203,9.518879999999998e-06,9.613919999999998e-06,-3.0165887639089463e-09,-18.854479774425272
SaveOnEvent_ch1_20260928005236311.wfm,00:52:36.311000,-0.510005,-0.0012799999676644802,-3.5200000000006033e-09,4.800000000000022e-08,-1.075545574603602e-09,-6.722319841268472
SaveOnEvent_ch1_20260928005236511.wfm,00:52:36.511000,-0.5110050000000004,-0.0012799999676644802,-4.959999999999695e-09,9.621919999999998e-06,-2.807206378097179e-09,-17.545439863111824
SaveOnEvent_ch1_20260928005236711.wfm,00:52:36.711000,-0.5120050000000003,-0.0016799999866634607,6.060000000000001e-06,8.06816e-06,-4.343692802623845e-09,-27.148320016392972
SaveOnEvent_ch1_20260928005236912.wfm,00:52:36.912000,-0.51301,-0.0016799999866634607,7.21312e-06,9.0872e-06,-4.445536004675086e-09,-27.784880029212218
SaveOnEvent_ch1_20260928005237112.wfm,00:52:37.112000,-0.5140100000000003,-0.0016799999866634607,9.591520000000001e-06,9.613919999999998e-06,-2.05054718860425e-09,-12.816719928756356
SaveOnEvent_ch1_20260928005237312.wfm,00:52:37.312000,-0.5150100000000002,-0.0015999999595806003,8.919519999999998e-06,9.618239999999998e-06,-2.8292415861878516e-09,-17.683519913669443
SaveOnEvent_ch1_20260928005237512.wfm,00:52:37.512000,-0.5160100000000001,-0.0017600000137463212,4.881920000000001e-06,5.916800000000001e-06,-6.2360703947907305e-09,-38.97575996743399
SaveOnEvent_ch1_20260928005237712.wfm,00:52:37.712000,-0.51701,-0.0012799999676644802,-2.8799999999998776e-09,6.33600000000007e-08,-1.0554623757768425e-09,-6.596639848605264
SaveOnEvent_ch1_20260928005237912.wfm,00:52:37.912000,-0.5180099999999999,-0.0012000000569969416,-6.559999999999815e-09,9.627359999999998e-06,-3.6028159600938676e-09,-22.517919750593137
SaveOnEvent_ch1_20260928005238112.wfm,00:52:38.112000,-0.5190100000000002,-0.0012799999676644802,-5.9200000000007836e-09,8.802399999999997e-06,-3.1499583742651146e-09,-19.6875198391499
SaveOnEvent_ch1_20260928005238312.wfm,00:52:38.312000,-0.5200100000000001,-0.0015999999595806003,6.001440000000001e-06,7.776159999999999e-06,-5.305727993915789e-09,-33.16103996196762
SaveOnEvent_ch1_20260928005238512.wfm,00:52:38.512000,-0.52101,-0.0012000000569969416,-3.2000000000002404e-09,8.31232e-06,-1.726911981632002e-09,-10.793359885195969
SaveOnEvent_ch1_20260928005238712.wfm,00:52:38.712000,-0.5220099999999999,-0.00215999991632998,8.911679999999998e-06,9.612319999999997e-06,-5.234035154562442e-09,-32.71367971599102
SaveOnEvent_ch1_20260928005238912.wfm,00:52:38.912000,-0.5230099999999998,-0.0013599999947473407,-4.320000000000663e-09,9.620479999999997e-06,-4.119673592450561e-09,-25.748239952808945
SaveOnEvent_ch1_20260928005239111.wfm,00:52:39.111000,-0.5240049999999998,-0.0012000000569969416,-6.080000000000118e-09,9.625279999999998e-06,-3.902412755300754e-09,-24.390559720632154
SaveOnEvent_ch1_20260928005239312.wfm,00:52:39.312000,-0.52501,-0.0012799999676644802,-3.359999999999575e-09,6.025760000000001e-06,-2.29196800117381e-09,-14.324880007334286
SaveOnEvent_ch1_20260928005239512.wfm,00:52:39.512000,-0.5260099999999999,-0.0014400000218302011,-9.599999999993945e-10,9.43584e-06,-4.235046358415857e-09,-26.469359740091022
SaveOnEvent_ch1_20260928005239712.wfm,00:52:39.712000,-0.5270100000000002,-0.0013599999947473407,-8.159999999999935e-09,9.51712e-06,-4.437190391093023e-09,-27.732719944324344
SaveOnEvent_ch1_20260928005239911.wfm,00:52:39.911000,-0.5280049999999998,-0.0013599999947473407,8.072960000000001e-06,9.617279999999997e-06,-2.56611202449072e-09,-16.038640153070446
SaveOnEvent_ch1_20260928005240112.wfm,00:52:40.112000,-0.52901,-0.0014400000218302011,8.38704e-06,9.616159999999998e-06,-3.0474175889813337e-09,-19.046799931122223
SaveOnEvent_ch1_20260928005240312.wfm,00:52:40.312000,-0.5300100000000003,-0.0012000000569969416,-2.4000000000001803e-09,9.5224e-06,-4.15308158376487e-09,-25.956959898525383
SaveOnEvent_ch1_20260928005240511.wfm,00:52:40.511000,-0.531005,-0.0013599999947473407,-2.239999999999152e-09,4.623999999999907e-08,-1.2918527689669281e-09,-8.07415980604128
SaveOnEvent_ch1_20260928005240712.wfm,00:52:40.712000,-0.5320100000000001,-0.0012000000569969416,-8.31999999999927e-09,8.71856e-06,-4.6833855358394795e-09,-29.271439598989673
SaveOnEvent_ch1_20260928005240911.wfm,00:52:40.911000,-0.5330050000000002,-0.0014400000218302011,6.900319999999999e-06,8.942879999999999e-06,-3.1957632066519e-09,-19.973760041582864
SaveOnEvent_ch1_20260928005241111.wfm,00:52:41.111000,-0.5340050000000001,-0.0012799999676644802,-4.320000000000663e-09,3.9679999999999254e-08,3.3212799010565465e-10,2.0759199381573126
SaveOnEvent_ch1_20260928005241312.wfm,00:52:41.312000,-0.5350100000000002,-0.0014400000218302011,-1.599999999993344e-10,9.21584e-06,-5.140940777149517e-09,-32.13127985718893
SaveOnEvent_ch1_20260928005241511.wfm,00:52:41.511000,-0.5360050000000003,-0.0015200000489130616,-3.039999999999212e-09,7.18496e-06,-4.97937914978247e-09,-31.121279686136404
SaveOnEvent_ch1_20260928005241711.wfm,00:52:41.711000,-0.5370050000000002,-0.0012799999676644802,-5.759999999999755e-09,3.904000000000022e-08,-5.411583878379312e-10,-3.382239923987072
SaveOnEvent_ch1_20260928005241911.wfm,00:52:41.911000,-0.5380050000000001,-0.0013599999947473407,-7.0399999999995125e-09,9.629439999999997e-06,-3.2356799640296947e-09,-20.223439775174484
SaveOnEvent_ch1_20260928005242111.wfm,00:52:42.111000,-0.539005,-0.0013599999947473407,-3.2000000000036285e-10,8.6784e-06,-2.805964832869359e-09,-17.537440205429448
SaveOnEvent_ch1_20260928005242312.wfm,00:52:42.312000,-0.5400100000000001,-0.0013599999947473407,-4.639999999999332e-09,9.59328e-06,-3.2818431626982056e-09,-20.511919766868232
SaveOnEvent_ch1_20260928005242511.wfm,00:52:42.511000,-0.5410050000000002,-0.0015999999595806003,-4.479999999999998e-09,9.608799999999999e-06,-3.764640000264627e-09,-23.529440001642797
SaveOnEvent_ch1_20260928005242711.wfm,00:52:42.711000,-0.5420050000000001,-0.0014400000218302011,6.935679999999999e-06,8.919039999999998e-06,-4.017081614104095e-09,-25.1070400881581
SaveOnEvent_ch1_20260928005242911.wfm,00:52:42.911000,-0.543005,-0.0016799999866634607,3.86896e-06,6.4096000000000004e-06,-5.6835903791221805e-09,-35.52255986951059
SaveOnEvent_ch1_20260928005243111.wfm,00:52:43.111000,-0.5440049999999998,-0.0012000000569969416,4.311039999999999e-06,6.99456e-06,-4.960275162884502e-09,-31.001919768023072
SaveOnEvent_ch1_20260928005243311.wfm,00:52:43.311000,-0.5450049999999997,-0.0013599999947473407,-1.4400000000007858e-09,7.81088e-06,-4.872249559403863e-09,-30.45175974626909
SaveOnEvent_ch1_20260928005243511.wfm,00:52:43.511000,-0.5460050000000001,-0.0013599999947473407,-4.159999999999635e-09,6.2175999999999996e-06,-4.8457727790484196e-09,-30.286239869048586
SaveOnEvent_ch1_20260928005243712.wfm,00:52:43.712000,-0.5470099999999998,-0.0012000000569969416,-7.680000000000238e-09,7.584640000000001e-06,-4.740595152443272e-09,-29.628959702764405
SaveOnEvent_ch1_20260928005243912.wfm,00:52:43.912000,-0.5480100000000001,-0.002319999970495701,8.373599999999999e-06,9.588640000000001e-06,-4.450937602873892e-09,-27.818880017963238
SaveOnEvent_ch1_20260928005244112.wfm,00:52:44.112000,-0.54901,-0.0020800000056624413,1.6681599999999993e-06,3.3273599999999986e-06,-5.581299209711138e-09,-34.88312006069464
SaveOnEvent_ch1_20260928005244312.wfm,00:52:44.312000,-0.5500099999999999,-0.0012000000569969416,-6.400000000000481e-09,9.625439999999997e-06,-3.5312640734715173e-10,-2.2074400459241588
SaveOnEvent_ch1_20260928005244512.wfm,00:52:44.512000,-0.5510100000000002,-0.0013599999947473407,-4.800000000000361e-09,9.622719999999998e-06,-3.835782372509125e-09,-23.973999828187516
SaveOnEvent_ch1_20260928005244712.wfm,00:52:44.712000,-0.5520100000000001,-0.0012799999676644802,-3.839999999999272e-09,9.623999999999998e-06,-2.574367991276083e-09,-16.09023994547897
SaveOnEvent_ch1_20260928005244911.wfm,00:52:44.911000,-0.5530050000000002,-0.0014400000218302011,-4.959999999999695e-09,3.935999999999889e-08,-3.0278399409260487e-10,-1.8923999630787876
SaveOnEvent_ch1_20260928005245111.wfm,00:52:45.111000,-0.5540050000000001,-0.0012799999676644802,-5.280000000000058e-09,5.456000000000003e-08,-9.683201524893253e-12,-0.06048000953160226
SaveOnEvent_ch1_20260928005245311.wfm,00:52:45.311000,-0.555005,-0.0012799999676644802,-4.320000000000663e-09,9.127519999999998e-06,-4.066668752680995e-09,-25.417039704247145
SaveOnEvent_ch1_20260928005245511.wfm,00:52:45.511000,-0.5560050000000003,-0.0012799999676644802,-2.720000000000543e-09,4.880000000000028e-08,-2.876543948147437e-10,-1.7979199675901327
SaveOnEvent_ch1_20260928005245711.wfm,00:52:45.711000,-0.5570050000000002,-0.0012000000569969416,-4.800000000000361e-09,9.625759999999997e-06,-2.2345663833175775e-09,-13.96647989572375
SaveOnEvent_ch1_20260928005245911.wfm,00:52:45.911000,-0.5580050000000001,-0.0012000000569969416,-4.159999999999635e-09,5.136000000000149e-08,-1.2969535695202656e-09,-8.106239809509134
SaveOnEvent_ch1_20260928005246111.wfm,00:52:46.111000,-0.559005,-0.004000000189989805,6.854399999999997e-07,1.151039999999999e-06,-6.573811176251617e-09,-41.086319851572625
SaveOnEvent_ch1_20260928005246311.wfm,00:52:46.311000,-0.5600049999999999,-0.001120000029914081,-3.359999999999575e-09,9.328159999999999e-06,-2.375967974758239e-09,-14.849999842233956
SaveOnEvent_ch1_20260928005246511.wfm,00:52:46.511000,-0.5610050000000002,-0.0013599999947473407,-2.8799999999998776e-09,9.61856e-06,-2.568960642441953e-11,-0.16088004014454782
SaveOnEvent_ch1_20260928005246712.wfm,00:52:46.712000,-0.5620100000000003,-0.0012799999676644802,-4.959999999999695e-09,8.151039999999998e-06,-2.2131903833127586e-09,-13.832719895697664
SaveOnEvent_ch1_20260928005246911.wfm,00:52:46.911000,-0.563005,-0.0013599999947473407,-4.479999999999998e-09,8.4008e-06,-5.215513544701971e-09,-32.59719965438126
SaveOnEvent_ch1_20260928005247111.wfm,00:52:47.111000,-0.5640050000000003,-0.0014400000218302011,-5.759999999999755e-09,9.622239999999999e-06,-2.8689216254162594e-09,-17.931280158867594
SaveOnEvent_ch1_20260928005247311.wfm,00:52:47.311000,-0.5650049999999998,-0.0012799999676644802,-8.000000000000601e-10,4.672000000000046e-08,-1.9385023773624553e-09,-12.115999858506257
SaveOnEvent_ch1_20260928005247511.wfm,00:52:47.511000,-0.5660050000000001,-0.0015999999595806003,6.8844799999999985e-06,8.62512e-06,-4.839263998593669e-09,-30.24567999120336
SaveOnEvent_ch1_20260928005247711.wfm,00:52:47.711000,-0.567005,-0.0012000000569969416,-4.320000000000663e-09,9.631199999999999e-06,-2.7972479856922303e-09,-17.48319991058088
SaveOnEvent_ch1_20260928005247911.wfm,00:52:47.911000,-0.5680049999999999,-0.0024800000246614218,7.7144e-06,2.1745600000000018e-06,-5.432243202554524e-09,-33.952000015968224
SaveOnEvent_ch1_20260928005248112.wfm,00:52:48.112000,-0.56901,-0.0015200000489130616,-3.5200000000006033e-09,6.076320000000001e-06,-5.154860786541829e-09,-32.21807991588139
SaveOnEvent_ch1_20260928005248312.wfm,00:52:48.312000,-0.5700099999999999,-0.001120000029914081,-6.71999999999915e-09,4.432000000000028e-08,-3.787135916575797e-10,-2.3670399478578474
SaveOnEvent_ch1_20260928005248512.wfm,00:52:48.512000,-0.5710100000000002,-0.0019199999514967203,7.954399999999998e-06,9.521759999999998e-06,-4.0959744076081525e-09,-25.600320047553396
SaveOnEvent_ch1_20260928005248712.wfm,00:52:48.712000,-0.5720100000000001,-0.0028800000436604023,7.207519999999998e-06,8.19184e-06,-6.307807974338064e-09,-39.42415983960382
SaveOnEvent_ch1_20260928005248912.wfm,00:52:48.912000,-0.57301,-0.0014400000218302011,-3.5200000000006033e-09,4.575999999999937e-08,-2.945823935724329e-09,-18.411519598274026
SaveOnEvent_ch1_20260928005249112.wfm,00:52:49.112000,-0.5740100000000004,-0.0013599999947473407,-3.5200000000006033e-09,7.3723199999999986e-06,-6.620710398931986e-09,-41.37967999331886
SaveOnEvent_ch1_20260928005249312.wfm,00:52:49.312000,-0.5750099999999998,-0.0012799999676644802,-4.159999999999635e-09,4.8799999999998584e-08,-8.349247807334179e-10,-5.21831987958285
SaveOnEvent_ch1_20260928005249512.wfm,00:52:49.512000,-0.5760100000000001,-0.0014400000218302011,-3.2000000000036285e-10,9.58512e-06,-1.018899179808793e-09,-6.368479873810429
SaveOnEvent_ch1_20260928005249712.wfm,00:52:49.712000,-0.5770100000000005,-0.0014400000218302011,7.98368e-06,9.618879999999997e-06,-2.6542656123428595e-09,-16.589600077131763
SaveOnEvent_ch1_20260928005249912.wfm,00:52:49.912000,-0.5780099999999999,-0.0012799999676644802,-5.759999999999755e-09,9.5368e-06,-3.4562879762961507e-09,-21.602079851843882
SaveOnEvent_ch1_20260928005250112.wfm,00:52:50.112000,-0.5790100000000002,-0.0014400000218302011,7.794879999999999e-06,9.627039999999997e-06,-4.048639984938782e-09,-25.30447990586981
SaveOnEvent_ch1_20260928005250312.wfm,00:52:50.312000,-0.5800099999999997,-0.0014400000218302011,-3.839999999999272e-09,4.64000000000001e-08,-1.1025087755941793e-09,-6.890959847456543
SaveOnEvent_ch1_20260928005250511.wfm,00:52:50.511000,-0.5810050000000002,-0.0012799999676644802,-4.159999999999635e-09,5.456000000000003e-08,-6.119935862999394e-10,-3.82503991437261
SaveOnEvent_ch1_20260928005250712.wfm,00:52:50.712000,-0.5820100000000004,-0.0017600000137463212,6.515840000000001e-06,7.91216e-06,-5.3369087725644895e-09,-33.35591982852202
SaveOnEvent_ch1_20260928005250911.wfm,00:52:50.911000,-0.583005,-0.0017600000137463212,5.105920000000001e-06,6.700159999999998e-06,-5.56657916635275e-09,-34.79127978970064
SaveOnEvent_ch1_20260928005251111.wfm,00:52:51.111000,-0.5840050000000003,-0.0014400000218302011,2.044479999999999e-06,4.4224e-06,-4.822495993252379e-09,-30.14063995782635
SaveOnEvent_ch1_20260928005251312.wfm,00:52:51.312000,-0.58501,-0.0012799999676644802,-4.639999999999332e-09,9.224160000000001e-06,-2.35521919473773e-09,-14.72047996710171
SaveOnEvent_ch1_20260928005251512.wfm,00:52:51.512000,-0.5860099999999999,-0.0013599999947473407,-4.159999999999635e-09,9.622879999999998e-06,-3.502156773887108e-09,-21.88887983679888
SaveOnEvent_ch1_20260928005251712.wfm,00:52:51.712000,-0.5870100000000003,-0.0013599999947473407,-4.159999999999635e-09,4.399999999999992e-08,-2.008255950985477e-09,-12.551599693659227
SaveOnEvent_ch1_20260928005251911.wfm,00:52:51.911000,-0.5880049999999999,-0.0012000000569969416,-5.9200000000007836e-09,5.1680000000000156e-08,3.6563838903559406e-10,2.2851999314734712
SaveOnEvent_ch1_20260928005252112.wfm,00:52:52.112000,-0.58901,-0.0012799999676644802,1.120000000000423e-09,9.350079999999999e-06,-3.439379183070269e-09,-21.496319894184126
SaveOnEvent_ch1_20260928005252311.wfm,00:52:52.311000,-0.5900050000000001,-0.0012799999676644802,-6.559999999999815e-09,9.582719999999999e-06,-5.096063964350613e-09,-31.85063977719983
SaveOnEvent_ch1_20260928005252512.wfm,00:52:52.512000,-0.5910100000000003,-0.0012799999676644802,-5.1200000000007235e-09,6.094239999999998e-06,-4.027494378350673e-09,-25.1719198646897
SaveOnEvent_ch1_20260928005252712.wfm,00:52:52.712000,-0.5920100000000001,-0.0017600000137463212,7.940640000000001e-06,9.52816e-06,-3.753715180018916e-09,-23.461119875108125
SaveOnEvent_ch1_20260928005252911.wfm,00:52:52.911000,-0.5930050000000002,-0.0013599999947473407,-3.5200000000006033e-09,9.622079999999997e-06,-1.5559359919512639e-09,-9.72495994970086
SaveOnEvent_ch1_20260928005253112.wfm,00:52:53.112000,-0.5940100000000004,-0.0020000000949949026,8.205760000000001e-06,9.496639999999998e-06,-3.2387584158591906e-09,-20.242720099107828
SaveOnEvent_ch1_20260928005253312.wfm,00:52:53.312000,-0.5950099999999998,-0.0012000000569969416,-7.359999999999875e-09,6.048000000000082e-08,8.238079558592383e-11,0.51471997241606
SaveOnEvent_ch1_20260928005253511.wfm,00:52:53.511000,-0.5960050000000003,-0.0018400000408291817,1.9327999999999995e-06,4.1888e-06,-6.1038143649674005e-09,-38.14895978104323
SaveOnEvent_ch1_20260928005253711.wfm,00:52:53.711000,-0.5970049999999998,-0.001120000029914081,-1.0080000000000418e-08,7.211519999999998e-06,-4.60975996592315e-09,-28.81111978701665
SaveOnEvent_ch1_20260928005253912.wfm,00:52:53.912000,-0.5980099999999999,-0.0018400000408291817,6.854399999999998e-06,8.9856e-06,-5.096883193410466e-09,-31.85583995882189
SaveOnEvent_ch1_20260928005254112.wfm,00:52:54.112000,-0.5990100000000003,-0.0015999999595806003,6.04976e-06,7.871360000000001e-06,-4.859430404533631e-09,-30.371680028329138
SaveOnEvent_ch1_20260928005254311.wfm,00:52:54.311000,-0.6000049999999999,-0.00215999991632998,9.46176e-06,9.614399999999997e-06,-2.7640895841154253e-09,-17.276559900696157
SaveOnEvent_ch1_20260928005254511.wfm,00:52:54.511000,-0.6010050000000002,-0.0013599999947473407,-6.400000000000481e-09,8.806079999999999e-06,-4.721587185475509e-09,-29.510239909228403
SaveOnEvent_ch1_20260928005254712.wfm,00:52:54.712000,-0.6020100000000004,-0.0012799999676644802,-4.479999999999998e-09,8.84976e-06,-3.2775359700806438e-09,-20.484879813011503
SaveOnEvent_ch1_20260928005254912.wfm,00:52:54.912000,-0.6030099999999998,-0.0013599999947473407,-5.1200000000007235e-09,9.624799999999998e-06,-2.0878528073360184e-09,-13.049760045832954
SaveOnEvent_ch1_20260928005255111.wfm,00:52:55.111000,-0.6040050000000003,-0.0012799999676644802,-7.0399999999995125e-09,9.634879999999998e-06,-4.150246379971505e-09,-25.939359874813817
SaveOnEvent_ch1_20260928005255312.wfm,00:52:55.312000,-0.6050099999999996,-0.0014400000218302011,7.1012799999999995e-06,9.172639999999999e-06,-3.5331135941552923e-09,-22.08215996346553
SaveOnEvent_ch1_20260928005255511.wfm,00:52:55.511000,-0.6060050000000001,-0.0015200000489130616,-6.880000000000178e-09,9.628319999999999e-06,-2.9890239661768996e-09,-18.681839788594516
SaveOnEvent_ch1_20260928005255712.wfm,00:52:55.712000,-0.6070100000000003,-0.0013599999947473407,-6.559999999999815e-09,9.623199999999998e-06,-4.261772800234612e-09,-26.63656000146875
SaveOnEvent_ch1_20260928005255912.wfm,00:52:55.912000,-0.6080099999999997,-0.0014400000218302011,6.608640000000001e-06,8.90176e-06,-3.851654408285394e-09,-24.073120051791193
SaveOnEvent_ch1_20260928005256111.wfm,00:52:56.111000,-0.6090050000000002,-0.0013599999947473407,-2.4000000000001803e-09,5.0080000000000036e-08,2.395519778365269e-11,0.14967998614883982
SaveOnEvent_ch1_20260928005256311.wfm,00:52:56.311000,-0.6100050000000001,-0.0015200000489130616,-7.680000000000238e-09,5.8080000000000637e-08,-1.934649554023052e-09,-12.091519712645095
SaveOnEvent_ch1_20260928005256511.wfm,00:52:56.511000,-0.611005,-0.0013599999947473407,-3.5200000000006033e-09,9.619199999999998e-06,-3.6270400090166346e-09,-22.669520056340843
SaveOnEvent_ch1_20260928005256711.wfm,00:52:56.711000,-0.6120049999999999,-0.0015200000489130616,-5.1200000000007235e-09,6.271360000000001e-06,-4.284115139094648e-09,-26.77591961933649
SaveOnEvent_ch1_20260928005256912.wfm,00:52:56.912000,-0.61301,-0.0013599999947473407,4.3544e-06,5.976479999999998e-06,-4.643180811533239e-09,-29.01992007208173
SaveOnEvent_ch1_20260928005257112.wfm,00:52:57.112000,-0.61401,-0.0012799999676644802,-5.9200000000007836e-09,6.6104e-06,-5.864697549345436e-09,-36.65447968340595
SaveOnEvent_ch1_20260928005257312.wfm,00:52:57.312000,-0.6150099999999998,-0.0013599999947473407,-6.71999999999915e-09,9.622879999999998e-06,-1.390412822195794e-09,-8.690640138753224
SaveOnEvent_ch1_20260928005257511.wfm,00:52:57.511000,-0.6160050000000004,-0.0014400000218302011,1.4400000000007858e-09,8.458240000000001e-06,-2.5256383865023946e-09,-15.785359915636946
SaveOnEvent_ch1_20260928005257712.wfm,00:52:57.712000,-0.6170100000000001,-0.0036800000816583633,5.783999999999994e-07,1.1446399999999986e-06,-5.0445887893321936e-09,-31.528719933325192
SaveOnEvent_ch1_20260928005257912.wfm,00:52:57.912000,-0.61801,-0.0013599999947473407,-5.600000000000421e-09,5.180000000000001e-06,-5.201951947978234e-09,-32.51231967486092
SaveOnEvent_ch1_20260928005258112.wfm,00:52:58.112000,-0.6190100000000003,-0.0012000000569969416,-4.479999999999998e-09,5.120000000000046e-08,5.63359983854462e-10,3.5210398990893736
SaveOnEvent_ch1_20260928005258312.wfm,00:52:58.312000,-0.6200099999999997,-0.0014400000218302011,-2.239999999999152e-09,6.484479999999999e-06,-3.521753627005962e-09,-22.011040168785257
SaveOnEvent_ch1_20260928005258512.wfm,00:52:58.512000,-0.6210100000000001,-0.0012799999676644802,-1.4400000000007858e-09,9.62448e-06,-1.6713663745834464e-09,-10.446399841137463
SaveOnEvent_ch1_20260928005258712.wfm,00:52:58.712000,-0.6220100000000004,-0.0012799999676644802,-6.559999999999815e-09,9.590399999999999e-06,-3.4639103760011495e-09,-21.6497598499991
SaveOnEvent_ch1_20260928005258911.wfm,00:52:58.911000,-0.623005,-0.001120000029914081,-6.400000000000481e-09,9.623199999999998e-06,-1.669363198240748e-09,-10.434079989005113
SaveOnEvent_ch1_20260928005259112.wfm,00:52:59.112000,-0.6240100000000002,-0.0014400000218302011,-4.800000000000361e-09,5.103999999999943e-08,-8.619391844165515e-10,-5.387439902609913
SaveOnEvent_ch1_20260928005259311.wfm,00:52:59.311000,-0.6250049999999998,-0.0012799999676644802,-7.359999999999875e-09,8.977440000000001e-06,-5.18638076216448e-09,-32.41511976352194
SaveOnEvent_ch1_20260928005259511.wfm,00:52:59.511000,-0.6260050000000001,-0.0015999999595806003,7.982879999999998e-06,9.59856e-06,-3.849376001777126e-09,-24.058960011112504
SaveOnEvent_ch1_20260928005259711.wfm,00:52:59.711000,-0.627005,-0.002319999970495701,9.067040000000001e-06,9.608799999999999e-06,-3.2636287894402597e-09,-20.39863993402105
SaveOnEvent_ch1_20260928005259912.wfm,00:52:59.912000,-0.6280099999999997,-0.0015200000489130616,-3.2000000000002404e-09,9.16208e-06,-4.304499212994705e-09,-26.90344008122338
SaveOnEvent_ch1_20260928005300112.wfm,00:53:00.112000,-0.6290100000000001,-0.0013599999947473407,-1.6000000000001202e-09,7.153920000000001e-06,-3.361439969043713e-09,-21.009199806518154
SaveOnEvent_ch1_20260928005300312.wfm,00:53:00.312000,-0.63001,-0.0012799999676644802,6.400000000007257e-10,4.575999999999937e-08,-7.119807842862806e-10,-4.449919901788235
SaveOnEvent_ch1_20260928005300512.wfm,00:53:00.512000,-0.6310099999999998,-0.0012799999676644802,-3.2000000000002404e-09,3.823999999999847e-08,-1.741759970970448e-09,-10.886399818555219
SaveOnEvent_ch1_20260928005300712.wfm,00:53:00.712000,-0.6320100000000002,-0.003120000008493662,5.916640000000001e-06,1.690239999999999e-06,-5.280236826732286e-09,-33.001600167073775
SaveOnEvent_ch1_20260928005300912.wfm,00:53:00.912000,-0.6330100000000001,-0.0013599999947473407,-5.280000000000058e-09,8.610719999999998e-06,-3.362726410320025e-09,-21.017200064496137
SaveOnEvent_ch1_20260928005301112.wfm,00:53:01.112000,-0.63401,-0.001120000029914081,-6.080000000000118e-09,4.4479999999999615e-08,-1.302572768388783e-09,-8.141279802424833
SaveOnEvent_ch1_20260928005301311.wfm,00:53:01.311000,-0.635005,-0.0012799999676644802,-5.759999999999755e-09,7.592959999999999e-06,-4.316390348589045e-09,-26.977599678677507
SaveOnEvent_ch1_20260928005301511.wfm,00:53:01.511000,-0.6360050000000004,-0.002319999970495701,3.406239999999999e-06,4.8806400000000014e-06,-7.3907967463135715e-09,-46.19263966445578
SaveOnEvent_ch1_20260928005301712.wfm,00:53:01.712000,-0.6370100000000001,-0.0017600000137463212,4.85664e-06,6.80304e-06,-4.113683205784763e-09,-25.710560036153765
SaveOnEvent_ch1_20260928005301911.wfm,00:53:01.911000,-0.6380050000000002,-0.0014400000218302011,8.69856e-06,9.619199999999998e-06,-2.501503984057343e-09,-15.63495990037336
SaveOnEvent_ch1_20260928005302111.wfm,00:53:02.111000,-0.6390050000000005,-0.0014400000218302011,8.359359999999999e-06,9.620799999999998e-06,-3.612595201553775e-09,-22.57920000969898
SaveOnEvent_ch1_20260928005302312.wfm,00:53:02.312000,-0.6400099999999997,-0.0012000000569969416,-4.639999999999332e-09,7.252479999999999e-06,-5.254771130774172e-09,-32.84247956733452
SaveOnEvent_ch1_20260928005302511.wfm,00:53:02.511000,-0.6410050000000003,-0.0014400000218302011,7.81968e-06,9.619679999999999e-06,-3.830355196930467e-09,-23.940079980820883
SaveOnEvent_ch1_20260928005302712.wfm,00:53:02.712000,-0.6420100000000004,-0.0013599999947473407,-3.359999999999575e-09,9.628959999999998e-06,-2.31811835164437e-09,-14.488639697781764
SaveOnEvent_ch1_20260928005302912.wfm,00:53:02.912000,-0.6430099999999999,-0.0014400000218302011,-2.5599999999995147e-09,7.932319999999998e-06,-4.470924750645641e-09,-27.943599691527197
SaveOnEvent_ch1_20260928005303112.wfm,00:53:03.112000,-0.6440100000000002,-0.0014400000218302011,-4.639999999999332e-09,4.512000000000034e-08,-2.669343968683389e-09,-16.683599804266123
SaveOnEvent_ch1_20260928005303312.wfm,00:53:03.312000,-0.6450099999999996,-0.0014400000218302011,8.652799999999998e-06,9.619519999999998e-06,-1.9576000203704454e-09,-12.235520127316704
SaveOnEvent_ch1_20260928005303511.wfm,00:53:03.511000,-0.6460050000000002,-0.0013599999947473407,8.22768e-06,9.621439999999998e-06,-4.003859203322787e-09,-25.024560020770878
SaveOnEvent_ch1_20260928005303711.wfm,00:53:03.711000,-0.6470049999999996,-0.0014400000218302011,-2.5599999999995147e-09,9.61168e-06,-4.891667195977643e-09,-30.573279974865727
SaveOnEvent_ch1_20260928005303912.wfm,00:53:03.912000,-0.6480099999999998,-0.0012799999676644802,-1.120000000000423e-09,4.8479999999999915e-08,6.431999626569508e-11,0.40207997665856965
SaveOnEvent_ch1_20260928005304111.wfm,00:53:04.111000,-0.6490050000000003,-0.0012799999676644802,1.4400000000007858e-09,4.512000000000034e-08,-8.160767956078051e-10,-5.10071997254272
SaveOnEvent_ch1_20260928005304312.wfm,00:53:04.312000,-0.65001,-0.0018400000408291817,5.754240000000001e-06,7.440960000000001e-06,-4.204428805992935e-09,-26.277840037451824
SaveOnEvent_ch1_20260928005304511.wfm,00:53:04.511000,-0.6510050000000001,-0.0013599999947473407,4.54992e-06,6.379359999999999e-06,-3.994758433999962e-09,-24.967280212498736
SaveOnEvent_ch1_20260928005304712.wfm,00:53:04.712000,-0.6520100000000002,-0.0018400000408291817,6.7208e-06,8.766880000000001e-06,-4.60349440657068e-09,-28.77208004106069
SaveOnEvent_ch1_20260928005304912.wfm,00:53:04.912000,-0.6530100000000001,-0.0013599999947473407,3.856159999999999e-06,6.671039999999999e-06,-5.240851185589563e-09,-32.75543990993174
SaveOnEvent_ch1_20260928005305112.wfm,00:53:05.112000,-0.65401,-0.002319999970495701,7.570080000000001e-06,8.82448e-06,-4.269465601651462e-09,-26.684480010328116
SaveOnEvent_ch1_20260928005305312.wfm,00:53:05.312000,-0.6550099999999999,-0.0013599999947473407,-4.639999999999332e-09,7.73296e-06,-5.301811197069474e-09,-33.13647998168017
SaveOnEvent_ch1_20260928005305512.wfm,00:53:05.512000,-0.6560100000000002,-0.0014400000218302011,-6.239999999999452e-09,9.377119999999998e-06,-2.3909247812652013e-09,-14.943519882916007
SaveOnEvent_ch1_20260928005305712.wfm,00:53:05.712000,-0.6570100000000001,-0.0016799999866634607,6.335359999999999e-06,8.807840000000002e-06,-6.248620785903184e-09,-39.05423991190037
SaveOnEvent_ch1_20260928005305912.wfm,00:53:05.912000,-0.65801,-0.0012799999676644802,-4.639999999999332e-09,7.349599999999998e-06,-3.2598591751721686e-09,-20.374319844821002
SaveOnEvent_ch1_20260928005306112.wfm,00:53:06.112000,-0.6590100000000003,-0.0013599999947473407,-2.8799999999998776e-09,8.33264e-06,-3.7062079727370273e-09,-23.16407982961391
SaveOnEvent_ch1_20260928005306312.wfm,00:53:06.312000,-0.6600099999999998,-0.0016799999866634607,7.356e-06,9.38624e-06,-4.098016027626581e-09,-25.612960172671592
SaveOnEvent_ch1_20260928005306512.wfm,00:53:06.512000,-0.6610100000000001,-0.00343999988399446,5.963199999999994e-07,1.239039999999999e-06,-5.221510385985018e-09,-32.63447991240537
SaveOnEvent_ch1_20260928005306711.wfm,00:53:06.711000,-0.6620049999999997,-0.0012000000569969416,-2.5599999999995147e-09,6.255999999999894e-08,-9.3529597849585e-10,-5.845759865595028
SaveOnEvent_ch1_20260928005306912.wfm,00:53:06.912000,-0.6630099999999999,-0.0012000000569969416,-6.239999999999452e-09,9.62608e-06,-1.2682047788659093e-09,-7.926559867919423
SaveOnEvent_ch1_20260928005307112.wfm,00:53:07.112000,-0.6640100000000002,-0.0012000000569969416,-2.0799999999998175e-09,9.345439999999998e-06,-3.863967980851888e-09,-24.14999988031923
SaveOnEvent_ch1_20260928005307311.wfm,00:53:07.311000,-0.6650049999999998,-0.0014400000218302011,5.3428799999999996e-06,6.733599999999999e-06,-3.7947519914060845e-09,-23.717359946283977
SaveOnEvent_ch1_20260928005307511.wfm,00:53:07.511000,-0.6660050000000002,-0.0014400000218302011,3.89264e-06,5.48368e-06,-3.730348790118005e-09,-23.31471993823652
SaveOnEvent_ch1_20260928005307711.wfm,00:53:07.711000,-0.6670049999999996,-0.0014400000218302011,5.8822400000000005e-06,7.640479999999998e-06,-3.459718410165514e-09,-21.623360063531436
SaveOnEvent_ch1_20260928005307911.wfm,00:53:07.911000,-0.668005,-0.0019199999514967203,5.837599999999998e-06,7.29984e-06,-5.713132774841504e-09,-35.70719984275638
SaveOnEvent_ch1_20260928005308111.wfm,00:53:08.111000,-0.6690050000000003,-0.0012000000569969416,-1.071999999999945e-08,5.9199999999999365e-08,-4.6299519062275433e-10,-2.893759941391181
SaveOnEvent_ch1_20260928005308312.wfm,00:53:08.312000,-0.67001,-0.0015999999595806003,6.458719999999999e-06,8.24016e-06,-3.839744024937973e-09,-23.998640155856265
SaveOnEvent_ch1_20260928005308512.wfm,00:53:08.512000,-0.6710099999999999,-0.0013599999947473407,-8.000000000000601e-09,9.626559999999997e-06,-4.361158409458584e-09,-27.257600059121614
SaveOnEvent_ch1_20260928005308711.wfm,00:53:08.711000,-0.672005,-0.0013599999947473407,-3.2000000000002404e-09,7.3454399999999986e-06,-1.9752511732070705e-09,-12.34551983253914
SaveOnEvent_ch1_20260928005308911.wfm,00:53:08.911000,-0.6730049999999999,-0.0013599999947473407,-5.600000000000421e-09,9.600959999999999e-06,-2.3117440393892623e-10,-1.4451200246112421
SaveOnEvent_ch1_20260928005309111.wfm,00:53:09.111000,-0.6740050000000002,-0.0015200000489130616,-2.239999999999152e-09,9.621759999999997e-06,-4.581990413679738e-09,-28.63784008548828
SaveOnEvent_ch1_20260928005309311.wfm,00:53:09.311000,-0.6750050000000001,-0.0013599999947473407,3.5527999999999993e-06,6.885919999999999e-06,-5.094540789481256e-09,-31.840959934255807
SaveOnEvent_ch1_20260928005309511.wfm,00:53:09.511000,-0.676005,-0.0013599999947473407,-6.400000000000481e-09,9.622079999999997e-06,-3.2678847948182375e-09,-20.42463996761944
SaveOnEvent_ch1_20260928005309712.wfm,00:53:09.712000,-0.6770100000000001,-0.0013599999947473407,-6.400000000000481e-09,8.551359999999998e-06,-5.233843224784359e-09,-32.711680154898204
SaveOnEvent_ch1_20260928005309912.wfm,00:53:09.912000,-0.67801,-0.0013599999947473407,7.86048e-06,9.639679999999997e-06,-4.078009597745257e-09,-25.48791998589877
SaveOnEvent_ch1_20260928005310112.wfm,00:53:10.112000,-0.6790100000000003,-0.0012799999676644802,-2.239999999999152e-09,5.391999999999931e-08,-1.0319167761062262e-09,-6.4495198506629094
SaveOnEvent_ch1_20260928005310312.wfm,00:53:10.312000,-0.6800099999999998,-0.0013599999947473407,-2.720000000000543e-09,9.620159999999997e-06,-2.9807232165220193e-09,-18.630000103265047
SaveOnEvent_ch1_20260928005310512.wfm,00:53:10.512000,-0.6810100000000001,-0.0012000000569969416,-3.2000000000036285e-10,9.617759999999999e-06,-2.0725631729210717e-09,-12.953919830761151
SaveOnEvent_ch1_20260928005310712.wfm,00:53:10.712000,-0.6820100000000004,-0.00215999991632998,7.004799999999999e-06,8.091359999999999e-06,-4.562227212260478e-09,-28.51408007662394
SaveOnEvent_ch1_20260928005310912.wfm,00:53:10.912000,-0.6830099999999999,-0.0014400000218302011,-5.280000000000058e-09,7.697279999999999e-06,-5.737683184698686e-09,-35.86063990436378
SaveOnEvent_ch1_20260928005311112.wfm,00:53:11.112000,-0.6840100000000002,-0.0012799999676644802,-8.159999999999935e-09,9.625439999999997e-06,-1.0795519942790252e-09,-6.747679964231793
SaveOnEvent_ch1_20260928005311312.wfm,00:53:11.312000,-0.6850099999999997,-0.004480000119656324,5.108800000000008e-07,1.0611200000000004e-06,-7.76527996332152e-09,-48.53311977075646
SaveOnEvent_ch1_20260928005311512.wfm,00:53:11.512000,-0.68601,-0.0012799999676644802,-7.359999999999875e-09,5.3280000000000276e-08,-4.292358342197257e-09,-26.82743963872781
SaveOnEvent_ch1_20260928005311712.wfm,00:53:11.712000,-0.6870100000000003,-0.0013599999947473407,-5.9200000000007836e-09,8.95312e-06,-4.343910368410873e-09,-27.1495998025639
SaveOnEvent_ch1_20260928005311911.wfm,00:53:11.911000,-0.688005,-0.001120000029914081,-4.959999999999695e-09,4.2879999999999495e-08,7.181439805915583e-10,4.488399878697237
SaveOnEvent_ch1_20260928005312112.wfm,00:53:12.112000,-0.6890100000000001,-0.0014400000218302011,-4.959999999999695e-09,4.479999999999998e-08,-7.662911823880865e-10,-4.789519889920484
SaveOnEvent_ch1_20260928005312312.wfm,00:53:12.312000,-0.69001,-0.0012000000569969416,-2.5599999999995147e-09,7.37808e-06,-3.785337558493484e-09,-23.65855974057922
SaveOnEvent_ch1_20260928005312512.wfm,00:53:12.512000,-0.6910099999999999,-0.0012000000569969416,8.000000000000601e-10,4.6560000000001126e-08,1.5381759427487823e-10,0.9613599642179906
SaveOnEvent_ch1_20260928005312712.wfm,00:53:12.712000,-0.6920100000000002,-0.0013599999947473407,3.5195200000000005e-06,5.583520000000001e-06,-5.586470359391532e-09,-34.91559974619304
SaveOnEvent_ch1_20260928005312911.wfm,00:53:12.911000,-0.6930049999999999,-0.0020800000056624413,1.6484799999999998e-06,3.044160000000001e-06,-5.70769917769823e-09,-35.67327986060991
SaveOnEvent_ch1_20260928005313112.wfm,00:53:13.112000,-0.69401,-0.0013599999947473407,-4.0000000000003005e-09,9.503839999999998e-06,-9.221120068640447e-10,-5.763440042908769
SaveOnEvent_ch1_20260928005313311.wfm,00:53:13.311000,-0.6950050000000001,-0.001120000029914081,-8.159999999999935e-09,9.623679999999998e-06,-1.6489023797842697e-09,-10.306079873640556
SaveOnEvent_ch1_20260928005313512.wfm,00:53:13.512000,-0.6960100000000002,-0.001120000029914081,-1.7599999999994546e-09,4.368000000000125e-08,-2.6867839450715223e-10,-1.679359965666663
SaveOnEvent_ch1_20260928005313711.wfm,00:53:13.711000,-0.6970049999999999,-0.0012799999676644802,-5.759999999999755e-09,5.135999999999979e-08,-1.5572287733946007e-09,-9.732959833723726
SaveOnEvent_ch1_20260928005313912.wfm,00:53:13.912000,-0.69801,-0.0012000000569969416,-5.600000000000421e-09,7.820320000000002e-06,-3.924671955332161e-09,-24.529439720819937
SaveOnEvent_ch1_20260928005314111.wfm,00:53:14.111000,-0.6990050000000001,-0.0018400000408291817,8.16928e-06,9.623199999999998e-06,-5.1262527739466134e-09,-32.0396798371803
SaveOnEvent_ch1_20260928005314311.wfm,00:53:14.311000,-0.700005,-0.0012799999676644802,-6.239999999999452e-09,9.176959999999998e-06,-4.026457570814528e-09,-25.165679817582713
SaveOnEvent_ch1_20260928005314511.wfm,00:53:14.511000,-0.7010050000000003,-0.0015200000489130616,2.7703999999999998e-06,5.26288e-06,-5.763801586991175e-09,-36.02391991869081
SaveOnEvent_ch1_20260928005314711.wfm,00:53:14.711000,-0.7020049999999998,-0.0015200000489130616,9.4896e-06,9.615199999999997e-06,-1.1134656033408809e-09,-6.959920020890422
SaveOnEvent_ch1_20260928005314911.wfm,00:53:14.911000,-0.7030050000000001,-0.0012000000569969416,-7.680000000000238e-09,9.629759999999998e-06,-2.0395647702459203e-09,-12.747919814049965
SaveOnEvent_ch1_20260928005315112.wfm,00:53:15.112000,-0.7040100000000002,-0.001120000029914081,-5.1200000000007235e-09,9.625119999999998e-06,-1.053683184674009e-09,-6.585839904204477
SaveOnEvent_ch1_20260928005315312.wfm,00:53:15.312000,-0.7050099999999997,-0.0013599999947473407,-4.799999999996972e-10,5.2640000000001244e-08,-8.46553580597973e-10,-5.291039878735319
SaveOnEvent_ch1_20260928005315512.wfm,00:53:15.512000,-0.70601,-0.0013599999947473407,-6.400000000007257e-10,6.79776e-06,-4.880601557944902e-09,-30.503759737155633
SaveOnEvent_ch1_20260928005315712.wfm,00:53:15.712000,-0.7070100000000004,-0.0017600000137463212,6.119199999999999e-06,7.875199999999999e-06,-5.522700775340201e-09,-34.517039845872205
SaveOnEvent_ch1_20260928005315911.wfm,00:53:15.911000,-0.708005,-0.0015200000489130616,2.8222399999999993e-06,5.41568e-06,-5.566771182608792e-09,-34.79231989130494
SaveOnEvent_ch1_20260928005316112.wfm,00:53:16.112000,-0.7090100000000001,-0.0012000000569969416,-6.559999999999815e-09,5.854080000000001e-06,-4.051583952736108e-09,-25.322479704598663
SaveOnEvent_ch1_20260928005316312.wfm,00:53:16.312000,-0.71001,-0.0012000000569969416,-1.120000000000423e-09,7.4472000000000005e-06,-4.092012756427285e-09,-25.575279727665475
SaveOnEvent_ch1_20260928005316511.wfm,00:53:16.511000,-0.7110050000000001,-0.0012799999676644802,-1.4400000000007858e-09,4.6879999999999795e-08,3.2148479016497853e-10,2.009199938533129
SaveOnEvent_ch1_20260928005316712.wfm,00:53:16.712000,-0.7120100000000003,-0.0015200000489130616,-7.51999999999921e-09,5.2352e-06,-3.70154877974419e-09,-23.134719873400172
SaveOnEvent_ch1_20260928005316911.wfm,00:53:16.911000,-0.7130049999999999,-0.0012000000569969416,-1.7599999999994546e-09,8.546879999999998e-06,-1.5546111940545955e-09,-9.716479962837184
SaveOnEvent_ch1_20260928005317111.wfm,00:53:17.111000,-0.7140050000000002,-0.0012799999676644802,-6.080000000000118e-09,9.624959999999997e-06,-1.7799552014446799e-09,-11.125200009031687
SaveOnEvent_ch1_20260928005317312.wfm,00:53:17.312000,-0.7150099999999999,-0.002240000059828162,7.814239999999998e-06,1.924799999999999e-06,-4.090649593044072e-09,-25.566959956515348
SaveOnEvent_ch1_20260928005317512.wfm,00:53:17.512000,-0.7160100000000003,-0.0013599999947473407,-6.880000000000178e-09,5.6160000000000153e-08,-1.3648703674576234e-09,-8.530479796609143
SaveOnEvent_ch1_20260928005317711.wfm,00:53:17.711000,-0.7170049999999999,-0.0012799999676644802,-3.6799999999999377e-09,8.98208e-06,-4.370355143272318e-09,-27.315039645443903
SaveOnEvent_ch1_20260928005317912.wfm,00:53:17.912000,-0.71801,-0.0012799999676644802,-8.000000000000601e-10,9.619359999999999e-06,-1.717011168338356e-09,-10.731839802116156
SaveOnEvent_ch1_20260928005318112.wfm,00:53:18.112000,-0.7190100000000004,-0.0014400000218302011,-2.8799999999998776e-09,5.984000000000009e-08,-3.7451519464189195e-09,-23.40743966511218
SaveOnEvent_ch1_20260928005318312.wfm,00:53:18.312000,-0.7200099999999998,-0.0013599999947473407,6.4297599999999996e-06,9.215039999999998e-06,-4.778054387553128e-09,-29.863119922199985
SaveOnEvent_ch1_20260928005318512.wfm,00:53:18.512000,-0.7210100000000002,-0.0012799999676644802,-5.439999999999392e-09,5.215999999999985e-08,-4.694655901985244e-10,-2.934159938740777
SaveOnEvent_ch1_20260928005318712.wfm,00:53:18.712000,-0.7220100000000005,-0.0012000000569969416,-6.880000000000178e-09,4.752000000000052e-08,5.676223836303702e-10,3.547439897694858
SaveOnEvent_ch1_20260928005318911.wfm,00:53:18.911000,-0.7230050000000001,-0.0012799999676644802,-4.159999999999635e-09,9.624639999999997e-06,-1.8227327758097081e-09,-11.392639848811086
SaveOnEvent_ch1_20260928005319112.wfm,00:53:19.112000,-0.7240100000000003,-0.001120000029914081,-8.000000000000601e-10,4.112000000000004e-08,1.907366350903176e-09,11.921039693144849
SaveOnEvent_ch1_20260928005319312.wfm,00:53:19.312000,-0.7250099999999997,-0.0012799999676644802,-2.239999999999152e-09,8.07008e-06,-3.3588351605646276e-09,-20.992959753522882
SaveOnEvent_ch1_20260928005319511.wfm,00:53:19.511000,-0.7260050000000002,-0.0012799999676644802,-8.000000000000601e-09,5.280000000000058e-08,-2.438463957537883e-10,-1.5241599734581541
SaveOnEvent_ch1_20260928005319711.wfm,00:53:19.711000,-0.7270049999999997,-0.0016799999866634607,5.95232e-06,7.819359999999997e-06,-5.190067179924808e-09,-32.43807987452601
SaveOnEvent_ch1_20260928005319912.wfm,00:53:19.912000,-0.7280099999999998,-0.0013599999947473407,-2.5599999999995147e-09,9.624319999999998e-06,-2.4487551675108244e-09,-15.30511979694711
SaveOnEvent_ch1_20260928005320112.wfm,00:53:20.112000,-0.7290100000000002,-0.0013599999947473407,-3.359999999999575e-09,9.619839999999998e-06,-1.5997311841789623e-09,-9.998959901131457
SaveOnEvent_ch1_20260928005320312.wfm,00:53:20.312000,-0.7300099999999996,-0.0012000000569969416,-5.600000000000421e-09,7.807679999999998e-06,-2.3816768034757097e-09,-14.885680021718144
SaveOnEvent_ch1_20260928005320512.wfm,00:53:20.512000,-0.7310099999999999,-0.0013599999947473407,-4.0000000000003005e-09,5.135999999999979e-08,-2.3089919594116587e-10,-1.4431199746322818
SaveOnEvent_ch1_20260928005320712.wfm,00:53:20.712000,-0.7320100000000003,-0.0013599999947473407,-5.1200000000007235e-09,9.623199999999998e-06,-1.183296144404424e-10,-0.740000090241665
SaveOnEvent_ch1_20260928005320912.wfm,00:53:20.912000,-0.7330099999999997,-0.0015200000489130616,4.81872e-06,6.82544e-06,-5.535078408108093e-09,-34.59440005067154
SaveOnEvent_ch1_20260928005321112.wfm,00:53:21.112000,-0.73401,-0.0013599999947473407,-9.599999999993945e-10,8.20464e-06,-1.4139648144645592e-09,-8.837520090397447
SaveOnEvent_ch1_20260928005321312.wfm,00:53:21.312000,-0.7350099999999999,-0.003280000062659383,8.726400000000002e-07,1.4441599999999994e-06,-6.594508786229413e-09,-41.215759913931834
SaveOnEvent_ch1_20260928005321511.wfm,00:53:21.511000,-0.736005,-0.0014400000218302011,-8.639999999999633e-09,5.5680000000000456e-08,-1.4866495835408535e-09,-9.291839897137834
SaveOnEvent_ch1_20260928005321712.wfm,00:53:21.712000,-0.7370100000000002,-0.0013599999947473407,-6.400000000000481e-09,7.43264e-06,-1.504025592445396e-09,-9.400319952779682
SaveOnEvent_ch1_20260928005321912.wfm,00:53:21.912000,-0.73801,-0.0013599999947473407,-3.6799999999999377e-09,5.1680000000000156e-08,-2.7020479752100075e-09,-16.887999845057493
SaveOnEvent_ch1_20260928005322111.wfm,00:53:22.111000,-0.7390050000000001,-0.0012000000569969416,-5.9200000000007836e-09,5.44000000000007e-08,-2.5048959581879945e-10,-1.5655199738685042
SaveOnEvent_ch1_20260928005322312.wfm,00:53:22.312000,-0.7400099999999998,-0.0016799999866634607,9.40016e-06,9.619359999999999e-06,-1.4981375984149044e-09,-9.364159990072949
SaveOnEvent_ch1_20260928005322512.wfm,00:53:22.512000,-0.7410100000000002,-0.0012000000569969416,-4.639999999999332e-09,4.863999999999925e-08,-5.261759886960508e-10,-3.2887999293452594
SaveOnEvent_ch1_20260928005322711.wfm,00:53:22.711000,-0.7420049999999998,-0.0013599999947473407,-4.320000000000663e-09,9.626399999999998e-06,-2.55845117026707e-09,-15.990879814169602
SaveOnEvent_ch1_20260928005322912.wfm,00:53:22.912000,-0.74301,-0.0013599999947473407,-5.600000000000421e-09,9.626239999999997e-06,-1.2501247835112734e-09,-7.813759896933334
SaveOnEvent_ch1_20260928005323112.wfm,00:53:23.112000,-0.7440100000000003,-0.0015999999595806003,6.567199999999999e-06,7.760960000000001e-06,-3.2021760138869275e-09,-20.01376008678926
SaveOnEvent_ch1_20260928005323311.wfm,00:53:23.311000,-0.7450049999999999,-0.0012799999676644802,-5.280000000000058e-09,5.4080000000000336e-08,-1.2400063705886708e-09,-7.750079816178186
SaveOnEvent_ch1_20260928005323512.wfm,00:53:23.512000,-0.7460100000000001,-0.001120000029914081,-8.639999999999633e-09,8.31088e-06,-3.653100765936543e-09,-22.832079787098337
SaveOnEvent_ch1_20260928005323712.wfm,00:53:23.712000,-0.7470100000000004,-0.0015999999595806003,5.392799999999999e-06,7.1446400000000004e-06,-4.217433615415356e-09,-26.35912009634194
SaveOnEvent_ch1_20260928005323911.wfm,00:53:23.911000,-0.748005,-0.0012799999676644802,-8.800000000000661e-09,9.624799999999998e-06,-3.0473151711747052e-09,-19.046159819845343
SaveOnEvent_ch1_20260928005324111.wfm,00:53:24.111000,-0.7490050000000004,-0.0013599999947473407,1.2799999999997574e-09,4.6079999999999735e-08,-2.5424191761179823e-09,-15.89023985073436
SaveOnEvent_ch1_20260928005324312.wfm,00:53:24.312000,-0.7500099999999996,-0.0016799999866634607,7.621919999999999e-06,9.61968e-06,-4.8543487738864485e-09,-30.340159836778184
SaveOnEvent_ch1_20260928005324512.wfm,00:53:24.512000,-0.75101,-0.0010400000028312206,-6.080000000000118e-09,9.619679999999997e-06,5.226943831285477e-10,3.266479894547956
SaveOnEvent_ch1_20260928005324712.wfm,00:53:24.712000,-0.7520100000000003,-0.001120000029914081,-4.0000000000003005e-09,8.696319999999998e-06,-1.0112639969168217e-09,-6.320559980726102
SaveOnEvent_ch1_20260928005324911.wfm,00:53:24.911000,-0.7530049999999999,-0.0019199999514967203,1.3716799999999994e-06,2.81104e-06,-4.152236789942253e-09,-25.951519937138073
SaveOnEvent_ch1_20260928005325111.wfm,00:53:25.111000,-0.7540050000000003,-0.0012000000569969416,-2.0799999999998175e-09,4.543999999999901e-08,-1.5439231628132977e-09,-9.649759767577052
SaveOnEvent_ch1_20260928005325312.wfm,00:53:25.312000,-0.75501,-0.0012000000569969416,9.34784e-06,9.616799999999997e-06,-3.8159361939644303e-10,-2.3854401212302037
SaveOnEvent_ch1_20260928005325512.wfm,00:53:25.512000,-0.7560099999999998,-0.0010400000028312206,-4.959999999999695e-09,9.620959999999997e-06,-2.0826881287386742e-10,-1.3020800804661121
SaveOnEvent_ch1_20260928005325712.wfm,00:53:25.712000,-0.7570100000000002,-0.00215999991632998,6.073600000000001e-06,7.4300800000000005e-06,-5.3142783816298454e-09,-33.21447988518048
SaveOnEvent_ch1_20260928005325912.wfm,00:53:25.912000,-0.7580100000000001,-0.0012799999676644802,-4.639999999999332e-09,4.8479999999999915e-08,-7.306431833212263e-10,-4.566479895758675
SaveOnEvent_ch1_20260928005326112.wfm,00:53:26.112000,-0.75901,-0.0012799999676644802,-5.600000000000421e-09,4.015999999999895e-08,7.99871978485027e-10,4.999199865531409
SaveOnEvent_ch1_20260928005326312.wfm,00:53:26.312000,-0.7600099999999999,-0.0012799999676644802,-4.799999999996972e-10,4.4479999999999615e-08,-8.488767854403723e-10,-5.305759909009794
SaveOnEvent_ch1_20260928005326512.wfm,00:53:26.512000,-0.7610100000000002,-0.0015999999595806003,8.481440000000001e-06,9.611359999999998e-06,-4.0659711928130095e-09,-25.412959955108818
SaveOnEvent_ch1_20260928005326712.wfm,00:53:26.712000,-0.7620100000000001,-0.0015999999595806003,-4.0000000000003005e-09,3.968000000000095e-08,-3.775436725653709e-09,-23.596639535331633
SaveOnEvent_ch1_20260928005326912.wfm,00:53:26.912000,-0.76301,-0.0013599999947473407,-4.159999999999635e-09,6.95136e-06,-3.615276763064321e-09,-22.595599769148976
SaveOnEvent_ch1_20260928005327112.wfm,00:53:27.112000,-0.7640100000000003,-0.0015200000489130616,7.98208e-06,9.597919999999998e-06,-3.4795583843952057e-09,-21.747599902475486
SaveOnEvent_ch1_20260928005327312.wfm,00:53:27.312000,-0.7650099999999997,-0.0016799999866634607,7.1072e-06,8.5112e-06,-4.067328018492552e-09,-25.421120115584927
SaveOnEvent_ch1_20260928005327511.wfm,00:53:27.511000,-0.7660050000000003,-0.0012000000569969416,-4.959999999999695e-09,9.622559999999997e-06,-1.3889279943588181e-09,-8.681119964749087
SaveOnEvent_ch1_20260928005327712.wfm,00:53:27.712000,-0.7670100000000004,-0.0013599999947473407,-6.559999999999815e-09,8.442720000000001e-06,-4.143334384658372e-09,-25.895999904110795
SaveOnEvent_ch1_20260928005327912.wfm,00:53:27.912000,-0.7680099999999999,-0.00215999991632998,6.619680000000001e-06,7.95936e-06,-3.846252815930638e-09,-24.039280099561438
SaveOnEvent_ch1_20260928005328112.wfm,00:53:28.112000,-0.7690100000000002,-0.001120000029914081,-6.080000000000118e-09,4.720000000000016e-08,-3.4937600560952734e-11,-0.2184800035029184
SaveOnEvent_ch1_20260928005328312.wfm,00:53:28.312000,-0.7700099999999996,-0.0013599999947473407,-3.2000000000036285e-10,8.49632e-06,-2.5982527865562573e-09,-16.239359915984096
SaveOnEvent_ch1_20260928005328512.wfm,00:53:28.512000,-0.77101,-0.001120000029914081,-7.200000000000541e-09,8.87072e-06,-2.7425471799657684e-09,-17.14103987478302
SaveOnEvent_ch1_20260928005328712.wfm,00:53:28.712000,-0.7720100000000003,-0.001120000029914081,-7.200000000000541e-09,4.735999999999949e-08,-9.78035176522098e-10,-6.112879853259074
SaveOnEvent_ch1_20260928005328912.wfm,00:53:28.912000,-0.7730099999999998,-0.0010400000028312206,-3.359999999999575e-09,9.593439999999998e-06,-2.0951680105039825e-09,-13.095040065643843
SaveOnEvent_ch1_20260928005329112.wfm,00:53:29.112000,-0.7740100000000001,-0.0013599999947473407,-7.0399999999995125e-09,9.624799999999998e-06,-1.8041407905425882e-09,-11.27623994089663
SaveOnEvent_ch1_20260928005329312.wfm,00:53:29.312000,-0.77501,-0.0019199999514967203,3.0294399999999996e-06,4.72016e-06,-5.2777343818917896e-09,-32.98591988682165
SaveOnEvent_ch1_20260928005329511.wfm,00:53:29.511000,-0.7760050000000001,-0.0012000000569969416,-3.6799999999999377e-09,5.327999999999858e-08,-4.5870719099184364e-10,-2.8671999436919577
SaveOnEvent_ch1_20260928005329712.wfm,00:53:29.712000,-0.7770100000000002,-0.0012799999676644802,-5.439999999999392e-09,4.703999999999913e-08,-5.465663880179608e-10,-3.41623992510722
SaveOnEvent_ch1_20260928005329912.wfm,00:53:29.912000,-0.7780100000000001,-0.0010400000028312206,-6.880000000000178e-09,4.703999999999913e-08,3.5409279017010937e-10,2.2128799385682214
SaveOnEvent_ch1_20260928005330112.wfm,00:53:30.112000,-0.77901,-0.0012799999676644802,-7.359999999999875e-09,5.343999999999961e-08,-4.459520049393405e-11,-0.27864000308909453
SaveOnEvent_ch1_20260928005330312.wfm,00:53:30.312000,-0.7800099999999999,-0.0012799999676644802,-1.2799999999997574e-09,9.627999999999998e-06,-2.5977919794595778e-09,-16.23671987160924
SaveOnEvent_ch1_20260928005330512.wfm,00:53:30.512000,-0.7810100000000002,-0.0013599999947473407,-5.600000000000421e-09,4.255999999999913e-08,1.0791039593285066e-10,0.6743999745813198
SaveOnEvent_ch1_20260928005330712.wfm,00:53:30.712000,-0.7820100000000001,-0.0014400000218302011,-6.080000000000118e-09,9.622079999999997e-06,-2.136467175264842e-09,-13.353359845408704
SaveOnEvent_ch1_20260928005330912.wfm,00:53:30.912000,-0.78301,-0.001120000029914081,-3.359999999999575e-09,4.512000000000034e-08,7.086463808687388e-10,4.429039880429627
SaveOnEvent_ch1_20260928005331111.wfm,00:53:31.111000,-0.7840050000000001,-0.0013599999947473407,-6.239999999999452e-09,4.5919999999998707e-08,-2.4958079519914363e-10,-1.5598399699956644
SaveOnEvent_ch1_20260928005331312.wfm,00:53:31.312000,-0.7850099999999998,-0.00215999991632998,6.65648e-06,8.369439999999998e-06,-5.863532802984117e-09,-36.6474400186562
SaveOnEvent_ch1_20260928005331512.wfm,00:53:31.512000,-0.7860100000000001,-0.0015200000489130616,-5.600000000000421e-09,7.910719999999998e-06,-5.139948755658696e-09,-32.124959722859785
SaveOnEvent_ch1_20260928005331712.wfm,00:53:31.712000,-0.7870100000000004,-0.0012799999676644802,-8.31999999999927e-09,9.595679999999997e-06,-3.3297215510369276e-09,-20.811119693971705
SaveOnEvent_ch1_20260928005331912.wfm,00:53:31.912000,-0.7880099999999999,-0.0015200000489130616,7.45552e-06,9.620639999999998e-06,-5.1563455875753395e-09,-32.227599922334775
SaveOnEvent_ch1_20260928005332112.wfm,00:53:32.112000,-0.7890100000000002,-0.0012799999676644802,-9.91999999999939e-09,9.630879999999998e-06,-2.0291903623309905e-09,-12.682959764555562
SaveOnEvent_ch1_20260928005332312.wfm,00:53:32.312000,-0.7900099999999997,-0.0012000000569969416,-5.9200000000007836e-09,5.745439999999999e-06,-2.2468479692377152e-09,-14.042879807733698
SaveOnEvent_ch1_20260928005332511.wfm,00:53:32.511000,-0.7910050000000002,-0.001120000029914081,-8.480000000000298e-09,9.633759999999998e-06,-1.912691164633723e-09,-11.954719778965227
SaveOnEvent_ch1_20260928005332712.wfm,00:53:32.712000,-0.7920100000000003,-0.0014400000218302011,7.6832e-06,9.584319999999999e-06,-2.3894784257374686e-09,-14.934560160851106
SaveOnEvent_ch1_20260928005332912.wfm,00:53:32.912000,-0.7930099999999998,-0.0014400000218302011,9.31152e-06,9.620319999999998e-06,-3.0534783608629345e-09,-19.084879755420843
SaveOnEvent_ch1_20260928005333112.wfm,00:53:33.112000,-0.7940100000000001,-0.0012000000569969416,-2.720000000000543e-09,9.26688e-06,-2.589599973771257e-09,-16.185279836063273
SaveOnEvent_ch1_20260928005333312.wfm,00:53:33.312000,-0.79501,-0.0013599999947473407,-3.6799999999999377e-09,7.094879999999999e-06,-3.689017551660073e-09,-23.056559697870398
SaveOnEvent_ch1_20260928005333512.wfm,00:53:33.512000,-0.7960099999999999,-0.0013599999947473407,-4.0000000000003005e-09,6.4500800000000014e-06,-2.9288319738162685e-09,-18.305439836345613
SaveOnEvent_ch1_20260928005333712.wfm,00:53:33.712000,-0.7970100000000002,-0.0012799999676644802,-1.4400000000007858e-09,7.97248e-06,-3.175993585744872e-09,-19.850239910912933
SaveOnEvent_ch1_20260928005333912.wfm,00:53:33.912000,-0.7980100000000001,-0.0014400000218302011,4.915839999999999e-06,6.533440000000002e-06,-4.499475180704612e-09,-28.121919879398774
SaveOnEvent_ch1_20260928005334112.wfm,00:53:34.112000,-0.79901,-0.0012000000569969416,-6.400000000000481e-09,9.623839999999999e-06,-2.3057791771041217e-09,-14.411679856915725
SaveOnEvent_ch1_20260928005334312.wfm,00:53:34.312000,-0.8000099999999999,-0.0013599999947473407,-5.1200000000007235e-09,4.991999999999901e-08,-5.461695877904992e-10,-3.413679923687596
SaveOnEvent_ch1_20260928005334511.wfm,00:53:34.511000,-0.801005,-0.0012799999676644802,-3.039999999999212e-09,9.605919999999999e-06,-3.459724785471332e-09,-21.62359990918776
SaveOnEvent_ch1_20260928005334711.wfm,00:53:34.711000,-0.8020049999999999,-0.0017600000137463212,6.147039999999998e-06,8.05584e-06,-4.36118400058942e-09,-27.257600003678817
SaveOnEvent_ch1_20260928005334911.wfm,00:53:34.911000,-0.8030050000000002,-0.0012000000569969416,-6.239999999999452e-09,9.5776e-06,-1.5867072050599376e-09,-9.917200031632092
SaveOnEvent_ch1_20260928005335112.wfm,00:53:35.112000,-0.8040100000000003,-0.0012799999676644802,-3.039999999999212e-09,9.626879999999998e-06,-2.1103871716628744e-09,-13.190319822897436
SaveOnEvent_ch1_20260928005335311.wfm,00:53:35.311000,-0.805005,-0.0014400000218302011,-4.639999999999332e-09,8.12864e-06,-3.023244768679141e-09,-18.895519804238575
SaveOnEvent_ch1_20260928005335511.wfm,00:53:35.511000,-0.8060050000000003,-0.0013599999947473407,-1.6000000000001202e-09,9.633439999999998e-06,-3.30267516590422e-09,-20.64215978689026
SaveOnEvent_ch1_20260928005335711.wfm,00:53:35.711000,-0.8070049999999998,-0.001120000029914081,-2.720000000000543e-09,9.61584e-06,-1.4160895756841618e-09,-8.850879848032491
SaveOnEvent_ch1_20260928005335911.wfm,00:53:35.911000,-0.8080050000000001,-0.0012000000569969416,-4.800000000000361e-09,6.615519999999998e-06,-2.9482879487983875e-09,-18.426879679987906
SaveOnEvent_ch1_20260928005336111.wfm,00:53:36.111000,-0.8090050000000004,-0.0016799999866634607,8.134080000000001e-06,9.596e-06,-4.1853631819761355e-09,-26.158959887339734
SaveOnEvent_ch1_20260928005336311.wfm,00:53:36.311000,-0.8100049999999999,-0.0013599999947473407,3.0979199999999993e-06,5.849120000000001e-06,-5.264889618076849e-09,-32.90568011297728
SaveOnEvent_ch1_20260928005336511.wfm,00:53:36.511000,-0.8110050000000002,-0.0012000000569969416,1.120000000000423e-09,5.055999999999973e-08,-8.31545580697711e-10,-5.197119879361708
SaveOnEvent_ch1_20260928005336711.wfm,00:53:36.711000,-0.8120049999999996,-0.0013599999947473407,-6.239999999999452e-09,7.22736e-06,-4.752985558914953e-09,-29.706319743214408
SaveOnEvent_ch1_20260928005336911.wfm,00:53:36.911000,-0.813005,-0.0012000000569969416,-4.479999999999998e-09,4.623999999999907e-08,-6.259135858505012e-10,-3.912079911562614
SaveOnEvent_ch1_20260928005337112.wfm,00:53:37.112000,-0.8140100000000001,-0.0015200000489130616,7.801599999999998e-06,9.618719999999998e-06,-4.999807985667138e-09,-31.249199910409516
SaveOnEvent_ch1_20260928005337312.wfm,00:53:37.312000,-0.81501,-0.0014400000218302011,-2.5599999999995147e-09,7.493919999999999e-06,-5.364595202552154e-09,-33.528880015946925
SaveOnEvent_ch1_20260928005337511.wfm,00:53:37.511000,-0.8160050000000001,-0.0012799999676644802,-2.720000000000543e-09,9.25264e-06,-3.970431938651017e-09,-24.815519616560778
SaveOnEvent_ch1_20260928005337712.wfm,00:53:37.712000,-0.8170100000000002,-0.001120000029914081,-3.5200000000006033e-09,4.655999999999943e-08,-9.482111773500234e-10,-5.926399858435616
SaveOnEvent_ch1_20260928005337912.wfm,00:53:37.912000,-0.8180100000000001,-0.0010400000028312206,9.590079999999998e-06,9.627039999999997e-06,-1.2839039934868923e-09,-8.024879959295504
SaveOnEvent_ch1_20260928005338111.wfm,00:53:38.111000,-0.8190050000000002,-0.0013599999947473407,-1.120000000000423e-09,9.570399999999999e-06,-4.0075264133769066e-09,-25.04728008361417
SaveOnEvent_ch1_20260928005338312.wfm,00:53:38.312000,-0.8200099999999999,-0.0014400000218302011,-1.2799999999997574e-09,7.869439999999999e-06,-4.054899166747926e-09,-25.343359792168485
SaveOnEvent_ch1_20260928005338512.wfm,00:53:38.512000,-0.8210100000000002,-0.0012000000569969416,-3.839999999999272e-09,7.4571200000000015e-06,-5.127436779299752e-09,-32.04671987061738
SaveOnEvent_ch1_20260928005338711.wfm,00:53:38.711000,-0.8220049999999999,-0.0012000000569969416,-3.5200000000006033e-09,9.553279999999999e-06,-5.0849023500084885e-09,-31.780959687544964
SaveOnEvent_ch1_20260928005338911.wfm,00:53:38.911000,-0.8230050000000002,-0.0009599999757483602,-5.439999999999392e-09,4.943999999999931e-08,5.2268797925207785e-11,0.326639987033559
SaveOnEvent_ch1_20260928005339111.wfm,00:53:39.111000,-0.8240050000000001,-0.0012799999676644802,-8.000000000000601e-09,9.625279999999998e-06,-2.74161918724887e-09,-17.135599920293316
SaveOnEvent_ch1_20260928005339311.wfm,00:53:39.311000,-0.825005,-0.0012000000569969416,-9.91999999999939e-09,5.791999999999961e-08,-2.6802111435658266e-09,-16.751519647281384
SaveOnEvent_ch1_20260928005339511.wfm,00:53:39.511000,-0.8260050000000003,-0.0012799999676644802,-3.5200000000006033e-09,5.776639999999999e-06,-4.383161540532018e-09,-27.394959628320066
SaveOnEvent_ch1_20260928005339711.wfm,00:53:39.711000,-0.8270049999999998,-0.0014400000218302011,-3.5200000000006033e-09,9.627199999999998e-06,-2.937830356510821e-09,-18.361919728195062
SaveOnEvent_ch1_20260928005339912.wfm,00:53:39.912000,-0.8280099999999999,-0.0014400000218302011,-9.599999999993945e-10,8.21936e-06,-5.6640063275443375e-09,-35.400399547157576
SaveOnEvent_ch1_20260928005340112.wfm,00:53:40.112000,-0.8290100000000002,-0.0013599999947473407,-3.2000000000002404e-09,4.432000000000028e-08,-1.0883071744302254e-09,-6.802159840182867
SaveOnEvent_ch1_20260928005340312.wfm,00:53:40.312000,-0.8300099999999997,-0.0012000000569969416,-6.71999999999915e-09,9.628159999999998e-06,-3.0433599787973787e-09,-19.02135986747453
SaveOnEvent_ch1_20260928005340511.wfm,00:53:40.511000,-0.8310050000000002,-0.0012799999676644802,6.139040000000001e-06,9.071520000000001e-06,-5.106060804873704e-09,-31.913120030454593
SaveOnEvent_ch1_20260928005340712.wfm,00:53:40.712000,-0.8320100000000004,-0.0013599999947473407,-5.9200000000007836e-09,4.352000000000022e-08,-9.633151775319114e-10,-6.020799859572435
SaveOnEvent_ch1_20260928005340911.wfm,00:53:40.911000,-0.833005,-0.0012799999676644802,-3.2000000000002404e-09,4.160000000000143e-08,7.177599612856364e-11,0.44839997580857016
SaveOnEvent_ch1_20260928005341112.wfm,00:53:41.112000,-0.8340100000000001,-0.0013599999947473407,-2.5599999999995147e-09,9.505920000000001e-06,-3.2184767457703096e-09,-20.115759661071934
SaveOnEvent_ch1_20260928005341312.wfm,00:53:41.312000,-0.83501,-0.0013599999947473407,-7.200000000000541e-09,9.60432e-06,-4.838719938579015e-09,-30.24239961610874
SaveOnEvent_ch1_20260928005341511.wfm,00:53:41.511000,-0.8360050000000001,-0.0013599999947473407,-3.359999999999575e-09,9.452e-06,-4.36175355497049e-09,-27.26127971857204
SaveOnEvent_ch1_20260928005341711.wfm,00:53:41.711000,-0.837005,-0.0013599999947473407,-5.9200000000007836e-09,6.5180800000000015e-06,-3.731436747459229e-09,-23.32175967161311
SaveOnEvent_ch1_20260928005341912.wfm,00:53:41.912000,-0.8380100000000001,-0.001120000029914081,-4.959999999999695e-09,5.6799999999999185e-08,-7.473151827277618e-10,-4.67071989204851
SaveOnEvent_ch1_20260928005342112.wfm,00:53:42.112000,-0.83901,-0.0014400000218302011,9.0768e-06,9.624159999999997e-06,-4.4900479614920885e-09,-28.063519759307383
SaveOnEvent_ch1_20260928005342312.wfm,00:53:42.312000,-0.8400099999999999,-0.0012799999676644802,-6.71999999999915e-09,4.943999999999931e-08,-3.191423935676017e-10,-1.994719959795475
SaveOnEvent_ch1_20260928005342511.wfm,00:53:42.511000,-0.841005,-0.0012000000569969416,-4.320000000000663e-09,5.215999999999985e-08,-1.3567039687954792e-09,-8.47967980496469
SaveOnEvent_ch1_20260928005342712.wfm,00:53:42.712000,-0.8420100000000001,-0.0012799999676644802,-5.1200000000007235e-09,5.167999999999846e-08,-4.249369522971098e-09,-26.55871951856534
SaveOnEvent_ch1_20260928005342912.wfm,00:53:42.912000,-0.84301,-0.0012799999676644802,-2.8799999999998776e-09,4.304000000000052e-08,-2.597209567697718e-09,-16.23263979810872
SaveOnEvent_ch1_20260928005343111.wfm,00:53:43.111000,-0.8440050000000001,-0.0012000000569969416,-4.479999999999998e-09,5.4505600000000005e-06,-3.5913727342151107e-09,-22.446319588838378
SaveOnEvent_ch1_20260928005343312.wfm,00:53:43.312000,-0.8450099999999998,-0.0012799999676644802,7.74016e-06,9.624959999999997e-06,-4.4552511840499956e-09,-27.84567990031792
SaveOnEvent_ch1_20260928005343512.wfm,00:53:43.512000,-0.8460100000000002,-0.0012000000569969416,6.400000000007257e-10,9.621439999999998e-06,-2.217452765156047e-09,-13.859519782214193
SaveOnEvent_ch1_20260928005343711.wfm,00:53:43.711000,-0.8470049999999998,-0.0013599999947473407,8.32256e-06,9.620959999999997e-06,-3.2936191898887024e-09,-20.58551993680885
SaveOnEvent_ch1_20260928005343912.wfm,00:53:43.912000,-0.8480099999999999,-0.0012799999676644802,-1.0239999999999753e-08,9.550400000000001e-06,-3.5827583705191536e-09,-22.392559815751156
SaveOnEvent_ch1_20260928005344112.wfm,00:53:44.112000,-0.8490100000000003,-0.0012000000569969416,-4.639999999999332e-09,7.489279999999998e-06,-4.12522234871518e-09,-25.782799679465825
SaveOnEvent_ch1_20260928005344311.wfm,00:53:44.311000,-0.8500049999999999,-0.0013599999947473407,-5.1200000000007235e-09,7.464799999999998e-06,-2.4285887730028467e-09,-15.178959831275279
SaveOnEvent_ch1_20260928005344511.wfm,00:53:44.511000,-0.8510050000000002,-0.0014400000218302011,-2.5599999999995147e-09,5.993119999999998e-06,-4.369459195546804e-09,-27.309279972163495
SaveOnEvent_ch1_20260928005344712.wfm,00:53:44.712000,-0.8520100000000004,-0.0013599999947473407,-4.639999999999332e-09,9.625439999999997e-06,-3.1230719546787414e-09,-19.519679716730025
SaveOnEvent_ch1_20260928005344912.wfm,00:53:44.912000,-0.8530099999999998,-0.002240000059828162,1.3068799999999996e-06,2.5286399999999992e-06,-5.333759954394773e-09,-33.33599971496733
SaveOnEvent_ch1_20260928005345112.wfm,00:53:45.112000,-0.8540100000000002,-0.0012000000569969416,-4.479999999999998e-09,9.621279999999997e-06,-9.113600728101924e-11,-0.5700000454962719
SaveOnEvent_ch1_20260928005345312.wfm,00:53:45.312000,-0.8550099999999996,-0.0012799999676644802,-3.6799999999999377e-09,5.136000000000149e-08,-3.3154175256611776e-09,-20.7215995353763
SaveOnEvent_ch1_20260928005345512.wfm,00:53:45.512000,-0.8560099999999999,-0.0012000000569969416,-5.1200000000007235e-09,9.628159999999998e-06,-1.6237695718696309e-09,-10.149039824173087
SaveOnEvent_ch1_20260928005345712.wfm,00:53:45.712000,-0.8570100000000003,-0.0012000000569969416,-3.359999999999575e-09,9.623519999999998e-06,-1.7341759663331306e-09,-10.838959789572982
SaveOnEvent_ch1_20260928005345912.wfm,00:53:45.912000,-0.8580099999999997,-0.0013599999947473407,-2.5599999999995147e-09,6.15808e-06,-5.461452703326939e-09,-34.134319395787315
SaveOnEvent_ch1_20260928005346112.wfm,00:53:46.112000,-0.85901,-0.0010400000028312206,-6.400000000000481e-09,5.3599999999998945e-08,-1.4873727633943785e-09,-9.296159771212842
SaveOnEvent_ch1_20260928005346312.wfm,00:53:46.312000,-0.8600099999999999,-0.0012000000569969416,-1.599999999993344e-10,6.414399999999999e-06,-3.5311487610731266e-09,-22.069759756705025
SaveOnEvent_ch1_20260928005346512.wfm,00:53:46.512000,-0.8610099999999998,-0.0016799999866634607,1.985439999999999e-06,3.79984e-06,-5.652070385245605e-09,-35.32551990778302
SaveOnEvent_ch1_20260928005346711.wfm,00:53:46.711000,-0.8620049999999999,-0.0012000000569969416,-5.280000000000058e-09,9.632799999999999e-06,-3.561996747036463e-09,-22.26279966896982
SaveOnEvent_ch1_20260928005346911.wfm,00:53:46.911000,-0.8630050000000002,-0.001120000029914081,-3.5200000000006033e-09,7.602079999999998e-06,-2.2086655801162095e-09,-13.804319875722285
SaveOnEvent_ch1_20260928005347111.wfm,00:53:47.111000,-0.8640050000000001,-0.0012799999676644802,-3.5200000000006033e-09,5.3440000000001304e-08,-1.992531151606238e-09,-12.4535996975319
SaveOnEvent_ch1_20260928005347312.wfm,00:53:47.312000,-0.8650099999999998,-0.0013599999947473407,-4.0000000000003005e-09,7.0633600000000014e-06,-3.844671957413665e-09,-24.02935973383137
SaveOnEvent_ch1_20260928005347512.wfm,00:53:47.512000,-0.8660100000000002,-0.0014400000218302011,9.20544e-06,9.626079999999998e-06,-2.7194175749761046e-09,-16.99703984358348
SaveOnEvent_ch1_20260928005347712.wfm,00:53:47.712000,-0.8670100000000001,-0.0012000000569969416,-5.1200000000007235e-09,9.626719999999999e-06,-3.4142079655081018e-09,-21.33927978441352
SaveOnEvent_ch1_20260928005347912.wfm,00:53:47.912000,-0.86801,-0.001120000029914081,-6.400000000000481e-09,5.280000000000058e-08,-4.6438398976344846e-10,-2.9025599360174965
SaveOnEvent_ch1_20260928005348112.wfm,00:53:48.112000,-0.8690100000000003,-0.0012000000569969416,-8.480000000000298e-09,9.624319999999998e-06,-2.177676789420654e-09,-13.61095993386698
SaveOnEvent_ch1_20260928005348311.wfm,00:53:48.311000,-0.8700049999999999,-0.0012799999676644802,-7.359999999999875e-09,4.4319999999998586e-08,-1.5896959755337118e-10,-0.9935999847075436
SaveOnEvent_ch1_20260928005348512.wfm,00:53:48.512000,-0.8710100000000001,-0.001120000029914081,-6.400000000000481e-09,9.629919999999997e-06,-2.2408511894894764e-09,-14.005839934310643
SaveOnEvent_ch1_20260928005348712.wfm,00:53:48.712000,-0.8720100000000004,-0.0012799999676644802,1.2799999999997574e-09,8.0104e-06,-3.62243194360053e-09,-22.64031964750029
SaveOnEvent_ch1_20260928005348912.wfm,00:53:48.912000,-0.8730099999999998,-0.0015200000489130616,-2.4000000000001803e-09,4.3679999999999555e-08,-6.614591854042363e-10,-4.134319908771431
SaveOnEvent_ch1_20260928005349112.wfm,00:53:49.112000,-0.8740100000000002,-0.0012799999676644802,-4.159999999999635e-09,3.984000000000028e-08,-9.933119766530561e-10,-6.20847985407454
SaveOnEvent_ch1_20260928005349312.wfm,00:53:49.312000,-0.8750099999999996,-0.0012000000569969416,-6.880000000000178e-09,9.623839999999999e-06,-2.430348770385604e-09,-15.189999814901967
SaveOnEvent_ch1_20260928005349512.wfm,00:53:49.512000,-0.87601,-0.0012000000569969416,-5.759999999999755e-09,9.622079999999997e-06,-3.7236415512743402e-09,-23.273119695455534
SaveOnEvent_ch1_20260928005349712.wfm,00:53:49.712000,-0.8770100000000003,-0.0010400000028312206,-9.11999999999933e-09,6.496000000000081e-08,-1.0177279853261893e-10,-0.6362399908248335
SaveOnEvent_ch1_20260928005349912.wfm,00:53:49.912000,-0.8780099999999997,-0.0012000000569969416,-7.200000000000541e-09,7.78624e-06,-3.362559943269005e-09,-21.01623964542523
SaveOnEvent_ch1_20260928005350112.wfm,00:53:50.112000,-0.8790100000000001,-0.0013599999947473407,-5.1200000000007235e-09,9.5344e-06,-3.272313545409123e-09,-20.452319658797933
SaveOnEvent_ch1_20260928005350312.wfm,00:53:50.312000,-0.88001,-0.0012799999676644802,-3.039999999999212e-09,5.0399999999998704e-08,-2.3071551456139445e-09,-14.419839660084108
SaveOnEvent_ch1_20260928005350512.wfm,00:53:50.512000,-0.8810099999999998,-0.0012799999676644802,-2.0799999999998175e-09,7.896799999999999e-06,-4.700639940814578e-09,-29.3791196300881
SaveOnEvent_ch1_20260928005350712.wfm,00:53:50.712000,-0.8820100000000002,-0.0013599999947473407,-4.320000000000663e-09,6.319999999999967e-08,-3.6014335422171283e-09,-22.509199638850987
SaveOnEvent_ch1_20260928005350911.wfm,00:53:50.911000,-0.8830050000000003,-0.0012000000569969416,-4.639999999999332e-09,7.51376e-06,-3.3444223690079527e-09,-20.90287980629364
SaveOnEvent_ch1_20260928005351112.wfm,00:53:51.112000,-0.88401,-0.0012000000569969416,-3.5200000000006033e-09,6.207999999999924e-08,-7.931839829101232e-10,-4.957519893185236
SaveOnEvent_ch1_20260928005351312.wfm,00:53:51.312000,-0.8850099999999999,-0.0013599999947473407,-3.359999999999575e-09,9.58336e-06,-4.216755194393916e-09,-26.355119964951882
SaveOnEvent_ch1_20260928005351512.wfm,00:53:51.512000,-0.8860100000000002,-0.0013599999947473407,-6.080000000000118e-09,4.160000000000143e-08,-2.405760068678913e-11,-0.1504000042914413
SaveOnEvent_ch1_20260928005351712.wfm,00:53:51.712000,-0.8870100000000001,-0.0010400000028312206,-5.759999999999755e-09,9.646559999999997e-06,-2.3378495592228128e-09,-14.61207974512945
SaveOnEvent_ch1_20260928005351912.wfm,00:53:51.912000,-0.88801,-0.001120000029914081,6.400000000007257e-10,4.0960000000000706e-08,1.3539455647207784e-09,8.462159779504873
SaveOnEvent_ch1_20260928005352112.wfm,00:53:52.112000,-0.8890100000000003,-0.001120000029914081,-5.9200000000007836e-09,4.9279999999999975e-08,-1.634918360160662e-09,-10.218399751000106
SaveOnEvent_ch1_20260928005352312.wfm,00:53:52.312000,-0.8900099999999997,-0.0013599999947473407,-6.239999999999452e-09,5.0880000000000096e-08,-2.300735950719097e-09,-14.37991969200084
SaveOnEvent_ch1_20260928005352512.wfm,00:53:52.512000,-0.8910100000000001,-0.0012000000569969416,-2.720000000000543e-09,9.0216e-06,-3.486361596579662e-09,-21.789919978618855
SaveOnEvent_ch1_20260928005352711.wfm,00:53:52.711000,-0.8920049999999997,-0.0020000000949949026,5.4771199999999985e-06,7.39024e-06,-6.161785568918568e-09,-38.51127980573801
SaveOnEvent_ch1_20260928005352912.wfm,00:53:52.912000,-0.8930099999999999,-0.0012799999676644802,-4.959999999999695e-09,9.32592e-06,-3.0969535587122654e-09,-19.356239741959143
SaveOnEvent_ch1_20260928005353112.wfm,00:53:53.112000,-0.8940100000000002,-0.0014400000218302011,-6.400000000007257e-10,8.377439999999998e-06,-4.20732160879299e-09,-26.29592005495215
SaveOnEvent_ch1_20260928005353312.wfm,00:53:53.312000,-0.8950099999999996,-0.001120000029914081,1.4400000000007858e-09,9.581279999999998e-06,-2.4027135785249985e-09,-15.017199865775183
SaveOnEvent_ch1_20260928005353511.wfm,00:53:53.511000,-0.8960050000000002,-0.001120000029914081,-5.439999999999392e-09,5.520000000000076e-08,-1.584595163764897e-09,-9.903919773525558
SaveOnEvent_ch1_20260928005353712.wfm,00:53:53.712000,-0.8970100000000003,-0.0014400000218302011,-4.479999999999998e-09,7.77712e-06,-3.6029759746207843e-09,-22.518799841374857
SaveOnEvent_ch1_20260928005353911.wfm,00:53:53.911000,-0.8980049999999999,-0.0013599999947473407,-1.120000000000423e-09,8.377279999999999e-06,-3.565203165297862e-09,-22.282719783106586
SaveOnEvent_ch1_20260928005354111.wfm,00:53:54.111000,-0.8990050000000003,-0.0013599999947473407,-5.439999999999392e-09,7.0768e-06,-4.555891142827458e-09,-28.474559642665554
SaveOnEvent_ch1_20260928005354312.wfm,00:53:54.312000,-0.90001,-0.0013599999947473407,-8.159999999999935e-09,6.938080000000001e-06,-5.548518348634241e-09,-34.67839967895998
SaveOnEvent_ch1_20260928005354511.wfm,00:53:54.511000,-0.9010050000000001,-0.0010400000028312206,-4.639999999999332e-09,4.991999999999901e-08,-8.905215783184384e-10,-5.565839864488225
SaveOnEvent_ch1_20260928005354712.wfm,00:53:54.712000,-0.9020100000000002,-0.001120000029914081,1.120000000000423e-09,9.57408e-06,-4.325030383216218e-09,-27.031759895093273
SaveOnEvent_ch1_20260928005354912.wfm,00:53:54.912000,-0.9030100000000001,-0.0012000000569969416,-2.720000000000543e-09,9.618559999999999e-06,-3.4121983588160957e-09,-21.326639742590487
SaveOnEvent_ch1_20260928005355112.wfm,00:53:55.112000,-0.90401,-0.0014400000218302011,8.69744e-06,9.619359999999999e-06,-3.198239974805619e-09,-19.989519842521986
SaveOnEvent_ch1_20260928005355311.wfm,00:53:55.311000,-0.9050050000000001,-0.0015200000489130616,6.568799999999999e-06,8.201599999999998e-06,-4.506892789569685e-09,-28.16823993480648
SaveOnEvent_ch1_20260928005355511.wfm,00:53:55.511000,-0.906005,-0.0015200000489130616,7.093759999999999e-06,9.620159999999997e-06,-4.704934393949808e-09,-29.406239962176187
SaveOnEvent_ch1_20260928005355711.wfm,00:53:55.711000,-0.9070049999999998,-0.001120000029914081,-8.159999999999935e-09,9.625919999999998e-06,-2.1404991685273112e-09,-13.37855980329914
SaveOnEvent_ch1_20260928005355912.wfm,00:53:55.912000,-0.90801,-0.0012000000569969416,-1.2799999999997574e-09,6.3385599999999995e-06,-3.948703922217245e-09,-24.679599513852736
SaveOnEvent_ch1_20260928005356111.wfm,00:53:56.111000,-0.9090050000000001,-0.001120000029914081,-1.4400000000007858e-09,6.250240000000001e-06,-2.6009407586720753e-09,-16.25599974169745
SaveOnEvent_ch1_20260928005356312.wfm,00:53:56.312000,-0.9100099999999998,-0.0012000000569969416,-6.880000000000178e-09,9.578879999999998e-06,-3.065241547331678e-09,-19.157999670831487
SaveOnEvent_ch1_20260928005356512.wfm,00:53:56.512000,-0.9110100000000001,-0.0012799999676644802,4.799999999996972e-10,9.124479999999999e-06,-4.0692415554123e-09,-25.433119721332332
SaveOnEvent_ch1_20260928005356712.wfm,00:53:56.712000,-0.9120100000000004,-0.0012000000569969416,-7.680000000000238e-09,9.42624e-06,-2.6440767641388787e-09,-16.525679775862955
SaveOnEvent_ch1_20260928005356912.wfm,00:53:56.912000,-0.9130099999999999,-0.0012000000569969416,-4.639999999999332e-09,4.735999999999949e-08,4.0686718790559095e-10,2.542879924410954
SaveOnEvent_ch1_20260928005357111.wfm,00:53:57.111000,-0.9140050000000004,-0.0012000000569969416,-8.31999999999927e-09,5.6160000000000153e-08,-1.6897791594406591e-09,-10.561279746500077
SaveOnEvent_ch1_20260928005357312.wfm,00:53:57.312000,-0.9150099999999997,-0.0013599999947473407,9.599999999993945e-10,9.626239999999997e-06,-2.4686591547494727e-09,-15.429519717174117
SaveOnEvent_ch1_20260928005357511.wfm,00:53:57.511000,-0.9160050000000002,-0.0018400000408291817,8.63936e-06,9.615999999999997e-06,-2.8896383933979066e-09,-18.060879958764417
SaveOnEvent_ch1_20260928005357712.wfm,00:53:57.712000,-0.9170100000000003,-0.0009599999757483602,-8.639999999999633e-09,9.603039999999999e-06,-3.009651165502148e-09,-18.81055978438235
SaveOnEvent_ch1_20260928005357911.wfm,00:53:57.911000,-0.918005,-0.0010400000028312206,-6.71999999999915e-09,9.626399999999998e-06,-3.2087295772531037e-09,-20.054799857840408
SaveOnEvent_ch1_20260928005358112.wfm,00:53:58.112000,-0.9190100000000001,-0.0012000000569969416,-6.080000000000118e-09,9.626559999999997e-06,-1.760896055912579e-10,-1.1009600349352695
SaveOnEvent_ch1_20260928005358312.wfm,00:53:58.312000,-0.92001,-0.0012799999676644802,4.799999999996972e-10,9.623199999999998e-06,-1.1488511822349391e-09,-7.180719888972817
SaveOnEvent_ch1_20260928005358512.wfm,00:53:58.512000,-0.9210099999999999,-0.0010400000028312206,-6.880000000000178e-09,5.999999999999943e-08,-4.467839898588118e-10,-2.792559936613543
SaveOnEvent_ch1_20260928005358712.wfm,00:53:58.712000,-0.9220100000000002,-0.001120000029914081,-9.439999999999693e-09,9.627839999999997e-06,-2.809446377181446e-09,-17.559359857375966
SaveOnEvent_ch1_20260928005358912.wfm,00:53:58.912000,-0.9230100000000001,-0.0012799999676644802,-4.320000000000663e-09,4.5440000000000703e-08,-1.8650815550028363e-09,-11.656959718762664
SaveOnEvent_ch1_20260928005359112.wfm,00:53:59.112000,-0.92401,-0.0012000000569969416,-2.4000000000001803e-09,7.8856e-06,-3.976646355625709e-09,-24.85423972265562
SaveOnEvent_ch1_20260928005359312.wfm,00:53:59.312000,-0.9250099999999999,-0.001120000029914081,-9.11999999999933e-09,9.604e-06,-1.7182399876811536e-09,-10.739199923002161
SaveOnEvent_ch1_20260928005359512.wfm,00:53:59.512000,-0.9260100000000002,-0.0012799999676644802,-2.720000000000543e-09,9.622559999999997e-06,-1.3975615835981435e-09,-8.73511989749386
SaveOnEvent_ch1_20260928005359711.wfm,00:53:59.711000,-0.9270049999999999,-0.0012799999676644802,-3.5200000000006033e-09,9.197599999999998e-06,-3.1164735837210893e-09,-19.47831989824772
SaveOnEvent_ch1_20260928005359911.wfm,00:53:59.911000,-0.9280050000000002,-0.001120000029914081,-6.559999999999815e-09,9.62096e-06,-2.338284770832395e-09,-14.61455981770996
SaveOnEvent_ch1_20260928005400111.wfm,00:54:00.111000,-0.9290050000000001,-0.0019199999514967203,5.107039999999998e-06,6.725279999999998e-06,-5.939270384542177e-09,-37.12055990338558
SaveOnEvent_ch1_20260928005400311.wfm,00:54:00.311000,-0.930005,-0.0013599999947473407,8.604319999999998e-06,9.624639999999997e-06,-2.214316822348628e-09,-13.83992013966781
SaveOnEvent_ch1_20260928005400511.wfm,00:54:00.511000,-0.9310050000000003,-0.0012799999676644802,-4.959999999999695e-09,4.59200000000004e-08,-2.4274623748357407e-09,-15.171839842718327
SaveOnEvent_ch1_20260928005400711.wfm,00:54:00.711000,-0.9320049999999998,-0.0012000000569969416,-4.320000000000663e-09,9.52448e-06,-3.15745277154492e-09,-19.73439982216223
SaveOnEvent_ch1_20260928005400911.wfm,00:54:00.911000,-0.9330050000000001,-0.0012799999676644802,-3.359999999999575e-09,4.7840000000000884e-08,-1.5008959638956003e-09,-9.38079977434245
SaveOnEvent_ch1_20260928005401111.wfm,00:54:01.111000,-0.9340050000000004,-0.0012799999676644802,-2.239999999999152e-09,4.4479999999999615e-08,-2.07241596385138e-09,-12.9527197740681
SaveOnEvent_ch1_20260928005401311.wfm,00:54:01.311000,-0.9350049999999999,-0.0014400000218302011,-1.6000000000001202e-09,3.83999999999995e-08,-1.4736959880916374e-09,-9.21087992558023
SaveOnEvent_ch1_20260928005401511.wfm,00:54:01.511000,-0.9360050000000002,-0.0012000000569969416,-4.800000000000361e-09,6.68128e-06,-3.2747647559316814e-09,-20.467439724568976
SaveOnEvent_ch1_20260928005401711.wfm,00:54:01.711000,-0.9370049999999996,-0.0013599999947473407,3.97744e-06,6.20608e-06,-5.071180764739403e-09,-31.69495977961924
SaveOnEvent_ch1_20260928005401912.wfm,00:54:01.912000,-0.9380099999999998,-0.001120000029914081,-4.639999999999332e-09,8.858400000000001e-06,-2.6817023682221775e-09,-16.760879801382544
SaveOnEvent_ch1_20260928005402111.wfm,00:54:02.111000,-0.9390050000000003,-0.001120000029914081,-7.839999999999573e-09,8.291519999999998e-06,-3.514246353332421e-09,-21.964319708320545
SaveOnEvent_ch1_20260928005402311.wfm,00:54:02.311000,-0.9400049999999998,-0.0010400000028312206,-8.159999999999935e-09,9.625119999999998e-06,-1.7593407754693173e-09,-10.996239846688695
SaveOnEvent_ch1_20260928005402511.wfm,00:54:02.511000,-0.9410050000000001,-0.001120000029914081,-8.800000000000661e-09,8.003519999999999e-06,-3.2400767737533905e-09,-20.250639835954644
SaveOnEvent_ch1_20260928005402712.wfm,00:54:02.712000,-0.9420100000000002,-0.0012000000569969416,-2.5599999999995147e-09,5.712000000000124e-08,-1.5451263626944246e-09,-9.657279766834108
SaveOnEvent_ch1_20260928005402912.wfm,00:54:02.912000,-0.9430100000000001,-0.0013599999947473407,-6.880000000000178e-09,9.626559999999997e-06,-6.014720013667825e-10,-3.7596000085468404
SaveOnEvent_ch1_20260928005403112.wfm,00:54:03.112000,-0.94401,-0.0012000000569969416,-3.359999999999575e-09,7.023999999999918e-08,-7.650175826717157e-10,-4.78135989169823
SaveOnEvent_ch1_20260928005403312.wfm,00:54:03.312000,-0.9450099999999999,-0.0012799999676644802,-3.039999999999212e-09,6.1452800000000006e-06,-5.704044724300038e-09,-35.65039952687221
SaveOnEvent_ch1_20260928005403512.wfm,00:54:03.512000,-0.9460100000000002,-0.0012799999676644802,-4.320000000000663e-09,9.618559999999999e-06,-1.2840959930000822e-09,-8.02607995623839
SaveOnEvent_ch1_20260928005403712.wfm,00:54:03.712000,-0.9470100000000001,-0.0012799999676644802,9.51648e-06,9.617119999999998e-06,-4.3068804249400026e-10,-2.6924002656014636
SaveOnEvent_ch1_20260928005403912.wfm,00:54:03.912000,-0.94801,-0.0012000000569969416,-3.039999999999212e-09,9.234879999999999e-06,-1.9250687646260495e-09,-12.03191977890674
SaveOnEvent_ch1_20260928005404112.wfm,00:54:04.112000,-0.9490100000000004,-0.001120000029914081,-7.51999999999921e-09,8.58112e-06,-3.390873569808902e-09,-21.193119811301585
SaveOnEvent_ch1_20260928005404312.wfm,00:54:04.312000,-0.9500099999999998,-0.001120000029914081,-6.400000000000481e-09,9.621279999999997e-06,-1.6946431698254288e-09,-10.59191981141339
SaveOnEvent_ch1_20260928005404512.wfm,00:54:04.512000,-0.9510100000000001,-0.0010400000028312206,-4.159999999999635e-09,4.880000000000028e-08,-4.700095890020013e-10,-2.9376799312594812
SaveOnEvent_ch1_20260928005404712.wfm,00:54:04.712000,-0.9520100000000005,-0.0012799999676644802,-5.759999999999755e-09,9.622719999999998e-06,-1.7295039763557713e-09,-10.809919852210442
SaveOnEvent_ch1_20260928005404912.wfm,00:54:04.912000,-0.9530099999999999,-0.001120000029914081,-5.9200000000007836e-09,4.368000000000125e-08,-9.080831920634973e-10,-5.675759950390784
SaveOnEvent_ch1_20260928005405112.wfm,00:54:05.112000,-0.9540100000000002,-0.0012799999676644802,-5.759999999999755e-09,5.999999999999943e-08,-3.073209527947473e-09,-19.20775954966666
SaveOnEvent_ch1_20260928005405311.wfm,00:54:05.311000,-0.9550049999999999,-0.0012000000569969416,-8.480000000000298e-09,9.624319999999998e-06,-2.0894591662241155e-09,-13.059519788890611
SaveOnEvent_ch1_20260928005405512.wfm,00:54:05.512000,-0.95601,-0.0010400000028312206,-3.359999999999575e-09,5.215999999999985e-08,-2.4906879379693425e-09,-15.566879612306366
SaveOnEvent_ch1_20260928005405712.wfm,00:54:05.712000,-0.9570100000000004,-0.0012000000569969416,-7.359999999999875e-09,9.18992e-06,-7.618879851931681e-10,-4.761999907466816
SaveOnEvent_ch1_20260928005405912.wfm,00:54:05.912000,-0.9580099999999998,-0.0012000000569969416,-2.8799999999998776e-09,9.622079999999997e-06,-1.1855871733743702e-09,-7.410399833577685
SaveOnEvent_ch1_20260928005406112.wfm,00:54:06.112000,-0.9590100000000001,-0.0009599999757483602,-1.071999999999945e-08,5.023999999999937e-08,2.6431359276408255e-10,1.651759954780573
SaveOnEvent_ch1_20260928005406312.wfm,00:54:06.312000,-0.96001,-0.0013599999947473407,-2.4000000000001803e-09,9.3736e-06,-4.839494337306823e-09,-30.247119608160574
SaveOnEvent_ch1_20260928005406511.wfm,00:54:06.511000,-0.9610050000000001,-0.0012799999676644802,-7.200000000000541e-09,9.506559999999999e-06,-2.3347007818776177e-09,-14.592079886730062
SaveOnEvent_ch1_20260928005406711.wfm,00:54:06.711000,-0.962005,-0.0012000000569969416,-1.4400000000007858e-09,4.399999999999992e-08,-3.764415920362807e-10,-2.3529599502217025
SaveOnEvent_ch1_20260928005406912.wfm,00:54:06.912000,-0.9630100000000001,-0.0012000000569969416,-3.2000000000002404e-09,5.312000000000094e-08,-9.42918378675822e-10,-5.893439866718836
SaveOnEvent_ch1_20260928005407112.wfm,00:54:07.112000,-0.96401,-0.0012000000569969416,-9.280000000000358e-09,4.975999999999967e-08,-2.03434235088993e-09,-12.714799693058012
SaveOnEvent_ch1_20260928005407312.wfm,00:54:07.312000,-0.9650099999999999,-0.0012799999676644802,-2.239999999999152e-09,8.32128e-06,-2.8956544001772985e-09,-18.098080001102062
SaveOnEvent_ch1_20260928005407512.wfm,00:54:07.512000,-0.9660100000000003,-0.0012799999676644802,-4.639999999999332e-09,9.243839999999999e-06,-3.223148763934148e-09,-20.144959774595918
SaveOnEvent_ch1_20260928005407712.wfm,00:54:07.712000,-0.9670100000000001,-0.0012000000569969416,-2.5599999999995147e-09,7.336800000000001e-06,-3.6794623709982255e-09,-22.996719818736892
SaveOnEvent_ch1_20260928005407912.wfm,00:54:07.912000,-0.96801,-0.001120000029914081,-3.039999999999212e-09,5.4808e-06,-3.997305529888254e-09,-24.983279561798554
SaveOnEvent_ch1_20260928005408112.wfm,00:54:08.112000,-0.9690100000000004,-0.001120000029914081,-4.959999999999695e-09,9.625759999999997e-06,-1.3538175718765706e-09,-8.461679824220482
SaveOnEvent_ch1_20260928005408311.wfm,00:54:08.311000,-0.970005,-0.001120000029914081,-2.5599999999995147e-09,9.622079999999997e-06,-1.2848639957746455e-09,-8.030719973583473
SaveOnEvent_ch1_20260928005408511.wfm,00:54:08.511000,-0.9710050000000003,-0.0014400000218302011,2.9710400000000003e-06,4.62816e-06,-6.4792703577084455e-09,-40.49559973567375
SaveOnEvent_ch1_20260928005408712.wfm,00:54:08.712000,-0.9720100000000005,-0.0014400000218302011,-3.2000000000002404e-09,6.170399999999999e-06,-4.638508748498278e-09,-28.990959678107174
SaveOnEvent_ch1_20260928005408912.wfm,00:54:08.912000,-0.9730099999999999,-0.0012799999676644802,-1.6000000000001202e-09,8.258719999999999e-06,-4.6717759684729375e-09,-29.198879802948795
SaveOnEvent_ch1_20260928005409111.wfm,00:54:09.111000,-0.9740050000000005,-0.001120000029914081,-8.800000000000661e-09,5.471999999999937e-08,-3.034175938018596e-10,-1.896479961258592
SaveOnEvent_ch1_20260928005409312.wfm,00:54:09.312000,-0.9750099999999997,-0.0012000000569969416,-2.720000000000543e-09,4.575999999999937e-08,1.0415295719937416e-09,6.509599824959878
SaveOnEvent_ch1_20260928005409512.wfm,00:54:09.512000,-0.97601,-0.0012000000569969416,-3.359999999999575e-09,4.8479999999999915e-08,-2.390841541669794e-09,-14.9428796354332
SaveOnEvent_ch1_20260928005409712.wfm,00:54:09.712000,-0.9770100000000004,-0.0012000000569969416,-1.1360000000000176e-08,9.628639999999999e-06,-2.9178367481078e-09,-18.23679967568023
SaveOnEvent_ch1_20260928005409912.wfm,00:54:09.912000,-0.9780099999999998,-0.0013599999947473407,-3.359999999999575e-09,9.631039999999997e-06,-3.5219519627536647e-09,-22.01263976719929
SaveOnEvent_ch1_20260928005410111.wfm,00:54:10.111000,-0.9790050000000003,-0.001120000029914081,-3.2000000000002404e-09,6.864000000000075e-08,-1.726054358095862e-09,-10.787919738097116
SaveOnEvent_ch1_20260928005410312.wfm,00:54:10.312000,-0.9800099999999996,-0.0012000000569969416,-6.71999999999915e-09,9.623199999999998e-06,-3.0204095461801604e-09,-18.878159663639963
SaveOnEvent_ch1_20260928005410512.wfm,00:54:10.512000,-0.9810099999999999,-0.001120000029914081,-5.600000000000421e-09,9.634879999999998e-06,-8.141247877152603e-10,-5.0886399232258555
SaveOnEvent_ch1_20260928005410712.wfm,00:54:10.712000,-0.9820100000000003,-0.0008800000068731606,-1.0880000000000479e-08,5.4080000000000336e-08,9.057791763171556e-10,5.661119851982221
SaveOnEvent_ch1_20260928005410912.wfm,00:54:10.912000,-0.9830099999999997,-0.001120000029914081,-6.71999999999915e-09,9.160479999999998e-06,-9.652735967282207e-10,-6.033199979545316
SaveOnEvent_ch1_20260928005411112.wfm,00:54:11.112000,-0.98401,-0.001120000029914081,-4.479999999999998e-09,9.155839999999999e-06,-2.7092671607225185e-09,-16.933199754508678
SaveOnEvent_ch1_20260928005411311.wfm,00:54:11.311000,-0.9850050000000001,-0.0012000000569969416,-9.599999999993945e-10,9.625759999999997e-06,-2.1588671775162197e-09,-13.493279859481845
SaveOnEvent_ch1_20260928005411512.wfm,00:54:11.512000,-0.9860099999999998,-0.001120000029914081,-2.239999999999152e-09,9.3192e-06,-3.0753407285036514e-09,-19.22111955314176
SaveOnEvent_ch1_20260928005411711.wfm,00:54:11.711000,-0.9870049999999999,-0.001120000029914081,-6.559999999999815e-09,4.479999999999998e-08,-1.360428766605909e-09,-8.502879791281885
SaveOnEvent_ch1_20260928005411912.wfm,00:54:11.912000,-0.98801,-0.0012799999676644802,-2.8799999999998776e-09,9.589759999999998e-06,-2.7545663724048073e-09,-17.216319827537518
SaveOnEvent_ch1_20260928005412111.wfm,00:54:12.111000,-0.9890050000000001,-0.001120000029914081,-6.080000000000118e-09,9.03024e-06,-3.2801535406801837e-09,-20.501199629245093
SaveOnEvent_ch1_20260928005412311.wfm,00:54:12.311000,-0.990005,-0.001120000029914081,-6.239999999999452e-09,9.620639999999998e-06,-1.466988790915348e-09,-9.16903994322638
SaveOnEvent_ch1_20260928005412511.wfm,00:54:12.511000,-0.9910050000000004,-0.0012000000569969416,-6.559999999999815e-09,8.211839999999998e-06,-3.752844761027952e-09,-23.455439756420674
SaveOnEvent_ch1_20260928005412711.wfm,00:54:12.711000,-0.9920049999999998,-0.0012000000569969416,-6.559999999999815e-09,9.628159999999998e-06,-1.1795839772652819e-09,-7.372719857899938
SaveOnEvent_ch1_20260928005412911.wfm,00:54:12.911000,-0.9930050000000001,-0.0012000000569969416,-6.400000000007257e-10,9.6056e-06,-8.980671808239989e-10,-5.613199880142929
SaveOnEvent_ch1_20260928005413111.wfm,00:54:13.111000,-0.9940050000000005,-0.001120000029914081,-2.720000000000543e-09,5.0399999999998704e-08,-2.246617544856853e-09,-14.041519655351294
SaveOnEvent_ch1_20260928005413312.wfm,00:54:13.312000,-0.9950099999999997,-0.0012000000569969416,-7.839999999999573e-09,9.588e-06,-2.5060095801739953e-09,-15.662879876093939
SaveOnEvent_ch1_20260928005413511.wfm,00:54:13.511000,-0.9960050000000003,-0.001120000029914081,-4.320000000000663e-09,6.271040000000001e-06,-4.07429115516599e-09,-25.464399719785433
SaveOnEvent_ch1_20260928005413711.wfm,00:54:13.711000,-0.9970049999999997,-0.0012000000569969416,9.396159999999999e-06,9.622399999999998e-06,-8.510080026532523e-10,-5.319280016585253
SaveOnEvent_ch1_20260928005413911.wfm,00:54:13.911000,-0.998005,-0.001120000029914081,-5.600000000000421e-09,7.1147199999999995e-06,-2.8132479625474665e-09,-17.58295976591762
SaveOnEvent_ch1_20260928005414111.wfm,00:54:14.111000,-0.9990050000000004,-0.0012799999676644802,-4.799999999996972e-10,9.1472e-06,-3.4970367627171793e-09,-21.856719766976312
SaveOnEvent_ch1_20260928005414311.wfm,00:54:14.311000,-1.0000049999999998,-0.0013599999947473407,-3.839999999999272e-09,4.975999999999967e-08,-2.9403135408647365e-09,-18.377119630400557
SaveOnEvent_ch1_20260928005414511.wfm,00:54:14.511000,-1.0010050000000001,-0.0012000000569969416,-4.320000000000663e-09,9.627679999999998e-06,-2.5655039885500455e-09,-16.034719928429695
SaveOnEvent_ch1_20260928005414711.wfm,00:54:14.711000,-1.002005,-0.0012000000569969416,-6.71999999999915e-09,9.43232e-06,-2.9940927735273716e-09,-18.713279834541027
SaveOnEvent_ch1_20260928005414911.wfm,00:54:14.911000,-1.003005,-0.0014400000218302011,4.3494400000000005e-06,6.7270399999999995e-06,-5.369587166975252e-09,-33.560079793591285
SaveOnEvent_ch1_20260928005415111.wfm,00:54:15.111000,-1.0040050000000003,-0.0010400000028312206,-4.320000000000663e-09,9.50064e-06,-1.4698240609373564e-10,-0.9188800380798057
SaveOnEvent_ch1_20260928005415311.wfm,00:54:15.311000,-1.0050050000000001,-0.001120000029914081,-9.600000000000721e-09,5.6160000000000153e-08,-8.815103794122092e-10,-5.50959987132228
SaveOnEvent_ch1_20260928005415512.wfm,00:54:15.512000,-1.0060099999999998,-0.0012799999676644802,-6.71999999999915e-09,9.60192e-06,-2.0891519686370155e-09,-13.057519803987816
SaveOnEvent_ch1_20260928005415711.wfm,00:54:15.711000,-1.007005,-0.001120000029914081,-7.0399999999995125e-09,4.095999999999901e-08,7.622015794878829e-10,4.763759871799266
SaveOnEvent_ch1_20260928005415912.wfm,00:54:15.912000,-1.00801,-0.001120000029914081,-1.0560000000000116e-08,4.99200000000007e-08,-4.5958399008028085e-10,-2.872559937997721
SaveOnEvent_ch1_20260928005416112.wfm,00:54:16.112000,-1.00901,-0.0012000000569969416,-6.880000000000178e-09,8.613119999999999e-06,-3.1083455633628167e-09,-19.42743977101054
SaveOnEvent_ch1_20260928005416312.wfm,00:54:16.312000,-1.0100099999999999,-0.0010400000028312206,-4.959999999999695e-09,5.8399999999999305e-08,-8.473855796642574e-10,-5.296399872895563
SaveOnEvent_ch1_20260928005416511.wfm,00:54:16.511000,-1.0110050000000004,-0.0013599999947473407,-2.4000000000001803e-09,4.6079999999999735e-08,-2.549785538120195e-09,-15.936479613243137
SaveOnEvent_ch1_20260928005416711.wfm,00:54:16.711000,-1.0120049999999998,-0.0012799999676644802,-2.0799999999998175e-09,9.624479999999998e-06,-6.551167999720183e-10,-4.094879999815021
SaveOnEvent_ch1_20260928005416912.wfm,00:54:16.912000,-1.01301,-0.0013599999947473407,7.595360000000001e-06,9.25824e-06,-3.2425984012521784e-09,-20.266480007820064
SaveOnEvent_ch1_20260928005417112.wfm,00:54:17.112000,-1.0140100000000003,-0.0010400000028312206,-7.680000000000238e-09,9.132799999999998e-06,-2.7257151717948696e-09,-17.035839823714923
SaveOnEvent_ch1_20260928005417312.wfm,00:54:17.312000,-1.0150099999999997,-0.0012000000569969416,-1.120000000000423e-09,9.576480000000001e-06,-1.604313595825806e-09,-10.027199973905226
SaveOnEvent_ch1_20260928005417512.wfm,00:54:17.512000,-1.01601,-0.0010400000028312206,-5.9200000000007836e-09,9.627359999999998e-06,-1.3417279808828633e-09,-8.386159880523337
SaveOnEvent_ch1_20260928005417712.wfm,00:54:17.712000,-1.0170100000000004,-0.001120000029914081,-8.639999999999633e-09,8.34304e-06,-3.164825576259754e-09,-19.780319851619424
SaveOnEvent_ch1_20260928005417912.wfm,00:54:17.912000,-1.0180099999999999,-0.001120000029914081,-6.880000000000178e-09,5.7280000000000576e-08,-2.975839926546904e-09,-18.599119540915126
SaveOnEvent_ch1_20260928005418112.wfm,00:54:18.112000,-1.0190100000000002,-0.001120000029914081,-1.0080000000000418e-08,9.48816e-06,-3.91819515917916e-09,-24.488959744863678
SaveOnEvent_ch1_20260928005418312.wfm,00:54:18.312000,-1.0200099999999996,-0.0012000000569969416,-9.91999999999939e-09,9.009919999999998e-06,-3.291302398554983e-09,-20.570799990964588
SaveOnEvent_ch1_20260928005418512.wfm,00:54:18.512000,-1.02101,-0.0010400000028312206,-6.880000000000178e-09,5.7280000000000576e-08,-1.5412159620574666e-09,-9.63271976285614
SaveOnEvent_ch1_20260928005418712.wfm,00:54:18.712000,-1.0220100000000003,-0.0012000000569969416,-6.400000000000481e-09,9.531039999999998e-06,-1.544550392651002e-09,-9.653599954064703
SaveOnEvent_ch1_20260928005418912.wfm,00:54:18.912000,-1.0230099999999998,-0.0009599999757483602,-1.2799999999997574e-09,4.031999999999998e-08,4.3675518817966946e-10,2.7295999261259567
SaveOnEvent_ch1_20260928005419112.wfm,00:54:19.112000,-1.02401,-0.0010400000028312206,-7.680000000000238e-09,9.625919999999998e-06,-5.586560225579802e-11,-0.3494400141062215
SaveOnEvent_ch1_20260928005419312.wfm,00:54:19.312000,-1.02501,-0.0014400000218302011,-1.7599999999994546e-09,4.672000000000046e-08,-2.1822975718765514e-09,-13.639599824236939
SaveOnEvent_ch1_20260928005419512.wfm,00:54:19.512000,-1.0260099999999999,-0.0017600000137463212,9.000640000000001e-06,9.615519999999998e-06,-2.372787197516296e-09,-14.83055998448981
SaveOnEvent_ch1_20260928005419712.wfm,00:54:19.712000,-1.0270100000000002,-0.0012000000569969416,-4.959999999999695e-09,7.093920000000001e-06,-4.88853113582125e-09,-30.553439598879777
SaveOnEvent_ch1_20260928005419912.wfm,00:54:19.912000,-1.02801,-0.001120000029914081,-7.51999999999921e-09,9.56752e-06,-1.4611072119395236e-09,-9.13216007463052
SaveOnEvent_ch1_20260928005420111.wfm,00:54:20.111000,-1.0290050000000002,-0.0012000000569969416,-4.639999999999332e-09,5.503999999999973e-08,-2.867423930291552e-09,-17.92151956431917
SaveOnEvent_ch1_20260928005420312.wfm,00:54:20.312000,-1.0300099999999999,-0.0012000000569969416,-3.839999999999272e-09,9.633279999999998e-06,-1.9664767633192265e-09,-12.290799770737067
SaveOnEvent_ch1_20260928005420512.wfm,00:54:20.512000,-1.0310100000000002,-0.0013599999947473407,1.5624000000000005e-06,5.1651200000000004e-06,-6.542931156798733e-09,-40.89351972998702
SaveOnEvent_ch1_20260928005420712.wfm,00:54:20.712000,-1.03201,-0.0014400000218302011,-3.2000000000002404e-09,7.661280000000001e-06,-4.51279353402555e-09,-28.205119587655645
SaveOnEvent_ch1_20260928005420912.wfm,00:54:20.912000,-1.03301,-0.0010400000028312206,-3.2000000000002404e-09,9.622079999999997e-06,-9.470655935490508e-10,-5.9194399596890435
SaveOnEvent_ch1_20260928005421112.wfm,00:54:21.112000,-1.0340100000000003,-0.0012799999676644802,-1.0239999999999753e-08,4.6879999999999795e-08,-2.065811150742228e-09,-12.91151969213388
SaveOnEvent_ch1_20260928005421312.wfm,00:54:21.312000,-1.0350099999999998,-0.001120000029914081,-7.359999999999875e-09,9.623999999999998e-06,-8.597055991692451e-10,-5.37351999481325
SaveOnEvent_ch1_20260928005421512.wfm,00:54:21.512000,-1.03601,-0.001120000029914081,-2.239999999999152e-09,6.2025599999999994e-06,-2.9169023641897375e-09,-18.230719776183832
SaveOnEvent_ch1_20260928005421712.wfm,00:54:21.712000,-1.0370100000000004,-0.001120000029914081,-8.959999999999996e-09,4.863999999999925e-08,-2.3696639569941825e-10,-1.4810399731213693
SaveOnEvent_ch1_20260928005421912.wfm,00:54:21.912000,-1.0380099999999999,-0.0012000000569969416,-7.839999999999573e-09,9.634719999999997e-06,-3.649491152721457e-09,-22.809759704512544
SaveOnEvent_ch1_20260928005422111.wfm,00:54:22.111000,-1.0390050000000004,-0.0010400000028312206,-8.480000000000298e-09,9.633279999999998e-06,-2.886572788699994e-09,-18.0413599293679
SaveOnEvent_ch1_20260928005422311.wfm,00:54:22.311000,-1.0400049999999998,-0.001120000029914081,-9.439999999999693e-09,5.711999999999955e-08,-1.4490879724896489e-09,-9.05703982806881
SaveOnEvent_ch1_20260928005422512.wfm,00:54:22.512000,-1.04101,-0.0010400000028312206,-9.11999999999933e-09,8.96608e-06,-2.915052738718222e-09,-18.21919961698586
SaveOnEvent_ch1_20260928005422712.wfm,00:54:22.712000,-1.0420100000000003,-0.0012799999676644802,-6.71999999999915e-09,6.977600000000001e-06,-2.0576319943531426e-09,-12.860399964702083
SaveOnEvent_ch1_20260928005422912.wfm,00:54:22.912000,-1.0430099999999998,-0.001120000029914081,-6.239999999999452e-09,9.556159999999997e-06,-2.359750374916473e-09,-14.748719843220897
SaveOnEvent_ch1_20260928005423111.wfm,00:54:23.111000,-1.0440050000000003,-0.0012000000569969416,-1.1199999999999147e-08,9.641919999999998e-06,-3.67164154301863e-09,-22.948159643856343
SaveOnEvent_ch1_20260928005423312.wfm,00:54:23.312000,-1.04501,-0.0012000000569969416,-8.159999999999935e-09,9.522079999999998e-06,-3.7459839688777e-09,-23.412719805492088
SaveOnEvent_ch1_20260928005423512.wfm,00:54:23.512000,-1.0460099999999999,-0.0012799999676644802,-5.9200000000007836e-09,4.5919999999998707e-08,-2.834879963775167e-10,-1.771999977354426
SaveOnEvent_ch1_20260928005423712.wfm,00:54:23.712000,-1.0470100000000002,-0.001120000029914081,-2.5599999999995147e-09,9.575200000000001e-06,-2.6796671895449996e-09,-16.748159934650175
SaveOnEvent_ch1_20260928005423911.wfm,00:54:23.911000,-1.0480049999999999,-0.0012000000569969416,-3.039999999999212e-09,4.974239999999998e-06,-3.3442239224840874e-09,-20.901599515520502
SaveOnEvent_ch1_20260928005424112.wfm,00:54:24.112000,-1.04901,-0.0012000000569969416,-4.959999999999695e-09,9.27728e-06,-3.1187711939704575e-09,-19.492639962321846
SaveOnEvent_ch1_20260928005424312.wfm,00:54:24.312000,-1.0500099999999999,-0.0012000000569969416,-4.799999999996972e-10,7.041920000000001e-06,-3.910636734126604e-09,-24.441599588288227
SaveOnEvent_ch1_20260928005424511.wfm,00:54:24.511000,-1.051005,-0.0012799999676644802,8.260799999999999e-06,9.618239999999998e-06,-2.444441623124291e-09,-15.278160144516733
SaveOnEvent_ch1_20260928005424712.wfm,00:54:24.712000,-1.0520100000000001,-0.001120000029914081,-3.6799999999999377e-09,5.152000000000082e-08,-2.617561540068128e-09,-16.359839625423774
SaveOnEvent_ch1_20260928005424912.wfm,00:54:24.912000,-1.05301,-0.0012000000569969416,-4.320000000000663e-09,4.6879999999999795e-08,-2.264505552663466e-09,-14.153439704154152
SaveOnEvent_ch1_20260928005425112.wfm,00:54:25.112000,-1.0540100000000003,-0.0013599999947473407,-3.039999999999212e-09,6.617439999999998e-06,-4.5448703462630515e-09,-28.405599664140027
SaveOnEvent_ch1_20260928005425312.wfm,00:54:25.312000,-1.0550099999999998,-0.001120000029914081,-8.959999999999996e-09,8.510879999999999e-06,-3.966707156863992e-09,-24.792079730395926
SaveOnEvent_ch1_20260928005425512.wfm,00:54:25.512000,-1.0560100000000001,-0.0012000000569969416,-5.9200000000007836e-09,9.632159999999998e-06,-8.892351886746457e-10,-5.558159929205431
SaveOnEvent_ch1_20260928005425711.wfm,00:54:25.711000,-1.0570049999999998,-0.001120000029914081,-4.159999999999635e-09,9.587839999999998e-06,-2.155916787590828e-09,-13.474719922436634
SaveOnEvent_ch1_20260928005425912.wfm,00:54:25.912000,-1.05801,-0.0012799999676644802,9.599999999993945e-10,3.7760000000000465e-08,-1.2572031700424865e-09,-7.85759981276351
SaveOnEvent_ch1_20260928005426111.wfm,00:54:26.111000,-1.0590050000000004,-0.0010400000028312206,-8.159999999999935e-09,9.55888e-06,-4.571302328193559e-09,-28.57087955120369
SaveOnEvent_ch1_20260928005426312.wfm,00:54:26.312000,-1.0600099999999997,-0.001120000029914081,-6.080000000000118e-09,9.34736e-06,-2.6832191685657015e-09,-16.770319803530583
SaveOnEvent_ch1_20260928005426512.wfm,00:54:26.512000,-1.06101,-0.0012000000569969416,-6.400000000000481e-09,9.516639999999999e-06,-3.140947165137623e-09,-19.631199782103067
SaveOnEvent_ch1_20260928005426712.wfm,00:54:26.712000,-1.0620100000000003,-0.001120000029914081,-4.800000000000361e-09,9.48608e-06,-2.0526975985709568e-09,-12.829679991060402
SaveOnEvent_ch1_20260928005426912.wfm,00:54:26.912000,-1.0630099999999998,-0.0012000000569969416,-4.959999999999695e-09,9.409279999999998e-06,-3.229427182064389e-09,-20.184159887896385
SaveOnEvent_ch1_20260928005427111.wfm,00:54:27.111000,-1.0640050000000003,-0.0010400000028312206,-6.400000000000481e-09,9.293599999999999e-06,-1.2790335721964955e-09,-7.99415982622304
SaveOnEvent_ch1_20260928005427311.wfm,00:54:27.311000,-1.0650049999999998,-0.001120000029914081,1.120000000000423e-09,9.619999999999998e-06,-2.1967807736154657e-09,-13.730239835102111
SaveOnEvent_ch1_20260928005427512.wfm,00:54:27.512000,-1.06601,-0.0009599999757483602,-7.0399999999995125e-09,4.7840000000000884e-08,4.5607038768240757e-10,2.8503999230160844
SaveOnEvent_ch1_20260928005427712.wfm,00:54:27.712000,-1.0670100000000002,-0.0012799999676644802,-4.0000000000003005e-09,4.64000000000001e-08,-2.9100671283341967e-09,-18.188159552082652
SaveOnEvent_ch1_20260928005427912.wfm,00:54:27.912000,-1.0680100000000001,-0.0010400000028312206,-5.280000000000058e-09,4.415999999999925e-08,-1.3875199723057127e-10,-0.8673599826870486
SaveOnEvent_ch1_20260928005428112.wfm,00:54:28.112000,-1.06901,-0.0012000000569969416,-2.239999999999152e-09,8.74912e-06,-3.309887990504504e-09,-20.686959940649103
SaveOnEvent_ch1_20260928005428312.wfm,00:54:28.312000,-1.07001,-0.001120000029914081,-3.839999999999272e-09,9.430399999999999e-06,-3.0534335765731534e-09,-19.084239853575127
SaveOnEvent_ch1_20260928005428512.wfm,00:54:28.512000,-1.0710100000000002,-0.0013599999947473407,-3.2000000000036285e-10,5.89824e-06,-4.09201915781945e-09,-25.5753597363655
SaveOnEvent_ch1_20260928005428712.wfm,00:54:28.712000,-1.0720100000000001,-0.001120000029914081,-9.280000000000358e-09,9.623199999999998e-06,-2.4080831682146507e-09,-15.050959801330464
SaveOnEvent_ch1_20260928005428912.wfm,00:54:28.912000,-1.07301,-0.0012799999676644802,-9.599999999993945e-10,9.155679999999998e-06,-3.377343940595163e-09,-21.108639628713718
SaveOnEvent_ch1_20260928005429112.wfm,00:54:29.112000,-1.0740100000000004,-0.0012000000569969416,3.2000000000002404e-09,8.82128e-06,-3.3867839670064858e-09,-21.167599793785485
SaveOnEvent_ch1_20260928005429311.wfm,00:54:29.311000,-1.075005,-0.001120000029914081,-7.0399999999995125e-09,9.620319999999998e-06,-2.001663967357017e-09,-12.510719795973273
SaveOnEvent_ch1_20260928005429512.wfm,00:54:29.512000,-1.0760100000000001,-0.0010400000028312206,-7.0399999999995125e-09,8.7944e-06,-2.871052751098759e-09,-17.944319694361184
SaveOnEvent_ch1_20260928005429712.wfm,00:54:29.712000,-1.0770100000000005,-0.0010400000028312206,-9.11999999999933e-09,9.42592e-06,-2.1403135489253314e-09,-13.377199680777267
SaveOnEvent_ch1_20260928005429912.wfm,00:54:29.912000,-1.07801,-0.0012799999676644802,-4.800000000000361e-09,9.4232e-06,-4.867391940227245e-09,-30.421599626424722
SaveOnEvent_ch1_20260928005430112.wfm,00:54:30.112000,-1.0790100000000002,-0.0013599999947473407,-1.2799999999997574e-09,4.943999999999931e-08,-3.961324729116171e-09,-24.758399556973018
SaveOnEvent_ch1_20260928005430312.wfm,00:54:30.312000,-1.0800099999999997,-0.0012799999676644802,-1.599999999993344e-10,8.3432e-06,-3.501535943082999e-09,-21.884879644261673
SaveOnEvent_ch1_20260928005430512.wfm,00:54:30.512000,-1.08101,-0.0012000000569969416,-4.800000000000361e-09,6.312959999999999e-06,-3.5572415608703176e-09,-22.232879755436443
SaveOnEvent_ch1_20260928005430711.wfm,00:54:30.711000,-1.0820049999999997,-0.0010400000028312206,-7.680000000000238e-09,9.629439999999997e-06,-8.350720544112786e-11,-0.5223200340115
SaveOnEvent_ch1_20260928005430912.wfm,00:54:30.912000,-1.0830099999999998,-0.0012000000569969416,-3.2000000000002404e-09,5.991359999999999e-06,-2.9108095585927374e-09,-18.192719741200563
SaveOnEvent_ch1_20260928005431112.wfm,00:54:31.112000,-1.0840100000000001,-0.001120000029914081,-6.400000000000481e-09,5.247999999999852e-08,-2.5305087390961136e-09,-15.81591961934464
SaveOnEvent_ch1_20260928005431312.wfm,00:54:31.312000,-1.08501,-0.0009599999757483602,-7.0399999999995125e-09,4.479999999999998e-08,-1.0264447746984675e-09,-6.415279841865413
SaveOnEvent_ch1_20260928005431512.wfm,00:54:31.512000,-1.08601,-0.0012799999676644802,-8.159999999999935e-09,4.6879999999999795e-08,-2.5187071564863424e-09,-15.742159728048136
SaveOnEvent_ch1_20260928005431712.wfm,00:54:31.712000,-1.0870100000000003,-0.001120000029914081,-3.5200000000006033e-09,9.558879999999998e-06,-2.677299169867765e-09,-16.73343981168
SaveOnEvent_ch1_20260928005431912.wfm,00:54:31.912000,-1.0880100000000001,-0.001120000029914081,-4.320000000000663e-09,9.204479999999998e-06,-1.786969577525743e-09,-11.168799859529827
SaveOnEvent_ch1_20260928005432112.wfm,00:54:32.112000,-1.08901,-0.0013599999947473407,-2.239999999999152e-09,7.448800000000001e-06,-3.3899583561695167e-09,-21.187359726056457
SaveOnEvent_ch1_20260928005432312.wfm,00:54:32.312000,-1.09001,-0.0012000000569969416,-2.5599999999995147e-09,7.094719999999998e-06,-2.9035775420488786e-09,-18.14751963780145
SaveOnEvent_ch1_20260928005432512.wfm,00:54:32.512000,-1.0910100000000003,-0.0012799999676644802,1.120000000000423e-09,9.617919999999998e-06,-2.3319935718877233e-09,-14.57535982428817
SaveOnEvent_ch1_20260928005432712.wfm,00:54:32.712000,-1.0920100000000001,-0.0010400000028312206,-7.839999999999573e-09,7.930399999999998e-06,-1.8388287549489178e-09,-11.492879718425684
SaveOnEvent_ch1_20260928005432912.wfm,00:54:32.912000,-1.09301,-0.0009599999757483602,-7.680000000000238e-09,8.11328e-06,-3.909715153367726e-09,-24.435999708541203
SaveOnEvent_ch1_20260928005433112.wfm,00:54:33.112000,-1.0940100000000004,-0.001120000029914081,-6.559999999999815e-09,9.62304e-06,-3.4744319814979117e-09,-21.715519884368405
SaveOnEvent_ch1_20260928005433311.wfm,00:54:33.311000,-1.095005,-0.0012000000569969416,-1.920000000000483e-09,9.626559999999997e-06,-2.2696255594282377e-09,-14.185519746417413
SaveOnEvent_ch1_20260928005433511.wfm,00:54:33.511000,-1.0960050000000003,-0.001120000029914081,-6.239999999999452e-09,8.004800000000002e-06,-3.485875175683758e-09,-21.786879848019453
SaveOnEvent_ch1_20260928005433712.wfm,00:54:33.712000,-1.0970100000000005,-0.0007999999797903001,-6.080000000000118e-09,4.272000000000016e-08,9.19372776304374e-10,5.746079851902323
SaveOnEvent_ch1_20260928005433911.wfm,00:54:33.911000,-1.0980050000000001,-0.0012000000569969416,-2.8799999999998776e-09,7.44112e-06,-4.1806655485252855e-09,-26.12927967828
SaveOnEvent_ch1_20260928005434111.wfm,00:54:34.111000,-1.0990050000000005,-0.0012000000569969416,-7.51999999999921e-09,4.832000000000058e-08,-1.5471679630945449e-09,-9.670079769333825
SaveOnEvent_ch1_20260928005434312.wfm,00:54:34.312000,-1.1000099999999997,-0.001120000029914081,-6.239999999999452e-09,3.935999999999889e-08,-1.6324927607388217e-09,-10.203279754612595
SaveOnEvent_ch1_20260928005434511.wfm,00:54:34.511000,-1.1010050000000002,-0.0012000000569969416,2.0799999999998175e-09,4.991999999999901e-08,-1.1135103741101897e-09,-6.9596798381826375
SaveOnEvent_ch1_20260928005434712.wfm,00:54:34.712000,-1.1020100000000004,-0.0012000000569969416,-6.559999999999815e-09,9.637119999999998e-06,-2.142195165408774e-09,-13.389039783796761
SaveOnEvent_ch1_20260928005434911.wfm,00:54:34.911000,-1.103005,-0.0010400000028312206,-6.080000000000118e-09,5.0399999999998704e-08,-2.0561535488162174e-09,-12.851119680097327
SaveOnEvent_ch1_20260928005435111.wfm,00:54:35.111000,-1.1040050000000003,-0.0013599999947473407,9.585439999999999e-06,9.622879999999998e-06,-5.301696165534664e-10,-3.31416010344401
SaveOnEvent_ch1_20260928005435312.wfm,00:54:35.312000,-1.10501,-0.001120000029914081,-7.359999999999875e-09,9.644639999999999e-06,-2.182860756495498e-09,-13.643359728099313
SaveOnEvent_ch1_20260928005435512.wfm,00:54:35.512000,-1.10601,-0.0009599999757483602,-7.51999999999921e-09,4.943999999999931e-08,-3.351359923533141e-10,-2.094719952205196
SaveOnEvent_ch1_20260928005435712.wfm,00:54:35.712000,-1.1070100000000003,-0.0012799999676644802,-1.6000000000001202e-09,4.14400000000004e-08,-3.525343969610985e-09,-22.033519810065627
SaveOnEvent_ch1_20260928005435912.wfm,00:54:35.912000,-1.1080100000000002,-0.001120000029914081,-4.320000000000663e-09,4.6079999999999735e-08,-1.0535679747164225e-09,-6.585039841971593
SaveOnEvent_ch1_20260928005436112.wfm,00:54:36.112000,-1.10901,-0.001120000029914081,-7.200000000000541e-09,4.319999999999986e-08,-6.751039843051666e-10,-4.2195999019022565
SaveOnEvent_ch1_20260928005436312.wfm,00:54:36.312000,-1.11001,-0.001120000029914081,-2.720000000000543e-09,6.846399999999999e-06,-2.6261567811458355e-09,-16.41359988215845
SaveOnEvent_ch1_20260928005436512.wfm,00:54:36.512000,-1.1110100000000003,-0.001120000029914081,-5.9200000000007836e-09,4.000000000000131e-08,-7.358271826826973e-10,-4.599119891761802
SaveOnEvent_ch1_20260928005436712.wfm,00:54:36.712000,-1.1120100000000002,-0.0012000000569969416,-5.439999999999392e-09,4.735999999999949e-08,-3.408947120909579e-09,-21.306159505678806
SaveOnEvent_ch1_20260928005436912.wfm,00:54:36.912000,-1.11301,-0.0012799999676644802,-5.759999999999755e-09,5.501119999999999e-06,-5.5654911206616084e-09,-34.78455950412899
SaveOnEvent_ch1_20260928005437112.wfm,00:54:37.112000,-1.1140100000000004,-0.0007999999797903001,-6.559999999999815e-09,9.32192e-06,6.3234558330383e-10,3.951999895652989
SaveOnEvent_ch1_20260928005437312.wfm,00:54:37.312000,-1.1150099999999998,-0.0012799999676644802,-8.159999999999935e-09,5.391999999999931e-08,-3.3474495213874623e-09,-20.921759508666582
SaveOnEvent_ch1_20260928005437512.wfm,00:54:37.512000,-1.1160100000000002,-0.0012000000569969416,-3.6799999999999377e-09,9.621439999999998e-06,-4.0909439980284986e-10,-2.5573599987546913
SaveOnEvent_ch1_20260928005437711.wfm,00:54:37.711000,-1.1170049999999998,-0.001120000029914081,-7.0399999999995125e-09,8.99168e-06,-2.7200767896696885e-09,-17.000719935429515
SaveOnEvent_ch1_20260928005437912.wfm,00:54:37.912000,-1.11801,-0.0012000000569969416,-6.239999999999452e-09,9.53136e-06,-1.6967999817687064e-09,-10.605279886047356
SaveOnEvent_ch1_20260928005438112.wfm,00:54:38.112000,-1.1190100000000003,-0.0012799999676644802,-4.0000000000003005e-09,5.687999999999999e-06,-3.6670271560805842e-09,-22.919119725498604
SaveOnEvent_ch1_20260928005438312.wfm,00:54:38.312000,-1.1200099999999997,-0.0012000000569969416,-3.2000000000002404e-09,9.624959999999997e-06,-2.8029567597853008e-09,-17.518879748648033
SaveOnEvent_ch1_20260928005438512.wfm,00:54:38.512000,-1.12101,-0.0010400000028312206,-8.959999999999996e-09,6.415999999999906e-08,-1.8048575556999984e-09,-11.28055972311995
SaveOnEvent_ch1_20260928005438712.wfm,00:54:38.712000,-1.1220100000000004,-0.0012000000569969416,2.8799999999998776e-09,4.9590400000000006e-06,-3.4277311240299596e-09,-21.42359952518018
SaveOnEvent_ch1_20260928005438912.wfm,00:54:38.912000,-1.1230099999999998,-0.0010400000028312206,-6.71999999999915e-09,8.675359999999997e-06,-1.4880319884209919e-09,-9.300319927628152
SaveOnEvent_ch1_20260928005439112.wfm,00:54:39.112000,-1.1240100000000002,-0.0012000000569969416,-7.0399999999995125e-09,5.135999999999979e-08,-2.946124727982096e-09,-18.41343954988406
SaveOnEvent_ch1_20260928005439312.wfm,00:54:39.312000,-1.1250099999999996,-0.0012000000569969416,-8.159999999999935e-09,9.579039999999999e-06,-2.5234367501712437e-09,-15.7716796885652
SaveOnEvent_ch1_20260928005439512.wfm,00:54:39.512000,-1.12601,-0.0010400000028312206,0.0,9.623519999999998e-06,-2.004927977174499e-10,-1.2533599857415538
SaveOnEvent_ch1_20260928005439712.wfm,00:54:39.712000,-1.1270100000000003,-0.0009599999757483602,-6.400000000000481e-09,5.023999999999937e-08,-5.783935861568907e-10,-3.6150399134785403
SaveOnEvent_ch1_20260928005439912.wfm,00:54:39.912000,-1.1280099999999997,-0.0009599999757483602,-9.600000000000721e-09,4.943999999999931e-08,-4.6026238898746514e-10,-2.876719931169646
SaveOnEvent_ch1_20260928005440111.wfm,00:54:40.111000,-1.1290050000000003,-0.0009599999757483602,-6.559999999999815e-09,5.743999999999991e-08,-3.5139839217066504e-10,-2.196319951064652
SaveOnEvent_ch1_20260928005440312.wfm,00:54:40.312000,-1.13001,-0.001120000029914081,-2.4000000000001803e-09,6.381600000000002e-06,-2.4587007625261325e-09,-15.367039765784284
SaveOnEvent_ch1_20260928005440512.wfm,00:54:40.512000,-1.1310099999999998,-0.0009599999757483602,-9.91999999999939e-09,5.743999999999991e-08,-1.6977791579766177e-09,-10.611279737349832
SaveOnEvent_ch1_20260928005440712.wfm,00:54:40.712000,-1.1320100000000002,-0.0008800000068731606,-1.2639999999999933e-08,7.153919999999999e-06,-4.237292749437036e-09,-26.483279683976434
SaveOnEvent_ch1_20260928005440912.wfm,00:54:40.912000,-1.13301,-0.0010400000028312206,-4.639999999999332e-09,9.624159999999997e-06,-9.637632021750307e-10,-6.02384001360042
SaveOnEvent_ch1_20260928005441112.wfm,00:54:41.112000,-1.13401,-0.0014400000218302011,-3.2000000000002404e-09,8.628639999999998e-06,-4.792883175592868e-09,-29.95575984744937
SaveOnEvent_ch1_20260928005441312.wfm,00:54:41.312000,-1.1350099999999999,-0.001120000029914081,-1.4400000000007858e-09,9.2176e-06,-2.1822143755503896e-09,-13.639119847182883
SaveOnEvent_ch1_20260928005441512.wfm,00:54:41.512000,-1.1360100000000002,-0.001120000029914081,-8.000000000000601e-10,9.618719999999998e-06,-2.3469439711514816e-09,-14.668719819688704
SaveOnEvent_ch1_20260928005441711.wfm,00:54:41.711000,-1.1370049999999998,-0.0012000000569969416,-6.880000000000178e-09,9.540159999999998e-06,-3.6334463589102963e-09,-22.70935974319582
SaveOnEvent_ch1_20260928005441912.wfm,00:54:41.912000,-1.13801,-0.0009599999757483602,-8.480000000000298e-09,6.63999999999999e-08,-8.527103793621067e-10,-5.3295198710111436
SaveOnEvent_ch1_20260928005442112.wfm,00:54:42.112000,-1.1390100000000003,-0.0012799999676644802,-7.359999999999875e-09,9.605119999999999e-06,-6.05388788832351e-10,-3.7840799301920924
SaveOnEvent_ch1_20260928005442312.wfm,00:54:42.312000,-1.1400099999999997,-0.0012000000569969416,-1.7599999999994546e-09,4.911999999999895e-08,-8.458111807191722e-10,-5.286479879490798
SaveOnEvent_ch1_20260928005442512.wfm,00:54:42.512000,-1.14101,-0.001120000029914081,-6.559999999999815e-09,9.616479999999999e-06,-1.6472831976017911e-09,-10.295839985017665
SaveOnEvent_ch1_20260928005442712.wfm,00:54:42.712000,-1.1420100000000004,-0.001120000029914081,-2.4000000000001803e-09,9.622879999999998e-06,-2.8471103914245014e-09,-17.79471994639607
SaveOnEvent_ch1_20260928005442911.wfm,00:54:42.911000,-1.143005,-0.0012799999676644802,-2.8799999999998776e-09,9.11712e-06,-3.627692767304834e-09,-22.67327979565016
SaveOnEvent_ch1_20260928005443112.wfm,00:54:43.112000,-1.1440100000000002,-0.0010400000028312206,-8.639999999999633e-09,7.594240000000002e-06,-2.1170431858906526e-09,-13.231599911814556
SaveOnEvent_ch1_20260928005443312.wfm,00:54:43.312000,-1.1450099999999996,-0.001120000029914081,-7.680000000000238e-09,5.0880000000000096e-08,-7.008255843119682e-10,-4.380319901945768
SaveOnEvent_ch1_20260928005443512.wfm,00:54:43.512000,-1.14601,-0.001120000029914081,-6.080000000000118e-09,4.4479999999999615e-08,-1.3840959664736913e-09,-8.650719790457515
SaveOnEvent_ch1_20260928005443712.wfm,00:54:43.712000,-1.1470100000000003,-0.0012000000569969416,-4.479999999999998e-09,4.943999999999931e-08,-1.4113151661679148e-09,-8.820799788547447
SaveOnEvent_ch1_20260928005443912.wfm,00:54:43.912000,-1.1480099999999998,-0.001120000029914081,-6.559999999999815e-09,9.622559999999999e-06,-2.6251711801718917e-09,-16.407679876079783
SaveOnEvent_ch1_20260928005444112.wfm,00:54:44.112000,-1.14901,-0.0010400000028312206,-5.600000000000421e-09,5.055999999999973e-08,-4.3100159001536344e-10,-2.6939199375919998
SaveOnEvent_ch1_20260928005444312.wfm,00:54:44.312000,-1.15001,-0.0012799999676644802,-4.959999999999695e-09,9.515679999999998e-06,-3.489484778684564e-09,-21.80959986677044
SaveOnEvent_ch1_20260928005444512.wfm,00:54:44.512000,-1.1510099999999999,-0.0012000000569969416,3.6643199999999995e-06,6.5545600000000005e-06,-4.621062355774919e-09,-28.88175972359022
SaveOnEvent_ch1_20260928005444712.wfm,00:54:44.712000,-1.1520100000000002,-0.0012000000569969416,-7.839999999999573e-09,6.171519999999998e-06,-2.7565631718537764e-09,-17.228639824083075
SaveOnEvent_ch1_20260928005444912.wfm,00:54:44.912000,-1.15301,-0.0012000000569969416,-6.880000000000178e-09,9.626399999999998e-06,-1.8406591761810668e-09,-11.504639851133106
SaveOnEvent_ch1_20260928005445112.wfm,00:54:45.112000,-1.15401,-0.001120000029914081,-4.800000000000361e-09,8.327680000000002e-06,-2.972921570802571e-09,-18.58087981751305
SaveOnEvent_ch1_20260928005445312.wfm,00:54:45.312000,-1.1550099999999999,-0.0012799999676644802,7.456319999999998e-06,8.99376e-06,-4.8377279684226955e-09,-30.23607980264933
SaveOnEvent_ch1_20260928005445511.wfm,00:54:45.511000,-1.1560050000000004,-0.0010400000028312206,-4.159999999999635e-09,6.784000000000069e-08,-3.0617279238183974e-09,-19.136079523857916
SaveOnEvent_ch1_20260928005445711.wfm,00:54:45.711000,-1.1570049999999998,-0.0012000000569969416,-5.280000000000058e-09,9.62272e-06,-2.670233583066146e-09,-16.689279894169886
SaveOnEvent_ch1_20260928005445912.wfm,00:54:45.912000,-1.15801,-0.0010400000028312206,-8.000000000000601e-09,4.560000000000004e-08,-1.4035263653635027e-09,-8.772239783516852
SaveOnEvent_ch1_20260928005446111.wfm,00:54:46.111000,-1.1590050000000005,-0.0012799999676644802,1.599999999993344e-10,9.626239999999997e-06,-3.7094911508751076e-09,-23.184719692973886
SaveOnEvent_ch1_20260928005446312.wfm,00:54:46.312000,-1.1600099999999998,-0.0010400000028312206,-1.120000000000423e-09,4.208000000000113e-08,8.518911778228355e-10,5.324239861394744
SaveOnEvent_ch1_20260928005446511.wfm,00:54:46.511000,-1.1610050000000003,-0.0009599999757483602,-4.639999999999332e-09,5.312000000000094e-08,-3.6709119156002717e-10,-2.2944799472461455
SaveOnEvent_ch1_20260928005446711.wfm,00:54:46.711000,-1.1620049999999997,-0.001120000029914081,-8.000000000000601e-09,9.170079999999999e-06,-2.8203327717003364e-09,-17.62727982312208
SaveOnEvent_ch1_20260928005446911.wfm,00:54:46.911000,-1.163005,-0.0012000000569969416,-2.8799999999998776e-09,4.543999999999901e-08,-1.9476479673758223e-10,-1.2174399796058424
SaveOnEvent_ch1_20260928005447112.wfm,00:54:47.112000,-1.1640100000000002,-0.0012000000569969416,-3.2000000000002404e-09,9.199839999999997e-06,-3.0409407621738502e-09,-19.00607976358151
SaveOnEvent_ch1_20260928005447311.wfm,00:54:47.311000,-1.1650049999999998,-0.0009599999757483602,-8.480000000000298e-09,4.9599999999998644e-08,3.0201598403508255e-11,0.18871999002294615
SaveOnEvent_ch1_20260928005447511.wfm,00:54:47.511000,-1.1660050000000002,-0.0012000000569969416,-4.639999999999332e-09,9.628959999999998e-06,-1.0894399971049296e-09,-6.809439981909236
SaveOnEvent_ch1_20260928005447711.wfm,00:54:47.711000,-1.1670049999999996,-0.0010400000028312206,-6.080000000000118e-09,9.627199999999998e-06,-1.864991974825969e-09,-11.656559842667775
SaveOnEvent_ch1_20260928005447911.wfm,00:54:47.911000,-1.168005,-0.001120000029914081,-2.720000000000543e-09,9.597279999999997e-06,-1.0517311800271244e-09,-6.573679875175003
SaveOnEvent_ch1_20260928005448111.wfm,00:54:48.111000,-1.1690050000000003,-0.001120000029914081,-2.8799999999998776e-09,4.272000000000016e-08,2.7779199188808044e-10,1.7362399492994882
SaveOnEvent_ch1_20260928005448311.wfm,00:54:48.311000,-1.1700049999999997,-0.0010400000028312206,-3.039999999999212e-09,6.975999999999948e-08,-1.141887983540077e-10,-0.7137599897105247
SaveOnEvent_ch1_20260928005448511.wfm,00:54:48.511000,-1.171005,-0.0010400000028312206,-5.600000000000421e-09,9.192959999999999e-06,-1.3940351659012945e-09,-8.712959786877036
SaveOnEvent_ch1_20260928005448711.wfm,00:54:48.711000,-1.172005,-0.0010400000028312206,-7.200000000000541e-09,9.082079999999998e-06,-1.963955177809111e-09,-12.274879861302907
SaveOnEvent_ch1_20260928005448911.wfm,00:54:48.911000,-1.1730049999999999,-0.0009599999757483602,-1.1199999999999147e-08,8.81088e-06,-1.0120832004584356e-09,-6.32576000285917
SaveOnEvent_ch1_20260928005449111.wfm,00:54:49.111000,-1.1740050000000002,-0.0012799999676644802,-9.599999999993945e-10,4.095999999999901e-08,-1.8681600994893886e-11,-0.11680000621709041
SaveOnEvent_ch1_20260928005449311.wfm,00:54:49.311000,-1.175005,-0.0012799999676644802,-5.439999999999392e-09,6.8892800000000006e-06,-4.029017569394782e-09,-25.181599808711326
SaveOnEvent_ch1_20260928005449511.wfm,00:54:49.511000,-1.176005,-0.0010400000028312206,-8.31999999999927e-09,8.05344e-06,-3.188627150773533e-09,-19.92903969233157
SaveOnEvent_ch1_20260928005449711.wfm,00:54:49.711000,-1.1770049999999999,-0.001120000029914081,-7.200000000000541e-09,4.512000000000034e-08,-3.0822399374563164e-10,-1.926559960906161
SaveOnEvent_ch1_20260928005449912.wfm,00:54:49.912000,-1.17801,-0.0012000000569969416,-6.880000000000178e-09,5.958720000000001e-06,-2.865657543104608e-09,-17.910479644400766
SaveOnEvent_ch1_20260928005450112.wfm,00:54:50.112000,-1.1790100000000003,-0.0012000000569969416,-3.839999999999272e-09,5.4880000000000396e-08,-2.955967927617017e-09,-18.47495954760234
SaveOnEvent_ch1_20260928005450312.wfm,00:54:50.312000,-1.1800099999999998,-0.0010400000028312206,-3.2000000000002404e-09,9.621439999999998e-06,-1.1520319801126607e-09,-7.200479875697056
SaveOnEvent_ch1_20260928005450512.wfm,00:54:50.512000,-1.1810100000000001,-0.001120000029914081,-1.920000000000483e-09,4.031999999999998e-08,-5.965823860466486e-10,-3.728799912787508
SaveOnEvent_ch1_20260928005450711.wfm,00:54:50.711000,-1.1820049999999998,-0.0012000000569969416,-3.5200000000006033e-09,8.287520000000001e-06,-1.230195195567794e-09,-7.6888799722946715
SaveOnEvent_ch1_20260928005450912.wfm,00:54:50.912000,-1.18301,-0.001120000029914081,-6.559999999999815e-09,9.62256e-06,-9.590335875749575e-10,-5.994239922350971
SaveOnEvent_ch1_20260928005451112.wfm,00:54:51.112000,-1.1840100000000002,-0.0010400000028312206,-7.200000000000541e-09,8.57168e-06,-2.3004479686100993e-09,-14.377919803810073
SaveOnEvent_ch1_20260928005451311.wfm,00:54:51.311000,-1.1850049999999999,-0.0012799999676644802,-3.039999999999212e-09,5.743999999999991e-08,-3.4360127418790903e-09,-21.475279636739288
SaveOnEvent_ch1_20260928005451511.wfm,00:54:51.511000,-1.1860050000000002,-0.0010400000028312206,-8.800000000000661e-09,8.67312e-06,-4.035782366397324e-09,-25.22383978997823
SaveOnEvent_ch1_20260928005451712.wfm,00:54:51.712000,-1.1870100000000003,-0.0010400000028312206,-4.639999999999332e-09,4.912000000000064e-08,-6.6944005480052545e-12,-0.04176000342704356
SaveOnEvent_ch1_20260928005451912.wfm,00:54:51.912000,-1.1880099999999998,-0.0007999999797903001,-5.9200000000007836e-09,9.40176e-06,-1.1472895725443968e-09,-7.170719828398433
SaveOnEvent_ch1_20260928005452112.wfm,00:54:52.112000,-1.1890100000000001,-0.0012000000569969416,-7.200000000000541e-09,5.743999999999991e-08,-1.1488191725336941e-09,-7.180319828330539
SaveOnEvent_ch1_20260928005452312.wfm,00:54:52.312000,-1.19001,-0.0009599999757483602,-3.5200000000006033e-09,9.224799999999998e-06,-1.3931199653376845e-09,-8.707279783353442
SaveOnEvent_ch1_20260928005452512.wfm,00:54:52.512000,-1.19101,-0.0010400000028312206,-8.159999999999935e-09,8.69792e-06,-1.2220031704474242e-09,-7.637759815290337
SaveOnEvent_ch1_20260928005452711.wfm,00:54:52.711000,-1.192005,-0.0010400000028312206,-5.9200000000007836e-09,9.626079999999998e-06,-1.3347903864248654e-09,-8.342879915144295
SaveOnEvent_ch1_20260928005452912.wfm,00:54:52.912000,-1.1930100000000001,-0.001120000029914081,-1.120000000000423e-09,9.477119999999999e-06,-2.510118365613746e-09,-15.688559785077814
SaveOnEvent_ch1_20260928005453111.wfm,00:54:53.111000,-1.1940050000000002,-0.0012799999676644802,-2.8799999999998776e-09,3.984000000000028e-08,-2.749523133363108e-09,-17.1846395835164
SaveOnEvent_ch1_20260928005453311.wfm,00:54:53.311000,-1.195005,-0.0010400000028312206,-7.359999999999875e-09,5.8400000000001e-08,-1.5700863613933297e-09,-9.813279758702265
SaveOnEvent_ch1_20260928005453511.wfm,00:54:53.511000,-1.196005,-0.0009599999757483602,-6.71999999999915e-09,5.503999999999973e-08,-5.372415872849518e-10,-3.3578399205289315
SaveOnEvent_ch1_20260928005453711.wfm,00:54:53.711000,-1.1970049999999999,-0.0008800000068731606,-6.080000000000118e-09,5.1999999999998825e-08,-8.126911802752879e-10,-5.079439876717515
SaveOnEvent_ch1_20260928005453911.wfm,00:54:53.911000,-1.1980050000000002,-0.0008800000068731606,-8.000000000000601e-09,4.575999999999937e-08,3.443967905547463e-10,2.1524799409671687
SaveOnEvent_ch1_20260928005454111.wfm,00:54:54.111000,-1.199005,-0.001120000029914081,-4.800000000000361e-09,6.687199999999999e-06,-2.768607942762318e-09,-17.30399964225944
SaveOnEvent_ch1_20260928005454311.wfm,00:54:54.311000,-1.200005,-0.0012799999676644802,-5.1200000000007235e-09,5.0240000000001064e-08,-3.065945529900492e-09,-19.16231956187403
SaveOnEvent_ch1_20260928005454511.wfm,00:54:54.511000,-1.2010050000000003,-0.0012000000569969416,-2.5599999999995147e-09,7.93264e-06,-3.6973631562269304e-09,-23.108639726415277
SaveOnEvent_ch1_20260928005454711.wfm,00:54:54.711000,-1.2020049999999998,-0.0012799999676644802,-5.600000000000421e-09,5.369760000000001e-06,-2.6957311833929237e-09,-16.848479896201752
SaveOnEvent_ch1_20260928005454912.wfm,00:54:54.912000,-1.20301,-0.0008800000068731606,-1.0239999999999753e-08,5.9360000000000394e-08,-9.505727768992059e-10,-5.941279855614994
SaveOnEvent_ch1_20260928005455112.wfm,00:54:55.112000,-1.2040100000000002,-0.001120000029914081,-6.239999999999452e-09,4.512000000000034e-08,-1.8142591564683229e-09,-11.339359727920964
SaveOnEvent_ch1_20260928005455312.wfm,00:54:55.312000,-1.2050099999999997,-0.0010400000028312206,-7.0399999999995125e-09,5.215999999999985e-08,-2.2843455432751226e-09,-14.277359645464458
SaveOnEvent_ch1_20260928005455512.wfm,00:54:55.512000,-1.20601,-0.0012000000569969416,-5.280000000000058e-09,9.379679999999998e-06,-2.8350975701422424e-09,-17.719679813395487
SaveOnEvent_ch1_20260928005455712.wfm,00:54:55.712000,-1.2070100000000004,-0.001120000029914081,-2.239999999999152e-09,4.159999999999974e-08,-1.6448191594495424e-09,-10.280239746556617
SaveOnEvent_ch1_20260928005455912.wfm,00:54:55.912000,-1.2080099999999998,-0.0010400000028312206,-5.439999999999392e-09,5.8879999999999e-08,-1.7343295572255744e-09,-10.839679732656805
SaveOnEvent_ch1_20260928005456112.wfm,00:54:56.112000,-1.2090100000000001,-0.001120000029914081,-3.5200000000006033e-09,8.607359999999999e-06,-3.5219903154228816e-09,-22.012719471385935
SaveOnEvent_ch1_20260928005456312.wfm,00:54:56.312000,-1.21001,-0.001120000029914081,-3.2000000000002404e-09,4.895999999999961e-08,-3.0878591239079816e-09,-19.299279524420854
SaveOnEvent_ch1_20260928005456512.wfm,00:54:56.512000,-1.21101,-0.0012000000569969416,-3.2000000000002404e-09,3.8560000000000525e-08,-2.741516734473407e-09,-17.134639590454753
SaveOnEvent_ch1_20260928005456712.wfm,00:54:56.712000,-1.2120100000000003,-0.001120000029914081,-1.4400000000007858e-09,4.1760000000000766e-08,-9.655679765343669e-10,-6.034799853339791
SaveOnEvent_ch1_20260928005456912.wfm,00:54:56.912000,-1.2130100000000001,-0.001120000029914081,-2.239999999999152e-09,3.871999999999986e-08,-2.155225551202893e-09,-13.470319695014041
SaveOnEvent_ch1_20260928005457112.wfm,00:54:57.112000,-1.21401,-0.0009599999757483602,-5.759999999999755e-09,3.6960000000000405e-08,-7.452415816718721e-10,-4.657919885445153
SaveOnEvent_ch1_20260928005457312.wfm,00:54:57.312000,-1.21501,-0.0010400000028312206,-6.880000000000178e-09,6.176000000000057e-08,-2.2924095429875873e-09,-14.327759643667378
SaveOnEvent_ch1_20260928005457512.wfm,00:54:57.512000,-1.2160100000000003,-0.0012799999676644802,-3.359999999999575e-09,9.511199999999998e-06,-1.5897919725556864e-09,-9.936479828465963
SaveOnEvent_ch1_20260928005457712.wfm,00:54:57.712000,-1.2170100000000001,-0.001120000029914081,-8.480000000000298e-09,9.63616e-06,-1.638777590156532e-09,-10.242639938485809
SaveOnEvent_ch1_20260928005457912.wfm,00:54:57.912000,-1.21801,-0.0009599999757483602,-3.839999999999272e-09,9.632319999999997e-06,-2.8278143869922488e-09,-17.67407991871005
SaveOnEvent_ch1_20260928005458112.wfm,00:54:58.112000,-1.2190100000000004,-0.0010400000028312206,-7.0399999999995125e-09,9.635199999999997e-06,-1.3410879724565898e-09,-8.382159827859141
SaveOnEvent_ch1_20260928005458312.wfm,00:54:58.312000,-1.2200099999999998,-0.0012000000569969416,-4.959999999999695e-09,5.280000000000058e-08,-2.583795140245928e-09,-16.148879626533017
SaveOnEvent_ch1_20260928005458512.wfm,00:54:58.512000,-1.2210100000000002,-0.0012000000569969416,-5.9200000000007836e-09,7.75568e-06,-2.0926655832887635e-09,-13.079279895551736
SaveOnEvent_ch1_20260928005458712.wfm,00:54:58.712000,-1.2220100000000005,-0.0010400000028312206,-4.159999999999635e-09,8.411999999999998e-06,-1.625235177555585e-09,-10.157919859717367
SaveOnEvent_ch1_20260928005458912.wfm,00:54:58.912000,-1.22301,-0.0009599999757483602,-1.0400000000000781e-08,6.064000000000015e-08,-1.1224895724956871e-09,-7.015679828095017
SaveOnEvent_ch1_20260928005459112.wfm,00:54:59.112000,-1.2240100000000003,-0.001120000029914081,-8.480000000000298e-09,5.232000000000088e-08,-3.1667199215292916e-09,-19.79215950955404
SaveOnEvent_ch1_20260928005459312.wfm,00:54:59.312000,-1.2250099999999997,-0.0010400000028312206,-7.200000000000541e-09,6.38032e-06,-2.9057791703753143e-09,-18.161199814843712
SaveOnEvent_ch1_20260928005459512.wfm,00:54:59.512000,-1.22601,-0.0014400000218302011,3.2000000000036285e-10,5.904960000000001e-06,-4.55456633510301e-09,-28.466159594390774
SaveOnEvent_ch1_20260928005459712.wfm,00:54:59.712000,-1.2270100000000004,-0.001120000029914081,-7.51999999999921e-09,9.625119999999998e-06,-2.129107165602033e-09,-13.30735978501616
SaveOnEvent_ch1_20260928005459912.wfm,00:54:59.912000,-1.2280099999999998,-0.0010400000028312206,-1.599999999993344e-10,8.17856e-06,-2.3041279436182215e-09,-14.400959647609852
SaveOnEvent_ch1_20260928005500112.wfm,00:55:00.112000,-1.2290100000000002,-0.0008800000068731606,-4.0000000000003005e-09,9.4568e-06,-1.6063999644480433e-10,-1.0041599777759984
SaveOnEvent_ch1_20260928005500312.wfm,00:55:00.312000,-1.23001,-0.0012000000569969416,-5.9200000000007836e-09,8.260479999999999e-06,-3.07968636162812e-09,-19.24823976017069
SaveOnEvent_ch1_20260928005500512.wfm,00:55:00.512000,-1.23101,-0.001120000029914081,-8.480000000000298e-09,8.198879999999999e-06,-2.612070339871567e-09,-16.325599624193273
SaveOnEvent_ch1_20260928005500712.wfm,00:55:00.712000,-1.2320100000000003,-0.0010400000028312206,-7.51999999999921e-09,5.583999999999979e-08,-1.0479615745739991e-09,-6.549759841087507
SaveOnEvent_ch1_20260928005500912.wfm,00:55:00.912000,-1.2330100000000002,-0.0009599999757483602,-7.0399999999995125e-09,9.040639999999997e-06,-2.4361215681442954e-09,-15.225839800899848
SaveOnEvent_ch1_20260928005501112.wfm,00:55:01.112000,-1.23401,-0.0012000000569969416,4.799999999996972e-10,4.655999999999943e-08,-1.6206975619262053e-09,-10.129679762030719
SaveOnEvent_ch1_20260928005501312.wfm,00:55:01.312000,-1.23501,-0.0010400000028312206,-4.320000000000663e-09,5.120000000000046e-08,-1.6260415597935206e-09,-10.162879748706473
SaveOnEvent_ch1_20260928005501512.wfm,00:55:01.512000,-1.2360100000000003,-0.0009599999757483602,-1.0239999999999753e-08,5.5680000000000456e-08,-1.850163153908212e-09,-11.563519711926347
SaveOnEvent_ch1_20260928005501712.wfm,00:55:01.712000,-1.2370100000000002,-0.0012000000569969416,-3.6799999999999377e-09,9.23744e-06,-7.32563190434592e-10,-4.578799940209137
SaveOnEvent_ch1_20260928005501912.wfm,00:55:01.912000,-1.23801,-0.0010400000028312206,-3.839999999999272e-09,9.40512e-06,-1.2928063853620558e-09,-8.080159908509813
SaveOnEvent_ch1_20260928005502112.wfm,00:55:02.112000,-1.2390100000000004,-0.001120000029914081,-4.800000000000361e-09,9.619839999999998e-06,-1.3384127872926167e-09,-8.36543992056977
SaveOnEvent_ch1_20260928005502311.wfm,00:55:02.311000,-1.240005,-0.0012000000569969416,8.000000000000601e-10,4.2560000000000826e-08,1.0218943727877925e-09,6.386799829924712
SaveOnEvent_ch1_20260928005502512.wfm,00:55:02.512000,-1.2410100000000002,-0.001120000029914081,-3.5200000000006033e-09,4.319999999999986e-08,-2.2427583446330364e-09,-14.017359653953463
SaveOnEvent_ch1_20260928005502712.wfm,00:55:02.712000,-1.2420100000000005,-0.0012000000569969416,-1.6000000000001202e-09,5.711999999999955e-08,-2.7591487348568607e-09,-17.24487959285034
SaveOnEvent_ch1_20260928005502912.wfm,00:55:02.912000,-1.24301,-0.0008800000068731606,-4.159999999999635e-09,9.601119999999998e-06,-1.0483583742892355e-09,-6.552479839301668
SaveOnEvent_ch1_20260928005503112.wfm,00:55:03.112000,-1.2440100000000003,-0.0009599999757483602,-6.559999999999815e-09,9.623839999999999e-06,-2.4602431647060433e-09,-15.37703977941419
SaveOnEvent_ch1_20260928005503312.wfm,00:55:03.312000,-1.2450099999999997,-0.0010400000028312206,-4.0000000000003005e-09,4.800000000000022e-08,-1.5071807627077214e-09,-9.420079766918207
SaveOnEvent_ch1_20260928005503512.wfm,00:55:03.512000,-1.24601,-0.0010400000028312206,-1.2799999999997574e-09,9.637919999999998e-06,-2.3956671560904963e-09,-14.973279725556495
SaveOnEvent_ch1_20260928005503712.wfm,00:55:03.712000,-1.2470100000000004,-0.001120000029914081,-7.51999999999921e-09,9.628639999999997e-06,-1.8920895817526593e-09,-11.82591988594504
SaveOnEvent_ch1_20260928005503912.wfm,00:55:03.912000,-1.2480099999999998,-0.0012000000569969416,-4.320000000000663e-09,9.0448e-06,-2.0305215798574496e-09,-12.69095987410401
SaveOnEvent_ch1_20260928005504112.wfm,00:55:04.112000,-1.2490100000000002,-0.0010400000028312206,-6.239999999999452e-09,5.423999999999967e-08,-1.0570943741337356e-09,-6.60703983833082
SaveOnEvent_ch1_20260928005504312.wfm,00:55:04.312000,-1.2500099999999996,-0.001120000029914081,-1.071999999999945e-08,4.64000000000001e-08,-1.982227151405535e-09,-12.389039696281543
SaveOnEvent_ch1_20260928005504512.wfm,00:55:04.512000,-1.25101,-0.0009599999757483602,-7.359999999999875e-09,5.0080000000000036e-08,6.324607833800844e-10,3.9527198961295653
SaveOnEvent_ch1_20260928005504712.wfm,00:55:04.712000,-1.2520100000000003,-0.001120000029914081,-8.31999999999927e-09,9.5792e-06,-1.80225917592179e-09,-11.264399849518668
SaveOnEvent_ch1_20260928005504912.wfm,00:55:04.912000,-1.2530099999999997,-0.0009599999757483602,-8.31999999999927e-09,9.628159999999998e-06,-1.901939198125619e-09,-11.88735998829361
SaveOnEvent_ch1_20260928005505112.wfm,00:55:05.112000,-1.25401,-0.0010400000028312206,-9.600000000000721e-09,4.832000000000058e-08,-6.851135835726745e-10,-4.281999897328205
SaveOnEvent_ch1_20260928005505312.wfm,00:55:05.312000,-1.25501,-0.0009599999757483602,-8.959999999999996e-09,9.628959999999998e-06,-1.8924802073510033e-10,-1.1830401296028867
SaveOnEvent_ch1_20260928005505512.wfm,00:55:05.512000,-1.2560099999999998,-0.0009599999757483602,-3.6799999999999377e-09,9.624319999999998e-06,-8.579327836027388e-10,-5.362399897509022
SaveOnEvent_ch1_20260928005505712.wfm,00:55:05.712000,-1.2570100000000002,-0.0009599999757483602,-5.9200000000007836e-09,3.951999999999992e-08,3.20479991298634e-10,2.0030399456154555
SaveOnEvent_ch1_20260928005505912.wfm,00:55:05.912000,-1.25801,-0.001120000029914081,-4.320000000000663e-09,5.0080000000000036e-08,-3.303833518736065e-09,-20.64919949209434
SaveOnEvent_ch1_20260928005506112.wfm,00:55:06.112000,-1.25901,-0.001120000029914081,-5.759999999999755e-09,6.6667200000000015e-06,-2.5240895625785914e-09,-15.775679766113171
SaveOnEvent_ch1_20260928005506312.wfm,00:55:06.312000,-1.2600099999999999,-0.0009599999757483602,-5.9200000000007836e-09,8.408800000000002e-06,-3.6544191539078022e-09,-22.84031971191871
SaveOnEvent_ch1_20260928005506512.wfm,00:55:06.512000,-1.2610100000000002,-0.0012000000569969416,-2.4000000000001803e-09,5.4880000000000396e-08,-2.2459007452381773e-09,-14.03687965773861
SaveOnEvent_ch1_20260928005506712.wfm,00:55:06.712000,-1.26201,-0.0008800000068731606,-1.4400000000007858e-09,7.167999999999996e-08,-1.529267162051982e-09,-9.558079762820853
SaveOnEvent_ch1_20260928005506912.wfm,00:55:06.912000,-1.26301,-0.001120000029914081,-6.880000000000178e-09,4.14400000000004e-08,-9.841471764794538e-10,-6.150879852997605
SaveOnEvent_ch1_20260928005507112.wfm,00:55:07.112000,-1.2640100000000003,-0.0012000000569969416,-5.9200000000007836e-09,5.023999999999937e-08,-2.2705343458545386e-09,-14.191039661585819
SaveOnEvent_ch1_20260928005507312.wfm,00:55:07.312000,-1.2650099999999997,-0.001120000029914081,-7.839999999999573e-09,5.6160000000000153e-08,-3.6475007134862215e-09,-22.79711945928284
SaveOnEvent_ch1_20260928005507512.wfm,00:55:07.512000,-1.26601,-0.001120000029914081,-4.479999999999998e-09,4.6879999999999795e-08,-1.0402367747365487e-09,-6.501679842098383
SaveOnEvent_ch1_20260928005507712.wfm,00:55:07.712000,-1.2670100000000004,-0.0009599999757483602,-2.720000000000543e-09,6.399999999999973e-08,-6.29766384961553e-10,-3.936159906006651
SaveOnEvent_ch1_20260928005507912.wfm,00:55:07.912000,-1.2680099999999999,-0.0013599999947473407,-4.479999999999998e-09,4.59200000000004e-08,-2.124959947930182e-09,-13.281119674560614
SaveOnEvent_ch1_20260928005508112.wfm,00:55:08.112000,-1.2690100000000002,-0.001120000029914081,-1.0560000000000116e-08,9.629599999999998e-06,-2.389382364568302e-09,-14.933999778557336
SaveOnEvent_ch1_20260928005508312.wfm,00:55:08.312000,-1.2700099999999996,-0.0012799999676644802,-4.639999999999332e-09,4.57968e-06,-4.218867144985125e-09,-26.368079656152986
SaveOnEvent_ch1_20260928005508512.wfm,00:55:08.512000,-1.27101,-0.0009599999757483602,-1.0080000000000418e-08,5.023999999999937e-08,3.0058239179663444e-10,1.878559948730981
SaveOnEvent_ch1_20260928005508712.wfm,00:55:08.712000,-1.2720100000000003,-0.0012000000569969416,-2.720000000000543e-09,4.0479999999999314e-08,-9.423295777454073e-10,-5.889519860909786
SaveOnEvent_ch1_20260928005508912.wfm,00:55:08.912000,-1.2730099999999998,-0.0012799999676644802,-3.359999999999575e-09,9.455360000000002e-06,-3.1810943826730365e-09,-19.882079891714966
SaveOnEvent_ch1_20260928005509112.wfm,00:55:09.112000,-1.27401,-0.0010400000028312206,-4.0000000000003005e-09,9.582879999999998e-06,-6.796223886660282e-10,-4.247839929157635
SaveOnEvent_ch1_20260928005509312.wfm,00:55:09.312000,-1.27501,-0.001120000029914081,-6.71999999999915e-09,9.627679999999998e-06,-2.0008703694585674e-09,-12.505839809105964
SaveOnEvent_ch1_20260928005509512.wfm,00:55:09.512000,-1.2760099999999999,-0.001120000029914081,-4.0000000000003005e-09,8.883199999999998e-06,-2.765555187510324e-09,-17.284959921933478
SaveOnEvent_ch1_20260928005509712.wfm,00:55:09.712000,-1.2770100000000002,-0.001120000029914081,-5.439999999999392e-09,4.655999999999943e-08,-1.433689565034585e-09,-8.960639781464124
SaveOnEvent_ch1_20260928005509912.wfm,00:55:09.912000,-1.27801,-0.001120000029914081,-5.9200000000007836e-09,5.327999999999858e-08,-1.9683519515139046e-09,-12.302479696954833
SaveOnEvent_ch1_20260928005510112.wfm,00:55:10.112000,-1.27901,-0.001120000029914081,-4.0000000000003005e-09,3.711999999999974e-08,-3.042431932780894e-10,-1.9015199579880573
SaveOnEvent_ch1_20260928005510312.wfm,00:55:10.312000,-1.2800099999999999,-0.0012000000569969416,-1.599999999993344e-10,5.1680000000000156e-08,-2.615244736485182e-09,-16.345439603028353
SaveOnEvent_ch1_20260928005510512.wfm,00:55:10.512000,-1.2810100000000002,-0.0010400000028312206,-5.280000000000058e-09,9.632799999999999e-06,-2.5166399841941862e-09,-15.729279901221162
SaveOnEvent_ch1_20260928005510712.wfm,00:55:10.712000,-1.28201,-0.0010400000028312206,-4.639999999999332e-09,6.672000000000027e-08,-4.126015907502715e-10,-2.5788799421861768
SaveOnEvent_ch1_20260928005510912.wfm,00:55:10.912000,-1.28301,-0.001120000029914081,-8.000000000000601e-09,9.606399999999998e-06,-2.3817023671534806e-09,-14.885919794702204
SaveOnEvent_ch1_20260928005511112.wfm,00:55:11.112000,-1.2840100000000003,-0.0012000000569969416,-2.5599999999995147e-09,5.04000000000004e-08,3.19347190312109e-10,1.9957599394547287
SaveOnEvent_ch1_20260928005511312.wfm,00:55:11.312000,-1.2850099999999998,-0.0012000000569969416,-5.600000000000421e-09,5.08799999999984e-08,-4.2341119151096824e-10,-2.6463999469415285
SaveOnEvent_ch1_20260928005511512.wfm,00:55:11.512000,-1.28601,-0.001120000029914081,-3.5200000000006033e-09,4.6560000000001126e-08,-7.363839827012278e-10,-4.602559891878627
SaveOnEvent_ch1_20260928005511712.wfm,00:55:11.712000,-1.2870100000000004,-0.001120000029914081,-6.080000000000118e-09,4.23999999999998e-08,1.1188479578122563e-10,0.699279973632656
SaveOnEvent_ch1_20260928005511912.wfm,00:55:11.912000,-1.2880099999999999,-0.0010400000028312206,-3.5200000000006033e-09,5.071999999999907e-08,-4.0563839051173696e-10,-2.5352799406973645
SaveOnEvent_ch1_20260928005512112.wfm,00:55:12.112000,-1.2890100000000002,-0.001120000029914081,-5.280000000000058e-09,9.625919999999998e-06,-1.733958377062806e-09,-10.83759985663346
SaveOnEvent_ch1_20260928005512312.wfm,00:55:12.312000,-1.2900099999999997,-0.0009599999757483602,-9.439999999999693e-09,4.800000000000022e-08,-2.500671943160686e-10,-1.5630399644724093
SaveOnEvent_ch1_20260928005512512.wfm,00:55:12.512000,-1.29101,-0.001120000029914081,-3.6799999999999377e-09,9.543840000000001e-06,-2.795033543733882e-09,-17.469279648328666
SaveOnEvent_ch1_20260928005512712.wfm,00:55:12.712000,-1.2920100000000003,-0.001120000029914081,-5.759999999999755e-09,4.464000000000064e-08,-1.1039359852904455e-10,-0.6899999908055179
SaveOnEvent_ch1_20260928005512912.wfm,00:55:12.912000,-1.2930099999999998,-0.0012799999676644802,-4.159999999999635e-09,4.752000000000052e-08,-3.2766655190498556e-09,-20.479359494056553
SaveOnEvent_ch1_20260928005513112.wfm,00:55:13.112000,-1.29401,-0.0010400000028312206,-9.91999999999939e-09,6.892800000000001e-06,-3.0818879618146453e-09,-19.261919761338504
SaveOnEvent_ch1_20260928005513312.wfm,00:55:13.312000,-1.29501,-0.0012000000569969416,6.928e-06,9.22e-06,-3.159590416322462e-09,-19.747680102009326
SaveOnEvent_ch1_20260928005513512.wfm,00:55:13.512000,-1.2960099999999999,-0.0008800000068731606,-9.91999999999939e-09,9.649279999999998e-06,3.946238993899902e-11,0.24639993711025454
SaveOnEvent_ch1_20260928005513712.wfm,00:55:13.712000,-1.2970100000000002,-0.001120000029914081,-2.5599999999995147e-09,9.31504e-06,-1.096678386030251e-09,-6.854559912695549
SaveOnEvent_ch1_20260928005513912.wfm,00:55:13.912000,-1.29801,-0.0010400000028312206,-5.439999999999392e-09,8.444479999999999e-06,-2.2446399916638605e-09,-14.029119947896106
SaveOnEvent_ch1_20260928005514112.wfm,00:55:14.112000,-1.29901,-0.0009599999757483602,-1.231999999999957e-08,5.823999999999997e-08,-6.935743831912977e-10,-4.334959894942585
SaveOnEvent_ch1_20260928005514312.wfm,00:55:14.312000,-1.3000099999999999,-0.001120000029914081,-9.91999999999939e-09,5.6960000000000214e-08,-6.912127839261693e-10,-4.32015989953652
SaveOnEvent_ch1_20260928005514512.wfm,00:55:14.512000,-1.3010100000000002,-0.0010400000028312206,-1.599999999993344e-10,5.04000000000004e-08,-6.267263848846783e-10,-3.9171199055272155
SaveOnEvent_ch1_20260928005514712.wfm,00:55:14.712000,-1.3020100000000001,-0.0012000000569969416,-1.920000000000483e-09,5.471999999999937e-08,-1.8131327561894395e-09,-11.332239726179978
SaveOnEvent_ch1_20260928005514912.wfm,00:55:14.912000,-1.30301,-0.0010400000028312206,-1.1039999999999813e-08,7.776000000000008e-08,-2.4733823389932497e-09,-15.4587196187058
SaveOnEvent_ch1_20260928005515112.wfm,00:55:15.112000,-1.3040100000000003,-0.0012000000569969416,-9.11999999999933e-09,5.4880000000000396e-08,-2.0214911510143407e-09,-12.634399693837622
SaveOnEvent_ch1_20260928005515312.wfm,00:55:15.312000,-1.3050099999999998,-0.0009599999757483602,-4.959999999999695e-09,3.631999999999968e-08,7.908543793926936e-10,4.942879871203331
SaveOnEvent_ch1_20260928005515512.wfm,00:55:15.512000,-1.3060100000000001,-0.001120000029914081,-6.080000000000118e-09,9.63008e-06,-1.8390143680595779e-09,-11.494159800378839
SaveOnEvent_ch1_20260928005515712.wfm,00:55:15.712000,-1.3070100000000004,-0.001120000029914081,-5.439999999999392e-09,6.064000000000015e-08,-2.37169914138969e-09,-14.823279633681523
SaveOnEvent_ch1_20260928005515912.wfm,00:55:15.912000,-1.30801,-0.0012000000569969416,-2.720000000000543e-09,4.4479999999999615e-08,-6.953983838297421e-10,-4.346239898935892
SaveOnEvent_ch1_20260928005516112.wfm,00:55:16.112000,-1.3090100000000002,-0.0012000000569969416,-1.7599999999994546e-09,6.34576e-06,-1.9791935605905017e-09,-12.370079753687605
SaveOnEvent_ch1_20260928005516312.wfm,00:55:16.312000,-1.3100099999999997,-0.0009599999757483602,-7.0399999999995125e-09,4.1919999999998406e-08,-3.5527039162115875e-10,-2.2203999476332683
SaveOnEvent_ch1_20260928005516512.wfm,00:55:16.512000,-1.31101,-0.0010400000028312206,-7.359999999999875e-09,9.126080000000001e-06,-1.5154239826113923e-09,-9.471599891316146
SaveOnEvent_ch1_20260928005516711.wfm,00:55:16.711000,-1.3120049999999996,-0.0012000000569969416,-2.0799999999998175e-09,5.0880000000000096e-08,-1.75506555735832e-09,-10.969359733484453
SaveOnEvent_ch1_20260928005516912.wfm,00:55:16.912000,-1.3130099999999998,-0.0009599999757483602,-9.760000000000056e-09,9.633279999999998e-06,-1.050655983758624e-09,-6.56695989848231
SaveOnEvent_ch1_20260928005517112.wfm,00:55:17.112000,-1.3140100000000001,-0.0012000000569969416,-8.159999999999935e-09,5.200000000000052e-08,-2.245631945263593e-09,-14.035439657891402
SaveOnEvent_ch1_20260928005517312.wfm,00:55:17.312000,-1.31501,-0.0012000000569969416,-5.439999999999392e-09,4.7679999999999855e-08,-1.078854374445509e-09,-6.74303984027938
SaveOnEvent_ch1_20260928005517512.wfm,00:55:17.512000,-1.31601,-0.0012000000569969416,-6.880000000000178e-09,5.6632e-06,-5.457369527653792e-09,-34.10871954783215
SaveOnEvent_ch1_20260928005517711.wfm,00:55:17.711000,-1.317005,-0.0012000000569969416,-3.359999999999575e-09,4.223999999999877e-08,1.4026175631233481e-09,8.766239769523963
SaveOnEvent_ch1_20260928005517912.wfm,00:55:17.912000,-1.3180100000000001,-0.001120000029914081,-6.080000000000118e-09,9.623999999999998e-06,-2.24597756355768e-09,-14.03791977223591
SaveOnEvent_ch1_20260928005518112.wfm,00:55:18.112000,-1.31901,-0.0010400000028312206,-6.239999999999452e-09,9.633919999999997e-06,-2.1195967680029568e-09,-13.24775980002596
SaveOnEvent_ch1_20260928005518312.wfm,00:55:18.312000,-1.32001,-0.0010400000028312206,-5.600000000000421e-09,5.3280000000000276e-08,-2.093055957509174e-10,-1.308159973443253
SaveOnEvent_ch1_20260928005518512.wfm,00:55:18.512000,-1.3210100000000002,-0.0012000000569969416,-3.039999999999212e-09,9.624319999999998e-06,-1.2591935912915484e-09,-7.8703199455630966
SaveOnEvent_ch1_20260928005518712.wfm,00:55:18.712000,-1.3220100000000001,-0.0010400000028312206,-1.120000000000423e-09,9.632479999999998e-06,-2.3220031689526503e-09,-14.51279980596155
SaveOnEvent_ch1_20260928005518912.wfm,00:55:18.912000,-1.32301,-0.001120000029914081,-2.5599999999995147e-09,4.384000000000058e-08,-2.282790345191025e-09,-14.267679657437839
SaveOnEvent_ch1_20260928005519112.wfm,00:55:19.112000,-1.3240100000000004,-0.0008800000068731606,-1.071999999999945e-08,9.634239999999998e-06,-2.580255968328566e-09,-16.126879802061012
SaveOnEvent_ch1_20260928005519311.wfm,00:55:19.311000,-1.325005,-0.0010400000028312206,3.2000000000036285e-10,4.415999999999925e-08,-1.5640191610949118e-09,-9.775279756839154
SaveOnEvent_ch1_20260928005519512.wfm,00:55:19.512000,-1.3260100000000001,-0.0010400000028312206,-4.320000000000663e-09,8.706399999999998e-06,-1.5648895908286793e-09,-9.780639942677226
SaveOnEvent_ch1_20260928005519712.wfm,00:55:19.712000,-1.3270100000000005,-0.0012000000569969416,-2.4000000000001803e-09,4.560000000000004e-08,-1.8718719684053029e-10,-1.1699199802533258
SaveOnEvent_ch1_20260928005519912.wfm,00:55:19.912000,-1.32801,-0.0012799999676644802,-2.5599999999995147e-09,8.78224e-06,-2.5230975743616e-09,-15.769599839753937
SaveOnEvent_ch1_20260928005520112.wfm,00:55:20.112000,-1.3290100000000002,-0.0008800000068731606,-7.200000000000541e-09,5.360000000000064e-08,-6.916671833838315e-10,-4.323039896145929
SaveOnEvent_ch1_20260928005520312.wfm,00:55:20.312000,-1.3300099999999997,-0.0012000000569969416,-5.280000000000058e-09,5.263999999999955e-08,-1.6779967599431953e-09,-10.487679749639938
SaveOnEvent_ch1_20260928005520512.wfm,00:55:20.512000,-1.33101,-0.001120000029914081,-2.5599999999995147e-09,9.38032e-06,-2.826604750927068e-09,-17.666479693289148
SaveOnEvent_ch1_20260928005520712.wfm,00:55:20.712000,-1.3320100000000004,-0.0009599999757483602,-8.959999999999996e-09,4.960000000000034e-08,-9.225535773835151e-10,-5.765919858647976
SaveOnEvent_ch1_20260928005520912.wfm,00:55:20.912000,-1.3330099999999998,-0.001120000029914081,1.599999999993344e-10,3.824000000000016e-08,5.819519774755295e-11,0.3636799859232269
SaveOnEvent_ch1_20260928005521112.wfm,00:55:21.112000,-1.3340100000000001,-0.001120000029914081,-4.639999999999332e-09,9.624639999999997e-06,-1.7041471612080929e-09,-10.65119975755806
SaveOnEvent_ch1_20260928005521311.wfm,00:55:21.311000,-1.3350049999999998,-0.0010400000028312206,-9.11999999999933e-09,5.343999999999961e-08,-1.41550076521933e-09,-8.846959782618796
SaveOnEvent_ch1_20260928005521512.wfm,00:55:21.512000,-1.33601,-0.0009599999757483602,-2.4000000000001803e-09,5.072000000000076e-08,-2.426572739644906e-09,-15.166319622774608
SaveOnEvent_ch1_20260928005521712.wfm,00:55:21.712000,-1.3370100000000003,-0.0008800000068731606,-5.759999999999755e-09,5.375999999999997e-08,-1.6783999654697363e-10,-1.0489599784195889
SaveOnEvent_ch1_20260928005521912.wfm,00:55:21.912000,-1.3380100000000001,-0.001120000029914081,-3.039999999999212e-09,4.19200000000001e-08,-2.1817855473840574e-09,-13.636399671144318
SaveOnEvent_ch1_20260928005522112.wfm,00:55:22.112000,-1.33901,-0.0010400000028312206,-4.0000000000003005e-09,5.1680000000000156e-08,-1.4738431634055445e-09,-9.211679771280615
SaveOnEvent_ch1_20260928005522312.wfm,00:55:22.312000,-1.34001,-0.0014400000218302011,-6.559999999999815e-09,4.112000000000004e-08,-3.2301951632276164e-09,-20.188959770166548
SaveOnEvent_ch1_20260928005522512.wfm,00:55:22.512000,-1.3410100000000003,-0.001120000029914081,-6.400000000007257e-10,5.0080000000000036e-08,-1.090188773688859e-09,-6.8138398355513345
SaveOnEvent_ch1_20260928005522712.wfm,00:55:22.712000,-1.3420100000000001,-0.0010400000028312206,-5.280000000000058e-09,9.60768e-06,-1.2952639850205724e-09,-8.095599906373536
SaveOnEvent_ch1_20260928005522912.wfm,00:55:22.912000,-1.34301,-0.0012000000569969416,-4.959999999999695e-09,5.807999999999894e-08,-1.7418239583028478e-09,-10.886639739386737
SaveOnEvent_ch1_20260928005523112.wfm,00:55:23.112000,-1.3440100000000004,-0.0010400000028312206,-8.000000000000601e-09,7.99248e-06,-1.8906047613709234e-09,-11.81639975856524
SaveOnEvent_ch1_20260928005523312.wfm,00:55:23.312000,-1.3450099999999998,-0.0012000000569969416,-6.880000000000178e-09,5.031519999999997e-06,-3.301068737008607e-09,-20.631839606299764
SaveOnEvent_ch1_20260928005523512.wfm,00:55:23.512000,-1.3460100000000002,-0.0012000000569969416,-5.600000000000421e-09,4.8479999999999915e-08,-1.2331135708047066e-09,-7.707119817525381
SaveOnEvent_ch1_20260928005523712.wfm,00:55:23.712000,-1.3470100000000005,-0.001120000029914081,-3.359999999999575e-09,9.206719999999997e-06,-1.480799972822425e-09,-9.255199830135098
SaveOnEvent_ch1_20260928005523912.wfm,00:55:23.912000,-1.34801,-0.0009599999757483602,-4.479999999999998e-09,9.621759999999997e-06,-1.3593599771079612e-09,-8.496319856931223
SaveOnEvent_ch1_20260928005524112.wfm,00:55:24.112000,-1.3490100000000003,-0.0010400000028312206,-3.2000000000002404e-09,5.4880000000000396e-08,-2.8896000299135538e-11,-0.1806400018685963
SaveOnEvent_ch1_20260928005524312.wfm,00:55:24.312000,-1.3500099999999997,-0.001120000029914081,-1.0400000000000781e-08,5.930399999999998e-06,-3.5212031241646026e-09,-22.00767952602473
SaveOnEvent_ch1_20260928005524512.wfm,00:55:24.512000,-1.35101,-0.0010400000028312206,-9.280000000000358e-09,7.151999999999894e-08,-2.825958329876886e-09,-17.66231956172851
SaveOnEvent_ch1_20260928005524712.wfm,00:55:24.712000,-1.3520100000000004,-0.0012000000569969416,-3.839999999999272e-09,9.628319999999999e-06,-3.317772759885992e-09,-20.73663974928786
SaveOnEvent_ch1_20260928005524911.wfm,00:55:24.911000,-1.353005,-0.0008800000068731606,-2.5599999999995147e-09,5.232000000000088e-08,1.9068799449829733e-10,1.191599965619389
SaveOnEvent_ch1_20260928005525112.wfm,00:55:25.112000,-1.3540100000000002,-0.0010400000028312206,-4.320000000000663e-09,5.263999999999955e-08,-8.414847796037797e-10,-5.2593598725216
SaveOnEvent_ch1_20260928005525312.wfm,00:55:25.312000,-1.35501,-0.001120000029914081,-6.880000000000178e-09,4.735999999999949e-08,-1.2860159710934378e-09,-8.037839819327928
SaveOnEvent_ch1_20260928005526912.wfm,00:55:26.912000,-1.36301,-0.001120000029914081,-8.000000000000601e-10,5.5360000000000093e-08,-2.4150655444664908e-09,-15.094399652909487
SaveOnEvent_ch1_20260928005527112.wfm,00:55:27.112000,-1.3640100000000004,-0.001120000029914081,-6.400000000007257e-10,4.272000000000016e-08,-1.476473563632462e-09,-9.228079772699857
SaveOnEvent_ch1_20260928005527312.wfm,00:55:27.312000,-1.3650099999999998,-0.001120000029914081,-9.599999999993945e-10,9.3616e-06,-3.5892223714198904e-09,-22.43287982136826
SaveOnEvent_ch1_20260928005527512.wfm,00:55:27.512000,-1.3660100000000002,-0.001120000029914081,-6.400000000007257e-10,4.14400000000004e-08,-2.8218623399920724e-09,-17.636799624946434
SaveOnEvent_ch1_20260928005527712.wfm,00:55:27.712000,-1.3670100000000005,-0.001120000029914081,-4.959999999999695e-09,3.840000000000119e-08,-4.993407884938635e-10,-3.1210399280826095
SaveOnEvent_ch1_20260928005527912.wfm,00:55:27.912000,-1.36801,-0.0010400000028312206,-6.400000000000481e-09,4.751999999999883e-08,7.283199748024251e-11,0.4551199842535425
SaveOnEvent_ch1_20260928005528112.wfm,00:55:28.112000,-1.3690100000000003,-0.0012000000569969416,-5.600000000000421e-09,5.0399999999998704e-08,-4.3196799114579285e-10,-2.699919944658177
SaveOnEvent_ch1_20260928005528312.wfm,00:55:28.312000,-1.3700099999999997,-0.0009599999757483602,-4.639999999999332e-09,6.367999999999936e-08,-2.6186239439528546e-10,-1.6367199649685062
SaveOnEvent_ch1_20260928005528512.wfm,00:55:28.512000,-1.37101,-0.001120000029914081,-7.839999999999573e-09,9.651679999999998e-06,-1.1396287751896307e-09,-7.123039844940649
SaveOnEvent_ch1_20260928005528712.wfm,00:55:28.712000,-1.3720100000000004,-0.0010400000028312206,-9.439999999999693e-09,4.112000000000004e-08,-9.6549117635004e-10,-6.034559852181701
SaveOnEvent_ch1_20260928005528912.wfm,00:55:28.912000,-1.3730099999999998,-0.0010400000028312206,-4.320000000000663e-09,9.562239999999999e-06,-1.3161919678864068e-09,-8.22647979928297
SaveOnEvent_ch1_20260928005529112.wfm,00:55:29.112000,-1.3740100000000002,-0.0010400000028312206,-7.51999999999921e-09,4.4455999999999986e-06,-3.8321599555271684e-09,-23.95095972204581
SaveOnEvent_ch1_20260928005529312.wfm,00:55:29.312000,-1.3750099999999996,-0.0010400000028312206,-7.0399999999995125e-09,7.0812800000000014e-06,-2.5555839531822134e-09,-15.97255970738479
SaveOnEvent_ch1_20260928005529512.wfm,00:55:29.512000,-1.37601,-0.0012000000569969416,-3.6799999999999377e-09,7.347039999999999e-06,-3.87208315955242e-09,-24.200639747199602
SaveOnEvent_ch1_20260928005529712.wfm,00:55:29.712000,-1.3770100000000003,-0.0010400000028312206,-3.2000000000002404e-09,4.752000000000052e-08,-6.43961584370119e-10,-4.024719902314246
SaveOnEvent_ch1_20260928005529912.wfm,00:55:29.912000,-1.3780099999999997,-0.0010400000028312206,-3.359999999999575e-09,4.6240000000000763e-08,-1.0860415732767423e-09,-6.787839832977625
SaveOnEvent_ch1_20260928005530112.wfm,00:55:30.112000,-1.37901,-0.0010400000028312206,-5.280000000000058e-09,4.9279999999999975e-08,-2.105523147694767e-09,-13.159679673088249
SaveOnEvent_ch1_20260928005530312.wfm,00:55:30.312000,-1.38001,-0.0009599999757483602,-9.11999999999933e-09,7.067200000000001e-06,-2.513356748893858e-09,-15.708639680582564
SaveOnEvent_ch1_20260928005530512.wfm,00:55:30.512000,-1.3810099999999998,-0.0009599999757483602,-5.9200000000007836e-09,3.600000000000101e-08,-1.2351167693384917e-09,-7.7195998083625454
SaveOnEvent_ch1_20260928005530712.wfm,00:55:30.712000,-1.3820100000000002,-0.0012799999676644802,-7.680000000000238e-09,8.95264e-06,-2.5644095709454238e-09,-16.027839818416396
SaveOnEvent_ch1_20260928005530912.wfm,00:55:30.912000,-1.38301,-0.0009599999757483602,-7.359999999999875e-09,5.263999999999955e-08,-1.7704383560526173e-09,-11.065439725323813
SaveOnEvent_ch1_20260928005531112.wfm,00:55:31.112000,-1.38401,-0.0012799999676644802,-1.120000000000423e-09,8.81936e-06,-3.8509376060217615e-09,-24.06864003764349
SaveOnEvent_ch1_20260928005531312.wfm,00:55:31.312000,-1.3850099999999999,-0.0010400000028312206,-3.359999999999575e-09,3.6463999999999995e-06,-2.572691136377401e-09,-16.079439602355706
SaveOnEvent_ch1_20260928005531512.wfm,00:55:31.512000,-1.3860100000000002,-0.0012000000569969416,9.37008e-06,9.627519999999999e-06,-1.9440767766046336e-09,-12.151119853777345
SaveOnEvent_ch1_20260928005531712.wfm,00:55:31.712000,-1.38701,-0.0010400000028312206,-9.599999999993945e-10,9.57888e-06,-2.24406398721272e-09,-14.025599920074455
SaveOnEvent_ch1_20260928005531912.wfm,00:55:31.912000,-1.38801,-0.001120000029914081,-3.2000000000002404e-09,3.728000000000077e-08,-1.5303807625966166e-09,-9.5650397662248
SaveOnEvent_ch1_20260928005532112.wfm,00:55:32.112000,-1.3890100000000003,-0.001120000029914081,-6.71999999999915e-09,8.041759999999999e-06,-3.1940735545847542e-09,-19.963039716152707
SaveOnEvent_ch1_20260928005532312.wfm,00:55:32.312000,-1.3900099999999997,-0.0009599999757483602,-3.2000000000002404e-09,4.415999999999925e-08,-1.516671968204901e-10,-0.9479199801280629
SaveOnEvent_ch1_20260928005532512.wfm,00:55:32.512000,-1.39101,-0.0010400000028312206,2.240000000000846e-09,8.152639999999998e-06,-2.3754623926663746e-09,-14.846639954164857
SaveOnEvent_ch1_20260928005532712.wfm,00:55:32.712000,-1.3920100000000004,-0.001120000029914081,-3.2000000000036285e-10,4.943999999999931e-08,-2.575071936289314e-09,-16.09439960180316
SaveOnEvent_ch1_20260928005532912.wfm,00:55:32.912000,-1.3930099999999999,-0.001120000029914081,-4.320000000000663e-09,8.87008e-06,-4.246937525570391e-09,-26.54359953480889
SaveOnEvent_ch1_20260928005533112.wfm,00:55:33.112000,-1.3940100000000002,-0.001120000029914081,-5.439999999999392e-09,8.194239999999998e-06,-2.2608639984996983e-09,-14.130559990619076
SaveOnEvent_ch1_20260928005533312.wfm,00:55:33.312000,-1.3950099999999996,-0.0010400000028312206,-7.200000000000541e-09,5.9360000000000394e-08,-2.486777538049499e-09,-15.542479612806346
SaveOnEvent_ch1_20260928005533512.wfm,00:55:33.512000,-1.39601,-0.0012000000569969416,-6.400000000000481e-09,9.626719999999999e-06,-3.651244749184698e-09,-22.82055968241184
SaveOnEvent_ch1_20260928005533712.wfm,00:55:33.712000,-1.3970100000000003,-0.0010400000028312206,-2.4000000000001803e-09,6.464000000000045e-08,-7.684415815281692e-10,-4.802719884552062
SaveOnEvent_ch1_20260928005533912.wfm,00:55:33.912000,-1.3980099999999998,-0.001120000029914081,-5.280000000000058e-09,3.34399999999998e-08,9.74367974402847e-10,6.0898398400167935
SaveOnEvent_ch1_20260928005534112.wfm,00:55:34.112000,-1.39901,-0.0012799999676644802,-6.400000000007257e-10,4.8960000000001307e-08,-8.208511820016419e-10,-5.130639887502184
SaveOnEvent_ch1_20260928005534312.wfm,00:55:34.312000,-1.40001,-0.0010400000028312206,-2.5599999999995147e-09,8.729760000000001e-06,-2.9081599719217007e-09,-18.176079824508633
SaveOnEvent_ch1_20260928005534512.wfm,00:55:34.512000,-1.4010099999999999,-0.0009599999757483602,-5.9200000000007836e-09,6.847999999999972e-08,-1.4769215639610778e-09,-9.230799774755724
SaveOnEvent_ch1_20260928005534712.wfm,00:55:34.712000,-1.4020100000000002,-0.0010400000028312206,-8.31999999999927e-09,5.6960000000000214e-08,-1.7147327575809296e-09,-10.717279734875774
SaveOnEvent_ch1_20260928005534911.wfm,00:55:34.911000,-1.4030050000000003,-0.0010400000028312206,-4.0000000000003005e-09,4.208000000000113e-08,9.93619174293709e-10,6.210159839334665
SaveOnEvent_ch1_20260928005535112.wfm,00:55:35.112000,-1.40401,-0.0009599999757483602,-1.2799999999997574e-09,5.904000000000003e-08,-2.748588731463531e-09,-17.178879571642028
SaveOnEvent_ch1_20260928005535311.wfm,00:55:35.311000,-1.405005,-0.001120000029914081,6.400000000007257e-10,4.319999999999986e-08,-2.3879679503850643e-10,-1.492559968988644
SaveOnEvent_ch1_20260928005535512.wfm,00:55:35.512000,-1.4060100000000002,-0.0010400000028312206,-3.5200000000006033e-09,9.622879999999998e-06,-1.065849610895385e-09,-6.661840068089077
SaveOnEvent_ch1_20260928005535712.wfm,00:55:35.712000,-1.40701,-0.0012000000569969416,-6.239999999999452e-09,5.678879999999999e-06,-2.9806975569948563e-09,-18.629439731215825
SaveOnEvent_ch1_20260928005535912.wfm,00:55:35.912000,-1.40801,-0.0010400000028312206,-4.800000000000361e-09,7.455999999999984e-08,-1.7136575576127515e-09,-10.71047973507666
SaveOnEvent_ch1_20260928005536112.wfm,00:55:36.112000,-1.4090100000000003,-0.0010400000028312206,-1.920000000000483e-09,5.520000000000076e-08,-6.453631845256317e-10,-4.033599903283175
SaveOnEvent_ch1_20260928005536311.wfm,00:55:36.311000,-1.410005,-0.0009599999757483602,-1.120000000000423e-09,5.8400000000001e-08,6.405055830138721e-10,4.003199893835699
SaveOnEvent_ch1_20260928005536512.wfm,00:55:36.512000,-1.41101,-0.0010400000028312206,-6.559999999999815e-09,7.68128e-06,-2.4451775397430142e-09,-15.282479623390827
SaveOnEvent_ch1_20260928005536712.wfm,00:55:36.712000,-1.4120100000000004,-0.001120000029914081,-4.800000000000361e-09,8.648000000000001e-06,-2.6019583799596905e-09,-16.262479874741985
SaveOnEvent_ch1_20260928005536912.wfm,00:55:36.912000,-1.4130099999999999,-0.0008800000068731606,-1.0239999999999753e-08,5.456000000000003e-08,-1.2043647704971921e-09,-7.52735981560545
SaveOnEvent_ch1_20260928005537112.wfm,00:55:37.112000,-1.4140100000000002,-0.0010400000028312206,-4.159999999999635e-09,7.342879999999999e-06,-3.9287807075213634e-09,-24.555039422004484
SaveOnEvent_ch1_20260928005537312.wfm,00:55:37.312000,-1.4150099999999997,-0.0007999999797903001,-8.480000000000298e-09,5.183999999999949e-08,6.38419183313383e-10,3.9901598957076203
SaveOnEvent_ch1_20260928005537512.wfm,00:55:37.512000,-1.41601,-0.001120000029914081,-5.9200000000007836e-09,4.495999999999931e-08,-1.015449575725942e-09,-6.346719848283101
SaveOnEvent_ch1_20260928005537712.wfm,00:55:37.712000,-1.4170100000000003,-0.0010400000028312206,-4.479999999999998e-09,9.638719999999998e-06,-3.441753553973973e-09,-21.51127971234382
SaveOnEvent_ch1_20260928005537912.wfm,00:55:37.912000,-1.4180099999999998,-0.0009599999757483602,-9.91999999999939e-09,5.295999999999991e-08,-3.3400319223757694e-10,-2.0875199514848646
SaveOnEvent_ch1_20260928005538112.wfm,00:55:38.112000,-1.41901,-0.0012000000569969416,-5.9200000000007836e-09,7.280159999999997e-06,-4.495532757721373e-09,-28.097279735753546
SaveOnEvent_ch1_20260928005538312.wfm,00:55:38.312000,-1.42001,-0.0010400000028312206,-4.959999999999695e-09,9.374079999999998e-06,-1.6439487595367252e-09,-10.274879747099476
SaveOnEvent_ch1_20260928005538512.wfm,00:55:38.512000,-1.4210099999999999,-0.0012000000569969416,4.799999999996972e-10,4.895999999999961e-08,-3.2720831261365655e-09,-20.450719538348494
SaveOnEvent_ch1_20260928005538712.wfm,00:55:38.712000,-1.4220100000000002,-0.0009599999757483602,-1.1680000000000539e-08,5.152000000000082e-08,-2.0379775491915654e-09,-12.737519682443235
SaveOnEvent_ch1_20260928005538912.wfm,00:55:38.912000,-1.42301,-0.0009599999757483602,-4.959999999999695e-09,4.7999999999998524e-08,-1.409651165078394e-09,-8.810479781735921
SaveOnEvent_ch1_20260928005539112.wfm,00:55:39.112000,-1.42401,-0.0009599999757483602,-4.959999999999695e-09,9.62208e-06,-1.2108863900997658e-09,-7.568239938118495
SaveOnEvent_ch1_20260928005539312.wfm,00:55:39.312000,-1.4250099999999999,-0.0012000000569969416,4.799999999996972e-10,6.22608e-06,-2.345113580711184e-09,-14.65711987944087
SaveOnEvent_ch1_20260928005539512.wfm,00:55:39.512000,-1.4260100000000002,-0.0012000000569969416,-4.959999999999695e-09,9.05232e-06,-3.1877567570307287e-09,-19.923679731437005
SaveOnEvent_ch1_20260928005539712.wfm,00:55:39.712000,-1.4270100000000001,-0.0008800000068731606,-2.4000000000001803e-09,9.616479999999999e-06,-2.2780671521043393e-09,-14.238159700646065
SaveOnEvent_ch1_20260928005539912.wfm,00:55:39.912000,-1.42801,-0.001120000029914081,-7.51999999999921e-09,4.895999999999961e-08,-7.129855833342282e-10,-4.456239895836916
SaveOnEvent_ch1_20260928005540112.wfm,00:55:40.112000,-1.4290100000000003,-0.0010400000028312206,-3.359999999999575e-09,3.904000000000022e-08,3.6115198445040806e-11,0.22559999028453603
SaveOnEvent_ch1_20260928005540312.wfm,00:55:40.312000,-1.4300099999999998,-0.001120000029914081,-6.880000000000178e-09,7.26976e-06,-3.3845951504423247e-09,-21.1539196902595
SaveOnEvent_ch1_20260928005540512.wfm,00:55:40.512000,-1.4310100000000001,-0.001120000029914081,-6.080000000000118e-09,5.231999999999919e-08,-1.1336319728894162e-09,-7.0851998305588495
SaveOnEvent_ch1_20260928005540712.wfm,00:55:40.712000,-1.4320100000000004,-0.0010400000028312206,-6.080000000000118e-09,9.627519999999997e-06,-2.9272383752302273e-09,-18.295519845181843
SaveOnEvent_ch1_20260928005540912.wfm,00:55:40.912000,-1.43301,-0.001120000029914081,2.37856e-06,5.2952e-06,-4.500742364644536e-09,-28.129759779025335
SaveOnEvent_ch1_20260928005541112.wfm,00:55:41.112000,-1.4340100000000002,-0.0009599999757483602,-3.839999999999272e-09,4.1760000000000766e-08,-5.326911871996719e-10,-3.32951991999289
SaveOnEvent_ch1_20260928005541312.wfm,00:55:41.312000,-1.4350099999999997,-0.0007999999797903001,-4.959999999999695e-09,9.630559999999998e-06,-1.2645823812135493e-09,-7.90399988257559
SaveOnEvent_ch1_20260928005541512.wfm,00:55:41.512000,-1.43601,-0.0010400000028312206,-2.239999999999152e-09,9.631999999999999e-06,-2.0791039539291513e-09,-12.99471971206367
SaveOnEvent_ch1_20260928005541712.wfm,00:55:41.712000,-1.4370100000000003,-0.001120000029914081,-5.439999999999392e-09,4.672000000000046e-08,-8.655999916838519e-11,-0.5410399948013946
SaveOnEvent_ch1_20260928005541912.wfm,00:55:41.912000,-1.4380099999999998,-0.0009599999757483602,-5.759999999999755e-09,9.624319999999998e-06,-1.6977923464030094e-10,-1.0613602164958138
SaveOnEvent_ch1_20260928005542112.wfm,00:55:42.112000,-1.4390100000000001,-0.0010400000028312206,-7.839999999999573e-09,8.983840000000001e-06,-3.6043327537621363e-09,-22.527199711010326
SaveOnEvent_ch1_20260928005542312.wfm,00:55:42.312000,-1.44001,-0.0009599999757483602,-1.1999999999999207e-08,8.440320000000001e-06,-3.4586879761191067e-09,-21.616959850740386
SaveOnEvent_ch1_20260928005542512.wfm,00:55:42.512000,-1.44101,-0.001120000029914081,-5.9200000000007836e-09,9.600639999999999e-06,-1.7841151701170008e-09,-11.150959813239751
SaveOnEvent_ch1_20260928005542712.wfm,00:55:42.712000,-1.4420100000000002,-0.001120000029914081,-5.9200000000007836e-09,4.6879999999999795e-08,-2.676646333811806e-09,-16.729199586319737
SaveOnEvent_ch1_20260928005542912.wfm,00:55:42.912000,-1.4430100000000001,-0.0010400000028312206,-4.320000000000663e-09,6.7184e-06,-2.968543982587288e-09,-18.553439891169546
SaveOnEvent_ch1_20260928005543112.wfm,00:55:43.112000,-1.44401,-0.001120000029914081,-5.9200000000007836e-09,9.511359999999999e-06,-2.237913557265419e-09,-13.98727973291534
SaveOnEvent_ch1_20260928005543312.wfm,00:55:43.312000,-1.44501,-0.0010400000028312206,-1.0239999999999753e-08,8.505440000000001e-06,-3.4708159560454063e-09,-21.692719725280767
SaveOnEvent_ch1_20260928005543512.wfm,00:55:43.512000,-1.4460100000000002,-0.0010400000028312206,-9.91999999999939e-09,9.614559999999998e-06,-2.2484991624392554e-09,-14.053359765239293
SaveOnEvent_ch1_20260928005543712.wfm,00:55:43.712000,-1.4470100000000001,-0.001120000029914081,-5.9200000000007836e-09,5.0240000000001064e-08,-1.3942527662403867e-09,-8.714159789000405
SaveOnEvent_ch1_20260928005543912.wfm,00:55:43.912000,-1.44801,-0.0008800000068731606,-6.880000000000178e-09,6.207999999999924e-08,-5.466751871956518e-10,-3.41671991997282
SaveOnEvent_ch1_20260928005544112.wfm,00:55:44.112000,-1.4490100000000004,-0.0010400000028312206,-4.639999999999332e-09,9.218719999999998e-06,-2.298559986003677e-09,-14.366159912518924
SaveOnEvent_ch1_20260928005544312.wfm,00:55:44.312000,-1.4500099999999998,-0.0009599999757483602,-7.0399999999995125e-09,4.800000000000022e-08,8.580159774632201e-10,5.362479859148152
SaveOnEvent_ch1_20260928005544512.wfm,00:55:44.512000,-1.4510100000000001,-0.001120000029914081,-2.720000000000543e-09,9.627359999999998e-06,-3.0438783835666256e-09,-19.024639897281304
SaveOnEvent_ch1_20260928005544712.wfm,00:55:44.712000,-1.4520100000000005,-0.0010400000028312206,-6.880000000000178e-09,9.627199999999998e-06,-1.5538815813790997e-09,-9.712079883611295
SaveOnEvent_ch1_20260928005544912.wfm,00:55:44.912000,-1.45301,-0.0012799999676644802,-4.159999999999635e-09,8.727999999999998e-06,-2.514566356630529e-09,-15.716239728935761
SaveOnEvent_ch1_20260928005545112.wfm,00:55:45.112000,-1.4540100000000002,-0.0010400000028312206,-5.280000000000058e-09,5.663999999999985e-08,-6.959423833503394e-10,-4.349679895938607
SaveOnEvent_ch1_20260928005545312.wfm,00:55:45.312000,-1.4550099999999997,-0.0010400000028312206,-1.1199999999999147e-08,8.235679999999998e-06,-3.941548758868597e-09,-24.63487974292366
SaveOnEvent_ch1_20260928005545512.wfm,00:55:45.512000,-1.45601,-0.0010400000028312206,-8.639999999999633e-09,5.791999999999961e-08,4.5566718742717365e-10,2.847839921421837
SaveOnEvent_ch1_20260928005545711.wfm,00:55:45.711000,-1.4570049999999997,-0.001120000029914081,-1.7599999999994546e-09,9.634879999999998e-06,-4.445798339396717e-09,-27.786559621221386
SaveOnEvent_ch1_20260928005545912.wfm,00:55:45.912000,-1.4580099999999998,-0.0009599999757483602,-4.959999999999695e-09,4.320000000000155e-08,-1.4120703648589543e-09,-8.825599780364428
SaveOnEvent_ch1_20260928005546111.wfm,00:55:46.111000,-1.4590050000000003,-0.001120000029914081,-4.639999999999332e-09,3.983999999999859e-08,-5.663679868006136e-10,-3.5398399175028317
SaveOnEvent_ch1_20260928005546311.wfm,00:55:46.311000,-1.4600049999999998,-0.0012799999676644802,-3.839999999999272e-09,4.224000000000046e-08,-1.04255999079904e-10,-0.65151999425143
SaveOnEvent_ch1_20260928005546512.wfm,00:55:46.512000,-1.46101,-0.001120000029914081,-3.039999999999212e-09,4.415999999999925e-08,-2.524831939812283e-09,-15.780319623823743
SaveOnEvent_ch1_20260928005546711.wfm,00:55:46.711000,-1.462005,-0.0010400000028312206,-8.159999999999935e-09,9.626399999999998e-06,-1.1103615966741931e-09,-6.939999979222193
SaveOnEvent_ch1_20260928005546912.wfm,00:55:46.912000,-1.4630100000000001,-0.0008800000068731606,-6.080000000000118e-09,9.623999999999998e-06,-1.3570623810263352e-09,-8.48207988141803
SaveOnEvent_ch1_20260928005547112.wfm,00:55:47.112000,-1.46401,-0.001120000029914081,-6.71999999999915e-09,4.895999999999961e-08,-4.414463902078565e-10,-2.7591199387970846
SaveOnEvent_ch1_20260928005547311.wfm,00:55:47.311000,-1.4650050000000001,-0.0012000000569969416,7.472159999999998e-06,9.618399999999998e-06,-2.926726394703146e-09,-18.292479966883548
SaveOnEvent_ch1_20260928005547511.wfm,00:55:47.511000,-1.466005,-0.0010400000028312206,-5.600000000000421e-09,8.84464e-06,-2.909945588267875e-09,-18.18727992667118
SaveOnEvent_ch1_20260928005547711.wfm,00:55:47.711000,-1.467005,-0.0007999999797903001,-6.71999999999915e-09,9.6104e-06,-6.061375854047945e-10,-3.7886399087728932
SaveOnEvent_ch1_20260928005547911.wfm,00:55:47.911000,-1.4680050000000002,-0.0009599999757483602,-5.600000000000421e-09,5.32496e-06,-2.160588746336288e-09,-13.503759664599784
SaveOnEvent_ch1_20260928005548111.wfm,00:55:48.111000,-1.4690050000000001,-0.001120000029914081,-7.200000000000541e-09,4.960000000000034e-08,-8.835199792683101e-10,-5.521999870426953
SaveOnEvent_ch1_20260928005548312.wfm,00:55:48.312000,-1.4700099999999998,-0.0008800000068731606,-5.439999999999392e-09,5.151999999999913e-08,5.761279777158079e-11,0.36007998607237823
SaveOnEvent_ch1_20260928005548512.wfm,00:55:48.512000,-1.4710100000000002,-0.0010400000028312206,-3.2000000000002404e-09,9.626559999999997e-06,-1.98006398404017e-09,-12.375759900256526
SaveOnEvent_ch1_20260928005548712.wfm,00:55:48.712000,-1.4720100000000005,-0.0010400000028312206,-1.1680000000000539e-08,9.40752e-06,-2.1318015850475053e-09,-13.32391990654287
SaveOnEvent_ch1_20260928005548912.wfm,00:55:48.912000,-1.47301,-0.0009599999757483602,-8.800000000000661e-09,9.082559999999999e-06,-3.0982783728186036e-09,-19.364399830112234
SaveOnEvent_ch1_20260928005549112.wfm,00:55:49.112000,-1.4740100000000003,-0.0012000000569969416,-2.5599999999995147e-09,9.438079999999997e-06,-1.8667520092567427e-09,-11.667360057850601
SaveOnEvent_ch1_20260928005549312.wfm,00:55:49.312000,-1.4750099999999997,-0.0010400000028312206,-4.0000000000003005e-09,4.384000000000058e-08,-6.890559831890262e-10,-4.306799894926371
SaveOnEvent_ch1_20260928005549512.wfm,00:55:49.512000,-1.47601,-0.0007999999797903001,-6.71999999999915e-09,4.224000000000046e-08,6.105727841192863e-10,3.8160799007455353
SaveOnEvent_ch1_20260928005549712.wfm,00:55:49.712000,-1.4770100000000004,-0.0009599999757483602,-1.0239999999999753e-08,9.623519999999998e-06,-2.045971173697614e-09,-12.787679835601011
SaveOnEvent_ch1_20260928005549911.wfm,00:55:49.911000,-1.478005,-0.0012000000569969416,-4.159999999999635e-09,4.575999999999937e-08,-1.868908754314761e-09,-11.680799714464229
SaveOnEvent_ch1_20260928005550111.wfm,00:55:50.111000,-1.4790050000000003,-0.0009599999757483602,-7.0399999999995125e-09,8.30048e-06,-2.56807039093459e-09,-16.050559943338158
SaveOnEvent_ch1_20260928005550312.wfm,00:55:50.312000,-1.48001,-0.0010400000028312206,-1.0400000000000781e-08,9.635039999999998e-06,-2.130214373115449e-09,-13.31415983196348
SaveOnEvent_ch1_20260928005550512.wfm,00:55:50.512000,-1.48101,-0.001120000029914081,-5.759999999999755e-09,7.2132799999999995e-06,-4.935564744095317e-09,-30.847439650591696
SaveOnEvent_ch1_20260928005550712.wfm,00:55:50.712000,-1.4820100000000003,-0.0009599999757483602,-4.800000000000361e-09,4.6079999999999735e-08,-3.195903927087761e-10,-1.997599954425823
SaveOnEvent_ch1_20260928005550912.wfm,00:55:50.912000,-1.4830100000000002,-0.0013599999947473407,-3.359999999999575e-09,4.143360000000001e-06,-3.0419775717635623e-09,-19.012479823519243
SaveOnEvent_ch1_20260928005551112.wfm,00:55:51.112000,-1.48401,-0.0009599999757483602,-3.2000000000002404e-09,9.5168e-06,-2.8139519808348245e-09,-17.587439880211605
SaveOnEvent_ch1_20260928005551312.wfm,00:55:51.312000,-1.48501,-0.0008800000068731606,-7.359999999999875e-09,9.627519999999999e-06,-1.899276821238455e-09,-11.87072013274883
SaveOnEvent_ch1_20260928005551512.wfm,00:55:51.512000,-1.4860100000000003,-0.0008800000068731606,-8.31999999999927e-09,9.186559999999998e-06,-3.8146559103392006e-10,-2.384399943955941
SaveOnEvent_ch1_20260928005551712.wfm,00:55:51.712000,-1.4870100000000002,-0.0010400000028312206,-3.5200000000006033e-09,4.432000000000028e-08,-1.066207973791751e-09,-6.663999836193398
SaveOnEvent_ch1_20260928005551912.wfm,00:55:51.912000,-1.48801,-0.0010400000028312206,-1.7599999999994546e-09,4.800000000000022e-08,-1.4056319651426742e-09,-8.785359782137675
SaveOnEvent_ch1_20260928005552112.wfm,00:55:52.112000,-1.4890100000000004,-0.0009599999757483602,-8.000000000000601e-09,8.27088e-06,-2.6122047349228553e-09,-16.326479593262775
SaveOnEvent_ch1_20260928005552312.wfm,00:55:52.312000,-1.4900099999999998,-0.001120000029914081,-9.280000000000358e-09,5.5680000000000456e-08,-2.0717439492559073e-09,-12.94855968284537
SaveOnEvent_ch1_20260928005552512.wfm,00:55:52.512000,-1.4910100000000002,-0.0010400000028312206,-7.0399999999995125e-09,5.663999999999985e-08,-3.911551911290735e-10,-2.4447199445567094
SaveOnEvent_ch1_20260928005552712.wfm,00:55:52.712000,-1.4920100000000005,-0.0010400000028312206,8.97424e-06,9.625279999999998e-06,-1.4730367896519589e-09,-9.206879935314646
SaveOnEvent_ch1_20260928005552911.wfm,00:55:52.911000,-1.4930050000000001,-0.0009599999757483602,-1.231999999999957e-08,9.131680000000001e-06,-3.1388095586537383e-09,-19.617759741580812
SaveOnEvent_ch1_20260928005553112.wfm,00:55:53.112000,-1.4940100000000003,-0.0009599999757483602,-3.5200000000006033e-09,9.622719999999998e-06,-2.285126353157683e-09,-14.282479707238963
SaveOnEvent_ch1_20260928005553312.wfm,00:55:53.312000,-1.4950099999999997,-0.001120000029914081,-5.1200000000007235e-09,6.956320000000001e-06,-3.866495957369915e-09,-24.165759733557934
SaveOnEvent_ch1_20260928005553512.wfm,00:55:53.512000,-1.49601,-0.0010400000028312206,-5.9200000000007836e-09,5.456000000000003e-08,-1.2876671684160852e-09,-8.047999802598497
SaveOnEvent_ch1_20260928005553712.wfm,00:55:53.712000,-1.4970100000000004,-0.0009599999757483602,-6.400000000000481e-09,9.19152e-06,-3.4746623699367017e-09,-21.71687981209834
SaveOnEvent_ch1_20260928005553912.wfm,00:55:53.912000,-1.4980099999999998,-0.0012000000569969416,-4.320000000000663e-09,9.00768e-06,-1.1824191826605204e-09,-7.3903998916212
SaveOnEvent_ch1_20260928005554112.wfm,00:55:54.112000,-1.4990100000000002,-0.001120000029914081,-4.320000000000663e-09,7.905439999999998e-06,-2.1555647878465217e-09,-13.472479924035724
SaveOnEvent_ch1_20260928005554312.wfm,00:55:54.312000,-1.5000099999999996,-0.0010400000028312206,-5.439999999999392e-09,9.627359999999998e-06,-1.1978623758954898e-09,-7.487039849336725
SaveOnEvent_ch1_20260928005554512.wfm,00:55:54.512000,-1.50101,-0.0012000000569969416,-3.839999999999272e-09,8.16432e-06,-3.934911952684632e-09,-24.593359704274917
SaveOnEvent_ch1_20260928005554712.wfm,00:55:54.712000,-1.5020100000000003,-0.001120000029914081,-5.9200000000007836e-09,4.720000000000016e-08,-2.5379391480959053e-09,-15.862239675596356
SaveOnEvent_ch1_20260928005554912.wfm,00:55:54.912000,-1.5030099999999997,-0.001120000029914081,-2.0799999999998175e-09,7.668319999999999e-06,-4.5441727485111895e-09,-28.401359678187873
SaveOnEvent_ch1_20260928005555112.wfm,00:55:55.112000,-1.50401,-0.0010400000028312206,-7.51999999999921e-09,5.58352e-06,-1.6151295632123926e-09,-10.094719770073425
SaveOnEvent_ch1_20260928005555312.wfm,00:55:55.312000,-1.50501,-0.001120000029914081,1.599999999993344e-10,3.6160000000000345e-08,-1.1350399721786365e-09,-7.0942398261104245
SaveOnEvent_ch1_20260928005555512.wfm,00:55:55.512000,-1.5060099999999998,-0.0010400000028312206,-1.1199999999999147e-08,6.016000000000045e-08,-7.565759820002136e-10,-4.7287198874983005
SaveOnEvent_ch1_20260928005555712.wfm,00:55:55.712000,-1.5070100000000002,-0.0012000000569969416,-2.239999999999152e-09,7.182239999999998e-06,-3.124159962954001e-09,-19.526159768458456
SaveOnEvent_ch1_20260928005555912.wfm,00:55:55.912000,-1.50801,-0.0010400000028312206,-2.239999999999152e-09,4.4960000000001006e-08,-2.613439940917304e-10,-1.6335999630682636
SaveOnEvent_ch1_20260928005556112.wfm,00:55:56.112000,-1.50901,-0.0012000000569969416,9.52032e-06,9.622399999999998e-06,-1.9902335770474742e-09,-12.439519856561674
SaveOnEvent_ch1_20260928005556312.wfm,00:55:56.312000,-1.5100099999999999,-0.001120000029914081,-4.0000000000003005e-09,8.51632e-06,-4.456710368257484e-09,-27.854639801604208
SaveOnEvent_ch1_20260928005556512.wfm,00:55:56.512000,-1.5110100000000002,-0.0012799999676644802,-3.2000000000002404e-09,3.664000000000004e-08,-8.741311795706856e-10,-5.4634398723137565
SaveOnEvent_ch1_20260928005556712.wfm,00:55:56.712000,-1.51201,-0.0009599999757483602,-1.120000000000423e-09,4.128000000000107e-08,-1.9635200290940583e-11,-0.12288000181433745
SaveOnEvent_ch1_20260928005556912.wfm,00:55:56.912000,-1.51301,-0.0010400000028312206,-6.239999999999452e-09,9.627519999999999e-06,-2.3161983763310108e-09,-14.476639852073276
SaveOnEvent_ch1_20260928005557112.wfm,00:55:57.112000,-1.5140100000000003,-0.0009599999757483602,-1.0560000000000116e-08,5.8880000000000697e-08,-6.422143844980751e-10,-4.013999903108925
SaveOnEvent_ch1_20260928005557312.wfm,00:55:57.312000,-1.5150099999999997,-0.001120000029914081,-7.839999999999573e-09,6.69264e-06,-2.9028095492254943e-09,-18.142639682657318
SaveOnEvent_ch1_20260928005557512.wfm,00:55:57.512000,-1.51601,-0.0009599999757483602,-9.760000000000056e-09,4.2879999999999495e-08,4.1975038887932925e-10,2.623439930495806
SaveOnEvent_ch1_20260928005557712.wfm,00:55:57.712000,-1.5170100000000004,-0.0009599999757483602,1.2799999999997574e-09,5.04000000000004e-08,-1.445932764473835e-09,-9.037199777958449
SaveOnEvent_ch1_20260928005557912.wfm,00:55:57.912000,-1.5180099999999999,-0.0009599999757483602,-4.800000000000361e-09,8.8456e-06,-2.648230347074567e-09,-16.55167966920999
SaveOnEvent_ch1_20260928005558112.wfm,00:55:58.112000,-1.5190100000000002,-0.0012000000569969416,3.2000000000036285e-10,9.599200000000001e-06,-3.6258943250565803e-09,-22.662079531612108
SaveOnEvent_ch1_20260928005558312.wfm,00:55:58.312000,-1.5200099999999996,-0.0010400000028312206,-8.159999999999935e-09,9.302720000000001e-06,-1.9823743518535035e-09,-12.390079699078342
SaveOnEvent_ch1_20260928005558512.wfm,00:55:58.512000,-1.52101,-0.001120000029914081,-5.9200000000007836e-09,6.292959999999998e-06,-3.86679034539033e-09,-24.167519658687524
SaveOnEvent_ch1_20260928005558712.wfm,00:55:58.712000,-1.5220100000000003,-0.001120000029914081,-6.239999999999452e-09,6.88e-06,-3.6112959640030735e-09,-22.570799775014166
SaveOnEvent_ch1_20260928005558912.wfm,00:55:58.912000,-1.5230099999999998,-0.001120000029914081,-6.71999999999915e-09,6.748799999999999e-06,-2.46369275125675e-09,-15.39823969535064
SaveOnEvent_ch1_20260928005559112.wfm,00:55:59.112000,-1.52401,-0.0012000000569969416,9.280000000000001e-06,9.623039999999999e-06,-1.8829247872275255e-09,-11.76887992018601
SaveOnEvent_ch1_20260928005559312.wfm,00:55:59.312000,-1.52501,-0.0009599999757483602,-9.280000000000358e-09,7.392000000000081e-08,-9.530175769678335e-10,-5.956479856045917
SaveOnEvent_ch1_20260928005559512.wfm,00:55:59.512000,-1.5260099999999999,-0.0012000000569969416,-3.5200000000006033e-09,9.625439999999997e-06,-2.726924752898048e-09,-17.04375970561523
SaveOnEvent_ch1_20260928005559712.wfm,00:55:59.712000,-1.5270100000000002,-0.0008800000068731606,-4.0000000000003005e-09,9.636319999999998e-06,-2.8547007530299e-09,-17.84223970642779
SaveOnEvent_ch1_20260928005559912.wfm,00:55:59.912000,-1.52801,-0.001120000029914081,-4.320000000000663e-09,9.53808e-06,-3.653407971756533e-09,-22.83407982348581
SaveOnEvent_ch1_20260928005600112.wfm,00:56:00.112000,-1.52901,-0.0009599999757483602,-8.000000000000601e-09,5.823999999999997e-08,-1.6453375592268995e-09,-10.283519745164085
SaveOnEvent_ch1_20260928005600312.wfm,00:56:00.312000,-1.5300099999999999,-0.0008800000068731606,-1.1999999999999207e-08,8.17584e-06,-3.8117759394971655e-09,-23.82383962185122
SaveOnEvent_ch1_20260928005600512.wfm,00:56:00.512000,-1.5310100000000002,-0.0012000000569969416,-5.1200000000007235e-09,4.672000000000046e-08,-2.070335950646546e-09,-12.939839691534871
SaveOnEvent_ch1_20260928005600712.wfm,00:56:00.712000,-1.53201,-0.0010400000028312206,-1.0560000000000116e-08,4.672000000000046e-08,-1.4520063641341407e-09,-9.075199775834335
SaveOnEvent_ch1_20260928005600912.wfm,00:56:00.912000,-1.53301,-0.001120000029914081,-6.559999999999815e-09,6.432000000000009e-08,-2.4243583403807117e-09,-15.152399627375416
SaveOnEvent_ch1_20260928005601112.wfm,00:56:01.112000,-1.5340100000000003,-0.001120000029914081,-5.759999999999755e-09,4.74496e-06,-3.6118335179402507e-09,-22.574079487123527
SaveOnEvent_ch1_20260928005601312.wfm,00:56:01.312000,-1.5350099999999998,-0.0009599999757483602,-5.280000000000058e-09,8.52656e-06,-1.7799295830866316e-09,-11.12471989428741
SaveOnEvent_ch1_20260928005601512.wfm,00:56:01.512000,-1.53601,-0.0010400000028312206,-5.600000000000421e-09,6.80512e-06,-2.3870975773828094e-09,-14.919439858640544
SaveOnEvent_ch1_20260928005601712.wfm,00:56:01.712000,-1.5370100000000004,-0.0010400000028312206,-6.71999999999915e-09,5.055999999999973e-08,-7.96134380809963e-10,-4.975919880060246
SaveOnEvent_ch1_20260928005601912.wfm,00:56:01.912000,-1.5380099999999999,-0.0010400000028312206,-5.9200000000007836e-09,9.644959999999997e-06,-5.57446404979562e-10,-3.484240031131776
SaveOnEvent_ch1_20260928005602112.wfm,00:56:02.112000,-1.5390100000000002,-0.0012799999676644802,-2.720000000000543e-09,5.69136e-06,-4.521158338894598e-09,-28.25735961808823
SaveOnEvent_ch1_20260928005602312.wfm,00:56:02.312000,-1.5400099999999997,-0.001120000029914081,-5.759999999999755e-09,4.383999999999889e-08,-1.2369791699247456e-09,-7.731119812029647
SaveOnEvent_ch1_20260928005602512.wfm,00:56:02.512000,-1.54101,-0.0009599999757483602,-7.200000000000541e-09,9.626399999999998e-06,-1.1901119984081e-09,-7.438559990056092
SaveOnEvent_ch1_20260928005602712.wfm,00:56:02.712000,-1.5420100000000003,-0.001120000029914081,-5.1200000000007235e-09,8.351999999999997e-06,-3.859647969692015e-09,-24.123039810569026
SaveOnEvent_ch1_20260928005602912.wfm,00:56:02.912000,-1.5430099999999998,-0.0010400000028312206,-5.280000000000058e-09,6.559999999999985e-08,-1.1853119712113384e-09,-7.408159820071887
SaveOnEvent_ch1_20260928005603111.wfm,00:56:03.111000,-1.5440050000000003,-0.0009599999757483602,-5.280000000000058e-09,9.55632e-06,-1.6222463607555242e-09,-10.139199754717993
SaveOnEvent_ch1_20260928005603312.wfm,00:56:03.312000,-1.54501,-0.0010400000028312206,-1.1039999999999813e-08,7.27136e-06,-3.1790527712437345e-09,-19.869119820272317
SaveOnEvent_ch1_20260928005603512.wfm,00:56:03.512000,-1.5460099999999999,-0.0012799999676644802,-4.959999999999695e-09,9.590719999999998e-06,-3.3424703526985833e-09,-20.89079970435705
SaveOnEvent_ch1_20260928005603712.wfm,00:56:03.712000,-1.5470100000000002,-0.0010400000028312206,-7.359999999999875e-09,7.685280000000001e-06,-3.8087935586925606e-09,-23.805119741824456
SaveOnEvent_ch1_20260928005603912.wfm,00:56:03.912000,-1.54801,-0.0009599999757483602,-4.639999999999332e-09,7.695679999999998e-06,-3.040243178727103e-09,-19.001599867042387
SaveOnEvent_ch1_20260928005604112.wfm,00:56:04.112000,-1.54901,-0.0010400000028312206,-1.4400000000007858e-09,7.143999999999998e-06,-2.975647985220423e-09,-18.5979199076246
SaveOnEvent_ch1_20260928005604312.wfm,00:56:04.312000,-1.5500099999999999,-0.001120000029914081,-9.599999999993945e-10,4.4479999999999615e-08,4.605183870997281e-10,2.8782399193733
SaveOnEvent_ch1_20260928005604512.wfm,00:56:04.512000,-1.5510100000000002,-0.0010400000028312206,-6.71999999999915e-09,8.830399999999998e-06,-4.037043147315272e-09,-25.231679670716403
SaveOnEvent_ch1_20260928005604712.wfm,00:56:04.712000,-1.5520100000000001,-0.0010400000028312206,-3.039999999999212e-09,6.831839999999997e-06,-2.5922431473946184e-09,-16.201679671212332
