filename,trigtime,b_field,peak_amp,peak_time,pulse_width,integrated_flux,sum_peak
SaveOnEvent_ch1_20260927233233707.wfm,23:32:33.707000,4.0,-0.010479999706149101,1.9600000000000033e-07,3.737600000000003e-07,-5.262233600462787e-09,-32.889120002888376
SaveOnEvent_ch1_20260927233233854.wfm,23:32:33.854000,4.000735,-0.00015999999595806003,1.8348799999999999e-06,4.479999999999998e-09,1.8792319525266064e-10,1.1745599703281187
SaveOnEvent_ch1_20260927233233902.wfm,23:32:33.902000,4.000975,-0.01056000031530857,1.8895999999999997e-07,3.4672000000000013e-07,-5.107577599356882e-09,-31.922639995987993
SaveOnEvent_ch1_20260927233234054.wfm,23:32:34.054000,4.001735,-0.00023999999393709004,8.7664e-07,3.2161599999999995e-06,-2.512767936522141e-10,-1.5706399603222962
SaveOnEvent_ch1_20260927233234101.wfm,23:32:34.101000,4.00197,-0.008320000022649765,3.4176e-07,4.456e-07,-5.03913600293221e-09,-31.494960018317215
SaveOnEvent_ch1_20260927233234254.wfm,23:32:34.254000,4.002735,-7.999999797903001e-05,-1.8624e-06,3.7817599999999997e-06,1.4773759626783416e-10,0.9233599766739644
SaveOnEvent_ch1_20260927233234302.wfm,23:32:34.302000,4.002975,-0.011359999887645245,1.7344000000000016e-07,3.5375999999999964e-07,-5.592985596945509e-09,-34.95639998090337
SaveOnEvent_ch1_20260927233234454.wfm,23:32:34.454000,4.003735,-7.999999797903001e-05,-2e-06,2.8860799999999996e-06,1.9480319507885725e-10,1.2175199692428578
SaveOnEvent_ch1_20260927233234501.wfm,23:32:34.501000,4.00397,-0.010639999993145466,1.3200000000000018e-07,3.603199999999999e-07,-5.6439744084863926e-09,-35.27520005303086
SaveOnEvent_ch1_20260927233234654.wfm,23:32:34.654000,4.004735,-0.00015999999595806003,-1.40544e-06,6.880000000000009e-08,4.635519882896898e-11,0.2896799926820677
SaveOnEvent_ch1_20260927233234702.wfm,23:32:34.702000,4.004975,-0.00887999963015318,3.1824e-07,4.651199999999997e-07,-5.692057612317149e-09,-35.57568007698865
SaveOnEvent_ch1_20260927233234854.wfm,23:32:34.854000,4.005735,-0.00015999999595806003,-7.352e-07,2.6425599999999996e-06,-9.005439772503452e-11,-0.5627999857824761
SaveOnEvent_ch1_20260927233234902.wfm,23:32:34.902000,4.005975,-0.0009599999757483602,-7.999999999999754e-09,8.575999999999984e-08,-3.8008959141792727e-10,-2.375599946361035
SaveOnEvent_ch1_20260927233235054.wfm,23:32:35.054000,4.006735,-7.999999797903001e-05,-1.88672e-06,1.15968e-06,3.669183907308614e-10,2.2932799420668744
SaveOnEvent_ch1_20260927233235102.wfm,23:32:35.102000,4.006975,-0.007600000128149986,2.8864000000000034e-07,5.052799999999999e-07,-4.6340736131649465e-09,-28.963200082274852
SaveOnEvent_ch1_20260927233235254.wfm,23:32:35.254000,4.007735,-0.00031999999191612005,4.998400000000001e-07,2.49344e-06,-4.294399891514329e-10,-2.683999932196457
SaveOnEvent_ch1_20260927233235302.wfm,23:32:35.302000,4.007975,-0.007679999805986881,4.4880000000000026e-07,4.801600000000002e-07,-4.837900800453499e-09,-30.237120002828306
SaveOnEvent_ch1_20260927233235454.wfm,23:32:35.454000,4.008735,-7.999999797903001e-05,-2.7136e-07,2.0843200000000002e-06,3.425855913455598e-10,2.1411999459087383
SaveOnEvent_ch1_20260927233235501.wfm,23:32:35.501000,4.00897,-0.008080000057816505,2.9727999999999997e-07,5.0128e-07,-4.992320004343055e-09,-31.202160027140053
SaveOnEvent_ch1_20260927233235654.wfm,23:32:35.654000,4.009735,-7.999999797903001e-05,1.0772799999999997e-06,4.2704000000000015e-07,4.37299188952893e-10,2.7332799309515394
SaveOnEvent_ch1_20260927233235701.wfm,23:32:35.701000,4.00997,-0.009840000420808792,2.1216000000000002e-07,4.070399999999999e-07,-5.575814426860306e-09,-34.84912016786984
SaveOnEvent_ch1_20260927233235854.wfm,23:32:35.854000,4.010735,-0.00015999999595806003,-1.52064e-06,3.3507199999999997e-06,-2.1203199464362119e-10,-1.3251999665226322
SaveOnEvent_ch1_20260927233235902.wfm,23:32:35.902000,4.010975,-0.01104000024497509,1.3392000000000024e-07,3.4415999999999977e-07,-5.7017216043220825e-09,-35.63608002700494
SaveOnEvent_ch1_20260927233236054.wfm,23:32:36.054000,4.011735,-0.00023999999393709004,3.347200000000001e-07,3.68416e-06,-3.2428799180779606e-10,-2.0267999487987254
SaveOnEvent_ch1_20260927233236102.wfm,23:32:36.102000,4.011975,-0.009759999811649323,2.0752000000000026e-07,3.841599999999998e-07,-5.331155206025579e-09,-33.32008003766532
SaveOnEvent_ch1_20260927233236254.wfm,23:32:36.254000,4.012735,-0.00015999999595806003,-1.56416e-06,5.120000000000088e-09,1.835711953626015e-10,1.1473599710152484
SaveOnEvent_ch1_20260927233236301.wfm,23:32:36.301000,4.01297,-0.007679999805986881,2.6847999999999993e-07,4.624e-07,-4.689945603846572e-09,-29.312480024032993
SaveOnEvent_ch1_20260927233236454.wfm,23:32:36.454000,4.013735,-0.00031999999191612005,7.547199999999999e-07,3.6470400000000002e-06,-5.421247863047754e-10,-3.388399914401816
SaveOnEvent_ch1_20260927233236501.wfm,23:32:36.501000,4.01397,-0.008080000057816505,3.0847999999999997e-07,4.446399999999998e-07,-4.7826048060203895e-09,-29.891520037635928
SaveOnEvent_ch1_20260927233236654.wfm,23:32:36.654000,4.014735,-0.00015999999595806003,-1.8593599999999999e-06,1.9521599999999994e-06,-7.423999812453844e-12,-0.04639999882783741
SaveOnEvent_ch1_20260927233236701.wfm,23:32:36.701000,4.01497,-0.00800000037997961,4.1424000000000004e-07,4.777600000000001e-07,-5.183200002321973e-09,-32.39528001451981
SaveOnEvent_ch1_20260927233236854.wfm,23:32:36.854000,4.015735,-0.00023999999393709004,-1.90768e-06,2.86848e-06,-1.3541759657906357e-10,-0.8463999786181375
SaveOnEvent_ch1_20260927233236901.wfm,23:32:36.901000,4.01597,-0.009519999846816063,2.1968000000000007e-07,3.636799999999999e-07,-4.934291205154732e-09,-30.839600032224553
SaveOnEvent_ch1_20260927233237054.wfm,23:32:37.054000,4.016735,-0.00015999999595806003,-8.862399999999999e-07,1.0719999999999874e-08,1.9604479504749173e-10,1.2253599690448027
SaveOnEvent_ch1_20260927233237101.wfm,23:32:37.101000,4.01697,-0.007840000092983246,2.0496000000000032e-07,4.6719999999999995e-07,-4.89898239688715e-09,-30.618879980553174
SaveOnEvent_ch1_20260927233237254.wfm,23:32:37.254000,4.017735,-0.00015999999595806003,-4.998399999999999e-07,1.7870399999999996e-06,-5.267199866939344e-11,-0.3291999916837085
SaveOnEvent_ch1_20260927233237302.wfm,23:32:37.302000,4.017975,-0.010479999706149101,1.7327999999999997e-07,3.7231999999999994e-07,-5.620076795849018e-09,-35.12575997406384
SaveOnEvent_ch1_20260927233237454.wfm,23:32:37.454000,4.018735,-0.00015999999595806003,-1.8451199999999998e-06,3.5012799999999993e-06,-1.1133439718745654e-10,-0.695839982421603
SaveOnEvent_ch1_20260927233237502.wfm,23:32:37.502000,4.018975,-0.00872000027447939,3.1295999999999996e-07,4.449599999999997e-07,-5.273599996517878e-09,-32.96023997824523
SaveOnEvent_ch1_20260927233237654.wfm,23:32:37.654000,4.019735,-0.00015999999595806003,-1.9776e-07,1.95408e-06,-2.4985599368810905e-11,-0.15615999605506659
SaveOnEvent_ch1_20260927233237702.wfm,23:32:37.702000,4.019975,-0.010160000063478947,2.190400000000002e-07,4.087999999999998e-07,-5.770566404603887e-09,-36.0664000287652
SaveOnEvent_ch1_20260927233237856.wfm,23:32:37.856000,4.020745,-0.00023999999393709004,-1.58624e-06,3.99984e-06,-4.363775889761743e-10,-2.7275199310970493
SaveOnEvent_ch1_20260927233237902.wfm,23:32:37.902000,4.020975,-0.00863999966531992,2.0304000000000026e-07,4.4431999999999984e-07,-5.507225605649874e-09,-34.420480035303626
SaveOnEvent_ch1_20260927233238054.wfm,23:32:38.054000,4.021735,-7.999999797903001e-05,1.5139199999999997e-06,1.9200000000000595e-09,3.762495904951357e-10,2.3515999405935872
SaveOnEvent_ch1_20260927233238102.wfm,23:32:38.102000,4.021975,-0.010479999706149101,1.7840000000000027e-07,3.702399999999997e-07,-5.631532804758754e-09,-35.19736002973514
SaveOnEvent_ch1_20260927233238254.wfm,23:32:38.254000,4.022735,-7.999999797903001e-05,6.704e-07,4.020799999999998e-07,3.4614399125566715e-10,2.1634399453469086
SaveOnEvent_ch1_20260927233238302.wfm,23:32:38.302000,4.022975,-0.009840000420808792,1.8064000000000027e-07,3.8736000000000005e-07,-5.453190405927599e-09,-34.08272003705497
SaveOnEvent_ch1_20260927233238454.wfm,23:32:38.454000,4.023735,-0.00015999999595806003,-1.3992e-06,3.06656e-06,8.255999791435905e-11,0.5159199869667646
SaveOnEvent_ch1_20260927233238505.wfm,23:32:38.505000,4.02399,-0.007519999984651804,4.2864000000000027e-07,5.489599999999999e-07,-5.097164804679341e-09,-31.857520029239822
SaveOnEvent_ch1_20260927233238654.wfm,23:32:38.654000,4.024735,0.0,1.1665599999999997e-06,,6.237439842429013e-10,3.8984799015161116
SaveOnEvent_ch1_20260927233238701.wfm,23:32:38.701000,4.02497,-0.009519999846816063,2.5104000000000006e-07,3.807999999999998e-07,-4.8610367890004994e-09,-30.38175993124605
SaveOnEvent_ch1_20260927233238853.wfm,23:32:38.853000,4.02573,-0.00023999999393709004,-1.6806399999999999e-06,3.94368e-06,-4.020735898427665e-10,-2.51303993651527
SaveOnEvent_ch1_20260927233238901.wfm,23:32:38.901000,4.02597,-0.009680000133812428,1.6431999999999998e-07,3.939200000000003e-07,-5.2772159981098965e-09,-32.982799988181796
SaveOnEvent_ch1_20260927233239054.wfm,23:32:39.054000,4.026735,-0.00015999999595806003,-1.94144e-06,3.47472e-06,-1.911935951700434e-10,-1.1950399698107503
SaveOnEvent_ch1_20260927233239101.wfm,23:32:39.101000,4.02697,-0.0008800000068731606,-9.919999999999814e-09,8.127999999999984e-08,-1.1965439793188133e-10,-0.7478399870742578
SaveOnEvent_ch1_20260927233239254.wfm,23:32:39.254000,4.027735,-0.00015999999595806003,9.468800000000001e-07,1.0529599999999997e-06,6.227199842687731e-12,0.038799999019829556
SaveOnEvent_ch1_20260927233239302.wfm,23:32:39.302000,4.027975,-0.01128000020980835,1.3424000000000018e-07,3.451199999999996e-07,-5.732780801050831e-09,-35.83016000656062
SaveOnEvent_ch1_20260927233239454.wfm,23:32:39.454000,4.028735,-0.00015999999595806003,-1.19856e-06,3.0972800000000003e-06,-2.682879932224736e-11,-0.1676799957640469
SaveOnEvent_ch1_20260927233239502.wfm,23:32:39.502000,4.028975,-0.009759999811649323,1.7136000000000034e-07,3.8288000000000005e-07,-5.612908785624895e-09,-35.08095991014852
SaveOnEvent_ch1_20260927233239654.wfm,23:32:39.654000,4.029735,-0.00015999999595806003,5.006399999999998e-07,9.432000000000001e-07,4.639999882783737e-11,0.2899999926739838
SaveOnEvent_ch1_20260927233239702.wfm,23:32:39.702000,4.029975,-0.01080000028014183,2.217600000000003e-07,3.9776e-07,-6.062835210559423e-09,-37.89304006600287
SaveOnEvent_ch1_20260927233239854.wfm,23:32:39.854000,4.030735,-0.00023999999393709004,-1.26656e-06,2.071999999999999e-07,-2.43327993853018e-11,-0.15207999615813605
SaveOnEvent_ch1_20260927233239901.wfm,23:32:39.901000,4.03097,-0.00887999963015318,1.8335999999999997e-07,4.0800000000000016e-07,-5.025964791502337e-09,-31.41255994688254
SaveOnEvent_ch1_20260927233240054.wfm,23:32:40.054000,4.031735,-0.00023999999393709004,-1.2036799999999999e-06,3.78304e-06,-2.470271937595679e-10,-1.5439999609952793
SaveOnEvent_ch1_20260927233240101.wfm,23:32:40.101000,4.03197,-0.008559999987483025,4.1936000000000034e-07,4.731199999999999e-07,-5.27777921222616e-09,-32.98640007642098
SaveOnEvent_ch1_20260927233240254.wfm,23:32:40.254000,4.032735,-0.00015999999595806003,-1.8438399999999999e-06,3.1999999999993934e-10,2.0770559475291533e-10,1.29815996720572
SaveOnEvent_ch1_20260927233240301.wfm,23:32:40.301000,4.03297,-0.0081599997356534,3.4207999999999995e-07,4.4272000000000014e-07,-4.936595208554064e-09,-30.85392005345784
SaveOnEvent_ch1_20260927233240454.wfm,23:32:40.454000,4.033735,-0.00023999999393709004,-1.7928e-06,1.14896e-06,-3.978239899501218e-11,-0.2487199937168043
SaveOnEvent_ch1_20260927233240501.wfm,23:32:40.501000,4.03397,-0.009039999917149544,1.9472000000000014e-07,4.1472000000000016e-07,-5.2397184021654535e-09,-32.748560013540555
SaveOnEvent_ch1_20260927233240654.wfm,23:32:40.654000,4.034735,-0.00015999999595806003,-1.8852799999999998e-06,4.79999999999909e-10,2.203519944334366e-11,0.13767999652191065
SaveOnEvent_ch1_20260927233240702.wfm,23:32:40.702000,4.034975,-0.0069599999114871025,3.2368000000000026e-07,4.3759999999999984e-07,-3.995238392716274e-09,-24.970479954470647
SaveOnEvent_ch1_20260927233240854.wfm,23:32:40.854000,4.035735,-0.00015999999595806003,-1.6651199999999999e-06,3.6649599999999994e-06,4.362879889784404e-11,0.2726399931125343
SaveOnEvent_ch1_20260927233240901.wfm,23:32:40.901000,4.03597,-0.009039999917149544,2.3648000000000006e-07,4.2015999999999997e-07,-5.060806406654883e-09,-31.630240041587967
SaveOnEvent_ch1_20260927233241054.wfm,23:32:41.054000,4.036735,-0.00015999999595806003,-1.8615999999999999e-06,1.8864e-06,-1.458111963164991e-10,-0.9113599769771099
SaveOnEvent_ch1_20260927233241102.wfm,23:32:41.102000,4.036975,-0.009840000420808792,2.0960000000000008e-07,4.0399999999999986e-07,-5.388038412954192e-09,-33.67544008095865
SaveOnEvent_ch1_20260927233241254.wfm,23:32:41.254000,4.037735,-0.00015999999595806003,-1.98944e-06,3.9304e-06,-2.703679931699296e-10,-1.689839957311051
SaveOnEvent_ch1_20260927233241301.wfm,23:32:41.301000,4.03797,-0.0009599999757483602,-1.551999999999981e-08,6.271999999999997e-08,-7.15263993246482e-11,-0.4470399957790505
SaveOnEvent_ch1_20260927233241453.wfm,23:32:41.453000,4.03873,-0.00023999999393709004,-5.9984e-07,3.5995199999999997e-06,-3.193215919332579e-10,-1.9957599495828617
SaveOnEvent_ch1_20260927233241501.wfm,23:32:41.501000,4.03897,-0.009519999846816063,3.0256000000000003e-07,4.262400000000001e-07,-5.493670396071393e-09,-34.335679975454696
SaveOnEvent_ch1_20260927233241653.wfm,23:32:41.653000,4.03973,-0.00031999999191612005,1.54064e-06,1.8971199999999997e-06,-4.399167888867666e-10,-2.7495999305392615
SaveOnEvent_ch1_20260927233241701.wfm,23:32:41.701000,4.03997,-0.0009599999757483602,-1.0239999999999753e-08,7.279999999999996e-08,-5.1430399594828514e-11,-0.32143999746767804
SaveOnEvent_ch1_20260927233241853.wfm,23:32:41.853000,4.04073,-7.999999797903001e-05,-1.68704e-06,3.6868799999999997e-06,2.2331519435858348e-10,1.3957599647401366
SaveOnEvent_ch1_20260927233241901.wfm,23:32:41.901000,4.04097,-0.00872000027447939,2.2496000000000013e-07,4.385600000000001e-07,-5.3816063974867565e-09,-33.6353599842987
SaveOnEvent_ch1_20260927233242053.wfm,23:32:42.053000,4.04173,-7.999999797903001e-05,-1.9987199999999997e-06,3.6174399999999997e-06,1.7549439556663848e-10,1.0968799722904805
SaveOnEvent_ch1_20260927233242101.wfm,23:32:42.101000,4.04197,-0.008799999952316284,2.836800000000002e-07,4.3872000000000027e-07,-4.774995210326742e-09,-29.84384006453911
SaveOnEvent_ch1_20260927233242253.wfm,23:32:42.253000,4.04273,-7.999999797903001e-05,-3.7775999999999996e-07,2.3444799999999996e-06,1.9976319495355705e-10,1.2486399684567004
SaveOnEvent_ch1_20260927233242301.wfm,23:32:42.301000,4.04297,-0.00872000027447939,2.507200000000001e-07,4.5375999999999996e-07,-5.371680004738736e-09,-33.57320002961205
SaveOnEvent_ch1_20260927233242453.wfm,23:32:42.453000,4.04373,-0.00015999999595806003,-1.4359999999999999e-06,3.2224e-06,-4.008959898725158e-11,-0.25047999367234297
SaveOnEvent_ch1_20260927233242501.wfm,23:32:42.501000,4.04397,-0.01056000031530857,1.592000000000001e-07,3.609600000000002e-07,-5.5497920121927745e-09,-34.68656007619575
SaveOnEvent_ch1_20260927233242653.wfm,23:32:42.653000,4.04473,-7.999999797903001e-05,-2e-06,3.97984e-06,2.0651519478298733e-10,1.2907199673936702
SaveOnEvent_ch1_20260927233242701.wfm,23:32:42.701000,4.04497,-0.009759999811649323,2.6000000000000005e-07,3.875199999999998e-07,-5.379430393613875e-09,-33.621759960078634
SaveOnEvent_ch1_20260927233242853.wfm,23:32:42.853000,4.04573,-0.00015999999595806003,-1.6238399999999999e-06,1.8991999999999978e-07,2.585599934682472e-12,0.016239999589743093
SaveOnEvent_ch1_20260927233242901.wfm,23:32:42.901000,4.04597,-0.009039999917149544,3.1248000000000027e-07,5.233600000000001e-07,-6.152691200389527e-09,-38.45472000242444
SaveOnEvent_ch1_20260927233243054.wfm,23:32:43.054000,4.046735,-0.00023999999393709004,-1.9169599999999998e-06,3.51872e-06,-2.9041919266339406e-10,-1.815119954146212
SaveOnEvent_ch1_20260927233243101.wfm,23:32:43.101000,4.04697,-0.009920000098645687,1.6736000000000004e-07,3.8271999999999987e-07,-5.627340822583065e-09,-35.17112014113809
SaveOnEvent_ch1_20260927233243254.wfm,23:32:43.254000,4.047735,-7.999999797903001e-05,-1.98368e-06,3.0112e-06,2.739327930798753e-10,1.7121599567472003
SaveOnEvent_ch1_20260927233243301.wfm,23:32:43.301000,4.04797,-0.009680000133812428,1.7551999999999997e-07,3.9007999999999974e-07,-5.303763203273993e-09,-33.148720020457404
SaveOnEvent_ch1_20260927233243453.wfm,23:32:43.453000,4.04873,-7.999999797903001e-05,-1.55968e-06,2.60176e-06,2.1099519466981294e-10,1.3187999666843098
SaveOnEvent_ch1_20260927233243501.wfm,23:32:43.501000,4.04897,-0.00848000030964613,2.766400000000003e-07,4.9936e-07,-5.562726396503858e-09,-34.76727997814305
SaveOnEvent_ch1_20260927233243653.wfm,23:32:43.653000,4.04973,-0.00015999999595806003,6.88e-07,1.3184e-07,-2.5260799361858374e-11,-0.15783999601262622
SaveOnEvent_ch1_20260927233243702.wfm,23:32:43.702000,4.049975,-0.008320000022649765,2.1168000000000032e-07,4.2911999999999997e-07,-5.124915199468378e-09,-32.03111999668181
SaveOnEvent_ch1_20260927233243854.wfm,23:32:43.854000,4.050735,-0.00023999999393709004,-1.6809599999999998e-06,3.6084799999999997e-06,-1.372991965315305e-10,-0.858159978321055
SaveOnEvent_ch1_20260927233243901.wfm,23:32:43.901000,4.05097,-0.009759999811649323,1.7296000000000003e-07,3.665600000000002e-07,-5.570943994319532e-09,-34.8188799644995
SaveOnEvent_ch1_20260927233244053.wfm,23:32:44.053000,4.05173,-0.00015999999595806003,7.8096e-07,6.764800000000001e-07,1.5499519608449205e-10,0.9687999755260535
SaveOnEvent_ch1_20260927233244101.wfm,23:32:44.101000,4.05197,-0.009680000133812428,2.1984000000000025e-07,3.9312000000000023e-07,-5.355481612295844e-09,-33.47208007684094
SaveOnEvent_ch1_20260927233244254.wfm,23:32:44.254000,4.052735,-0.00015999999595806003,-1.17424e-06,1.4399999999999388e-09,1.7721599552314723e-10,1.1076799720176496
SaveOnEvent_ch1_20260927233244302.wfm,23:32:44.302000,4.052975,-0.01071999967098236,1.2944000000000024e-07,3.664e-07,-5.677395184470807e-09,-35.483999902935466
SaveOnEvent_ch1_20260927233244454.wfm,23:32:44.454000,4.053735,-0.00015999999595806003,-1.98848e-06,3.56416e-06,-1.0151679743547e-10,-0.634479983971687
SaveOnEvent_ch1_20260927233244501.wfm,23:32:44.501000,4.05397,-0.00839999970048666,6.265600000000002e-07,4.864000000000001e-07,-5.042521621803753e-09,-31.516000136267394
SaveOnEvent_ch1_20260927233244654.wfm,23:32:44.654000,4.054735,-0.00015999999595806003,-1.1784e-06,8.0416e-07,3.884799901861556e-12,0.024239999387646094
SaveOnEvent_ch1_20260927233244701.wfm,23:32:44.701000,4.05497,-0.01095999963581562,1.7568000000000015e-07,3.3871999999999995e-07,-5.7596991969458755e-09,-35.99855998091516
SaveOnEvent_ch1_20260927233244854.wfm,23:32:44.854000,4.055735,-0.00015999999595806003,3.5535999999999976e-07,3.2000000000036285e-10,1.286847967491484e-10,0.8043199796811678
SaveOnEvent_ch1_20260927233244901.wfm,23:32:44.901000,4.05597,-0.010479999706149101,2.3440000000000025e-07,3.7232000000000036e-07,-5.685625601804349e-09,-35.53552001126809
SaveOnEvent_ch1_20260927233245053.wfm,23:32:45.053000,4.05673,-0.00023999999393709004,1.77968e-06,3.95328e-06,-3.835455903108229e-10,-2.3972799394396134
SaveOnEvent_ch1_20260927233245102.wfm,23:32:45.102000,4.0569749999999996,-0.009600000455975533,2.2048000000000013e-07,4e-07,-5.350208002240397e-09,-33.439280013990356
SaveOnEvent_ch1_20260927233245253.wfm,23:32:45.253000,4.05773,-7.999999797903001e-05,-1.9936e-06,3.854559999999999e-06,9.505279759876429e-11,0.5940799849922769
SaveOnEvent_ch1_20260927233245301.wfm,23:32:45.301000,4.05797,-0.009440000168979168,2.3696000000000018e-07,4.2928000000000015e-07,-5.85418238793034e-09,-36.58895992455655
SaveOnEvent_ch1_20260927233245454.wfm,23:32:45.454000,4.058735,-0.00031999999191612005,-1.71136e-06,2.9491199999999996e-06,-4.903487876127474e-10,-3.06479992257664
SaveOnEvent_ch1_20260927233245501.wfm,23:32:45.501000,4.05897,-0.009920000098645687,2.067200000000002e-07,3.859199999999997e-07,-5.5587008123681874e-09,-34.74224007729208
SaveOnEvent_ch1_20260927233245655.wfm,23:32:45.655000,4.05974,-7.999999797903001e-05,-3.4192e-07,1.1107199999999997e-06,3.564543909952044e-10,2.227919943718007
SaveOnEvent_ch1_20260927233245701.wfm,23:32:45.701000,4.05997,-0.008080000057816505,3.556800000000001e-07,5.129600000000002e-07,-5.223136017934885e-09,-32.64480011208798
SaveOnEvent_ch1_20260927233245854.wfm,23:32:45.854000,4.060735,-0.00023999999393709004,-1.47728e-06,3.8336e-06,-2.271999942604452e-10,-1.4199999641277827
SaveOnEvent_ch1_20260927233245901.wfm,23:32:45.901000,4.06097,-0.00839999970048666,2.695999999999999e-07,4.801599999999998e-07,-5.585907189208082e-09,-34.91239993253839
SaveOnEvent_ch1_20260927233246054.wfm,23:32:46.054000,4.061735,-7.999999797903001e-05,-1.44032e-06,2.6611199999999995e-06,2.419327938882634e-10,1.5121599617996253
SaveOnEvent_ch1_20260927233246101.wfm,23:32:46.101000,4.06197,-0.009440000168979168,2.7456000000000004e-07,4.028800000000003e-07,-5.421151990205981e-09,-33.88247993879486
SaveOnEvent_ch1_20260927233246254.wfm,23:32:46.254000,4.062735,-0.00023999999393709004,-1.65648e-06,3.822559999999999e-06,-3.011455923924222e-10,-1.8822399524506181
SaveOnEvent_ch1_20260927233246304.wfm,23:32:46.304000,4.062985,-0.0008800000068731606,-1.0719999999999874e-08,9.344000000000007e-08,-2.851455941563472e-10,-1.78215996347717
SaveOnEvent_ch1_20260927233246454.wfm,23:32:46.454000,4.063735,-7.999999797903001e-05,-1.4519999999999998e-06,3.408e-06,2.519359936355611e-10,1.5746399602212477
SaveOnEvent_ch1_20260927233246501.wfm,23:32:46.501000,4.06397,-0.006719999946653843,4.2496000000000033e-07,5.843199999999998e-07,-4.934131197649985e-09,-30.838639985304326
SaveOnEvent_ch1_20260927233246654.wfm,23:32:46.654000,4.064735,-0.00015999999595806003,-1.8359999999999999e-06,3.835839999999999e-06,-9.585919757839291e-11,-0.5991999848629348
SaveOnEvent_ch1_20260927233246702.wfm,23:32:46.702000,4.064975,-0.0009599999757483602,-1.2159999999999812e-08,7.37600000000002e-08,-2.9045119351940214e-10,-1.815439959493233
SaveOnEvent_ch1_20260927233246854.wfm,23:32:46.854000,4.065735,-0.00015999999595806003,-4.2255999999999994e-07,5.268800000000001e-07,-1.1443199710920426e-11,-0.07151999819325283
SaveOnEvent_ch1_20260927233246901.wfm,23:32:46.901000,4.06597,-0.009519999846816063,1.6848000000000004e-07,4.0976000000000004e-07,-5.563839995730669e-09,-34.77431997330859
SaveOnEvent_ch1_20260927233247059.wfm,23:32:47.059000,4.06676,-0.00023999999393709004,1.7967999999999999e-06,2.32528e-06,-1.5909759598085651e-10,-0.9943999748793431
SaveOnEvent_ch1_20260927233247107.wfm,23:32:47.107000,4.067,-0.008960000239312649,3.4816000000000007e-07,4.7055999999999995e-07,-5.634278392177075e-09,-35.214559951098636
SaveOnEvent_ch1_20260927233247254.wfm,23:32:47.254000,4.067735,-0.00023999999393709004,-2e-06,3.88208e-06,-1.8079359543276962e-10,-1.130079971451778
SaveOnEvent_ch1_20260927233247301.wfm,23:32:47.301000,4.06797,-0.008799999952316284,2.1056000000000032e-07,3.8224000000000017e-07,-4.59246081307996e-09,-28.703040081745712
SaveOnEvent_ch1_20260927233247454.wfm,23:32:47.454000,4.068735,-0.00023999999393709004,-1.632e-06,3.96768e-06,-2.0912639471702255e-10,-1.3071199669793714
SaveOnEvent_ch1_20260927233247501.wfm,23:32:47.501000,4.06897,-0.00872000027447939,2.9072000000000016e-07,4.5104000000000026e-07,-5.176697609820403e-09,-32.354640061385
SaveOnEvent_ch1_20260927233247654.wfm,23:32:47.654000,4.069735,-0.00015999999595806003,-1.9695999999999997e-06,3.5823999999999998e-06,-1.02732797404751e-10,-0.6421599837776739
SaveOnEvent_ch1_20260927233247701.wfm,23:32:47.701000,4.06997,-0.00887999963015318,2.3760000000000006e-07,4.576000000000001e-07,-5.676927998270839e-09,-35.48119998918264
SaveOnEvent_ch1_20260927233247854.wfm,23:32:47.854000,4.070735,-0.00023999999393709004,-1.99616e-06,3.86352e-06,-4.116991895996034e-10,-2.5731999349955004
SaveOnEvent_ch1_20260927233247902.wfm,23:32:47.902000,4.070975,-0.01143999956548214,1.7551999999999997e-07,3.7439999999999975e-07,-6.004569597640075e-09,-37.52895998524036
SaveOnEvent_ch1_20260927233248054.wfm,23:32:48.054000,4.071735,-0.00015999999595806003,-1.6182399999999999e-06,3.29184e-06,-6.698879830772066e-11,-0.41863998942426406
SaveOnEvent_ch1_20260927233248102.wfm,23:32:48.102000,4.071975,-0.01104000024497509,1.8752000000000003e-07,3.737599999999999e-07,-5.770060807240661e-09,-36.06312004526262
SaveOnEvent_ch1_20260927233248256.wfm,23:32:48.256000,4.072745,-0.00023999999393709004,1.004e-06,2.65936e-06,-4.724479880649581e-11,-0.2952799925405998
SaveOnEvent_ch1_20260927233248301.wfm,23:32:48.301000,4.07297,-0.01119999960064888,1.547200000000001e-07,3.736000000000001e-07,-5.977587192256469e-09,-37.36039995160536
SaveOnEvent_ch1_20260927233248454.wfm,23:32:48.454000,4.073735,-0.00015999999595806003,3.8208e-07,4.923200000000001e-07,1.0406399737112229e-10,0.650479983567493
SaveOnEvent_ch1_20260927233248501.wfm,23:32:48.501000,4.07397,-0.007280000019818544,2.945600000000003e-07,5.361599999999998e-07,-4.963737605127972e-09,-31.02368003205629
SaveOnEvent_ch1_20260927233248654.wfm,23:32:48.654000,4.074735,-0.00015999999595806003,-1.91312e-06,3.01536e-06,-3.894399901619193e-11,-0.24343999385018833
SaveOnEvent_ch1_20260927233248701.wfm,23:32:48.701000,4.07497,-0.00863999966531992,2.536e-07,4.2463999999999997e-07,-5.221420789449475e-09,-32.63431993406266
SaveOnEvent_ch1_20260927233248854.wfm,23:32:48.854000,4.075735,-0.00015999999595806003,-1.8963199999999999e-06,3.8062400000000003e-06,-5.808639853261406e-11,-0.3630399908288382
SaveOnEvent_ch1_20260927233248903.wfm,23:32:48.903000,4.07598,-0.010479999706149101,2.1247999999999995e-07,3.875199999999998e-07,-5.880729598375037e-09,-36.7548799898359
SaveOnEvent_ch1_20260927233249054.wfm,23:32:49.054000,4.076735,-0.00015999999595806003,7.747200000000001e-07,2.0623999999999966e-07,1.6846719574416043e-10,1.052959973399993
SaveOnEvent_ch1_20260927233249102.wfm,23:32:49.102000,4.076975,-0.00863999966531992,3.748800000000003e-07,4.7456000000000025e-07,-5.531686395367142e-09,-34.573359971051104
SaveOnEvent_ch1_20260927233249254.wfm,23:32:49.254000,4.077735,-0.00015999999595806003,2.8016000000000004e-07,1.3215999999999993e-07,1.6332799587398756e-10,1.020879974210402
SaveOnEvent_ch1_20260927233249302.wfm,23:32:49.302000,4.077975,-0.008080000057816505,2.4607999999999994e-07,4.2463999999999997e-07,-4.591609606852289e-09,-28.697680042823777
SaveOnEvent_ch1_20260927233249454.wfm,23:32:49.454000,4.078735,-0.00015999999595806003,-1.94544e-06,3.7582399999999997e-06,5.206399868475286e-11,0.32535999178071506
SaveOnEvent_ch1_20260927233249502.wfm,23:32:49.502000,4.078975,-0.008320000022649765,5.649600000000003e-07,4.999999999999999e-07,-5.281011226892005e-09,-33.0066401680815
SaveOnEvent_ch1_20260927233249654.wfm,23:32:49.654000,4.079735,-7.999999797903001e-05,4.3888e-07,1.2017599999999998e-06,3.7998079040087754e-10,2.374959940003464
SaveOnEvent_ch1_20260927233249702.wfm,23:32:49.702000,4.079975,-0.009119999594986439,2.4672000000000024e-07,4.2687999999999997e-07,-5.218796792465727e-09,-32.617759952903725
SaveOnEvent_ch1_20260927233249854.wfm,23:32:49.854000,4.080735,-7.999999797903001e-05,-9.500799999999999e-07,2.41792e-06,1.9897599497344333e-10,1.2436799685820006
SaveOnEvent_ch1_20260927233249901.wfm,23:32:49.901000,4.08097,-0.007439999841153622,3.816000000000003e-07,5.030399999999999e-07,-4.859148811360356e-09,-30.36992007101071
SaveOnEvent_ch1_20260927233250053.wfm,23:32:50.053000,4.08173,-0.00015999999595806003,-1.8168e-06,1.82176e-06,1.3145599667914075e-11,0.08215999792446382
SaveOnEvent_ch1_20260927233250101.wfm,23:32:50.101000,4.08197,-0.008799999952316284,2.5792000000000023e-07,4.244799999999998e-07,-4.885030414815992e-09,-30.53160009259591
SaveOnEvent_ch1_20260927233250254.wfm,23:32:50.254000,4.082735,-0.00015999999595806003,-1.9751999999999997e-06,3.1724799999999996e-06,5.631999857722429e-13,0.0035199999110773206
SaveOnEvent_ch1_20260927233250302.wfm,23:32:50.302000,4.082975,-0.008559999987483025,2.8128000000000004e-07,4.9264e-07,-5.6138752052863125e-09,-35.0871200330439
SaveOnEvent_ch1_20260927233250454.wfm,23:32:50.454000,4.083735,-7.999999797903001e-05,-1.70704e-06,3.5462399999999994e-06,1.9219199514482165e-10,1.2012799696531147
SaveOnEvent_ch1_20260927233250501.wfm,23:32:50.501000,4.08397,-0.006560000125318766,8.107200000000003e-07,6.427199999999999e-07,-4.8909568169410345e-09,-30.56888010588591
SaveOnEvent_ch1_20260927233250654.wfm,23:32:50.654000,4.084735,-7.999999797903001e-05,-1.9176e-06,3.4e-06,2.6703359325416376e-10,1.6690399578365032
SaveOnEvent_ch1_20260927233250701.wfm,23:32:50.701000,4.08497,-0.010239999741315842,1.9824000000000032e-07,3.8336000000000017e-07,-5.730163199659437e-09,-35.813919997861376
SaveOnEvent_ch1_20260927233250854.wfm,23:32:50.854000,4.085735,-0.00015999999595806003,1.7036799999999998e-06,8.560000000000008e-08,9.415679762139925e-11,0.5885599851317238
SaveOnEvent_ch1_20260927233250902.wfm,23:32:50.902000,4.085975,-0.009920000098645687,1.910400000000002e-07,3.8080000000000023e-07,-5.207564810258335e-09,-32.54752006410854
SaveOnEvent_ch1_20260927233251054.wfm,23:32:51.054000,4.086735,-0.00015999999595806003,-1.89024e-06,1.4240000000000053e-08,1.6964479571441194e-10,1.0603199732140638
SaveOnEvent_ch1_20260927233251102.wfm,23:32:51.102000,4.086975,-0.00848000030964613,2.867200000000003e-07,4.697599999999999e-07,-5.2366464148485105e-09,-32.72936009280966
SaveOnEvent_ch1_20260927233251254.wfm,23:32:51.254000,4.087735,-0.00015999999595806003,-1.58144e-06,3.4972800000000003e-06,1.919999951512409e-14,7.999999797903001e-05
SaveOnEvent_ch1_20260927233251302.wfm,23:32:51.302000,4.087975,-0.009519999846816063,2.5120000000000024e-07,4.3919999999999996e-07,-5.296057592050638e-09,-33.100559950311435
SaveOnEvent_ch1_20260927233251454.wfm,23:32:51.454000,4.088735,-0.00015999999595806003,-1.8368e-06,2.17408e-06,-4.58559988415801e-11,-0.2865599927608855
SaveOnEvent_ch1_20260927233251502.wfm,23:32:51.502000,4.088975,-0.0008800000068731606,-1.551999999999981e-08,6.447999999999985e-08,1.193151960126124e-10,0.7457599750778172
SaveOnEvent_ch1_20260927233251654.wfm,23:32:51.654000,4.089735,-0.00015999999595806003,-7.611199999999999e-07,1.2327999999999999e-06,1.358719965675854e-11,0.08495999785372987
SaveOnEvent_ch1_20260927233251702.wfm,23:32:51.702000,4.089975,-0.01104000024497509,1.6288000000000004e-07,3.502399999999999e-07,-5.9308735916321166e-09,-37.06839994768961
SaveOnEvent_ch1_20260927233251854.wfm,23:32:51.854000,4.090735,-0.00015999999595806003,-1.58752e-06,3.58624e-06,-7.001599823124759e-12,-0.04375999889452942
SaveOnEvent_ch1_20260927233251901.wfm,23:32:51.901000,4.09097,-0.00863999966531992,4.1008e-07,4.904e-07,-5.561862402679399e-09,-34.76192001675372
SaveOnEvent_ch1_20260927233252054.wfm,23:32:52.054000,4.091735,-0.00015999999595806003,9.780799999999999e-07,1.4400000000000235e-08,1.0198399742366732e-10,0.6374399838969111
SaveOnEvent_ch1_20260927233252108.wfm,23:32:52.108000,4.092005,-0.008960000239312649,2.3328000000000025e-07,4.508800000000001e-07,-5.490303996785078e-09,-34.31471997991321
SaveOnEvent_ch1_20260927233252255.wfm,23:32:52.255000,4.09274,-7.999999797903001e-05,-1.1079999999999998e-06,1.775999999999981e-08,3.461631912551821e-10,2.1635999453428667
SaveOnEvent_ch1_20260927233252302.wfm,23:32:52.302000,4.092975,-0.007199999876320362,3.2144000000000026e-07,4.707199999999997e-07,-4.649651208324358e-09,-29.060480052023195
SaveOnEvent_ch1_20260927233252454.wfm,23:32:52.454000,4.093735,-0.00015999999595806003,-1.5958399999999999e-06,6.399999999998787e-10,2.5610879353014737e-10,1.6007199595624115
SaveOnEvent_ch1_20260927233252502.wfm,23:32:52.502000,4.093975,-0.01095999963581562,3.4991999999999995e-07,4.052799999999996e-07,-5.817459193929098e-09,-36.35943996204878
SaveOnEvent_ch1_20260927233252655.wfm,23:32:52.655000,4.09474,-0.00015999999595806003,-1.9704e-06,3.6987199999999995e-06,-2.0581759480060993e-10,-1.2863999675028026
SaveOnEvent_ch1_20260927233252702.wfm,23:32:52.702000,4.094975,-0.01071999967098236,1.5856000000000022e-07,3.699200000000002e-07,-6.074470390905625e-09,-37.96583994315006
SaveOnEvent_ch1_20260927233252854.wfm,23:32:52.854000,4.095735,-0.00015999999595806003,-1.64352e-06,2.82976e-06,-7.630719807231809e-11,-0.47695998795097694
SaveOnEvent_ch1_20260927233252902.wfm,23:32:52.902000,4.095975,-0.008080000057816505,3.676800000000002e-07,4.862399999999999e-07,-5.286240015875083e-09,-33.03928009921219
SaveOnEvent_ch1_20260927233253054.wfm,23:32:53.054000,4.096735,-7.999999797903001e-05,-2e-06,3.8968e-06,3.71673590610735e-10,2.3229599413170945
SaveOnEvent_ch1_20260927233253102.wfm,23:32:53.102000,4.096975,-0.011599999852478504,1.1311999999999994e-07,3.534399999999997e-07,-6.24125438421266e-09,-39.00831990133156
SaveOnEvent_ch1_20260927233253254.wfm,23:32:53.254000,4.097735,-0.00015999999595806003,-1.78992e-06,3.6620799999999995e-06,-1.717567956610581e-10,-1.0734399728826247
SaveOnEvent_ch1_20260927233253302.wfm,23:32:53.302000,4.097975,-0.008799999952316284,2.451200000000001e-07,4.3776e-07,-4.9980288030812515e-09,-31.23784001925378
SaveOnEvent_ch1_20260927233253454.wfm,23:32:53.454000,4.098735,-0.00015999999595806003,-1.72e-06,3.2464e-06,-1.6352639586897564e-10,-1.0220799741800874
SaveOnEvent_ch1_20260927233253502.wfm,23:32:53.502000,4.098975,-0.00800000037997961,1.8864000000000003e-07,4.2527999999999985e-07,-5.2357375925220544e-09,-32.72367995325476
SaveOnEvent_ch1_20260927233253654.wfm,23:32:53.654000,4.099735,-0.00015999999595806003,-1.6079999999999999e-06,3.52352e-06,-1.7050879569258542e-10,-1.0656799730786588
SaveOnEvent_ch1_20260927233253702.wfm,23:32:53.702000,4.099975,-0.007360000163316727,3.579200000000001e-07,5.142399999999999e-07,-4.929452805591281e-09,-30.809280034940457
SaveOnEvent_ch1_20260927233253854.wfm,23:32:53.854000,4.100735,-0.00023999999393709004,-5.1952e-07,3.94224e-06,-2.335999940987675e-10,-1.4600799631152768
SaveOnEvent_ch1_20260927233253901.wfm,23:32:53.901000,4.10097,-0.010080000385642052,2.2367999999999995e-07,4.0175999999999986e-07,-5.667590392869897e-09,-35.422719955444336
SaveOnEvent_ch1_20260927233254053.wfm,23:32:54.053000,4.10173,-0.00015999999595806003,-1.84352e-06,2.37584e-06,-1.0723199729109185e-10,-0.6702399830683134
SaveOnEvent_ch1_20260927233254105.wfm,23:32:54.105000,4.10199,-0.007360000163316727,3.4176e-07,4.585599999999999e-07,-4.6247040007053865e-09,-28.90464000441716
SaveOnEvent_ch1_20260927233254254.wfm,23:32:54.254000,4.102735,-0.00015999999595806003,-1.40592e-06,1.7084800000000001e-06,-1.6652799579314826e-11,-0.10407999737071805
SaveOnEvent_ch1_20260927233254301.wfm,23:32:54.301000,4.10297,-0.00824000034481287,4.0016000000000016e-07,4.6208000000000007e-07,-4.577568001199979e-09,-28.60992000749684
SaveOnEvent_ch1_20260927233254453.wfm,23:32:54.453000,4.10373,-0.00023999999393709004,-9.9504e-07,3.912799999999999e-06,-2.1985919444588948e-10,-1.3741599652857985
SaveOnEvent_ch1_20260927233254501.wfm,23:32:54.501000,4.10397,-0.005760000087320805,5.075199999999999e-07,6.1552e-07,-4.360620803202038e-09,-27.254080020007677
SaveOnEvent_ch1_20260927233254654.wfm,23:32:54.654000,4.104735,0.0,-1.47808e-06,,4.405759888701141e-10,2.753679930436192
SaveOnEvent_ch1_20260927233254701.wfm,23:32:54.701000,4.10497,-0.00687999976798892,5.692800000000001e-07,4.7696e-07,-3.9335744102695026e-09,-24.58504006417934
SaveOnEvent_ch1_20260927233254853.wfm,23:32:54.853000,4.10573,-0.00023999999393709004,-1.78336e-06,1.88992e-06,-3.784319904400031e-11,-0.23647999402601272
SaveOnEvent_ch1_20260927233254902.wfm,23:32:54.902000,4.105975,-0.00887999963015318,2.912000000000003e-07,4.0864000000000004e-07,-5.055878406784032e-09,-31.599520042393124
SaveOnEvent_ch1_20260927233255054.wfm,23:32:55.054000,4.106735,-7.999999797903001e-05,-8.988800000000001e-07,2.8979199999999995e-06,1.8681599528063082e-10,1.167679970501922
SaveOnEvent_ch1_20260927233255101.wfm,23:32:55.101000,4.10697,-0.0081599997356534,3.0656000000000033e-07,4.3247999999999997e-07,-4.774086405821145e-09,-29.838320036389632
SaveOnEvent_ch1_20260927233255254.wfm,23:32:55.254000,4.107735,-0.00015999999595806003,-1.7980799999999999e-06,2.08944e-06,3.002239924157037e-11,0.18759999526082538
SaveOnEvent_ch1_20260927233255302.wfm,23:32:55.302000,4.107975,-0.0009599999757483602,-7.359999999999875e-09,7.776000000000008e-08,-3.0149119370151287e-10,-1.884319960634457
SaveOnEvent_ch1_20260927233255454.wfm,23:32:55.454000,4.108735,-7.999999797903001e-05,-1.98048e-06,3.88784e-06,2.396991939446891e-10,1.498159962153295
SaveOnEvent_ch1_20260927233255502.wfm,23:32:55.502000,4.108975,-0.00872000027447939,2.7280000000000017e-07,4.484799999999999e-07,-5.0496960123791355e-09,-31.560800077364547
SaveOnEvent_ch1_20260927233255654.wfm,23:32:55.654000,4.109735,0.0,-1.8607999999999998e-06,,4.3100798911182225e-10,2.6939199319458567
SaveOnEvent_ch1_20260927233255701.wfm,23:32:55.701000,4.10997,-0.012400000356137753,6.992000000000009e-08,3.531200000000002e-07,-6.5989568376191894e-09,-41.24384023511084
SaveOnEvent_ch1_20260927233255853.wfm,23:32:55.853000,4.11073,-7.999999797903001e-05,-1.9688e-06,3.73232e-06,4.957439874764544e-11,0.30991999217076227
SaveOnEvent_ch1_20260927233255901.wfm,23:32:55.901000,4.11097,-0.009279999881982803,1.7424000000000022e-07,3.636799999999999e-07,-5.459295996204018e-09,-34.12103997627855
SaveOnEvent_ch1_20260927233256060.wfm,23:32:56.060000,4.111765,-0.00015999999595806003,8.638399999999999e-07,8.856e-07,-1.9596799504943228e-11,-0.12255999690387398
SaveOnEvent_ch1_20260927233256101.wfm,23:32:56.101000,4.11197,-0.00887999963015318,2.48e-07,4.401600000000002e-07,-5.0647744010319e-09,-31.655120006442303
SaveOnEvent_ch1_20260927233256253.wfm,23:32:56.253000,4.11273,-7.999999797903001e-05,-1.49328e-06,3.4931199999999998e-06,2.446079938206822e-10,1.5287999613792636
SaveOnEvent_ch1_20260927233256301.wfm,23:32:56.301000,4.11297,-0.0007200000109151006,-4.959999999999695e-09,8.047999999999978e-08,2.6992639230564236e-10,1.6870399519102648
SaveOnEvent_ch1_20260927233256454.wfm,23:32:56.454000,4.113735,-0.00015999999595806003,-1.60864e-06,6.719999999999997e-09,2.514559936476869e-10,1.5716799602960236
SaveOnEvent_ch1_20260927233256501.wfm,23:32:56.501000,4.11397,-0.005919999908655882,1.8435200000000004e-06,4.255999999999998e-07,-2.807366399921011e-09,-17.54855999952997
SaveOnEvent_ch1_20260927233256654.wfm,23:32:56.654000,4.114735,-7.999999797903001e-05,-1.28416e-06,2.14112e-06,2.8143359289038924e-10,1.759039955562912
SaveOnEvent_ch1_20260927233256702.wfm,23:32:56.702000,4.114975,-0.01119999960064888,1.6207999999999998e-07,3.7007999999999994e-07,-6.239603189427871e-09,-38.99799993392662
SaveOnEvent_ch1_20260927233256854.wfm,23:32:56.854000,4.115735,-0.00015999999595806003,-1.78224e-06,3.6572799999999996e-06,-6.261759841814609e-11,-0.3913599901134148
SaveOnEvent_ch1_20260927233256902.wfm,23:32:56.902000,4.115975,-0.009039999917149544,2.2320000000000025e-07,4.361599999999999e-07,-5.297324802782387e-09,-33.108560017397394
SaveOnEvent_ch1_20260927233257054.wfm,23:32:57.054000,4.116735,-0.00015999999595806003,1.7907199999999998e-06,7.839999999999996e-09,4.184319894295186e-10,2.61527993393247
SaveOnEvent_ch1_20260927233257102.wfm,23:32:57.102000,4.116975,-0.009039999917149544,1.9840000000000008e-07,3.9632000000000004e-07,-4.679967994366306e-09,-29.249919964786386
SaveOnEvent_ch1_20260927233257254.wfm,23:32:57.254000,4.117735,0.0,-1.93984e-06,,3.801983903953805e-10,2.3763199399691075
SaveOnEvent_ch1_20260927233257302.wfm,23:32:57.302000,4.117975,-0.00791999977082014,3.4207999999999995e-07,4.844800000000001e-07,-4.637043197117746e-09,-28.98175998197985
SaveOnEvent_ch1_20260927233257454.wfm,23:32:57.454000,4.118735,-0.00015999999595806003,1.03616e-06,2.159999999999993e-08,8.117119794944308e-11,0.5073599871830083
SaveOnEvent_ch1_20260927233257502.wfm,23:32:57.502000,4.118975,-0.008960000239312649,2.910400000000001e-07,4.076800000000002e-07,-4.9689728040713814e-09,-31.056320025440073
SaveOnEvent_ch1_20260927233257654.wfm,23:32:57.654000,4.119735,-0.00023999999393709004,-1.68128e-06,3.895039999999999e-06,-2.8966399268247176e-10,-1.8104799542634282
SaveOnEvent_ch1_20260927233257702.wfm,23:32:57.702000,4.119975,-0.008559999987483025,7.100800000000001e-07,5.278400000000001e-07,-5.2932480204175235e-09,-33.083040127618005
SaveOnEvent_ch1_20260927233257854.wfm,23:32:57.854000,4.120735,-0.00015999999595806003,-1.88704e-06,3.7518399999999996e-06,-1.65657595815137e-10,-1.0353599738446064
SaveOnEvent_ch1_20260927233257902.wfm,23:32:57.902000,4.120975,-0.007360000163316727,4.0784e-07,5.182400000000002e-07,-4.67756160862511e-09,-29.234960053901887
SaveOnEvent_ch1_20260927233258054.wfm,23:32:58.054000,4.121735,-0.00015999999595806003,-1.29872e-06,4.32000000000024e-09,9.863679750822484e-11,0.6164799844264053
SaveOnEvent_ch1_20260927233258102.wfm,23:32:58.102000,4.121975,-0.0007200000109151006,-8.959999999999996e-09,8.959999999999996e-08,-1.0206719916779548e-10,-0.6379199947987217
SaveOnEvent_ch1_20260927233258254.wfm,23:32:58.254000,4.122735,-0.00023999999393709004,-1.18112e-06,1.88128e-06,-1.0595199732342723e-10,-0.6621599832724314
SaveOnEvent_ch1_20260927233258302.wfm,23:32:58.302000,4.122975,-0.00887999963015318,2.436800000000002e-07,4.206400000000001e-07,-5.017503987287637e-09,-31.359599920542678
SaveOnEvent_ch1_20260927233258454.wfm,23:32:58.454000,4.123735,-0.00015999999595806003,-1.7967999999999999e-06,4.959999999999907e-09,6.045439847279315e-11,0.37783999045495875
SaveOnEvent_ch1_20260927233258501.wfm,23:32:58.501000,4.12397,-0.008960000239312649,2.0384000000000032e-07,4.255999999999998e-07,-4.817401599746663e-09,-30.108959998411592
SaveOnEvent_ch1_20260927233258654.wfm,23:32:58.654000,4.124735,-0.00015999999595806003,-7.388799999999999e-07,2.7387199999999994e-06,1.2341759688220917e-10,0.7712799805158284
SaveOnEvent_ch1_20260927233258702.wfm,23:32:58.702000,4.124975,-0.007439999841153622,3.6736000000000024e-07,5.041599999999999e-07,-4.710054408325814e-09,-29.438080052030273
SaveOnEvent_ch1_20260927233258854.wfm,23:32:58.854000,4.125735,-0.00015999999595806003,-1.84448e-06,3.53472e-06,-2.3193599414080393e-10,-1.4496799633780029
SaveOnEvent_ch1_20260927233258901.wfm,23:32:58.901000,4.12597,-0.008960000239312649,3.0688000000000027e-07,4.7472e-07,-5.596902395742945e-09,-34.981039973383304
SaveOnEvent_ch1_20260927233259054.wfm,23:32:59.054000,4.126735,-7.999999797903001e-05,-1.94352e-06,3.943359999999999e-06,5.889279851224271e-11,0.3680799907015171
SaveOnEvent_ch1_20260927233259102.wfm,23:32:59.102000,4.126975,-0.011119999922811985,1.3280000000000024e-07,3.511999999999997e-07,-5.595500797296409e-09,-34.97215998309548
SaveOnEvent_ch1_20260927233259254.wfm,23:32:59.254000,4.127735,-0.00015999999595806003,-1.89664e-06,2.62656e-06,5.208319868426774e-11,0.3255199917766731
SaveOnEvent_ch1_20260927233259302.wfm,23:32:59.302000,4.127975,-0.0007999999797903001,-1.3279999999999812e-08,7.424000000000033e-08,4.004479760536927e-11,0.25031998503254727
SaveOnEvent_ch1_20260927233259455.wfm,23:32:59.455000,4.12874,-0.00015999999595806003,-1.9819199999999997e-06,3.1771199999999997e-06,-7.169279818888747e-11,-0.4480799886805471
SaveOnEvent_ch1_20260927233259502.wfm,23:32:59.502000,4.128975,-0.0008800000068731606,-1.1359999999999752e-08,8.76799999999999e-08,-2.0094719628803424e-10,-1.2559999767981935
SaveOnEvent_ch1_20260927233259654.wfm,23:32:59.654000,4.129735,-0.00015999999595806003,1.0424e-06,8.753599999999999e-07,4.190079894149681e-11,0.26191999338334426
SaveOnEvent_ch1_20260927233259702.wfm,23:32:59.702000,4.129975,-0.010320000350475311,2.1952000000000031e-07,3.7728000000000005e-07,-5.4582719910424204e-09,-34.11463994401856
SaveOnEvent_ch1_20260927233259854.wfm,23:32:59.854000,4.130735,-0.00023999999393709004,-1.98288e-06,1.87456e-06,-1.5872639599023394e-10,-0.9920799749379512
SaveOnEvent_ch1_20260927233259901.wfm,23:32:59.901000,4.13097,-0.007120000198483467,2.8288000000000016e-07,5.164799999999999e-07,-4.864307202349882e-09,-30.402160014695255
SaveOnEvent_ch1_20260927233300054.wfm,23:33:00.054000,4.131735,-7.999999797903001e-05,-1.8527999999999999e-06,3.42416e-06,2.0901119471993307e-10,1.3063999669975601
SaveOnEvent_ch1_20260927233300102.wfm,23:33:00.102000,4.131975,-0.01056000031530857,1.648000000000001e-07,3.534400000000001e-07,-5.587199995417614e-09,-34.92031997136655
SaveOnEvent_ch1_20260927233300254.wfm,23:33:00.254000,4.132735,-0.00015999999595806003,-1.18992e-06,2.3927999999999998e-06,2.99199992441572e-11,0.18703999527497217
SaveOnEvent_ch1_20260927233300302.wfm,23:33:00.302000,4.132975,-0.008080000057816505,1.9296000000000027e-07,4.2976000000000027e-07,-4.440031999710482e-09,-27.750479998183437
SaveOnEvent_ch1_20260927233300454.wfm,23:33:00.454000,4.133735,-0.00023999999393709004,8.361599999999999e-07,3.78624e-06,-2.3356159409973756e-10,-1.4598399631213397
SaveOnEvent_ch1_20260927233300501.wfm,23:33:00.501000,4.13397,-0.007280000019818544,6.030400000000002e-07,5.211200000000001e-07,-4.56667521271389e-09,-28.54200007946929
SaveOnEvent_ch1_20260927233300654.wfm,23:33:00.654000,4.134735,-7.999999797903001e-05,-1.6856e-06,3.43584e-06,1.5738239602418582e-10,0.9837599751481321
SaveOnEvent_ch1_20260927233300702.wfm,23:33:00.702000,4.134975,-0.00887999963015318,2.1856000000000007e-07,4.4303999999999966e-07,-5.068454401446506e-09,-31.67816000903258
SaveOnEvent_ch1_20260927233300854.wfm,23:33:00.854000,4.135735,-7.999999797903001e-05,-1.99744e-06,3.99728e-06,1.0766719728009782e-10,0.6728799830016214
SaveOnEvent_ch1_20260927233300901.wfm,23:33:00.901000,4.13597,-0.010479999706149101,3.0144000000000003e-07,4.222399999999998e-07,-6.049862416628747e-09,-37.811920103937155
SaveOnEvent_ch1_20260927233301054.wfm,23:33:01.054000,4.136735,-7.999999797903001e-05,1.98896e-06,3.5199999999997562e-09,5.033983872830868e-10,3.1463199205172714
SaveOnEvent_ch1_20260927233301102.wfm,23:33:01.102000,4.136975,-0.009119999594986439,2.48e-07,4.2032000000000015e-07,-5.589708795563783e-09,-34.936079972278094
SaveOnEvent_ch1_20260927233301254.wfm,23:33:01.254000,4.137735,-0.00015999999595806003,-1.02544e-06,2.98336e-06,-8.644479781622048e-11,-0.5403199863503687
SaveOnEvent_ch1_20260927233301301.wfm,23:33:01.301000,4.13797,-0.00839999970048666,2.552000000000001e-07,4.222400000000002e-07,-4.695084792121779e-09,-29.344559950754046
SaveOnEvent_ch1_20260927233301453.wfm,23:33:01.453000,4.13873,-0.00015999999595806003,-6.727999999999999e-07,2.5267199999999996e-06,-1.8489599532913268e-11,-0.11551999708171934
SaveOnEvent_ch1_20260927233301501.wfm,23:33:01.501000,4.13897,-0.008559999987483025,1.9536000000000002e-07,4.182399999999999e-07,-5.048179222268519e-09,-31.551360139186727
SaveOnEvent_ch1_20260927233301653.wfm,23:33:01.653000,4.13973,-0.00023999999393709004,-1.35312e-06,3.8958399999999994e-06,-4.4106238885782676e-10,-2.756719930359395
SaveOnEvent_ch1_20260927233301701.wfm,23:33:01.701000,4.13997,-0.006719999946653843,5.961600000000001e-07,4.852800000000001e-07,-3.9986880055884824e-09,-24.992000034922967
SaveOnEvent_ch1_20260927233301853.wfm,23:33:01.853000,4.14073,-0.00015999999595806003,-1.5166399999999998e-06,2.9211199999999996e-06,-1.2599039681721491e-10,-0.7874399801075924
SaveOnEvent_ch1_20260927233301902.wfm,23:33:01.902000,4.140975,-0.010239999741315842,2.5808e-07,4.345600000000002e-07,-5.923571211867964e-09,-37.0226400741667
SaveOnEvent_ch1_20260927233302054.wfm,23:33:02.054000,4.141735,-0.00015999999595806003,-1.8329599999999998e-06,4.332799999999998e-07,1.7409279560204592e-10,1.0880799725127872
SaveOnEvent_ch1_20260927233302101.wfm,23:33:02.101000,4.14197,-0.008960000239312649,3.7872e-07,4.393599999999997e-07,-5.2516607972304346e-09,-32.8231199826987
SaveOnEvent_ch1_20260927233302253.wfm,23:33:02.253000,4.14273,-0.00015999999595806003,4.390399999999998e-07,1.2160000000000236e-08,2.2396159434225389e-10,1.3998399646370672
SaveOnEvent_ch1_20260927233302301.wfm,23:33:02.301000,4.14297,-0.0008800000068731606,-1.2159999999999812e-08,8.38400000000002e-08,3.411199801135783e-11,0.21319998757098801
SaveOnEvent_ch1_20260927233302453.wfm,23:33:02.453000,4.14373,-0.00023999999393709004,-1.02176e-06,3.71584e-06,-3.479359912103974e-10,-2.174639945063973
SaveOnEvent_ch1_20260927233302501.wfm,23:33:02.501000,4.14397,-0.010239999741315842,1.876800000000002e-07,3.8560000000000017e-07,-5.153376013641245e-09,-32.208800085267285
SaveOnEvent_ch1_20260927233302653.wfm,23:33:02.653000,4.14473,-0.00015999999595806003,-1.99712e-06,3.99696e-06,-3.049599922960623e-11,-0.19071999518200755
SaveOnEvent_ch1_20260927233302701.wfm,23:33:02.701000,4.14497,-0.0007999999797903001,-2.719999999999696e-09,3.56799999999998e-08,4.796159873437136e-10,2.9976799208961893
SaveOnEvent_ch1_20260927233302858.wfm,23:33:02.858000,4.145755,-0.00015999999595806003,-1.0497599999999998e-06,2.6380799999999997e-06,-1.0005119747249419e-10,-0.6253599842020776
SaveOnEvent_ch1_20260927233302907.wfm,23:33:02.907000,4.146,-0.011359999887645245,1.3152000000000006e-07,3.547199999999999e-07,-6.33647360318806e-09,-39.60344001991325
SaveOnEvent_ch1_20260927233303054.wfm,23:33:03.054000,4.146735,-7.999999797903001e-05,-1.257600000000001e-07,9.280000000000147e-09,3.9513599001802506e-10,2.4696799376106355
SaveOnEvent_ch1_20260927233303101.wfm,23:33:03.101000,4.14697,-0.010879999957978725,1.670400000000001e-07,3.6944000000000006e-07,-5.922598416607361e-09,-37.016560103802476
SaveOnEvent_ch1_20260927233303254.wfm,23:33:03.254000,4.147735,-0.00023999999393709004,-1.9030399999999999e-06,3.71392e-06,-1.990847949706949e-10,-1.2443199685658328
SaveOnEvent_ch1_20260927233303301.wfm,23:33:03.301000,4.14797,-0.0008800000068731606,-1.0399999999999934e-08,8.04800000000002e-08,-2.7078400340397048e-11,-0.1692800021264702
SaveOnEvent_ch1_20260927233303453.wfm,23:33:03.453000,4.14873,-0.00015999999595806003,-8.6816e-07,9.591999999999999e-07,-2.6604799327905987e-11,-0.1663199957984034
SaveOnEvent_ch1_20260927233303501.wfm,23:33:03.501000,4.14897,-0.009519999846816063,3.2639999999999996e-07,4.0640000000000004e-07,-5.36094718973618e-09,-33.50623993584304
SaveOnEvent_ch1_20260927233303654.wfm,23:33:03.654000,4.149735,-0.00015999999595806003,-1.56608e-06,2.4443199999999997e-06,-7.432319812243812e-11,-0.46447998826624826
SaveOnEvent_ch1_20260927233303701.wfm,23:33:03.701000,4.14997,-0.008799999952316284,1.7648000000000021e-07,4.289599999999998e-07,-5.017011202871799e-09,-31.356560017942684
SaveOnEvent_ch1_20260927233303855.wfm,23:33:03.855000,4.15074,0.0,9.344000000000007e-08,,7.645375806861558e-10,4.778559879283421
SaveOnEvent_ch1_20260927233303902.wfm,23:33:03.902000,4.150975,-0.0077599999494850636,2.9744000000000015e-07,4.774399999999997e-07,-4.637875200239941e-09,-28.986880001495592
SaveOnEvent_ch1_20260927233304054.wfm,23:33:04.054000,4.151735,-0.00015999999595806003,-1.61296e-06,3.6127999999999995e-06,-1.4288639639038574e-10,-0.8931199774378911
SaveOnEvent_ch1_20260927233304101.wfm,23:33:04.101000,4.15197,-0.009759999811649323,2.729599999999999e-07,4.283199999999999e-07,-5.905312001944985e-09,-36.908480012149084
SaveOnEvent_ch1_20260927233304253.wfm,23:33:04.253000,4.15273,-0.00023999999393709004,-1.4416e-07,3.29344e-06,-2.645375933172182e-10,-1.6533599582326133
SaveOnEvent_ch1_20260927233304302.wfm,23:33:04.302000,4.152975,-0.009440000168979168,1.8848000000000027e-07,4.103999999999999e-07,-5.348377581350505e-09,-33.427679883432575
SaveOnEvent_ch1_20260927233304454.wfm,23:33:04.454000,4.153735,-7.999999797903001e-05,1.4559999999999993e-07,9.2256e-07,3.956223900057376e-10,2.4726399375358596
SaveOnEvent_ch1_20260927233304504.wfm,23:33:04.504000,4.153985,-0.00863999966531992,3.0304000000000015e-07,5.167999999999999e-07,-5.9440063897869545e-09,-37.15047993615735
SaveOnEvent_ch1_20260927233304654.wfm,23:33:04.654000,4.154735,-0.00015999999595806003,-1.48368e-06,3.2543999999999997e-06,-1.5216639615595342e-10,-0.9510399759747088
SaveOnEvent_ch1_20260927233304701.wfm,23:33:04.701000,4.15497,-0.0008800000068731606,-2.239999999999999e-09,8.239999999999984e-08,7.843199715716774e-11,0.4902399822312873
SaveOnEvent_ch1_20260927233304854.wfm,23:33:04.854000,4.155735,-0.00015999999595806003,-1.8540799999999998e-06,3.59744e-06,-1.2297599689336482e-10,-0.7686399805825204
SaveOnEvent_ch1_20260927233304901.wfm,23:33:04.901000,4.15597,-0.01071999967098236,1.6960000000000004e-07,3.7536e-07,-5.768716797465458e-09,-36.05471998415305
SaveOnEvent_ch1_20260927233305054.wfm,23:33:05.054000,4.156735,-0.00015999999595806003,1.0328e-06,2.948799999999998e-07,1.0765439728042109e-10,0.6728799830016214
SaveOnEvent_ch1_20260927233305101.wfm,23:33:05.101000,4.15697,-0.00839999970048666,3.0432000000000033e-07,4.675199999999999e-07,-5.280428806291893e-09,-33.00296003933181
SaveOnEvent_ch1_20260927233305254.wfm,23:33:05.254000,4.157735,-0.00015999999595806003,-1.5534399999999999e-06,9.491199999999999e-07,1.4790399626362947e-11,0.0924799976637587
SaveOnEvent_ch1_20260927233305301.wfm,23:33:05.301000,4.15797,-0.007439999841153622,3.2880000000000014e-07,4.918399999999999e-07,-4.8908416034979745e-09,-30.5679200218583
SaveOnEvent_ch1_20260927233305453.wfm,23:33:05.453000,4.15873,-7.999999797903001e-05,-3.9744000000000004e-07,1.86752e-06,2.2568959429860125e-10,1.4106399643642362
SaveOnEvent_ch1_20260927233305501.wfm,23:33:05.501000,4.15897,-0.007199999876320362,3.9664e-07,4.804799999999998e-07,-4.640518408920616e-09,-29.003520055761328
SaveOnEvent_ch1_20260927233305654.wfm,23:33:05.654000,4.159735,-0.00015999999595806003,-3.902399999999999e-07,2.1558399999999996e-06,-2.995839924318707e-11,-0.18719999527093023
SaveOnEvent_ch1_20260927233305701.wfm,23:33:05.701000,4.15997,-0.0009599999757483602,-9.760000000000056e-09,7.42399999999999e-08,9.139198744669601e-12,0.05719999215216376
SaveOnEvent_ch1_20260927233305854.wfm,23:33:05.854000,4.160735,-0.00015999999595806003,-1.73712e-06,1.90896e-06,-9.35039976378898e-12,-0.05847999852267094
SaveOnEvent_ch1_20260927233305901.wfm,23:33:05.901000,4.16097,-0.00887999963015318,1.6832000000000028e-07,5.044799999999999e-07,-5.80314238649793e-09,-36.26991991561954
SaveOnEvent_ch1_20260927233306054.wfm,23:33:06.054000,4.161735,-0.00015999999595806003,-1.27136e-06,3.19168e-06,-2.624383933702482e-10,-1.6403199585620314
SaveOnEvent_ch1_20260927233306101.wfm,23:33:06.101000,4.16197,-0.01071999967098236,2.2496000000000013e-07,3.7984e-07,-5.5746303971810255e-09,-34.841679982375354
SaveOnEvent_ch1_20260927233306254.wfm,23:33:06.254000,4.162735,-0.00015999999595806003,-1.9740799999999997e-06,3.5123199999999995e-06,-1.4552319632377477e-10,-0.9095199770235922
SaveOnEvent_ch1_20260927233306301.wfm,23:33:06.301000,4.16297,-0.0025599999353289604,1.3163200000000001e-06,1.1975999999999998e-06,-2.934150413670577e-09,-18.33936008546152
SaveOnEvent_ch1_20260927233306455.wfm,23:33:06.455000,4.16374,-0.00015999999595806003,-8.918399999999999e-07,1.3599999999999963e-08,7.769599803723277e-12,0.04863999877125025
SaveOnEvent_ch1_20260927233306501.wfm,23:33:06.501000,4.16397,-0.009200000204145908,2.4128e-07,4.307200000000001e-07,-5.2120831859903404e-09,-32.57567991243559
SaveOnEvent_ch1_20260927233306654.wfm,23:33:06.654000,4.164735,-0.00015999999595806003,1.3582399999999998e-06,1.1360000000000176e-08,2.3034239418106146e-10,1.4396799636306241
SaveOnEvent_ch1_20260927233306701.wfm,23:33:06.701000,4.16497,-0.009279999881982803,2.910400000000001e-07,4.199999999999998e-07,-5.105094400949309e-09,-31.90696000593016
SaveOnEvent_ch1_20260927233306853.wfm,23:33:06.853000,4.16573,-0.00015999999595806003,-1.6576e-06,2.328e-06,-1.030719973961821e-10,-0.6442399837251287
SaveOnEvent_ch1_20260927233306901.wfm,23:33:06.901000,4.16597,-0.0007999999797903001,-1.1839999999999873e-08,7.407999999999972e-08,1.691263952618466e-10,1.0571999703824986
SaveOnEvent_ch1_20260927233307053.wfm,23:33:07.053000,4.16673,-7.999999797903001e-05,1.40144e-06,5.599999999999997e-09,4.186495894240217e-10,2.6166399338981137
SaveOnEvent_ch1_20260927233307104.wfm,23:33:07.104000,4.166985,-0.011599999852478504,1.865600000000002e-07,3.982399999999997e-07,-6.4658944029686975e-09,-40.41224001854425
SaveOnEvent_ch1_20260927233307254.wfm,23:33:07.254000,4.167735,-0.00015999999595806003,7.672e-07,9.372799999999998e-07,1.4991999621270237e-10,0.9370399763283785
SaveOnEvent_ch1_20260927233307301.wfm,23:33:07.301000,4.16797,-0.009359999559819698,2.2416000000000007e-07,4.4767999999999984e-07,-5.321919988039881e-09,-33.26239992523915
SaveOnEvent_ch1_20260927233307453.wfm,23:33:07.453000,4.16873,-0.00015999999595806003,-1.4183999999999998e-06,3.4025599999999996e-06,-3.2006399191450316e-11,-0.20007999494555406
SaveOnEvent_ch1_20260927233307501.wfm,23:33:07.501000,4.16897,-0.0009599999757483602,-2.047999999999993e-08,9.360000000000026e-08,-4.5835518966428935e-10,-2.8647999353997875
SaveOnEvent_ch1_20260927233307654.wfm,23:33:07.654000,4.169735,-0.00023999999393709004,1.13696e-06,3.4088e-06,-2.7494399305433037e-10,-1.7183999565895647
SaveOnEvent_ch1_20260927233307701.wfm,23:33:07.701000,4.16997,-0.009200000204145908,2.0064000000000008e-07,4.326399999999997e-07,-5.2699903924460514e-09,-32.937839952792274
SaveOnEvent_ch1_20260927233307853.wfm,23:33:07.853000,4.17073,-0.00023999999393709004,-3.9007999999999996e-07,3.83872e-06,-1.6593919580802327e-10,-1.037119973800145
SaveOnEvent_ch1_20260927233307901.wfm,23:33:07.901000,4.17097,-0.0009599999757483602,-1.4879999999999932e-08,8.560000000000008e-08,-4.252543904352933e-10,-2.6579199402185623
SaveOnEvent_ch1_20260927233308053.wfm,23:33:08.053000,4.17173,-0.00015999999595806003,-1.99376e-06,1.12576e-06,1.1898239699425197e-10,0.743679981213063
SaveOnEvent_ch1_20260927233308101.wfm,23:33:08.101000,4.17197,-0.005840000230818987,8.819200000000001e-07,7.401599999999999e-07,-5.082323217322119e-09,-31.765040108264657
SaveOnEvent_ch1_20260927233308254.wfm,23:33:08.254000,4.172735,-0.00015999999595806003,1.3462399999999998e-06,,1.6725119577487919e-10,1.0453599735919852
SaveOnEvent_ch1_20260927233308301.wfm,23:33:08.301000,4.17297,-0.010080000385642052,1.7904000000000015e-07,3.7296000000000024e-07,-5.329836810014676e-09,-33.31176006258465
SaveOnEvent_ch1_20260927233308454.wfm,23:33:08.454000,4.173735,-0.00015999999595806003,-1.77744e-06,3.3612799999999998e-06,-9.461119760992013e-11,-0.5913599850609899
SaveOnEvent_ch1_20260927233308501.wfm,23:33:08.501000,4.17397,-0.010239999741315842,3.5008000000000013e-07,4.1536000000000003e-07,-6.076428795976098e-09,-37.97807997485506
SaveOnEvent_ch1_20260927233308654.wfm,23:33:08.654000,4.174735,-0.00015999999595806003,-1.5176e-06,2.63696e-06,-9.46559976087886e-11,-0.591679985052906
SaveOnEvent_ch1_20260927233308702.wfm,23:33:08.702000,4.174975,-0.009359999559819698,1.8912000000000015e-07,3.9679999999999974e-07,-5.655577588304878e-09,-35.34775992689538
SaveOnEvent_ch1_20260927233308854.wfm,23:33:08.854000,4.175735,-0.00023999999393709004,1.73008e-06,3.3748799999999995e-06,-1.953343950654379e-10,-1.220879969157977
SaveOnEvent_ch1_20260927233308902.wfm,23:33:08.902000,4.175975,-0.01056000031530857,2.0848000000000008e-07,4.015999999999997e-07,-5.7109248081501575e-09,-35.6936000509304
SaveOnEvent_ch1_20260927233309056.wfm,23:33:09.056000,4.176745,-0.00015999999595806003,-5.958399999999999e-07,2.5035200000000004e-06,1.457279963186008e-11,0.09111999769811518
SaveOnEvent_ch1_20260927233309102.wfm,23:33:09.102000,4.176975,-0.0008800000068731606,-1.1199999999999994e-09,8.224000000000008e-08,8.1676796800457e-11,0.5105599800008349
SaveOnEvent_ch1_20260927233309254.wfm,23:33:09.254000,4.177735,-0.00015999999595806003,-1.98736e-06,3.83072e-06,-1.9729279501596478e-10,-1.2331199688487686
SaveOnEvent_ch1_20260927233309302.wfm,23:33:09.302000,4.177975,-0.010080000385642052,3.601600000000001e-07,4.0448e-07,-5.4835904163518e-09,-34.27264010219369
SaveOnEvent_ch1_20260927233309454.wfm,23:33:09.454000,4.178735,-0.00015999999595806003,-1.8750399999999999e-06,3.86704e-06,-1.7639679554384204e-10,-1.1025599721469916
SaveOnEvent_ch1_20260927233309501.wfm,23:33:09.501000,4.17897,-0.00887999963015318,2.406400000000001e-07,4.220799999999996e-07,-5.13394559104694e-09,-32.087439944036305
SaveOnEvent_ch1_20260927233309654.wfm,23:33:09.654000,4.179735,-7.999999797903001e-05,-1.11744e-06,2.8619199999999998e-06,3.695551906642506e-10,2.3097599416505545
SaveOnEvent_ch1_20260927233309702.wfm,23:33:09.702000,4.179975,-0.0007999999797903001,-4.1600000000000584e-09,8.192000000000014e-08,-2.1316479542525466e-10,-1.3322399714088533
SaveOnEvent_ch1_20260927233309855.wfm,23:33:09.855000,4.18074,-0.00015999999595806003,-1.9928e-06,3.9056e-06,-1.6502399583114307e-10,-1.031439973943634
SaveOnEvent_ch1_20260927233309902.wfm,23:33:09.902000,4.180975,-0.0007999999797903001,-9.279999999999935e-09,7.48800000000002e-08,3.111679916223513e-10,1.9448799476376735
SaveOnEvent_ch1_20260927233310054.wfm,23:33:10.054000,4.181735,-0.00015999999595806003,-1.67472e-06,1.6465599999999998e-06,-4.8851198765915136e-11,-0.30527999228797853
SaveOnEvent_ch1_20260927233310101.wfm,23:33:10.101000,4.18197,-0.0009599999757483602,-9.439999999999693e-09,9.439999999999989e-08,-3.1114239355549226e-10,-1.944719959719805
SaveOnEvent_ch1_20260927233310254.wfm,23:33:10.254000,4.182735,-7.999999797903001e-05,-1.4494399999999999e-06,1.6147199999999997e-06,3.1611519201425853e-10,1.9758399500860833
SaveOnEvent_ch1_20260927233310302.wfm,23:33:10.302000,4.182975,-0.009600000455975533,2.4672000000000024e-07,4.1808000000000015e-07,-5.663871991401538e-09,-35.39959994624951
SaveOnEvent_ch1_20260927233310454.wfm,23:33:10.454000,4.183735,-0.00023999999393709004,-1.3679999999999999e-06,3.2476799999999997e-06,-4.2335998930502505e-11,-0.2646399933146313
SaveOnEvent_ch1_20260927233310501.wfm,23:33:10.501000,4.18397,-0.007840000092983246,3.8896000000000017e-07,4.964800000000001e-07,-4.868064003267791e-09,-30.425600020418642
SaveOnEvent_ch1_20260927233310654.wfm,23:33:10.654000,4.184735,-0.00015999999595806003,-9.488000000000001e-08,2.0745599999999998e-06,-8.012799797579637e-11,-0.5007999873487279
SaveOnEvent_ch1_20260927233310702.wfm,23:33:10.702000,4.184975,-0.01056000031530857,1.7968000000000003e-07,3.796799999999998e-07,-5.806835200185888e-09,-36.29304000115371
SaveOnEvent_ch1_20260927233310854.wfm,23:33:10.854000,4.185735,-0.00023999999393709004,-1.8539199999999999e-06,3.1076799999999998e-06,-1.8832639524247502e-10,-1.1771199702634476
SaveOnEvent_ch1_20260927233310902.wfm,23:33:10.902000,4.185975,-0.011760000139474869,1.2160000000000024e-07,3.3759999999999995e-07,-6.16335999382427e-09,-38.52127996139461
SaveOnEvent_ch1_20260927233311054.wfm,23:33:11.054000,4.186735,-7.999999797903001e-05,-4.2752000000000006e-07,1.1359999999999964e-08,3.9368319005472567e-10,2.460639937839005
SaveOnEvent_ch1_20260927233311102.wfm,23:33:11.102000,4.186975,-0.005840000230818987,6.158399999999999e-07,5.945599999999999e-07,-3.9292224010289644e-09,-24.557760006427998
SaveOnEvent_ch1_20260927233311254.wfm,23:33:11.254000,4.187735,-7.999999797903001e-05,-1.86912e-06,3.79248e-06,2.3661439402261735e-10,1.4789599626383279
SaveOnEvent_ch1_20260927233311302.wfm,23:33:11.302000,4.187975,-0.009200000204145908,3.0912000000000027e-07,5.052799999999999e-07,-5.8871103909448725e-09,-36.79471994339838
SaveOnEvent_ch1_20260927233311454.wfm,23:33:11.454000,4.188735,-0.00015999999595806003,-1.96768e-06,8.308800000000003e-07,1.0078079745406301e-10,0.6299199840868823
SaveOnEvent_ch1_20260927233311502.wfm,23:33:11.502000,4.188975,-0.0069599999114871025,4.7055999999999995e-07,5.443199999999997e-07,-4.7309439944545736e-09,-29.568639965349576
SaveOnEvent_ch1_20260927233311654.wfm,23:33:11.654000,4.189735,-0.00023999999393709004,1.94848e-06,3.7292800000000003e-06,-2.483327937265858e-10,-1.5521599607891403
SaveOnEvent_ch1_20260927233311702.wfm,23:33:11.702000,4.1899750000000004,-0.009039999917149544,2.9808000000000003e-07,4.742399999999999e-07,-5.544960010673385e-09,-34.656320066715125
SaveOnEvent_ch1_20260927233311854.wfm,23:33:11.854000,4.190735,-7.999999797903001e-05,-2e-06,3.83072e-06,2.504191936738789e-10,1.5651199604617432
SaveOnEvent_ch1_20260927233311902.wfm,23:33:11.902000,4.190975,-0.009279999881982803,2.6175999999999993e-07,4.3616000000000033e-07,-5.411084792835173e-09,-33.819599955226295
SaveOnEvent_ch1_20260927233312054.wfm,23:33:12.054000,4.191735,-7.999999797903001e-05,-1.90352e-06,3.7777599999999994e-06,1.2508159684017287e-10,0.7818399802490603
SaveOnEvent_ch1_20260927233312102.wfm,23:33:12.102000,4.191975,-0.01056000031530857,2.1728000000000032e-07,4.0735999999999986e-07,-6.027763207829557e-09,-37.67384004892665
SaveOnEvent_ch1_20260927233312254.wfm,23:33:12.254000,4.192735,-0.00023999999393709004,1.91328e-06,3.9175999999999996e-06,-2.7006719317752873e-10,-1.6879999573575333
SaveOnEvent_ch1_20260927233312302.wfm,23:33:12.302000,4.192975,-0.0010400000028312206,-1.3759999999999933e-08,6.672000000000027e-08,-2.3999999517109236e-10,-1.4999999698193278
SaveOnEvent_ch1_20260927233312454.wfm,23:33:12.454000,4.193735,-0.00015999999595806003,4.484799999999999e-07,1.4000000000000001e-06,-3.199999919162598e-13,-0.0019999999494757503
SaveOnEvent_ch1_20260927233312502.wfm,23:33:12.502000,4.193975,-0.010479999706149101,1.6944000000000028e-07,4.003199999999999e-07,-6.020825618156232e-09,-37.630480113468366
SaveOnEvent_ch1_20260927233312654.wfm,23:33:12.654000,4.194735,-0.00015999999595806003,-1.98384e-06,3.89632e-06,-1.8021119544748216e-10,-1.1263199715467636
SaveOnEvent_ch1_20260927233312701.wfm,23:33:12.701000,4.19497,-0.0010400000028312206,-3.5199999999997562e-09,8.464000000000026e-08,-3.600127918785438e-10,-2.2500799492408987
SaveOnEvent_ch1_20260927233312854.wfm,23:33:12.854000,4.195735,-0.00015999999595806003,1.4031999999999987e-07,3.054399999999999e-07,1.592319959774621e-11,0.09951999748591334
SaveOnEvent_ch1_20260927233312902.wfm,23:33:12.902000,4.195975,-0.008799999952316284,3.825600000000001e-07,4.1872000000000003e-07,-4.785267206956632e-09,-29.90808004347491
SaveOnEvent_ch1_20260927233313054.wfm,23:33:13.054000,4.196735,-0.00015999999595806003,-1.9281599999999998e-06,3.903999999999999e-06,-1.9886719497619203e-10,-1.2428799686022103
SaveOnEvent_ch1_20260927233313102.wfm,23:33:13.102000,4.196975,-0.009999999776482582,1.899200000000002e-07,4.1183999999999985e-07,-5.4995455933408804e-09,-34.37247995837242
SaveOnEvent_ch1_20260927233313254.wfm,23:33:13.254000,4.197735,-7.999999797903001e-05,-7.1696e-07,2.6296e-06,2.536831935914235e-10,1.5855999599443749
SaveOnEvent_ch1_20260927233313302.wfm,23:33:13.302000,4.197975,-0.009680000133812428,3.635200000000001e-07,4.401600000000002e-07,-6.01040641663596e-09,-37.56536010396667
SaveOnEvent_ch1_20260927233313454.wfm,23:33:13.454000,4.198735,-0.00015999999595806003,-1.96048e-06,1.0736e-06,-1.882239952450611e-11,-0.11767999702715315
SaveOnEvent_ch1_20260927233313502.wfm,23:33:13.502000,4.198975,-0.00872000027447939,1.8559999999999997e-07,4.215999999999999e-07,-4.948358411861117e-09,-30.927440074126935
SaveOnEvent_ch1_20260927233313654.wfm,23:33:13.654000,4.199735,-7.999999797903001e-05,5.295999999999991e-08,1.0486399999999998e-06,3.4293759133666754e-10,2.14351994585013
SaveOnEvent_ch1_20260927233313702.wfm,23:33:13.702000,4.199975,-0.009119999594986439,2.4607999999999994e-07,4.152000000000003e-07,-5.365279990423005e-09,-33.53319994013873
SaveOnEvent_ch1_20260927233313854.wfm,23:33:13.854000,4.200735,-0.00023999999393709004,9.980800000000001e-07,1.5731200000000004e-06,-7.058559821685795e-11,-0.4411999888543505
SaveOnEvent_ch1_20260927233313902.wfm,23:33:13.902000,4.200975,-0.007679999805986881,6.990400000000003e-07,5.241599999999997e-07,-5.279980798864272e-09,-33.0002399928926
SaveOnEvent_ch1_20260927233314054.wfm,23:33:14.054000,4.201735,-7.999999797903001e-05,5.555200000000001e-07,7.380799999999996e-07,4.010111898696051e-10,2.5063999366830103
SaveOnEvent_ch1_20260927233314102.wfm,23:33:14.102000,4.201975,-0.009759999811649323,1.4048000000000005e-07,3.755200000000002e-07,-5.488204798805526e-09,-34.30151999252848
SaveOnEvent_ch1_20260927233314254.wfm,23:33:14.254000,4.202735,-0.00023999999393709004,-1.8856e-06,3.94928e-06,-3.3136639162898044e-10,-2.071119947679108
SaveOnEvent_ch1_20260927233314302.wfm,23:33:14.302000,4.202975,-0.007360000163316727,5.323200000000001e-07,5.246400000000003e-07,-4.870137613180559e-09,-30.43864008237142
SaveOnEvent_ch1_20260927233314454.wfm,23:33:14.454000,4.203735,-0.00023999999393709004,1.4998399999999999e-06,3.8038399999999997e-06,-2.100991946924479e-10,-1.3131999668257777
SaveOnEvent_ch1_20260927233314501.wfm,23:33:14.501000,4.20397,-0.011359999887645245,1.268800000000003e-07,3.905600000000003e-07,-6.571359989570919e-09,-41.07135993480915
SaveOnEvent_ch1_20260927233314654.wfm,23:33:14.654000,4.204735,-7.999999797903001e-05,1.8539199999999994e-06,4.320000000000663e-09,4.3003518913639715e-10,2.6878399320994504
SaveOnEvent_ch1_20260927233314702.wfm,23:33:14.702000,4.204975,-0.00872000027447939,1.6576000000000034e-07,4.188799999999998e-07,-5.2506432081246744e-09,-32.816800050786696
SaveOnEvent_ch1_20260927233314854.wfm,23:33:14.854000,4.205735,-7.999999797903001e-05,-2.0255999999999993e-07,1.47584e-06,2.985343924583866e-10,1.865919952862896
SaveOnEvent_ch1_20260927233314902.wfm,23:33:14.902000,4.2059750000000005,-0.00848000030964613,2.652800000000001e-07,4.479999999999998e-07,-5.284844802001024e-09,-33.030640012497315
SaveOnEvent_ch1_20260927233315054.wfm,23:33:15.054000,4.206735,0.0,-4.215999999999999e-07,,4.52383988571819e-10,2.827519928570837
SaveOnEvent_ch1_20260927233315102.wfm,23:33:15.102000,4.206975,-0.01056000031530857,1.5600000000000029e-07,3.5744e-07,-5.7323328138398945e-09,-35.82744008649024
SaveOnEvent_ch1_20260927233315254.wfm,23:33:15.254000,4.207735,-0.00015999999595806003,-1.94112e-06,3.80128e-06,-1.8125439542112874e-10,-1.132879971381044
SaveOnEvent_ch1_20260927233315302.wfm,23:33:15.302000,4.207975,-0.008960000239312649,4.0752000000000004e-07,4.2351999999999997e-07,-4.954355195742099e-09,-30.965039973380044
SaveOnEvent_ch1_20260927233315454.wfm,23:33:15.454000,4.208735,-0.00023999999393709004,-1.5879999999999999e-06,2.8110399999999997e-06,-1.6643199579557405e-10,-1.0403199737193063
SaveOnEvent_ch1_20260927233315501.wfm,23:33:15.501000,4.20897,-0.009279999881982803,2.990400000000003e-07,4.281599999999997e-07,-5.391136004480067e-09,-33.69480002799537
SaveOnEvent_ch1_20260927233315654.wfm,23:33:15.654000,4.209735,-0.00015999999595806003,-1.96336e-06,3.6524799999999996e-06,-8.063999796286202e-12,-0.05039999872678891
SaveOnEvent_ch1_20260927233315702.wfm,23:33:15.702000,4.209975,-0.00824000034481287,3.452800000000002e-07,4.6031999999999977e-07,-4.59437441531336e-09,-28.715040095703444
SaveOnEvent_ch1_20260927233315854.wfm,23:33:15.854000,4.210735,-0.00015999999595806003,-1.7836799999999998e-06,1.1935999999999982e-07,8.250879791565247e-11,0.5156799869728275
SaveOnEvent_ch1_20260927233315902.wfm,23:33:15.902000,4.210975,-0.0008800000068731606,-2.8799999999998776e-09,7.823999999999978e-08,-1.575359969981948e-10,-0.9845599812397268
SaveOnEvent_ch1_20260927233316054.wfm,23:33:16.054000,4.211735,-0.00015999999595806003,-1.9992e-06,3.988e-06,-1.0309119739569725e-10,-0.6443999837210868
SaveOnEvent_ch1_20260927233316102.wfm,23:33:16.102000,4.211975,-0.0010400000028312206,-6.559999999999815e-09,8.735999999999996e-08,-4.3645439031999553e-10,-2.7279199394979514
SaveOnEvent_ch1_20260927233316254.wfm,23:33:16.254000,4.212735,-0.00015999999595806003,-1.7678399999999999e-06,3.7531200000000002e-06,-1.7569919556146472e-10,-1.098159972258145
SaveOnEvent_ch1_20260927233316302.wfm,23:33:16.302000,4.212975,-0.0008800000068731606,-1.4559999999999993e-08,8.512000000000038e-08,1.0924799604341392e-10,0.6828799752693158
SaveOnEvent_ch1_20260927233316454.wfm,23:33:16.454000,4.213735,-0.00023999999393709004,-7.185599999999999e-07,3.97744e-06,-1.7420159559929734e-10,-1.0887999724945985
SaveOnEvent_ch1_20260927233316502.wfm,23:33:16.502000,4.213975,-0.010479999706149101,2.6399999999999993e-07,4.174400000000003e-07,-5.575027213869616e-09,-34.84416008667904
SaveOnEvent_ch1_20260927233316654.wfm,23:33:16.654000,4.214735,-0.00015999999595806003,1.2359999999999997e-06,6.017600000000001e-07,2.682239932240885e-11,0.16759999576606788
SaveOnEvent_ch1_20260927233316702.wfm,23:33:16.702000,4.214975,-0.00791999977082014,3.5744e-07,5.209599999999999e-07,-5.214355207672343e-09,-32.59000004795962
SaveOnEvent_ch1_20260927233316855.wfm,23:33:16.855000,4.21574,-0.00023999999393709004,-1.7803199999999998e-06,3.97216e-06,-2.67833593233954e-10,-1.674079957709182
SaveOnEvent_ch1_20260927233316902.wfm,23:33:16.902000,4.215975,-0.009600000455975533,2.436800000000002e-07,4.1920000000000015e-07,-5.235718403870706e-09,-32.72344002418686
SaveOnEvent_ch1_20260927233317054.wfm,23:33:17.054000,4.216735,-0.00015999999595806003,-8.4352e-07,2.8039999999999998e-06,-8.16895979363472e-11,-0.5105599871021695
SaveOnEvent_ch1_20260927233317102.wfm,23:33:17.102000,4.216975,-0.0007999999797903001,-1.0399999999999934e-08,8.959999999999996e-08,-5.313280012924237e-11,-0.332000000809785
SaveOnEvent_ch1_20260927233317254.wfm,23:33:17.254000,4.217735,-7.999999797903001e-05,-2e-06,3.93968e-06,1.9024639519397172e-10,1.189039969962323
SaveOnEvent_ch1_20260927233317302.wfm,23:33:17.302000,4.217975,-0.009840000420808792,2.5167999999999993e-07,3.6832000000000006e-07,-5.341350403155665e-09,-33.38376001972938
SaveOnEvent_ch1_20260927233317454.wfm,23:33:17.454000,4.218735,-0.00015999999595806003,-1.46032e-06,3.12608e-06,-1.0872959725325909e-10,-0.6795199828338809
SaveOnEvent_ch1_20260927233317502.wfm,23:33:17.502000,4.218975,-0.007120000198483467,4.323200000000002e-07,5.108799999999999e-07,-4.6377792018419135e-09,-28.986400011519436
SaveOnEvent_ch1_20260927233317654.wfm,23:33:17.654000,4.219735,-0.00015999999595806003,-4.431999999999986e-08,8.639999999999633e-09,1.3881599649321273e-10,0.8675999780825805
SaveOnEvent_ch1_20260927233317702.wfm,23:33:17.702000,4.219975,-0.0007200000109151006,-1.503999999999969e-08,8.144000000000002e-08,2.968703917739913e-10,1.8555999485834036
SaveOnEvent_ch1_20260927233317854.wfm,23:33:17.854000,4.220735,-0.00023999999393709004,1.5923199999999997e-06,3.7831999999999996e-06,-1.2668159679975382e-10,-0.7918399799964391
SaveOnEvent_ch1_20260927233317902.wfm,23:33:17.902000,4.220975,-0.007280000019818544,5.3856e-07,5.5952e-07,-5.014643198978156e-09,-31.34175999360741
SaveOnEvent_ch1_20260927233318054.wfm,23:33:18.054000,4.221735,-7.999999797903001e-05,-1.3657599999999999e-06,1.94624e-06,3.2748159172711894e-10,2.046879948291462
SaveOnEvent_ch1_20260927233318101.wfm,23:33:18.101000,4.22197,-0.01152000017464161,1.7072000000000004e-07,3.520000000000002e-07,-6.107059190599248e-09,-38.169519941235194
SaveOnEvent_ch1_20260927233318254.wfm,23:33:18.254000,4.222735,-0.00015999999595806003,5.631999999999991e-08,4.800000000001208e-10,1.2719999678665777e-10,0.7949599799176212
SaveOnEvent_ch1_20260927233318301.wfm,23:33:18.301000,4.22297,-0.010400000028312206,2.0256000000000014e-07,3.9968000000000004e-07,-6.056320009727497e-09,-37.8524000608013
SaveOnEvent_ch1_20260927233318454.wfm,23:33:18.454000,4.223735,-7.999999797903001e-05,-1.91232e-06,2.4608e-06,3.2234879185678433e-10,2.014799949101871
SaveOnEvent_ch1_20260927233318502.wfm,23:33:18.502000,4.223975,-0.0007999999797903001,-2.8319999999999925e-08,7.664000000000008e-08,2.0916479375679033e-10,1.3073599609779194
SaveOnEvent_ch1_20260927233318654.wfm,23:33:18.654000,4.224735,-7.999999797903001e-05,-1.91296e-06,3.3902399999999996e-06,2.5269759361632185e-10,1.5793599601020105
SaveOnEvent_ch1_20260927233318702.wfm,23:33:18.702000,4.224975,-0.006719999946653843,3.788800000000002e-07,5.580800000000001e-07,-4.9289983952790504e-09,-30.806639970483957
SaveOnEvent_ch1_20260927233318854.wfm,23:33:18.854000,4.225735,-0.00023999999393709004,-1.98944e-06,3.80656e-06,-3.6287999083288025e-10,-2.26807994270348
SaveOnEvent_ch1_20260927233318901.wfm,23:33:18.901000,4.22597,-0.008080000057816505,2.329600000000003e-07,4.827200000000002e-07,-4.80252161041135e-09,-30.016000065079425
SaveOnEvent_ch1_20260927233319054.wfm,23:33:19.054000,4.226735,-7.999999797903001e-05,-1.7153599999999999e-06,3.3903999999999998e-06,2.1845759448129704e-10,1.3654399655060843
SaveOnEvent_ch1_20260927233319101.wfm,23:33:19.101000,4.22697,-0.009359999559819698,3.8064000000000005e-07,4.468799999999998e-07,-5.516313583895099e-09,-34.47727989935083
SaveOnEvent_ch1_20260927233319253.wfm,23:33:19.253000,4.22773,-0.00015999999595806003,-1.8182399999999998e-06,3.50336e-06,-1.9292799512622865e-10,-1.2058399695379194
SaveOnEvent_ch1_20260927233319301.wfm,23:33:19.301000,4.22797,-0.010239999741315842,2.273600000000003e-07,4.337599999999997e-07,-6.253772807163186e-09,-39.08648004475981
SaveOnEvent_ch1_20260927233319453.wfm,23:33:19.453000,4.22873,-0.00015999999595806003,-8.369599999999999e-07,2.4319999999999998e-06,-5.261439867084847e-11,-0.32879999169381335
SaveOnEvent_ch1_20260927233319501.wfm,23:33:19.501000,4.22897,-0.0007999999797903001,-1.2159999999999812e-08,8.784000000000008e-08,6.115199729567398e-11,0.3822399830969516
SaveOnEvent_ch1_20260927233319654.wfm,23:33:19.654000,4.229735,-0.00015999999595806003,9.182399999999998e-07,6.787200000000001e-07,2.3199999413918775e-11,0.1450399963359814
SaveOnEvent_ch1_20260927233319701.wfm,23:33:19.701000,4.22997,-0.009039999917149544,2.9312000000000034e-07,4.361599999999999e-07,-5.256684800321236e-09,-32.854560002015205
SaveOnEvent_ch1_20260927233319854.wfm,23:33:19.854000,4.230735,-0.00015999999595806003,1.32176e-06,1.2799999999997574e-09,1.447999963420444e-10,0.9050399771367665
SaveOnEvent_ch1_20260927233319902.wfm,23:33:19.902000,4.230975,-0.011920000426471233,2.1536000000000026e-07,3.8943999999999987e-07,-6.663244811003097e-09,-41.64568006875925
SaveOnEvent_ch1_20260927233320054.wfm,23:33:20.054000,4.2317350000000005,-0.00015999999595806003,-1.3347199999999998e-06,1.6531199999999996e-06,8.838399776723117e-12,0.05527999860350974
SaveOnEvent_ch1_20260927233320102.wfm,23:33:20.102000,4.231975,-0.006399999838322401,5.768000000000001e-07,6.108799999999998e-07,-4.456864017529878e-09,-27.85560010955669
SaveOnEvent_ch1_20260927233320255.wfm,23:33:20.255000,4.23274,-7.999999797903001e-05,-1.60448e-06,3.6012799999999996e-06,4.62271988322026e-11,0.2889599927002564
SaveOnEvent_ch1_20260927233320302.wfm,23:33:20.302000,4.232975,-0.009840000420808792,2.832000000000001e-07,4.1456e-07,-5.634489605133422e-09,-35.215840032091364
SaveOnEvent_ch1_20260927233320454.wfm,23:33:20.454000,4.233735,-0.00023999999393709004,-1.82864e-06,3.84816e-06,-3.2860159169882547e-10,-2.0538399481156375
SaveOnEvent_ch1_20260927233320502.wfm,23:33:20.502000,4.233975,-0.01143999956548214,1.5520000000000023e-07,3.8159999999999987e-07,-6.275059186441358e-09,-39.21943991526496
SaveOnEvent_ch1_20260927233320654.wfm,23:33:20.654000,4.234735,-0.00015999999595806003,1.38672e-06,9.760000000000056e-09,3.134015920828098e-10,1.9587999505165499
SaveOnEvent_ch1_20260927233320702.wfm,23:33:20.702000,4.234975,-0.009680000133812428,2.1648000000000025e-07,4.054400000000002e-07,-5.72233600921696e-09,-35.76496005759691
SaveOnEvent_ch1_20260927233320854.wfm,23:33:20.854000,4.235735,-0.00015999999595806003,-1.0553599999999998e-06,1.1199999999999994e-09,1.5496319608530035e-10,0.9686399755300954
SaveOnEvent_ch1_20260927233320902.wfm,23:33:20.902000,4.235975,-0.0010400000028312206,-8.799999999999814e-09,6.880000000000009e-08,-1.6471039706841102e-10,-1.0295199816755485
SaveOnEvent_ch1_20260927233321054.wfm,23:33:21.054000,4.236735,-0.00015999999595806003,-1.0832e-07,1.5415999999999998e-06,-1.2637439680751416e-10,-0.7898399800469633
SaveOnEvent_ch1_20260927233321102.wfm,23:33:21.102000,4.236975,-0.009600000455975533,3.0192000000000015e-07,4.014399999999999e-07,-5.461139203035272e-09,-34.13248001897591
SaveOnEvent_ch1_20260927233321254.wfm,23:33:21.254000,4.237735,-0.00023999999393709004,-7.5088e-07,3.99984e-06,-3.377407914679497e-10,-2.111039946670644
SaveOnEvent_ch1_20260927233321302.wfm,23:33:21.302000,4.237975,-0.0007200000109151006,-1.0719999999999874e-08,8.448000000000008e-08,4.008959895046428e-10,2.5056799344019964
SaveOnEvent_ch1_20260927233321454.wfm,23:33:21.454000,4.238735,-0.00023999999393709004,1.64896e-06,3.92912e-06,-8.47871978580952e-11,-0.5299199866130948
SaveOnEvent_ch1_20260927233321501.wfm,23:33:21.501000,4.23897,-0.002319999970495701,1.39232e-06,1.4107199999999996e-06,-2.9935616046958603e-09,-18.710640029370552
SaveOnEvent_ch1_20260927233321654.wfm,23:33:21.654000,4.239735,-7.999999797903001e-05,-1.4718399999999999e-06,3.1999999999993934e-10,3.712191906222143e-10,2.3202399413858075
SaveOnEvent_ch1_20260927233321702.wfm,23:33:21.702000,4.239975,-0.006560000125318766,3.336000000000001e-07,5.347200000000003e-07,-4.60179200325627e-09,-28.761440020345617
SaveOnEvent_ch1_20260927233321854.wfm,23:33:21.854000,4.240735,-7.999999797903001e-05,-1.3683199999999998e-06,1.3879999999999997e-06,3.5262719109188755e-10,2.203999944322277
SaveOnEvent_ch1_20260927233321902.wfm,23:33:21.902000,4.240975,-0.009600000455975533,2.620800000000003e-07,4.103999999999999e-07,-5.531756792694796e-09,-34.57391995433136
SaveOnEvent_ch1_20260927233322056.wfm,23:33:22.056000,4.241745,-0.00015999999595806003,-6.305599999999999e-07,2.4815999999999992e-06,-5.762559854425481e-11,-0.3601599909015931
SaveOnEvent_ch1_20260927233322102.wfm,23:33:22.102000,4.241975,-0.0008800000068731606,-9.439999999999693e-09,9.040000000000002e-08,-2.1738879586802795e-10,-1.3586399741761852
SaveOnEvent_ch1_20260927233322254.wfm,23:33:22.254000,4.242735,-7.999999797903001e-05,-1.29088e-06,3.19168e-06,2.278847942431456e-10,1.4243199640186504
SaveOnEvent_ch1_20260927233322302.wfm,23:33:22.302000,4.242975,-0.006399999838322401,7.688000000000002e-07,6.123199999999998e-07,-4.502931230878457e-09,-28.143600192997837
SaveOnEvent_ch1_20260927233322454.wfm,23:33:22.454000,4.243735,-0.00015999999595806003,-8.718399999999999e-07,2.58672e-06,-1.2339199688285603e-10,-0.7711999805178493
SaveOnEvent_ch1_20260927233322502.wfm,23:33:22.502000,4.243975,-0.010080000385642052,3.7567999999999993e-07,3.9088000000000023e-07,-5.2083456114027645e-09,-32.55232007126324
SaveOnEvent_ch1_20260927233322654.wfm,23:33:22.654000,4.244735,-0.00015999999595806003,5.1584e-07,5.1199999999998764e-09,1.4054399644955968e-10,0.8783999778097495
SaveOnEvent_ch1_20260927233322704.wfm,23:33:22.704000,4.244985,-0.008799999952316284,2.721600000000003e-07,4.452800000000001e-07,-5.625260804025456e-09,-35.15824002516456
SaveOnEvent_ch1_20260927233322854.wfm,23:33:22.854000,4.245735,-7.999999797903001e-05,-1.89904e-06,3.47888e-06,1.7110399567754945e-10,1.0695199729816522
SaveOnEvent_ch1_20260927233322902.wfm,23:33:22.902000,4.245975,-0.007360000163316727,5.1056e-07,5.286400000000002e-07,-4.90652161123464e-09,-30.66600007022498
SaveOnEvent_ch1_20260927233323054.wfm,23:33:23.054000,4.246735,-0.00023999999393709004,1.4940799999999997e-06,3.875519999999999e-06,-2.519743936345912e-10,-1.5748799602151848
SaveOnEvent_ch1_20260927233323102.wfm,23:33:23.102000,4.246975,-0.009119999594986439,2.0944000000000032e-07,4.4751999999999966e-07,-5.636256000571884e-09,-35.226880003581755
SaveOnEvent_ch1_20260927233323254.wfm,23:33:23.254000,4.247735,-0.00023999999393709004,-5.409599999999999e-07,3.91408e-06,-2.8250879286322725e-10,-1.7657599553931504
SaveOnEvent_ch1_20260927233323302.wfm,23:33:23.302000,4.247975,-0.0007200000109151006,-2.3039999999999867e-08,9.695999999999983e-08,6.444798556622125e-12,0.04031999097787775
SaveOnEvent_ch1_20260927233323454.wfm,23:33:23.454000,4.248735,-0.00015999999595806003,-1.9208e-06,3.048e-06,7.999999797904491e-13,0.005039999872678891
SaveOnEvent_ch1_20260927233323502.wfm,23:33:23.502000,4.248975,-0.0015999999595806003,1.97696e-06,2.0188799999999997e-06,-1.3538368037506006e-09,-8.462240023451159
SaveOnEvent_ch1_20260927233323654.wfm,23:33:23.654000,4.249735,-0.00023999999393709004,-4.4672e-07,3.11936e-06,-2.1720319451298586e-10,-1.3575199657061603
SaveOnEvent_ch1_20260927233323701.wfm,23:33:23.701000,4.24997,-0.0008800000068731606,-8.159999999999935e-09,9.216000000000032e-08,-1.337599971937015e-10,-0.8359999824606348
SaveOnEvent_ch1_20260927233323853.wfm,23:33:23.853000,4.25073,-0.00015999999595806003,3.7536e-07,2.5599999999999382e-09,1.3443199660396198e-10,0.8402399787737522
SaveOnEvent_ch1_20260927233323901.wfm,23:33:23.901000,4.25097,-0.009519999846816063,2.268800000000002e-07,3.9615999999999986e-07,-5.51835518834181e-09,-34.49007992714178
SaveOnEvent_ch1_20260927233324054.wfm,23:33:24.054000,4.251735,-0.00015999999595806003,-1.8294399999999998e-06,3.3035199999999995e-06,-8.095359795494e-11,-0.5059999872173648
SaveOnEvent_ch1_20260927233324102.wfm,23:33:24.102000,4.251975,-0.009440000168979168,2.732800000000003e-07,4.222400000000002e-07,-5.664979196686763e-09,-35.406479979283176
SaveOnEvent_ch1_20260927233324254.wfm,23:33:24.254000,4.252735,-0.00023999999393709004,4.2015999999999997e-07,3.923839999999999e-06,-2.7817599297268305e-10,-1.7386399560782593
SaveOnEvent_ch1_20260927233324302.wfm,23:33:24.302000,4.252975,-0.0007999999797903001,-1.3439999999999993e-08,8.464000000000026e-08,7.898879663087427e-11,0.49375997894094326
SaveOnEvent_ch1_20260927233324454.wfm,23:33:24.454000,4.253735,-0.00015999999595806003,-1.92112e-06,4.9264e-07,1.3609599656192588e-10,0.8506399785110261
SaveOnEvent_ch1_20260927233324502.wfm,23:33:24.502000,4.253975,-0.00872000027447939,2.112000000000002e-07,4.639999999999997e-07,-5.465056003383361e-09,-34.15688002115348
SaveOnEvent_ch1_20260927233324656.wfm,23:33:24.656000,4.254745,-7.999999797903001e-05,-1.9784e-06,3.93952e-06,1.6142719592200596e-10,1.0089599745115265
SaveOnEvent_ch1_20260927233324702.wfm,23:33:24.702000,4.254975,-0.0010400000028312206,-1.4559999999999993e-08,6.912000000000003e-08,-1.5962879709899449e-10,-0.9976799818687141
SaveOnEvent_ch1_20260927233324854.wfm,23:33:24.854000,4.255735,-7.999999797903001e-05,-8.961599999999999e-07,2.2766399999999998e-06,2.334335941029712e-10,1.4590399631415494
SaveOnEvent_ch1_20260927233324901.wfm,23:33:24.901000,4.25597,-0.009279999881982803,2.5776000000000005e-07,4.5823999999999995e-07,-6.0348799989442336e-09,-37.71847999340389
SaveOnEvent_ch1_20260927233325054.wfm,23:33:25.054000,4.256735,-0.00015999999595806003,-1.2652799999999999e-06,2.3769599999999996e-06,-5.084799871547163e-11,-0.3177599919727072
SaveOnEvent_ch1_20260927233325102.wfm,23:33:25.102000,4.256975,-0.006399999838322401,7.1488e-07,6.7152e-07,-5.088889617470559e-09,-31.80584010918392
SaveOnEvent_ch1_20260927233325254.wfm,23:33:25.254000,4.257735,-7.999999797903001e-05,-8.551999999999999e-07,2.7318399999999997e-06,1.9851519498508418e-10,1.2407999686547555
SaveOnEvent_ch1_20260927233325304.wfm,23:33:25.304000,4.257985,-0.0008800000068731606,-1.7600000000000052e-08,8.65599999999999e-08,-1.8551679634256287e-10,-1.1594399771420285
SaveOnEvent_ch1_20260927233325454.wfm,23:33:25.454000,4.258735,-0.00023999999393709004,-1.8651199999999999e-06,3.838239999999999e-06,-1.2597119681769998e-10,-0.7873599801096134
SaveOnEvent_ch1_20260927233325502.wfm,23:33:25.502000,4.258975,-0.0007999999797903001,-4.799999999999937e-09,7.615999999999996e-08,1.4476798758841934e-11,0.09047999224276282
SaveOnEvent_ch1_20260927233325654.wfm,23:33:25.654000,4.259735,-0.00015999999595806003,-1.6830399999999999e-06,3.582559999999999e-06,-1.4977279621642093e-10,-0.9360799763526302
SaveOnEvent_ch1_20260927233325702.wfm,23:33:25.702000,4.259975,-0.0010400000028312206,-3.6799999999999377e-09,7.64799999999999e-08,-2.654655943089165e-10,-1.6591999644297175
SaveOnEvent_ch1_20260927233325854.wfm,23:33:25.854000,4.260735,-7.999999797903001e-05,-1.2675199999999999e-06,3.0425599999999996e-06,2.576895934902132e-10,1.6106399593118113
SaveOnEvent_ch1_20260927233325902.wfm,23:33:25.902000,4.260975,-0.0010400000028312206,-8.799999999999814e-09,8.847999999999996e-08,-1.474303974583744e-10,-0.9214399841148406
SaveOnEvent_ch1_20260927233326054.wfm,23:33:26.054000,4.261735,-0.00015999999595806003,-1.9448e-06,3.91056e-06,-1.816255954117513e-10,-1.1351999713224359
SaveOnEvent_ch1_20260927233326102.wfm,23:33:26.102000,4.261975,-0.0012000000569969416,-6.8799999999997546e-09,7.263999999999978e-08,-3.064511946798301e-10,-1.9153599667479284
SaveOnEvent_ch1_20260927233326254.wfm,23:33:26.254000,4.262735,-0.00023999999393709004,-1.79296e-06,3.5502399999999997e-06,-2.6140799339627856e-10,-1.633759958727751
SaveOnEvent_ch1_20260927233326302.wfm,23:33:26.302000,4.262975,-0.0008800000068731606,-8.959999999999996e-09,7.727999999999996e-08,1.0705279664834971e-10,0.6691199790511746
SaveOnEvent_ch1_20260927233326454.wfm,23:33:26.454000,4.263735,-7.999999797903001e-05,1.3142399999999999e-06,6.008000000000002e-07,4.222847893321888e-10,2.639359933324158
SaveOnEvent_ch1_20260927233326501.wfm,23:33:26.501000,4.26397,-0.009519999846816063,2.763199999999999e-07,3.991999999999999e-07,-5.486566387775819e-09,-34.29135992360534
SaveOnEvent_ch1_20260927233326654.wfm,23:33:26.654000,4.264735,-0.00023999999393709004,7.161599999999998e-07,3.04832e-06,-1.501567962067205e-10,-0.9384799762920011
SaveOnEvent_ch1_20260927233326701.wfm,23:33:26.701000,4.26497,-0.0012000000569969416,-1.1039999999999813e-08,7.904000000000026e-08,-5.263551889290101e-10,-3.289839930803282
SaveOnEvent_ch1_20260927233326854.wfm,23:33:26.854000,4.265735,-0.00015999999595806003,-1.5756799999999999e-06,1.05728e-06,2.396799939451734e-11,0.14983999621472321
SaveOnEvent_ch1_20260927233326902.wfm,23:33:26.902000,4.265975,-0.00872000027447939,3.6976e-07,4.372799999999999e-07,-5.048147201670799e-09,-31.551120010437444
SaveOnEvent_ch1_20260927233327054.wfm,23:33:27.054000,4.266735,-7.999999797903001e-05,8.9264e-07,7.848000000000001e-07,3.221567918616347e-10,2.0135199491342064
SaveOnEvent_ch1_20260927233327102.wfm,23:33:27.102000,4.266975,-0.0009599999757483602,-6.239999999999876e-09,7.37600000000002e-08,-5.1776010845787845e-12,-0.032320006779627874
SaveOnEvent_ch1_20260927233327254.wfm,23:33:27.254000,4.267735,-0.00015999999595806003,-1.22176e-06,2.656e-06,-1.137471971265041e-10,-0.7109599820396397
SaveOnEvent_ch1_20260927233327302.wfm,23:33:27.302000,4.267975,-0.007439999841153622,1.3476800000000001e-06,5.956799999999999e-07,-4.577862411853857e-09,-28.612560074107023
SaveOnEvent_ch1_20260927233327454.wfm,23:33:27.454000,4.268735,-0.00023999999393709004,-2.2479999999999995e-07,2.63152e-06,-2.595775934425183e-10,-1.6223999590147287
SaveOnEvent_ch1_20260927233327502.wfm,23:33:27.502000,4.268975,-0.0009599999757483602,-2.9279999999999743e-08,8.16000000000002e-08,-5.112319980747994e-11,-0.31951999879674986
SaveOnEvent_ch1_20260927233327654.wfm,23:33:27.654000,4.269735,-0.00023999999393709004,1.8795199999999997e-06,2.8616e-06,-1.7577599555952472e-10,-1.0986399722460192
SaveOnEvent_ch1_20260927233327701.wfm,23:33:27.701000,4.26997,-0.001120000029914081,-1.2000000000000055e-08,7.279999999999996e-08,-4.391551908291873e-10,-2.7447999426804017
SaveOnEvent_ch1_20260927233327854.wfm,23:33:27.854000,4.270735,-0.00015999999595806003,-1.6953599999999998e-06,3.6361599999999998e-06,-1.0108799744630218e-10,-0.631839984038379
SaveOnEvent_ch1_20260927233327902.wfm,23:33:27.902000,4.270975,-0.001120000029914081,-4.1600000000000584e-09,6.480000000000021e-08,-2.0468479634728277e-10,-1.2792799771705177
SaveOnEvent_ch1_20260927233328055.wfm,23:33:28.055000,4.27174,-7.999999797903001e-05,-1.9464e-06,2.61744e-06,1.6721279577584927e-10,1.045119973598048
SaveOnEvent_ch1_20260927233328102.wfm,23:33:28.102000,4.271975,-0.010879999957978725,2.9615999999999997e-07,4.0224e-07,-6.093235200380441e-09,-38.08304000238422
SaveOnEvent_ch1_20260927233328254.wfm,23:33:28.254000,4.272735,-7.999999797903001e-05,-4.9264e-07,2.16032e-06,2.8396799282636505e-10,1.7748799551627599
SaveOnEvent_ch1_20260927233328302.wfm,23:33:28.302000,4.272975,-0.00872000027447939,2.751999999999999e-07,4.5711999999999995e-07,-5.226240005353465e-09,-32.66416003345512
SaveOnEvent_ch1_20260927233328454.wfm,23:33:28.454000,4.273735,-7.999999797903001e-05,1.4724799999999997e-06,5.097600000000004e-07,4.1707518946379433e-10,2.606799934146693
SaveOnEvent_ch1_20260927233328502.wfm,23:33:28.502000,4.273975,-0.0077599999494850636,5.051200000000002e-07,4.5263999999999996e-07,-4.553644797911402e-09,-28.46039998694323
SaveOnEvent_ch1_20260927233328654.wfm,23:33:28.654000,4.274735,-0.00023999999393709004,-1.8772799999999999e-06,3.96304e-06,-4.3930238890228797e-10,-2.745759930636268
SaveOnEvent_ch1_20260927233328702.wfm,23:33:28.702000,4.2749749999999995,-0.010160000063478947,1.7775999999999997e-07,3.758400000000001e-07,-5.758227211365011e-09,-35.98928007102222
SaveOnEvent_ch1_20260927233328854.wfm,23:33:28.854000,4.275735,-7.999999797903001e-05,-1.9875199999999997e-06,3.1966399999999994e-06,2.4806399373337626e-10,1.5503999608336017
SaveOnEvent_ch1_20260927233328902.wfm,23:33:28.902000,4.275975,-0.001120000029914081,-1.2959999999999873e-08,7.920000000000002e-08,-3.578047925769352e-10,-2.236319953604834
SaveOnEvent_ch1_20260927233329054.wfm,23:33:29.054000,4.276735,-0.00015999999595806003,-1.3223999999999998e-06,3.3169599999999995e-06,2.2361599435098482e-11,0.13975999646936543
SaveOnEvent_ch1_20260927233329101.wfm,23:33:29.101000,4.27697,-0.007360000163316727,7.4624e-07,5.5872e-07,-4.969209591562393e-09,-31.05791994725587
SaveOnEvent_ch1_20260927233329254.wfm,23:33:29.254000,4.277735,-7.999999797903001e-05,-1.85024e-06,3.846879999999999e-06,1.0420479736756534e-10,0.6512799835472833
SaveOnEvent_ch1_20260927233329302.wfm,23:33:29.302000,4.277975,-0.0010400000028312206,-6.8799999999997546e-09,8.704000000000002e-08,-3.3208319254685193e-10,-2.0755999534158036
SaveOnEvent_ch1_20260927233329454.wfm,23:33:29.454000,4.278735,-0.00015999999595806003,7.427199999999998e-07,6.294400000000001e-07,-1.4060799644794186e-11,-0.08783999778097495
SaveOnEvent_ch1_20260927233329502.wfm,23:33:29.502000,4.278975,-0.0009599999757483602,-4.319999999999816e-09,8.175999999999996e-08,-1.6790399687131862e-10,-1.0494399804447312
SaveOnEvent_ch1_20260927233329654.wfm,23:33:29.654000,4.279735,0.0,-1.60352e-06,,6.085311846272087e-10,3.803519903915003
SaveOnEvent_ch1_20260927233329702.wfm,23:33:29.702000,4.279975,-0.00872000027447939,4.2144000000000015e-07,4.972799999999998e-07,-5.506848000595347e-09,-34.41800000373041
SaveOnEvent_ch1_20260927233329854.wfm,23:33:29.854000,4.280735,-0.00015999999595806003,-1.7492799999999998e-06,3.3404799999999995e-06,-6.580479833763114e-11,-0.4113599896081723
SaveOnEvent_ch1_20260927233329902.wfm,23:33:29.902000,4.280975,-0.0008800000068731606,-1.1359999999999752e-08,8.864000000000014e-08,-2.93606394082308e-10,-1.8350399630144238
SaveOnEvent_ch1_20260927233330054.wfm,23:33:30.054000,4.281735,-7.999999797903001e-05,-1.92016e-06,3.15328e-06,1.4807039625942714e-10,0.9254399766214192
SaveOnEvent_ch1_20260927233330102.wfm,23:33:30.102000,4.281975,-0.009680000133812428,4.2384000000000033e-07,4.2127999999999997e-07,-5.345664003752172e-09,-33.41056002344703
SaveOnEvent_ch1_20260927233330254.wfm,23:33:30.254000,4.282735,-0.00023999999393709004,-1.4996799999999999e-06,3.99984e-06,-3.5882879093522206e-10,-2.2428799433400854
SaveOnEvent_ch1_20260927233330302.wfm,23:33:30.302000,4.282975,-0.007280000019818544,8.168e-07,5.416e-07,-4.635033610684332e-09,-28.969120066787582
SaveOnEvent_ch1_20260927233330454.wfm,23:33:30.454000,4.283735,-7.999999797903001e-05,-6.288000000000015e-08,1.5654400000000001e-06,2.904511926625856e-10,1.815439954138128
SaveOnEvent_ch1_20260927233330502.wfm,23:33:30.502000,4.283975,-0.009440000168979168,1.5568000000000035e-07,4.0192000000000004e-07,-5.431916795005091e-09,-33.94983996878727
SaveOnEvent_ch1_20260927233330655.wfm,23:33:30.655000,4.28474,-0.00015999999595806003,4.5583999999999977e-07,9.366400000000003e-07,-5.100799871142977e-12,-0.031839999195653945
SaveOnEvent_ch1_20260927233330701.wfm,23:33:30.701000,4.28497,-0.0077599999494850636,3.3808000000000007e-07,5.4416e-07,-5.662995206755585e-09,-35.39408004222787
SaveOnEvent_ch1_20260927233330854.wfm,23:33:30.854000,4.285735,-0.00015999999595806003,-1.92192e-06,2.3256e-06,-6.15487984451466e-11,-0.38471999028115533
SaveOnEvent_ch1_20260927233330902.wfm,23:33:30.902000,4.285975,-0.010239999741315842,2.582400000000002e-07,4.1119999999999955e-07,-5.532480007086415e-09,-34.57832004429656
SaveOnEvent_ch1_20260927233331054.wfm,23:33:31.054000,4.286735,-7.999999797903001e-05,-8.785599999999999e-07,2.6462399999999996e-06,2.613439933978952e-10,1.6334399587358348
SaveOnEvent_ch1_20260927233331102.wfm,23:33:31.102000,4.286975,-0.010320000350475311,2.0496000000000032e-07,4.1088000000000004e-07,-5.5856704056332815e-09,-34.91072003520094
SaveOnEvent_ch1_20260927233331254.wfm,23:33:31.254000,4.287735,-7.999999797903001e-05,-1.29376e-06,3.11104e-06,2.5338879359886037e-10,1.5837599599908572
SaveOnEvent_ch1_20260927233331301.wfm,23:33:31.301000,4.28797,-0.005919999908655882,3.688000000000002e-07,7.532799999999999e-07,-5.446067246072926e-09,-34.03832028794568
SaveOnEvent_ch1_20260927233331454.wfm,23:33:31.454000,4.288735,-0.00015999999595806003,-1.83424e-06,3.83408e-06,-1.3273599664680663e-10,-0.8296799790405203
SaveOnEvent_ch1_20260927233331502.wfm,23:33:31.502000,4.288975,-0.0009599999757483602,-6.8799999999997546e-09,8.192000000000014e-08,-3.1743359279586e-10,-1.9839999549731147
SaveOnEvent_ch1_20260927233331654.wfm,23:33:31.654000,4.289735,-0.00015999999595806003,-1.3735999999999999e-06,2.4308799999999998e-06,-5.514879860682435e-11,-0.3446399912936613
SaveOnEvent_ch1_20260927233331702.wfm,23:33:31.702000,4.289975,-0.0026400000788271427,1.9923199999999997e-06,4.188799999999998e-07,-1.546431988587137e-09,-9.666559928708011
SaveOnEvent_ch1_20260927233331854.wfm,23:33:31.854000,4.290735,-0.00015999999595806003,-4.363200000000001e-07,2.2806399999999996e-06,-9.000959772616614e-11,-0.562559985788539
SaveOnEvent_ch1_20260927233331902.wfm,23:33:31.902000,4.2909749999999995,-0.0009599999757483602,-1.0239999999999753e-08,5.968000000000033e-08,9.934719628421584e-11,0.6208799767773598
SaveOnEvent_ch1_20260927233332054.wfm,23:33:32.054000,4.291735,-0.00015999999595806003,-1.84896e-06,2.0716800000000003e-06,1.94175995094702e-11,0.12135999693418853
SaveOnEvent_ch1_20260927233332102.wfm,23:33:32.102000,4.291975,-0.001120000029914081,-2.3999999999997568e-09,7.568000000000026e-08,-5.515071874926798e-10,-3.4470399218262173
SaveOnEvent_ch1_20260927233332254.wfm,23:33:32.254000,4.292735,-7.999999797903001e-05,-3.625600000000001e-07,1.68624e-06,3.1317119208863e-10,1.9574399505509064
SaveOnEvent_ch1_20260927233332301.wfm,23:33:32.301000,4.29297,-0.0008800000068731606,-1.903999999999999e-08,8.560000000000008e-08,-7.30943991732782e-11,-0.45679999483400024
SaveOnEvent_ch1_20260927233332454.wfm,23:33:32.454000,4.293735,-0.00023999999393709004,-1.5734399999999999e-06,3.35136e-06,-2.149951945687645e-10,-1.3437599660537671
SaveOnEvent_ch1_20260927233332502.wfm,23:33:32.502000,4.293975,-0.001120000029914081,-2.0799999999998175e-09,7.37600000000002e-08,-3.033663941523991e-10,-1.8960799634514842
SaveOnEvent_ch1_20260927233332654.wfm,23:33:32.654000,4.294735,-0.00023999999393709004,6.438399999999999e-07,3.925599999999999e-06,-2.0755199475679527e-10,-1.2972799672279507
SaveOnEvent_ch1_20260927233332702.wfm,23:33:32.702000,4.294975,-0.0010400000028312206,-7.199999999999694e-09,7.631999999999972e-08,3.6031984747386155e-12,0.022639990464085713
SaveOnEvent_ch1_20260927233332854.wfm,23:33:32.854000,4.295735,-0.00023999999393709004,-1.57968e-06,3.7671999999999997e-06,-1.108223972003906e-10,-0.6927199825004209
SaveOnEvent_ch1_20260927233332902.wfm,23:33:32.902000,4.295975,-0.0008800000068731606,-8.159999999999935e-09,8.224000000000008e-08,2.6380159185500795e-10,1.6488799490907695
SaveOnEvent_ch1_20260927233333054.wfm,23:33:33.054000,4.296735,-0.00023999999393709004,-8.259199999999999e-07,3.82624e-06,-2.714559931424445e-10,-1.6966399571392685
SaveOnEvent_ch1_20260927233333102.wfm,23:33:33.102000,4.296975,-0.00872000027447939,2.8832e-07,4.6047999999999995e-07,-5.182963214989286e-09,-32.393760093691526
SaveOnEvent_ch1_20260927233333255.wfm,23:33:33.255000,4.29774,-7.999999797903001e-05,-1.9376e-06,3.8012799999999994e-06,1.3934079647995514e-10,0.8709599779976998
SaveOnEvent_ch1_20260927233333302.wfm,23:33:33.302000,4.297975,-0.0008800000068731606,-4.319999999999816e-09,8.847999999999996e-08,-3.1669119312660757e-10,-1.9794399570382666
SaveOnEvent_ch1_20260927233333454.wfm,23:33:33.454000,4.298735,-0.00015999999595806003,9.185599999999997e-07,1.0374400000000003e-06,2.984319924609717e-11,0.18647999528911896
SaveOnEvent_ch1_20260927233333502.wfm,23:33:33.502000,4.298975,-0.0007999999797903001,-1.615999999999969e-08,8.351999999999984e-08,1.687679946422576e-10,1.0547999665141106
SaveOnEvent_ch1_20260927233333654.wfm,23:33:33.654000,4.299735,-0.00015999999595806003,1.28592e-06,7.139199999999998e-07,7.727359804790458e-11,0.48287998780142516
SaveOnEvent_ch1_20260927233333702.wfm,23:33:33.702000,4.299975,-0.00887999963015318,5.235200000000003e-07,4.585599999999999e-07,-5.035116794614586e-09,-31.469759966334095
SaveOnEvent_ch1_20260927233333854.wfm,23:33:33.854000,4.3007349999999995,0.0,-1.87488e-06,,5.289407866378314e-10,3.3059999164834153
SaveOnEvent_ch1_20260927233333902.wfm,23:33:33.902000,4.300975,-0.010080000385642052,1.827200000000001e-07,3.707199999999998e-07,-5.568185604724568e-09,-34.80152002951945
SaveOnEvent_ch1_20260927233334054.wfm,23:33:34.054000,4.301735,-0.00015999999595806003,1.06928e-06,9.299199999999999e-07,3.740159905515623e-11,0.2337599940947257
SaveOnEvent_ch1_20260927233334102.wfm,23:33:34.102000,4.301975,-0.00872000027447939,4.3583999999999996e-07,4.820800000000003e-07,-5.4524800053122455e-09,-34.07824003321002
SaveOnEvent_ch1_20260927233334254.wfm,23:33:34.254000,4.302735,-0.00015999999595806003,-1.87488e-06,2.75008e-06,-1.2405759686604152e-10,-0.7753599804127589
SaveOnEvent_ch1_20260927233334302.wfm,23:33:34.302000,4.302975,-0.00848000030964613,2.9648000000000034e-07,4.3488000000000015e-07,-4.960275196109433e-09,-31.001919975678902
SaveOnEvent_ch1_20260927233334454.wfm,23:33:34.454000,4.303735,-7.999999797903001e-05,-1.89616e-06,3.78576e-06,5.756159854587155e-11,0.35975999091169797
SaveOnEvent_ch1_20260927233334502.wfm,23:33:34.502000,4.303975,-0.0007999999797903001,-9.599999999999874e-09,7.808000000000002e-08,1.758911943691782e-10,1.0993599648063537
SaveOnEvent_ch1_20260927233334654.wfm,23:33:34.654000,4.304735,-0.00015999999595806003,-7.2512e-07,2.5108799999999994e-06,1.847039953339856e-11,0.11535999708576128
SaveOnEvent_ch1_20260927233334702.wfm,23:33:34.702000,4.304975,-0.009119999594986439,2.937600000000002e-07,4.513600000000002e-07,-5.542931193637196e-09,-34.6435999602254
SaveOnEvent_ch1_20260927233334854.wfm,23:33:34.854000,4.305735,-0.00015999999595806003,-5.536000000000001e-07,1.3984e-06,2.0710399476811226e-11,0.1295199967280496
SaveOnEvent_ch1_20260927233334902.wfm,23:33:34.902000,4.305975,-0.00887999963015318,2.2367999999999995e-07,4.1088000000000004e-07,-5.160870383356232e-09,-32.25575989598292
SaveOnEvent_ch1_20260927233335054.wfm,23:33:35.054000,4.306735,-0.00015999999595806003,-1.8739199999999999e-06,3.0972799999999994e-06,-2.1081599467433947e-11,-0.13175999667146243
SaveOnEvent_ch1_20260927233335102.wfm,23:33:35.102000,4.3069749999999996,-0.0081599997356534,2.425600000000002e-07,4.6320000000000007e-07,-4.7896063969424e-09,-29.935199980885955
SaveOnEvent_ch1_20260927233335254.wfm,23:33:35.254000,4.307735,-0.00023999999393709004,9.583999999999983e-08,2.3015999999999997e-06,-4.8627198771573657e-11,-0.303919992322335
SaveOnEvent_ch1_20260927233335302.wfm,23:33:35.302000,4.307975,-0.0006399999838322401,-3.040000000000059e-09,8.463999999999984e-08,3.63347189829219e-10,2.271039936429588
SaveOnEvent_ch1_20260927233335454.wfm,23:33:35.454000,4.308735,-0.00015999999595806003,-5.5168e-07,1.88768e-06,-4.1855998942628674e-11,-0.26159999339142814
SaveOnEvent_ch1_20260927233335502.wfm,23:33:35.502000,4.308975,-0.01104000024497509,2.307200000000003e-07,3.998399999999998e-07,-5.991744020718615e-09,-37.448640129499836
SaveOnEvent_ch1_20260927233335654.wfm,23:33:35.654000,4.309735,-0.00015999999595806003,1.984000000000005e-08,3.1999999999993934e-10,1.8406399535015227e-10,1.1504799709364306
SaveOnEvent_ch1_20260927233335702.wfm,23:33:35.702000,4.309975,-0.00863999966531992,3.692800000000003e-07,4.752000000000001e-07,-5.349049605743493e-09,-33.43192003588774
SaveOnEvent_ch1_20260927233335855.wfm,23:33:35.855000,4.31074,-0.00015999999595806003,1.5251199999999997e-06,4.7472e-07,5.171199869364515e-11,0.3231199918373022
SaveOnEvent_ch1_20260927233335902.wfm,23:33:35.902000,4.310975,-0.0008800000068731606,-7.199999999999694e-09,8.896000000000008e-08,4.763519747881225e-11,0.2977599842415657
SaveOnEvent_ch1_20260927233336054.wfm,23:33:36.054000,4.311735,-0.00015999999595806003,-5.6160000000000153e-08,,2.240319943404756e-10,1.4001599646289833
SaveOnEvent_ch1_20260927233336102.wfm,23:33:36.102000,4.311975,-0.0009599999757483602,-1.2000000000000055e-08,7.744000000000014e-08,-5.3023999535944364e-11,-0.33135999710066244
SaveOnEvent_ch1_20260927233336254.wfm,23:33:36.254000,4.312735,-0.00015999999595806003,-1.57184e-06,3.5095999999999994e-06,-7.508479810319842e-11,-0.46927998814499006
SaveOnEvent_ch1_20260927233336302.wfm,23:33:36.302000,4.312975,-0.0009599999757483602,-1.0079999999999995e-08,8.864000000000014e-08,-3.6905599211109814e-10,-2.306639950693352
SaveOnEvent_ch1_20260927233336454.wfm,23:33:36.454000,4.313735,-0.00023999999393709004,-1.7472e-06,3.93728e-06,-1.551103960815816e-10,-0.9695199755078647
SaveOnEvent_ch1_20260927233336502.wfm,23:33:36.502000,4.313975,-0.0008800000068731606,-1.0559999999999692e-08,8.656000000000032e-08,-2.6821759423008186e-10,-1.6763999639370013
SaveOnEvent_ch1_20260927233336654.wfm,23:33:36.654000,4.314735,-7.999999797903001e-05,-9.3072e-07,2.9305599999999997e-06,1.2976639672182528e-10,0.8110399795114063
SaveOnEvent_ch1_20260927233336702.wfm,23:33:36.702000,4.3149750000000004,-0.0009599999757483602,-1.3439999999999993e-08,6.992000000000009e-08,6.106239760993029e-11,0.381599985063076
SaveOnEvent_ch1_20260927233336854.wfm,23:33:36.854000,4.315735,-0.00015999999595806003,-7.793600000000001e-07,5.369600000000001e-07,1.0350719738518797e-10,0.6469599836564157
SaveOnEvent_ch1_20260927233336902.wfm,23:33:36.902000,4.315975,-0.0007999999797903001,-1.2159999999999812e-08,8.04800000000002e-08,6.746879723388694e-11,0.4217599827097729
SaveOnEvent_ch1_20260927233337054.wfm,23:33:37.054000,4.3167349999999995,-7.999999797903001e-05,-2e-06,3.90064e-06,1.6686079578474155e-10,1.0428799736546353
SaveOnEvent_ch1_20260927233337102.wfm,23:33:37.102000,4.316975,-0.009039999917149544,4.2928000000000015e-07,4.854400000000003e-07,-5.704288013542537e-09,-35.6520000846358
SaveOnEvent_ch1_20260927233337254.wfm,23:33:37.254000,4.317735,-0.00023999999393709004,-6.6912e-07,1.6891199999999998e-06,3.0239999236073304e-11,0.18903999522444792
SaveOnEvent_ch1_20260927233337302.wfm,23:33:37.302000,4.317975,-0.010080000385642052,1.7296000000000003e-07,3.953599999999998e-07,-5.7966720099048685e-09,-36.229600061895326
SaveOnEvent_ch1_20260927233337454.wfm,23:33:37.454000,4.318735,-0.00015999999595806003,-1.8796799999999998e-06,7.999999999998483e-10,1.5473279609112075e-10,0.9671199755684938
SaveOnEvent_ch1_20260927233337502.wfm,23:33:37.502000,4.318975,-0.008960000239312649,4.912000000000001e-07,4.5008e-07,-5.319180792712141e-09,-33.24511995445937
SaveOnEvent_ch1_20260927233337654.wfm,23:33:37.654000,4.319735,-0.00015999999595806003,-1.96816e-06,2.6070399999999996e-06,-4.728319880552587e-11,-0.29551999253453687
SaveOnEvent_ch1_20260927233337702.wfm,23:33:37.702000,4.319975,-0.0007200000109151006,-3.3599999999999983e-09,7.360000000000002e-08,1.319679957581686e-10,0.8247999734885525
SaveOnEvent_ch1_20260927233337854.wfm,23:33:37.854000,4.320735,-0.00015999999595806003,-7.435200000000001e-07,1.9574400000000004e-06,4.431999888038278e-11,0.27703999300138094
SaveOnEvent_ch1_20260927233337902.wfm,23:33:37.902000,4.320975,-0.0007999999797903001,-3.407999999999968e-08,8.304000000000014e-08,-6.675839939853166e-11,-0.417199996241834
SaveOnEvent_ch1_20260927233338054.wfm,23:33:38.054000,4.321735,-0.00015999999595806003,-1.3576e-06,3.2108799999999995e-06,-1.7717759552411716e-10,-1.1073599720257334
SaveOnEvent_ch1_20260927233338102.wfm,23:33:38.102000,4.321975,-0.0008800000068731606,-2.0639999999999687e-08,9.247999999999983e-08,-2.9916799415135775e-10,-1.8698399634449743
SaveOnEvent_ch1_20260927233338254.wfm,23:33:38.254000,4.322735,-0.00023999999393709004,-4.776000000000001e-07,3.51872e-06,-1.0542719733668464e-10,-0.6589599833532702
SaveOnEvent_ch1_20260927233338303.wfm,23:33:38.303000,4.32298,-0.0008800000068731606,-7.999999999999754e-09,1.0048000000000001e-07,-3.1953279298497363e-10,-1.9971199561550748
SaveOnEvent_ch1_20260927233338455.wfm,23:33:38.455000,4.32374,-0.00015999999595806003,-9.375999999999999e-07,,1.0255999740911646e-10,0.6410399838059675
SaveOnEvent_ch1_20260927233338502.wfm,23:33:38.502000,4.323975,-0.009759999811649323,2.385600000000003e-07,4.2959999999999966e-07,-5.5865408015321e-09,-34.91608000957058
SaveOnEvent_ch1_20260927233338654.wfm,23:33:38.654000,4.324735,-0.00015999999595806003,-1.8312e-06,4.159999999999995e-08,2.4250239387387384e-10,1.5156799617107026
SaveOnEvent_ch1_20260927233338702.wfm,23:33:38.702000,4.324975,-0.011920000426471233,1.872000000000001e-07,4.121599999999998e-07,-6.745299216993153e-09,-42.15856010621064
SaveOnEvent_ch1_20260927233338854.wfm,23:33:38.854000,4.325735,-0.00015999999595806003,-4.7488e-07,4.1600000000000584e-09,9.143039769027375e-11,0.5714399855642114
SaveOnEvent_ch1_20260927233338902.wfm,23:33:38.902000,4.325975,-0.009840000420808792,2.6816e-07,4.5344e-07,-5.782092799386009e-09,-36.138399996154476
SaveOnEvent_ch1_20260927233339054.wfm,23:33:39.054000,4.326735,-0.00015999999595806003,1.8958399999999995e-06,1.120000000000423e-09,1.1243519715964793e-10,0.7027199822477996
SaveOnEvent_ch1_20260927233339102.wfm,23:33:39.102000,4.326975,-0.0009599999757483602,-3.3599999999999983e-09,7.296000000000015e-08,1.6453119457233687e-10,1.028399966075085
SaveOnEvent_ch1_20260927233339254.wfm,23:33:39.254000,4.327735,-0.00015999999595806003,-2.0304000000000005e-07,4.6144e-07,-1.6409599585458772e-11,-0.10255999740911648
SaveOnEvent_ch1_20260927233339302.wfm,23:33:39.302000,4.327975,-0.0006399999838322401,-2.8800000000000046e-08,8.816000000000002e-08,3.968447896442373e-10,2.4803999352734536
SaveOnEvent_ch1_20260927233339454.wfm,23:33:39.454000,4.328735,-0.00023999999393709004,-5.256000000000001e-07,3.32032e-06,-1.9218559514498355e-10,-1.2011999696551356
SaveOnEvent_ch1_20260927233339502.wfm,23:33:39.502000,4.328975,-0.0008800000068731606,-2.1119999999999808e-08,8.512000000000038e-08,-2.3027199563570316e-10,-1.439199972723145
SaveOnEvent_ch1_20260927233339654.wfm,23:33:39.654000,4.329735,-7.999999797903001e-05,-1.6494399999999999e-06,3.634079999999999e-06,2.3405439408728836e-10,1.4628799630445428
SaveOnEvent_ch1_20260927233339702.wfm,23:33:39.702000,4.329975,-0.008080000057816505,3.0511999999999997e-07,4.904e-07,-5.103027209676802e-09,-31.89416006047395
SaveOnEvent_ch1_20260927233339854.wfm,23:33:39.854000,4.330735,-7.999999797903001e-05,-2e-06,3.6361599999999998e-06,1.7989119545556611e-10,1.1243199715972878
SaveOnEvent_ch1_20260927233339902.wfm,23:33:39.902000,4.330975,-0.0009599999757483602,-1.1679999999999692e-08,5.568000000000003e-08,-5.1379199512302885e-11,-0.32103999695391394
SaveOnEvent_ch1_20260927233340054.wfm,23:33:40.054000,4.331735,-0.00023999999393709004,-1.30848e-06,3.927839999999999e-06,-3.712575906212441e-10,-2.3204799413797446
SaveOnEvent_ch1_20260927233340102.wfm,23:33:40.102000,4.331975,-0.0009599999757483602,-1.3439999999999993e-08,7.26400000000002e-08,-7.834879884496327e-11,-0.4896799927810207
SaveOnEvent_ch1_20260927233340256.wfm,23:33:40.256000,4.332745,-7.999999797903001e-05,-2e-06,3.5496e-06,4.011519898660487e-11,0.25071999366628006
SaveOnEvent_ch1_20260927233340302.wfm,23:33:40.302000,4.332975,-0.0009599999757483602,-9.439999999999693e-09,8.239999999999984e-08,-1.7604479679139334e-10,-1.1002399799472187
SaveOnEvent_ch1_20260927233340454.wfm,23:33:40.454000,4.333735,-0.00015999999595806003,-6.527999999999991e-08,1.3260799999999998e-06,-8.83839977672335e-12,-0.05519999860553071
SaveOnEvent_ch1_20260927233340502.wfm,23:33:40.502000,4.333975,-0.0009599999757483602,-8.959999999999996e-09,8.592000000000002e-08,-2.472767949919216e-10,-1.5455199686984997
SaveOnEvent_ch1_20260927233340654.wfm,23:33:40.654000,4.334735,-0.00015999999595806003,1.6431999999999998e-07,1.6439999999999998e-06,5.652479857206346e-11,0.35327999107539654
SaveOnEvent_ch1_20260927233340702.wfm,23:33:40.702000,4.334975,-0.0010400000028312206,-3.3599999999999983e-09,7.93600000000002e-08,-1.0378239886835195e-10,-0.6486399929272011
SaveOnEvent_ch1_20260927233340854.wfm,23:33:40.854000,4.335735,-0.00015999999595806003,1.35088e-06,2.5599999999999806e-08,8.913919774815432e-11,0.557119985925965
SaveOnEvent_ch1_20260927233340904.wfm,23:33:40.904000,4.335985,-0.0008800000068731606,-1.2479999999999752e-08,8.847999999999996e-08,-2.7018239468336127e-10,-1.6886399667710066
SaveOnEvent_ch1_20260927233341054.wfm,23:33:41.054000,4.336735,-0.00015999999595806003,-1.42544e-06,3.2672e-06,2.542079935781657e-11,0.1588799959863536
SaveOnEvent_ch1_20260927233341102.wfm,23:33:41.102000,4.336975,-0.01095999963581562,2.8640000000000034e-07,4.115199999999999e-07,-5.88007679965347e-09,-36.75071999782813
SaveOnEvent_ch1_20260927233341254.wfm,23:33:41.254000,4.337735,-0.00015999999595806003,1.56384e-06,4.1343999999999955e-07,7.423999812453992e-11,0.4639999882783741
SaveOnEvent_ch1_20260927233341302.wfm,23:33:41.302000,4.337975,-0.01071999967098236,1.9231999999999996e-07,4.0704000000000034e-07,-6.382252789083869e-09,-39.88951993177761
SaveOnEvent_ch1_20260927233341454.wfm,23:33:41.454000,4.338735,-7.999999797903001e-05,-1.72752e-06,6.3776e-07,4.330431890604085e-10,2.7065599316265434
SaveOnEvent_ch1_20260927233341502.wfm,23:33:41.502000,4.338975,-0.005919999908655882,1.18544e-06,7.001599999999998e-07,-4.757798414770515e-09,-29.7370400922955
SaveOnEvent_ch1_20260927233341654.wfm,23:33:41.654000,4.339735,-0.00023999999393709004,-1.52416e-06,3.19264e-06,-3.5522559102624656e-10,-2.22023994391202
SaveOnEvent_ch1_20260927233341702.wfm,23:33:41.702000,4.339975,-0.011599999852478504,1.8624000000000027e-07,3.886399999999998e-07,-6.0472191906836805e-09,-37.79543994177948
SaveOnEvent_ch1_20260927233341854.wfm,23:33:41.854000,4.3407350000000005,-0.00015999999595806003,-1.9863999999999997e-06,4.2751999999999985e-07,8.02687979722396e-11,0.5016799873264972
SaveOnEvent_ch1_20260927233341902.wfm,23:33:41.902000,4.340975,-0.0009599999757483602,-8.479999999999875e-09,8.528000000000014e-08,-9.837439847877236e-11,-0.6147999904933386
SaveOnEvent_ch1_20260927233342054.wfm,23:33:42.054000,4.341735,-0.00023999999393709004,1.9216e-06,1.1710400000000001e-06,1.0664959730580434e-10,0.6665599831612781
SaveOnEvent_ch1_20260927233342102.wfm,23:33:42.102000,4.341975,-0.0008800000068731606,-6.559999999999815e-09,8.192000000000014e-08,-4.257280025631201e-11,-0.26608000160194933
SaveOnEvent_ch1_20260927233342254.wfm,23:33:42.254000,4.342735,-0.00015999999595806003,-2e-06,3.99984e-06,-2.1392639459576461e-10,-1.3371999662194867
SaveOnEvent_ch1_20260927233342302.wfm,23:33:42.302000,4.342975,-0.01080000028014183,2.769600000000002e-07,4.2687999999999997e-07,-6.279091199215035e-09,-39.24455999510246
SaveOnEvent_ch1_20260927233342454.wfm,23:33:42.454000,4.343735,-0.00015999999595806003,-1.1792e-06,2.47248e-06,-1.1731839703628794e-10,-0.7332799814757891
SaveOnEvent_ch1_20260927233342502.wfm,23:33:42.502000,4.343975,-0.0008800000068731606,-1.0559999999999692e-08,8.54399999999999e-08,7.266559695824977e-11,0.4541599809890613
SaveOnEvent_ch1_20260927233342654.wfm,23:33:42.654000,4.344735,-0.00015999999595806003,1.0096000000000013e-07,1.7972799999999996e-06,-3.548159910365933e-11,-0.2217599943978712
SaveOnEvent_ch1_20260927233342702.wfm,23:33:42.702000,4.344975,-0.009600000455975533,2.0096000000000002e-07,4.518399999999999e-07,-6.056569603779354e-09,-37.853920023626415
SaveOnEvent_ch1_20260927233342856.wfm,23:33:42.856000,4.345745,-0.00015999999595806003,-1.81104e-06,1.3599999999999963e-08,1.0204799742205076e-10,0.6377599838888273
SaveOnEvent_ch1_20260927233342902.wfm,23:33:42.902000,4.345975,-0.0009599999757483602,-1.0079999999999995e-08,7.93600000000002e-08,-6.476159938843952e-11,-0.40471999617875554
SaveOnEvent_ch1_20260927233343054.wfm,23:33:43.054000,4.346735,-0.00023999999393709004,1.8174399999999996e-06,1.1214400000000002e-06,-4.5113598860334524e-11,-0.2819999928760808
SaveOnEvent_ch1_20260927233343102.wfm,23:33:43.102000,4.346975,-0.0008800000068731606,-4.799999999999937e-09,8.352000000000026e-08,-1.2317439789883785e-10,-0.769839986867737
SaveOnEvent_ch1_20260927233343254.wfm,23:33:43.254000,4.347735,-0.00015999999595806003,-1.2824e-06,2.9204799999999997e-06,-6.046719847247021e-11,-0.3779199904529378
SaveOnEvent_ch1_20260927233343302.wfm,23:33:43.302000,4.347975,-0.0008800000068731606,-1.4240000000000053e-08,8.735999999999996e-08,-1.451071978011171e-10,-0.9069599862559699
SaveOnEvent_ch1_20260927233343454.wfm,23:33:43.454000,4.348735,-0.00015999999595806003,-1.6856e-06,1.9928e-06,7.340159814571959e-11,0.4587199884117581
SaveOnEvent_ch1_20260927233343504.wfm,23:33:43.504000,4.348985,-0.006560000125318766,7.444800000000001e-07,5.347199999999999e-07,-4.463104003979824e-09,-27.89472002486582
SaveOnEvent_ch1_20260927233343654.wfm,23:33:43.654000,4.349735,-0.00015999999595806003,-8.686400000000001e-07,9.120000000000177e-09,2.978943924745547e-10,1.8619199529639445
SaveOnEvent_ch1_20260927233343702.wfm,23:33:43.702000,4.349975,-0.0009599999757483602,-2.208000000000005e-08,8.04800000000002e-08,-2.3989119498292e-10,-1.4993599686422385
SaveOnEvent_ch1_20260927233343854.wfm,23:33:43.854000,4.350735,-7.999999797903001e-05,-1.8224e-06,3.5166399999999998e-06,2.6140799339627856e-10,1.63383995872573
SaveOnEvent_ch1_20260927233343902.wfm,23:33:43.902000,4.350975,-0.009200000204145908,2.2703999999999995e-07,4.7215999999999964e-07,-5.683910396934952e-09,-35.52471998083638
SaveOnEvent_ch1_20260927233344054.wfm,23:33:44.054000,4.351735,-7.999999797903001e-05,-1.57184e-06,3.5716799999999995e-06,2.463039937778375e-10,1.5394399611104745
SaveOnEvent_ch1_20260927233344102.wfm,23:33:44.102000,4.351975,-0.0008800000068731606,-1.9519999999999688e-08,8.816000000000002e-08,-3.117823935300111e-10,-1.9487199595605489
SaveOnEvent_ch1_20260927233344254.wfm,23:33:44.254000,4.352735,-0.00015999999595806003,-1.71632e-06,3.5463999999999996e-06,-9.348479763837521e-11,-0.5843199852388352
SaveOnEvent_ch1_20260927233344302.wfm,23:33:44.302000,4.352975,-0.007600000128149986,2.459200000000002e-07,4.371199999999997e-07,-4.24430080491351e-09,-26.527120030717924
SaveOnEvent_ch1_20260927233344454.wfm,23:33:44.454000,4.353735,-7.999999797903001e-05,-1.89232e-06,3.845759999999999e-06,3.6904959067702305e-10,2.3065599417313933
SaveOnEvent_ch1_20260927233344502.wfm,23:33:44.502000,4.353975,-0.007600000128149986,3.6272000000000006e-07,5.131199999999999e-07,-5.0096832099976025e-09,-31.31088006249047
SaveOnEvent_ch1_20260927233344654.wfm,23:33:44.654000,4.354735,-0.00015999999595806003,1.9572799999999997e-06,1.1520000000000357e-08,2.2238719438202687e-10,1.3899199648876674
SaveOnEvent_ch1_20260927233344702.wfm,23:33:44.702000,4.354975,-0.00863999966531992,2.2384000000000013e-07,4.539199999999997e-07,-5.26858240504749e-09,-32.92888003154076
SaveOnEvent_ch1_20260927233344854.wfm,23:33:44.854000,4.355735,-0.00015999999595806003,7.860799999999998e-07,7.520000000000057e-09,8.861439776141202e-11,0.5538399860088248
SaveOnEvent_ch1_20260927233344902.wfm,23:33:44.902000,4.355975,-0.00824000034481287,3.9216e-07,4.6495999999999995e-07,-5.164672010752838e-09,-32.27944006721373
SaveOnEvent_ch1_20260927233345054.wfm,23:33:45.054000,4.356735,-0.00015999999595806003,3.4512e-07,2.5599999999999382e-09,1.9827199499122785e-10,1.239279968693154
SaveOnEvent_ch1_20260927233345102.wfm,23:33:45.102000,4.356975,-0.0007999999797903001,-1.0079999999999995e-08,7.727999999999996e-08,-7.614719920326011e-11,-0.4759199950203765
SaveOnEvent_ch1_20260927233345254.wfm,23:33:45.254000,4.357735,-0.00023999999393709004,-9.123200000000001e-07,3.96848e-06,-3.8785919020185244e-10,-2.4242399387585465
SaveOnEvent_ch1_20260927233345302.wfm,23:33:45.302000,4.357975,-0.0009599999757483602,-9.439999999999693e-09,8.400000000000038e-08,-4.3603200365323654e-11,-0.27256000228226185
SaveOnEvent_ch1_20260927233345454.wfm,23:33:45.454000,4.358735,-7.999999797903001e-05,8.524799999999998e-07,1.0148800000000005e-06,3.445183912967329e-10,2.153279945603572
SaveOnEvent_ch1_20260927233345502.wfm,23:33:45.502000,4.358975,-0.012400000356137753,1.184e-07,3.9072000000000005e-07,-7.065900825085117e-09,-44.16232015678543
SaveOnEvent_ch1_20260927233345654.wfm,23:33:45.654000,4.359735,-0.00015999999595806003,-5.024e-07,6.811199999999998e-07,-4.433279888005925e-11,-0.27703999300138094
SaveOnEvent_ch1_20260927233345702.wfm,23:33:45.702000,4.359975,-0.001120000029914081,-1.2959999999999873e-08,7.26400000000002e-08,-3.143423941126095e-10,-1.9646399632038083
SaveOnEvent_ch1_20260927233345854.wfm,23:33:45.854000,4.360735,-0.00015999999595806003,-1.408e-06,2.48816e-06,-7.745919804321613e-11,-0.48415998776908964
SaveOnEvent_ch1_20260927233345902.wfm,23:33:45.902000,4.360975,-0.009440000168979168,3.0928000000000003e-07,4.2656000000000003e-07,-5.512505586761981e-09,-34.45335991727188
SaveOnEvent_ch1_20260927233346054.wfm,23:33:46.054000,4.361735,-7.999999797903001e-05,-1.99888e-06,3.82672e-06,2.4117119390750297e-10,1.5073599619208835
SaveOnEvent_ch1_20260927233346106.wfm,23:33:46.106000,4.361995,-0.008799999952316284,3.049600000000002e-07,4.6656000000000007e-07,-5.640012802439743e-09,-35.2504000152403
SaveOnEvent_ch1_20260927233346254.wfm,23:33:46.254000,4.362735,-0.00015999999595806003,1.2239999999999988e-07,7.747200000000001e-07,6.335999839939213e-12,0.039679998997598886
SaveOnEvent_ch1_20260927233346302.wfm,23:33:46.302000,4.362975,-0.0008800000068731606,-8.799999999999814e-09,7.791999999999984e-08,1.9320319416467104e-10,1.2075199635291938
SaveOnEvent_ch1_20260927233346454.wfm,23:33:46.454000,4.363735,-7.999999797903001e-05,1.1323199999999999e-06,3.2927999999999984e-07,3.246719917980954e-10,2.0292799487360753
SaveOnEvent_ch1_20260927233346502.wfm,23:33:46.502000,4.363975,-0.007519999984651804,3.5936000000000006e-07,4.8592e-07,-4.621024006318766e-09,-28.88160003948724
SaveOnEvent_ch1_20260927233346654.wfm,23:33:46.654000,4.364735,-0.00015999999595806003,-1.95408e-06,3.953919999999999e-06,-1.4636159630259494e-10,-0.9148799768881872
SaveOnEvent_ch1_20260927233346702.wfm,23:33:46.702000,4.364975,-0.0007999999797903001,-1.2159999999999812e-08,7.552000000000008e-08,-1.1704959787195556e-10,-0.7315199867007323
SaveOnEvent_ch1_20260927233346854.wfm,23:33:46.854000,4.365735,-0.00023999999393709004,5.4048e-07,3.893279999999999e-06,-2.641087933280505e-10,-1.6507199582993053
SaveOnEvent_ch1_20260927233346902.wfm,23:33:46.902000,4.365975,-0.0007999999797903001,-1.3759999999999933e-08,8.976000000000014e-08,-6.700159974629071e-11,-0.41879999841330573
SaveOnEvent_ch1_20260927233347054.wfm,23:33:47.054000,4.366735,-0.00023999999393709004,-1.98208e-06,3.964479999999999e-06,-4.674687881907446e-10,-2.921759926190134
SaveOnEvent_ch1_20260927233347102.wfm,23:33:47.102000,4.366975,-0.0010400000028312206,1.91552e-06,2.056e-06,-6.831103953416458e-10,-4.269919970887713
SaveOnEvent_ch1_20260927233347254.wfm,23:33:47.254000,4.367735,-0.00023999999393709004,-1.99328e-06,3.9912e-06,-4.1831038943259035e-10,-2.614559933950659
SaveOnEvent_ch1_20260927233347302.wfm,23:33:47.302000,4.367975,-0.0009599999757483602,-2.8799999999998776e-09,7.887999999999966e-08,-6.182399926241488e-11,-0.38639999539009295
SaveOnEvent_ch1_20260927233347454.wfm,23:33:47.454000,4.368735,-0.00015999999595806003,3.065599999999999e-07,5.487999999999997e-08,1.1125119718955838e-10,0.6953599824337289
SaveOnEvent_ch1_20260927233347502.wfm,23:33:47.502000,4.368975,-0.007679999805986881,6.8048e-07,5.2624e-07,-4.933254397760611e-09,-30.833199985994725
SaveOnEvent_ch1_20260927233347654.wfm,23:33:47.654000,4.369735,-0.00023999999393709004,7.310400000000001e-07,3.7663999999999996e-06,-2.796543929353355e-10,-1.7479199558438268
SaveOnEvent_ch1_20260927233347702.wfm,23:33:47.702000,4.369975,-0.009359999559819698,2.385600000000003e-07,4.289599999999998e-07,-5.618515187259763e-09,-35.11607992037898
SaveOnEvent_ch1_20260927233347854.wfm,23:33:47.854000,4.370735,-7.999999797903001e-05,-1.74624e-06,3.6184e-06,1.957183950557373e-10,1.223279969097348
SaveOnEvent_ch1_20260927233347902.wfm,23:33:47.902000,4.370975,-0.009039999917149544,2.6336000000000005e-07,4.697599999999999e-07,-5.867225600108504e-09,-36.67048000067007
SaveOnEvent_ch1_20260927233348054.wfm,23:33:48.054000,4.371735,-7.999999797903001e-05,-7.278400000000001e-07,2.14672e-06,3.357759915175848e-10,2.0986399469838943
SaveOnEvent_ch1_20260927233348102.wfm,23:33:48.102000,4.371975,-0.0010400000028312206,-9.599999999999874e-09,7.968000000000014e-08,2.0972798319999033e-11,0.13111998949898407
SaveOnEvent_ch1_20260927233348254.wfm,23:33:48.254000,4.372735,-0.00015999999595806003,-1.9796799999999997e-06,3.3156799999999997e-06,-1.3244799665408213e-10,-0.8278399790870026
SaveOnEvent_ch1_20260927233348302.wfm,23:33:48.302000,4.372975,-0.0007999999797903001,-1.4399999999999811e-08,8.704000000000002e-08,8.09535967675037e-11,0.5059999797958881
SaveOnEvent_ch1_20260927233348454.wfm,23:33:48.454000,4.373735,-7.999999797903001e-05,-8.014399999999999e-07,1.2689599999999998e-06,3.377855914668181e-10,2.111199946666602
SaveOnEvent_ch1_20260927233348502.wfm,23:33:48.502000,4.373975,-0.006240000016987324,3.5840000000000024e-07,7.964799999999998e-07,-5.6273216205625806e-09,-35.17104012850905
SaveOnEvent_ch1_20260927233348654.wfm,23:33:48.654000,4.374735,-0.00015999999595806003,-1.82192e-06,3.7454399999999996e-06,-7.378559813601886e-11,-0.461199988349108
SaveOnEvent_ch1_20260927233348705.wfm,23:33:48.705000,4.37499,-0.0008800000068731606,-9.439999999999693e-09,8.719999999999977e-08,-1.4728319765767102e-10,-0.9205599853594322
SaveOnEvent_ch1_20260927233348854.wfm,23:33:48.854000,4.375735,-0.00023999999393709004,-1.49392e-06,3.8668800000000005e-06,-1.8800639525055856e-10,-1.1751199703139719
SaveOnEvent_ch1_20260927233348902.wfm,23:33:48.902000,4.375975,-0.0010400000028312206,-6.399999999998787e-10,8.528000000000014e-08,-2.2202879576943807e-10,-1.3877599735569675
SaveOnEvent_ch1_20260927233349054.wfm,23:33:49.054000,4.376735,-0.00015999999595806003,1.1264e-06,1.0240000000000176e-08,4.008319898741321e-11,0.250559993670322
SaveOnEvent_ch1_20260927233349102.wfm,23:33:49.102000,4.376975,-0.0009599999757483602,-9.760000000000056e-09,7.184000000000015e-08,-2.395967949251643e-10,-1.4975199682812672
SaveOnEvent_ch1_20260927233349254.wfm,23:33:49.254000,4.377735,-0.00015999999595806003,-1.95328e-06,3.7737599999999995e-06,3.408639913890502e-11,0.21303999461815692
SaveOnEvent_ch1_20260927233349302.wfm,23:33:49.302000,4.377975,-0.0008800000068731606,-1.695999999999975e-08,9.424000000000013e-08,-1.385791978263298e-10,-0.8660799864155706
SaveOnEvent_ch1_20260927233349453.wfm,23:33:49.453000,4.37873,-0.00015999999595806003,1.4703999999999987e-07,1.2252799999999998e-06,6.989439823431895e-11,0.4368799889634829
SaveOnEvent_ch1_20260927233349502.wfm,23:33:49.502000,4.378975,-0.007120000198483467,6.249600000000001e-07,5.859199999999999e-07,-5.004979201776441e-09,-31.281520011107204
SaveOnEvent_ch1_20260927233349654.wfm,23:33:49.654000,4.379735,-7.999999797903001e-05,-1.6656e-06,2.4990399999999995e-06,2.335743940994143e-10,1.4599199631193187
SaveOnEvent_ch1_20260927233349702.wfm,23:33:49.702000,4.379975,-0.0010400000028312206,-9.439999999999693e-09,8.224000000000008e-08,-2.7527679461054496e-10,-1.7204799663159065
SaveOnEvent_ch1_20260927233349853.wfm,23:33:49.853000,4.38073,-0.00015999999595806003,-1.99408e-06,3.8704e-06,-2.426495938701554e-10,-1.516639961686451
SaveOnEvent_ch1_20260927233349902.wfm,23:33:49.902000,4.380975,-0.008080000057816505,8.510400000000002e-07,5.775999999999998e-07,-5.885132809444331e-09,-36.78248005901696
SaveOnEvent_ch1_20260927233350054.wfm,23:33:50.054000,4.381735,0.0,-1.29616e-06,,6.516863835370167e-10,4.073199897102313
SaveOnEvent_ch1_20260927233350102.wfm,23:33:50.102000,4.381975,-0.0009599999757483602,-6.0799999999996945e-09,7.088000000000033e-08,-1.544383975421078e-10,-0.9653599846351426
SaveOnEvent_ch1_20260927233350254.wfm,23:33:50.254000,4.382735,0.0,-1.72896e-06,,5.117375870724208e-10,3.198479919199599
SaveOnEvent_ch1_20260927233350301.wfm,23:33:50.301000,4.38297,-0.006719999946653843,3.078400000000001e-07,6.3008e-07,-5.532486390911508e-09,-34.57847994318581
SaveOnEvent_ch1_20260927233350453.wfm,23:33:50.453000,4.38373,-7.999999797903001e-05,-1.99264e-06,3.99248e-06,8.961919773602864e-11,0.5600799858511891
SaveOnEvent_ch1_20260927233350502.wfm,23:33:50.502000,4.383975,-0.0010400000028312206,-3.199999999999817e-09,8.448000000000008e-08,-4.453503901604564e-10,-2.783519938500831
SaveOnEvent_ch1_20260927233350654.wfm,23:33:50.654000,4.384735,-0.00015999999595806003,-1.3208e-06,1.1199999999999994e-09,1.5169279616791746e-10,0.9480799760494847
SaveOnEvent_ch1_20260927233350701.wfm,23:33:50.701000,4.38497,-0.01071999967098236,1.4832000000000005e-07,3.998399999999998e-07,-5.646969590750523e-09,-35.293919942196226
SaveOnEvent_ch1_20260927233350853.wfm,23:33:50.853000,4.38573,-0.00015999999595806003,-1.90768e-06,3.907519999999999e-06,-1.6971519571263342e-10,-1.060799973201938
SaveOnEvent_ch1_20260927233350902.wfm,23:33:50.902000,4.385975,-0.009680000133812428,2.7568000000000004e-07,4.772800000000004e-07,-5.588377612098119e-09,-34.92752007560921
SaveOnEvent_ch1_20260927233351054.wfm,23:33:51.054000,4.386735,-0.00023999999393709004,-1.1504e-06,3.51376e-06,-2.3979519394226377e-10,-1.4987999621371273
SaveOnEvent_ch1_20260927233351102.wfm,23:33:51.102000,4.386975,-0.009600000455975533,1.6207999999999998e-07,3.7343999999999993e-07,-5.396313592516818e-09,-33.72727995322202
SaveOnEvent_ch1_20260927233351254.wfm,23:33:51.254000,4.387735,-7.999999797903001e-05,-3.5088e-07,1.13744e-06,2.9337599258869884e-10,1.833679953677347
SaveOnEvent_ch1_20260927233351302.wfm,23:33:51.302000,4.387975,-0.0007200000109151006,-4.591999999999998e-08,9.232000000000007e-08,2.863103916496037e-10,1.789519947808003
SaveOnEvent_ch1_20260927233351455.wfm,23:33:51.455000,4.38874,-0.00015999999595806003,-1.0171199999999999e-06,1.19008e-06,5.299199866130997e-12,0.033119999163318425
SaveOnEvent_ch1_20260927233351502.wfm,23:33:51.502000,4.388975,-0.00887999963015318,3.358400000000001e-07,4.5535999999999965e-07,-5.301043188602198e-09,-33.131759928772226
SaveOnEvent_ch1_20260927233351654.wfm,23:33:51.654000,4.389735,-0.00015999999595806003,1.912e-06,9.599999999999874e-09,1.7770239551086004e-10,1.1107199719408527
SaveOnEvent_ch1_20260927233351702.wfm,23:33:51.702000,4.389975,-0.0007200000109151006,-1.599999999999993e-08,8.912000000000026e-08,4.571519774617621e-11,0.2856799859146122
SaveOnEvent_ch1_20260927233351854.wfm,23:33:51.854000,4.390735,-0.00015999999595806003,-1.3702399999999999e-06,2.4483199999999996e-06,-2.492799937026591e-11,-0.15575999606517144
SaveOnEvent_ch1_20260927233351901.wfm,23:33:51.901000,4.39097,-0.0007200000109151006,-1.1359999999999752e-08,8.592000000000002e-08,3.713279897114262e-10,2.3208799356943928
SaveOnEvent_ch1_20260927233352054.wfm,23:33:52.054000,4.391735,-0.00015999999595806003,-4.0448e-07,1.74864e-06,2.8006399292498924e-11,0.17503999557811767
SaveOnEvent_ch1_20260927233352102.wfm,23:33:52.102000,4.391975,-0.009440000168979168,2.1376000000000014e-07,4.928000000000002e-07,-6.0587775982194574e-09,-37.8675999888801
SaveOnEvent_ch1_20260927233352254.wfm,23:33:52.254000,4.392735,-0.00015999999595806003,-1.2864e-06,3.2624e-06,-1.3497599659021801e-11,-0.08439999786787666
SaveOnEvent_ch1_20260927233352302.wfm,23:33:52.302000,4.392975,-0.0009599999757483602,-9.760000000000056e-09,8.49600000000002e-08,-3.262527931504883e-10,-2.0391199571895413
SaveOnEvent_ch1_20260927233352454.wfm,23:33:52.454000,4.393735,-0.00015999999595806003,-1.17808e-06,3.02112e-06,4.2175998934544527e-11,0.2635999933409039
SaveOnEvent_ch1_20260927233352502.wfm,23:33:52.502000,4.393975,-0.010080000385642052,3.2320000000000014e-07,4.406399999999999e-07,-5.91064320528647e-09,-36.94176003304892
SaveOnEvent_ch1_20260927233352654.wfm,23:33:52.654000,4.394735,0.0,9.4864e-07,,5.888127851253374e-10,3.6801599070313387
SaveOnEvent_ch1_20260927233352702.wfm,23:33:52.702000,4.394975,-0.0009599999757483602,-4.959999999999695e-09,7.520000000000014e-08,-5.041919968556624e-11,-0.3151199980347883
SaveOnEvent_ch1_20260927233352854.wfm,23:33:52.854000,4.395735,-0.00015999999595806003,-1.1169599999999998e-06,2.62816e-06,-5.2927998662926156e-11,-0.3307999916432891
SaveOnEvent_ch1_20260927233352901.wfm,23:33:52.901000,4.39597,-0.0069599999114871025,2.923200000000003e-07,4.5056000000000014e-07,-4.60732798877405e-09,-28.79615992982872
SaveOnEvent_ch1_20260927233353054.wfm,23:33:53.054000,4.396735,-0.00015999999595806003,-9.3136e-07,2.8801599999999997e-06,-1.0759679728187615e-10,-0.6724799830117263
SaveOnEvent_ch1_20260927233353101.wfm,23:33:53.101000,4.39697,-0.0010400000028312206,-6.8799999999997546e-09,8.127999999999984e-08,-9.459199903067205e-11,-0.5911999939417001
SaveOnEvent_ch1_20260927233353254.wfm,23:33:53.254000,4.397735,-0.00015999999595806003,-1.6964799999999998e-06,1.2639999999999933e-08,8.210559792583817e-11,0.5131999870354775
SaveOnEvent_ch1_20260927233353301.wfm,23:33:53.301000,4.39797,-0.00800000037997961,4.7296000000000013e-07,4.891199999999998e-07,-4.923462413742673e-09,-30.77184008588665
SaveOnEvent_ch1_20260927233353453.wfm,23:33:53.453000,4.39873,-0.00015999999595806003,-1.4315199999999999e-06,1.8911999999999998e-06,7.166079818969585e-11,0.44791998868458904
SaveOnEvent_ch1_20260927233353502.wfm,23:33:53.502000,4.398975,-0.009920000098645687,2.0992000000000002e-07,3.9744000000000004e-07,-6.17294081269065e-09,-38.58136007931898
SaveOnEvent_ch1_20260927233353654.wfm,23:33:53.654000,4.399735,-0.00015999999595806003,1.5785599999999998e-06,4.083199999999997e-07,1.695231957174839e-10,1.0595199732342735
SaveOnEvent_ch1_20260927233353702.wfm,23:33:53.702000,4.399975,-0.00887999963015318,4.614400000000002e-07,4.867199999999996e-07,-5.511251190903131e-09,-34.445519943139516
SaveOnEvent_ch1_20260927233353854.wfm,23:33:53.854000,4.400735,-0.00015999999595806003,-1.90048e-06,3.5694399999999995e-06,-2.3167999414727088e-10,-1.4480799634184223
SaveOnEvent_ch1_20260927233353902.wfm,23:33:53.902000,4.400975,-0.005919999908655882,1.0396800000000003e-06,7.689599999999999e-07,-5.102758425818756e-09,-31.8927201613551
SaveOnEvent_ch1_20260927233354054.wfm,23:33:54.054000,4.401735,-0.00015999999595806003,-1.18016e-06,3.1014399999999995e-06,-1.2054399695480242e-10,-0.7534399809665047
SaveOnEvent_ch1_20260927233354101.wfm,23:33:54.101000,4.40197,-0.003280000062659383,1.4368e-06,9.8112e-07,-3.4284991882951e-09,-21.42935992690036
SaveOnEvent_ch1_20260927233354253.wfm,23:33:54.253000,4.40273,-0.00015999999595806003,-1.6159999999999999e-06,3.08496e-06,5.2351998677478055e-12,0.032719999173423275
SaveOnEvent_ch1_20260927233354301.wfm,23:33:54.301000,4.40297,-0.0009599999757483602,-5.280000000000058e-09,8.09599999999999e-08,-2.6114559456706054e-10,-1.632159966044128
SaveOnEvent_ch1_20260927233354453.wfm,23:33:54.453000,4.40373,-0.00015999999595806003,-1.78224e-06,1.1199999999999994e-09,6.99199982336725e-11,0.43703998895944096
SaveOnEvent_ch1_20260927233354501.wfm,23:33:54.501000,4.40397,-0.008559999987483025,2.5008000000000024e-07,4.484799999999999e-07,-5.2403520139306776e-09,-32.75240008707624
SaveOnEvent_ch1_20260927233354653.wfm,23:33:54.653000,4.40473,-0.00015999999595806003,6.350400000000001e-07,1.3639999999999996e-06,-7.673599806148512e-12,-0.04799999878741801
SaveOnEvent_ch1_20260927233354701.wfm,23:33:54.701000,4.40497,-0.0009599999757483602,-1.3120000000000054e-08,8.511999999999996e-08,-2.584639944951049e-10,-1.6154399655933958
SaveOnEvent_ch1_20260927233354853.wfm,23:33:54.853000,4.40573,-7.999999797903001e-05,-1.95872e-06,3.9257599999999995e-06,8.859519776189698e-11,0.5537599860108458
SaveOnEvent_ch1_20260927233354902.wfm,23:33:54.902000,4.405975,-0.0008800000068731606,-7.199999999999694e-09,8.192000000000014e-08,1.5166719506960362e-10,0.9479199691850226
SaveOnEvent_ch1_20260927233355054.wfm,23:33:55.054000,4.406735,-0.00023999999393709004,-1.8003199999999999e-06,3.97248e-06,-3.6474879078567015e-10,-2.2797599424084183
SaveOnEvent_ch1_20260927233355101.wfm,23:33:55.101000,4.40697,-0.009440000168979168,1.6560000000000016e-07,4.379200000000002e-07,-6.0084543773671606e-09,-37.553199858550215
SaveOnEvent_ch1_20260927233355254.wfm,23:33:55.254000,4.407735,-0.00015999999595806003,-1.00048e-06,2.96688e-06,9.76639975328001e-12,0.0610399984579999
SaveOnEvent_ch1_20260927233355302.wfm,23:33:55.302000,4.407975,-0.009440000168979168,4.587200000000001e-07,4.3743999999999966e-07,-5.378086400078609e-09,-33.61328000048525
SaveOnEvent_ch1_20260927233355454.wfm,23:33:55.454000,4.408735,-0.00015999999595806003,-1.75616e-06,4.800000000001208e-10,3.208319918951038e-11,0.2004799949354492
SaveOnEvent_ch1_20260927233355502.wfm,23:33:55.502000,4.408975,-0.0012000000569969416,-8.159999999999935e-09,8.208000000000032e-08,-4.193343920097686e-10,-2.6208799500600435
SaveOnEvent_ch1_20260927233355653.wfm,23:33:55.653000,4.40973,-7.999999797903001e-05,5.454399999999997e-07,1.1908800000000002e-06,3.2460159179987387e-10,2.02887994874618
SaveOnEvent_ch1_20260927233355701.wfm,23:33:55.701000,4.40997,-0.0008800000068731606,-4.511999999999992e-08,9.50400000000002e-08,-2.4935039519099515e-10,-1.5584799699427094
SaveOnEvent_ch1_20260927233355853.wfm,23:33:55.853000,4.41073,-0.00015999999595806003,-1.99744e-06,2.8823999999999997e-06,-5.539839860051862e-11,-0.3463199912512209
SaveOnEvent_ch1_20260927233355901.wfm,23:33:55.901000,4.41097,-0.0009599999757483602,-1.4240000000000053e-08,8.65599999999999e-08,-7.847679914440965e-11,-0.49039999465458095
SaveOnEvent_ch1_20260927233356053.wfm,23:33:56.053000,4.41173,-0.00015999999595806003,-1.76272e-06,1.38992e-06,-2.0755199475679364e-11,-0.12975999672198668
SaveOnEvent_ch1_20260927233356101.wfm,23:33:56.101000,4.41197,-0.0009599999757483602,-1.727999999999969e-08,7.375999999999978e-08,-1.3335679753916338e-10,-0.8335199846187606
SaveOnEvent_ch1_20260927233356253.wfm,23:33:56.253000,4.41273,-0.00015999999595806003,-1.88768e-06,1.9208e-06,9.211519767297435e-11,0.575759985455079
SaveOnEvent_ch1_20260927233356301.wfm,23:33:56.301000,4.41297,-0.01095999963581562,1.7551999999999997e-07,3.852799999999998e-07,-5.92872320389375e-09,-37.0548800243414
SaveOnEvent_ch1_20260927233356453.wfm,23:33:56.453000,4.41373,-0.00015999999595806003,-1.08384e-06,9.963199999999998e-07,8.543999784160246e-12,0.05343999864999205
SaveOnEvent_ch1_20260927233356503.wfm,23:33:56.503000,4.4139800000000005,-0.009279999881982803,3.2992000000000014e-07,4.195200000000001e-07,-5.3285760033829145e-09,-33.30384002113715
SaveOnEvent_ch1_20260927233356654.wfm,23:33:56.654000,4.414735,-0.00015999999595806003,-9.84e-07,2.2383999999999996e-06,-8.212479792535299e-11,-0.5132799870334566
SaveOnEvent_ch1_20260927233356701.wfm,23:33:56.701000,4.41497,-0.0008800000068731606,-1.0079999999999995e-08,8.959999999999996e-08,-1.7121919725323093e-10,-1.070159982831683
SaveOnEvent_ch1_20260927233356853.wfm,23:33:56.853000,4.41573,-0.00015999999595806003,-9.4064e-07,2.8551999999999994e-06,-1.2620799681171783e-11,-0.07879999800934456
SaveOnEvent_ch1_20260927233356901.wfm,23:33:56.901000,4.41597,-0.001120000029914081,-7.839999999999996e-09,8.592000000000002e-08,-2.60345595346298e-10,-1.6271999709133524
SaveOnEvent_ch1_20260927233357053.wfm,23:33:57.053000,4.41673,-0.00015999999595806003,6.7936e-07,1.2432000000000002e-06,3.7887999042868596e-11,0.23679999401792884
SaveOnEvent_ch1_20260927233357101.wfm,23:33:57.101000,4.41697,-0.011760000139474869,1.8671999999999997e-07,3.915200000000001e-07,-6.4146432229341006e-09,-40.0918401433446
SaveOnEvent_ch1_20260927233357253.wfm,23:33:57.253000,4.41773,-0.00023999999393709004,-1.7903999999999994e-07,3.0784e-06,-2.090623947186395e-10,-1.3066399669914972
SaveOnEvent_ch1_20260927233357301.wfm,23:33:57.301000,4.41797,-0.0008800000068731606,-1.727999999999969e-08,8.047999999999978e-08,-6.465279961470521e-11,-0.40407999759190716
SaveOnEvent_ch1_20260927233357453.wfm,23:33:57.453000,4.41873,-0.00023999999393709004,1.05952e-06,3.547519999999999e-06,-2.093503947113641e-10,-1.308479966945015
SaveOnEvent_ch1_20260927233357501.wfm,23:33:57.501000,4.41897,-0.0009599999757483602,-1.1199999999999994e-08,8.063999999999996e-08,-7.680010749028642e-13,-0.004720006720162928
SaveOnEvent_ch1_20260927233357653.wfm,23:33:57.653000,4.41973,-0.00015999999595806003,-1.20416e-06,6.9344e-07,3.402879914036036e-11,0.21263999462826177
SaveOnEvent_ch1_20260927233357701.wfm,23:33:57.701000,4.41997,-0.0008800000068731606,-4.8960000000000036e-08,9.295999999999995e-08,-2.4337279524887e-10,-1.5211999703024048
SaveOnEvent_ch1_20260927233357853.wfm,23:33:57.853000,4.42073,-0.00015999999595806003,-5.0016e-07,2.44624e-06,-6.41535983793435e-11,-0.4009599898708984
SaveOnEvent_ch1_20260927233357901.wfm,23:33:57.901000,4.42097,-0.0008800000068731606,-1.1679999999999692e-08,8.847999999999996e-08,-3.402303928765469e-10,-2.126479955477407
SaveOnEvent_ch1_20260927233358053.wfm,23:33:58.053000,4.42173,-0.00023999999393709004,-1.00048e-06,3.7574399999999992e-06,-4.2933758915402006e-10,-2.6834399322106037
SaveOnEvent_ch1_20260927233358101.wfm,23:33:58.101000,4.42197,-0.005200000014156103,3.976000000000002e-07,1.13504e-06,-6.445126410301309e-09,-40.282720064366
SaveOnEvent_ch1_20260927233358253.wfm,23:33:58.253000,4.42273,-0.00023999999393709004,-1.96672e-06,3.93712e-06,-3.0730239223688845e-10,-1.9207199514785316
SaveOnEvent_ch1_20260927233358301.wfm,23:33:58.301000,4.42297,-0.0008800000068731606,-1.0239999999999753e-08,8.719999999999977e-08,-7.820159879280242e-11,-0.4887999924540054
SaveOnEvent_ch1_20260927233358455.wfm,23:33:58.455000,4.4237400000000004,-0.00015999999595806003,9.300800000000001e-07,3.1999999999993934e-10,9.045759771484852e-11,0.5654399857157841
SaveOnEvent_ch1_20260927233358501.wfm,23:33:58.501000,4.42397,-0.001120000029914081,-4.799999999999937e-09,8.144000000000002e-08,-1.9555199673166498e-10,-1.2222399795718957
SaveOnEvent_ch1_20260927233358654.wfm,23:33:58.654000,4.424735,-0.00015999999595806003,-9.1488e-07,2.01856e-06,-2.3180799414403612e-11,-0.14479999634204432
SaveOnEvent_ch1_20260927233358701.wfm,23:33:58.701000,4.42497,-0.0009599999757483602,-1.0079999999999995e-08,8.000000000000008e-08,-7.841279922984543e-11,-0.4901599951845128
SaveOnEvent_ch1_20260927233358853.wfm,23:33:58.853000,4.42573,-0.00015999999595806003,1.580800000000001e-07,1.4801599999999996e-06,-4.8486398775130434e-11,-0.3030399923445657
SaveOnEvent_ch1_20260927233358901.wfm,23:33:58.901000,4.42597,-0.0007999999797903001,-1.0079999999999995e-08,8.368000000000002e-08,2.5804799240548175e-10,1.6128799525322393
SaveOnEvent_ch1_20260927233359053.wfm,23:33:59.053000,4.42673,-0.00015999999595806003,7.7536e-07,2.7200000000001196e-09,4.455039887456241e-11,0.27839999296702445
SaveOnEvent_ch1_20260927233359104.wfm,23:33:59.104000,4.426985,-0.0009599999757483602,-1.0880000000000055e-08,8.640000000000014e-08,-1.4826879751635707e-10,-0.9267199844762217
SaveOnEvent_ch1_20260927233359253.wfm,23:33:59.253000,4.42773,-0.00023999999393709004,5.003199999999998e-07,3.18976e-06,-2.1951999445445827e-10,-1.3720799653383438
SaveOnEvent_ch1_20260927233359301.wfm,23:33:59.301000,4.42797,-0.0008800000068731606,-1.3120000000000054e-08,7.920000000000002e-08,-9.746559892082576e-11,-0.6091999932541512
SaveOnEvent_ch1_20260927233359453.wfm,23:33:59.453000,4.42873,-0.00015999999595806003,-1.79168e-06,3.5177599999999998e-06,-2.6405119332950563e-10,-1.6503199583094101
SaveOnEvent_ch1_20260927233359502.wfm,23:33:59.502000,4.428975,-0.006800000090152025,4.5216000000000026e-07,5.959999999999999e-07,-5.0311168133351024e-09,-31.444800083350856
SaveOnEvent_ch1_20260927233359654.wfm,23:33:59.654000,4.429735,-0.00015999999595806003,-9.56e-07,7.040000000000148e-09,7.927039799746132e-11,0.49543998748413287
SaveOnEvent_ch1_20260927233359701.wfm,23:33:59.701000,4.42997,-0.0009599999757483602,-7.999999999999754e-09,8.287999999999996e-08,-2.16640006029047e-11,-0.13544000376714393
SaveOnEvent_ch1_20260927233359853.wfm,23:33:59.853000,4.43073,-7.999999797903001e-05,-1.73344e-06,3.7166399999999995e-06,1.0554239733377477e-10,0.6596799833350815
SaveOnEvent_ch1_20260927233359901.wfm,23:33:59.901000,4.43097,-0.0008800000068731606,-4.959999999999695e-09,8.20799999999999e-08,2.2331519359489904e-10,1.3957599599671084
SaveOnEvent_ch1_20260927233400053.wfm,23:34:00.053000,4.43173,-0.00015999999595806003,-1.54416e-06,2.59968e-06,-9.663359755882993e-11,-0.6039999847416766
SaveOnEvent_ch1_20260927233400102.wfm,23:34:00.102000,4.4319749999999996,-0.0008800000068731606,-7.679999999999815e-09,8.192000000000014e-08,2.810111916065215e-10,1.756399947538739
SaveOnEvent_ch1_20260927233400254.wfm,23:34:00.254000,4.432735,-0.00023999999393709004,-1.3280000000000235e-08,3.9016e-06,-3.1731839198386305e-10,-1.983279949898133
SaveOnEvent_ch1_20260927233400302.wfm,23:34:00.302000,4.432975,-0.007600000128149986,3.3728e-07,5.588800000000001e-07,-5.216460807207041e-09,-32.60312004503794
SaveOnEvent_ch1_20260927233400454.wfm,23:34:00.454000,4.433735,-0.00015999999595806003,-6.4768e-07,1.1040000000000025e-08,1.3045119670452546e-10,0.8153599794022739
SaveOnEvent_ch1_20260927233400502.wfm,23:34:00.502000,4.433975,-0.0010400000028312206,-1.0559999999999692e-08,8.224000000000008e-08,-6.345599945867447e-11,-0.3965599966177251
SaveOnEvent_ch1_20260927233400654.wfm,23:34:00.654000,4.434735,-7.999999797903001e-05,-1.99888e-06,3.91472e-06,2.5474559356458474e-10,1.5921599597786553
SaveOnEvent_ch1_20260927233400702.wfm,23:34:00.702000,4.434975,-0.0007999999797903001,-7.679999999999815e-09,8.38400000000002e-08,1.7751679440261798e-10,1.1095999650133308
SaveOnEvent_ch1_20260927233400854.wfm,23:34:00.854000,4.435735,-0.00015999999595806003,-4.0512000000000007e-07,2.4049599999999996e-06,-9.160959768574684e-11,-0.5726399855338968
SaveOnEvent_ch1_20260927233400902.wfm,23:34:00.902000,4.435975,-0.0008800000068731606,-8.479999999999875e-09,8.560000000000008e-08,-5.0393600394018066e-11,-0.31496000246261247
SaveOnEvent_ch1_20260927233401056.wfm,23:34:01.056000,4.436745,-7.999999797903001e-05,5.1472e-07,8.619199999999999e-07,3.5759359096642605e-10,2.2350399435381405
SaveOnEvent_ch1_20260927233401102.wfm,23:34:01.102000,4.436975,-0.0008800000068731606,-1.4399999999999388e-09,9.008000000000008e-08,9.798399662598972e-11,0.6124799789104145
SaveOnEvent_ch1_20260927233401254.wfm,23:34:01.254000,4.437735,-0.00015999999595806003,-2e-06,3.99488e-06,-1.0759039728203791e-10,-0.6725599830097053
SaveOnEvent_ch1_20260927233401302.wfm,23:34:01.302000,4.437975,-0.0009599999757483602,-3.5199999999997562e-09,7.792000000000026e-08,-6.401573773688337e-15,-9.837094694375992e-09
SaveOnEvent_ch1_20260927233401454.wfm,23:34:01.454000,4.438735,-7.999999797903001e-05,-6.817599999999999e-07,1.7292799999999998e-06,2.599615934328176e-10,1.6248799589520786
SaveOnEvent_ch1_20260927233401502.wfm,23:34:01.502000,4.438975,-0.001120000029914081,-4.799999999996972e-10,8.047999999999978e-08,-2.4746239520609366e-10,-1.5467199700360652
SaveOnEvent_ch1_20260927233401654.wfm,23:34:01.654000,4.439735,-0.00015999999595806003,1.50816e-06,6.0799999999996945e-09,2.1204479464329796e-10,1.3253599665185902
SaveOnEvent_ch1_20260927233401704.wfm,23:34:01.704000,4.439985,-0.009840000420808792,2.5248e-07,4.774400000000001e-07,-6.437510397997684e-09,-40.23479998749099
SaveOnEvent_ch1_20260927233401854.wfm,23:34:01.854000,4.440735,-0.00015999999595806003,-1.9886399999999997e-06,2.6710399999999998e-06,-8.326399789657455e-12,-0.05207999868434854
SaveOnEvent_ch1_20260927233401902.wfm,23:34:01.902000,4.440975,-0.0010400000028312206,-3.8399999999996956e-09,8.351999999999984e-08,-1.2044799819123023e-10,-0.7528799886931665
SaveOnEvent_ch1_20260927233402054.wfm,23:34:02.054000,4.4417349999999995,-0.00015999999595806003,1.39904e-06,5.1199999999998764e-09,1.2454399685375311e-11,0.0778399980335962
SaveOnEvent_ch1_20260927233402102.wfm,23:34:02.102000,4.441975,-0.0010400000028312206,-1.1039999999999813e-08,6.928000000000021e-08,3.159487906633874e-10,1.9747199416451622
SaveOnEvent_ch1_20260927233402254.wfm,23:34:02.254000,4.442735,-0.00015999999595806003,-1.6315199999999999e-06,3.6239999999999995e-06,-1.0180479742819462e-10,-0.6363199839252047
SaveOnEvent_ch1_20260927233402302.wfm,23:34:02.302000,4.442975,-0.007439999841153622,6.091199999999999e-07,5.812800000000001e-07,-5.519993587180507e-09,-34.50031991986907
SaveOnEvent_ch1_20260927233402454.wfm,23:34:02.454000,4.443735,-7.999999797903001e-05,-1.89616e-06,3.854719999999999e-06,1.5849599599605415e-10,0.9906399749743287
SaveOnEvent_ch1_20260927233402502.wfm,23:34:02.502000,4.443975,-0.0008800000068731606,-9.599999999999874e-09,8.032000000000002e-08,4.4012797593604825e-11,0.27511998495901935
SaveOnEvent_ch1_20260927233402654.wfm,23:34:02.654000,4.444735,-0.00023999999393709004,6.63999999999999e-08,3.2104e-06,-2.627775933616793e-10,-1.6423999585094862
SaveOnEvent_ch1_20260927233402702.wfm,23:34:02.702000,4.444975,-0.001120000029914081,-8.479999999999875e-09,7.615999999999996e-08,-2.7688319445820517e-10,-1.7305599653627723
SaveOnEvent_ch1_20260927233402854.wfm,23:34:02.854000,4.445735,-0.00023999999393709004,1.1087999999999994e-07,3.20928e-06,-3.2115199188701807e-10,-2.007279949291842
SaveOnEvent_ch1_20260927233402902.wfm,23:34:02.902000,4.445975,-0.001120000029914081,-1.3759999999999933e-08,7.888000000000008e-08,-2.2365439631510536e-10,-1.3978399769694079
SaveOnEvent_ch1_20260927233403054.wfm,23:34:03.054000,4.446735,-7.999999797903001e-05,-2.843200000000001e-07,2.2609599999999998e-06,2.4670079376781347e-10,1.5419999610458035
SaveOnEvent_ch1_20260927233403102.wfm,23:34:03.102000,4.446975,-0.0010400000028312206,-3.5199999999997562e-09,7.64799999999999e-08,5.655679735587909e-11,0.3535999834712129
SaveOnEvent_ch1_20260927233403254.wfm,23:34:03.254000,4.447735,-0.00015999999595806003,-1.93088e-06,2.8427199999999996e-06,-6.170879844110464e-11,-0.3856799902569037
SaveOnEvent_ch1_20260927233403302.wfm,23:34:03.302000,4.447975,-0.01095999963581562,2.2096000000000025e-07,4.1407999999999985e-07,-6.498220808620099e-09,-40.614240053866524
SaveOnEvent_ch1_20260927233403454.wfm,23:34:03.454000,4.448735,-0.00015999999595806003,8.561600000000001e-07,9.599999999999874e-09,2.3609599403571357e-11,0.14759999627131037
SaveOnEvent_ch1_20260927233403502.wfm,23:34:03.502000,4.448975,-0.00343999988399446,1.35648e-06,1.0312e-06,-3.807654383198824e-09,-23.79919989503105
SaveOnEvent_ch1_20260927233403654.wfm,23:34:03.654000,4.449735,-0.00015999999595806003,-1.70096e-06,3.3366399999999998e-06,-2.632319933502008e-11,-0.16455999584286474
SaveOnEvent_ch1_20260927233403702.wfm,23:34:03.702000,4.449975,-0.001120000029914081,-7.359999999999875e-09,5.984000000000009e-08,-3.1688319356879226e-10,-1.9805599598039407
SaveOnEvent_ch1_20260927233403854.wfm,23:34:03.854000,4.450735,-0.00015999999595806003,-9.993599999999999e-07,1.1155199999999999e-06,-1.3759999652393093e-11,-0.08599999782745726
SaveOnEvent_ch1_20260927233403902.wfm,23:34:03.902000,4.450975,-0.0009599999757483602,-1.823999999999993e-08,7.968000000000014e-08,-7.60767990048044e-11,-0.47543999378103763
SaveOnEvent_ch1_20260927233404054.wfm,23:34:04.054000,4.451735,-0.00015999999595806003,-1.98912e-06,2.8387199999999997e-06,-1.1829759701155124e-10,-0.7393599813221954
SaveOnEvent_ch1_20260927233404102.wfm,23:34:04.102000,4.451975,-0.0010400000028312206,-1.4879999999999932e-08,8.287999999999996e-08,-2.445951950969173e-10,-1.528719969355734
SaveOnEvent_ch1_20260927233404254.wfm,23:34:04.254000,4.452735,-0.00015999999595806003,-1.41568e-06,1.3211199999999999e-06,-1.3439999660478814e-12,-0.008319999789819121
SaveOnEvent_ch1_20260927233404302.wfm,23:34:04.302000,4.452975,-0.0010400000028312206,-8.799999999999814e-09,8.287999999999996e-08,1.2090879595838478e-10,0.7556799747399054
SaveOnEvent_ch1_20260927233404455.wfm,23:34:04.455000,4.45374,-0.00015999999595806003,-1.99712e-06,3.6912e-06,-9.441279761493198e-11,-0.5900799850933254
SaveOnEvent_ch1_20260927233404501.wfm,23:34:04.501000,4.45397,-0.0009599999757483602,-2.9599999999999683e-08,8.76799999999999e-08,-2.829823938990011e-10,-1.7686399618687574
SaveOnEvent_ch1_20260927233404654.wfm,23:34:04.654000,4.454735,-0.00015999999595806003,-1.93536e-06,3.8744e-06,-1.1202559716999515e-10,-0.7002399823104497
SaveOnEvent_ch1_20260927233404702.wfm,23:34:04.702000,4.454975,-0.00824000034481287,4.968000000000001e-07,5.078400000000003e-07,-5.328665598565713e-09,-33.30447999102762
SaveOnEvent_ch1_20260927233404854.wfm,23:34:04.854000,4.455735,-7.999999797903001e-05,-3.7424e-07,2.23248e-06,2.2394879434257755e-10,1.3997599646390881
SaveOnEvent_ch1_20260927233404902.wfm,23:34:04.902000,4.455975,-0.0009599999757483602,-1.872000000000005e-08,8.463999999999984e-08,-4.4364800006151136e-11,-0.277280000038445
SaveOnEvent_ch1_20260927233405054.wfm,23:34:05.054000,4.456735,-0.00023999999393709004,-1.2856e-06,3.99984e-06,-1.990655949711802e-10,-1.2443199685658328
SaveOnEvent_ch1_20260927233405101.wfm,23:34:05.101000,4.45697,-0.0009599999757483602,-5.9199999999999365e-09,7.183999999999972e-08,-1.106175983371212e-10,-0.6913599896070082
SaveOnEvent_ch1_20260927233405254.wfm,23:34:05.254000,4.457735,-0.00015999999595806003,-1.9928e-06,3.8824e-06,-1.6572159581352016e-10,-1.0358399738324806
SaveOnEvent_ch1_20260927233405302.wfm,23:34:05.302000,4.457975,-0.0007999999797903001,-2.5599999999999382e-09,7.727999999999996e-08,-1.548223969689571e-10,-0.967679981054971
SaveOnEvent_ch1_20260927233405454.wfm,23:34:05.454000,4.458735,-0.00015999999595806003,-1.92544e-06,3.92176e-06,-1.0062079745810472e-10,-0.6288799841131549
SaveOnEvent_ch1_20260927233405502.wfm,23:34:05.502000,4.458975,-0.0008800000068731606,-1.1359999999999752e-08,9.568000000000007e-08,8.158719634637244e-11,0.5099999771628063
SaveOnEvent_ch1_20260927233405654.wfm,23:34:05.654000,4.459735,-0.00023999999393709004,-1.7153599999999999e-06,3.84032e-06,-1.9365119510795942e-10,-1.210399969422724
SaveOnEvent_ch1_20260927233405701.wfm,23:34:05.701000,4.45997,-0.0009599999757483602,-7.999999999999754e-09,7.407999999999972e-08,7.935985270886183e-13,0.004959990794304758
SaveOnEvent_ch1_20260927233405854.wfm,23:34:05.854000,4.460735,-7.999999797903001e-05,-1.5211199999999998e-06,3.3918399999999997e-06,3.469503912352956e-10,2.1684799452195875
SaveOnEvent_ch1_20260927233405902.wfm,23:34:05.902000,4.460975,-0.0007999999797903001,-4.799999999996972e-10,7.93600000000002e-08,3.071423914213664e-10,1.91967994638253
SaveOnEvent_ch1_20260927233406053.wfm,23:34:06.053000,4.46173,-0.00015999999595806003,-1.4862399999999999e-06,1.0872e-06,2.1318399461451953e-11,0.133279996633064
SaveOnEvent_ch1_20260927233406101.wfm,23:34:06.101000,4.46197,-0.0010400000028312206,-1.1359999999999752e-08,8.256000000000002e-08,-1.4778879764489827e-10,-0.9236799852806143
SaveOnEvent_ch1_20260927233406254.wfm,23:34:06.254000,4.462735,-7.999999797903001e-05,-7.1488e-07,3.6799999999999377e-09,4.55039988504723e-10,2.844159928150475
SaveOnEvent_ch1_20260927233406301.wfm,23:34:06.301000,4.46297,-0.0007200000109151006,-4.207999999999986e-08,8.528000000000014e-08,2.2622719361912448e-10,1.4139999601175077
SaveOnEvent_ch1_20260927233406453.wfm,23:34:06.453000,4.46373,-7.999999797903001e-05,9.233600000000001e-07,8.8032e-07,5.070463871909305e-10,3.169199919939274
SaveOnEvent_ch1_20260927233406501.wfm,23:34:06.501000,4.46397,-0.0008800000068731606,-1.3439999999999993e-08,8.448000000000008e-08,-1.1900799841852845e-10,-0.7437599901168142
SaveOnEvent_ch1_20260927233406654.wfm,23:34:06.654000,4.464735,-7.999999797903001e-05,-1.6383999999999998e-06,3.6382399999999996e-06,1.8289919537957743e-10,1.1431199711223599
SaveOnEvent_ch1_20260927233406702.wfm,23:34:06.702000,4.464975,-0.0009599999757483602,-3.199999999999817e-09,8.304000000000014e-08,-2.1935999579029175e-10,-1.3710399736883119
SaveOnEvent_ch1_20260927233406854.wfm,23:34:06.854000,4.4657350000000005,-7.999999797903001e-05,-1.76736e-06,2.8700799999999997e-06,1.6971519571263358e-10,1.060799973201938
SaveOnEvent_ch1_20260927233406903.wfm,23:34:06.903000,4.46598,-0.0010400000028312206,-8.479999999999875e-09,8.287999999999996e-08,-7.301759946392847e-11,-0.45631999665056355
SaveOnEvent_ch1_20260927233407054.wfm,23:34:07.054000,4.466735,-0.00015999999595806003,1.4251199999999998e-06,4.799999999999937e-09,1.664959957939571e-10,1.0406399737112224
SaveOnEvent_ch1_20260927233407102.wfm,23:34:07.102000,4.466975,-0.009680000133812428,2.5552000000000005e-07,4.3583999999999996e-07,-6.016172806706745e-09,-37.60144004190806
SaveOnEvent_ch1_20260927233407254.wfm,23:34:07.254000,4.467735,-0.00015999999595806003,-9.713599999999999e-07,2.91408e-06,-2.414079939015201e-11,-0.1508799961884506
SaveOnEvent_ch1_20260927233407302.wfm,23:34:07.302000,4.467975,-0.0077599999494850636,4.619200000000003e-07,5.700800000000001e-07,-5.263372800233774e-09,-32.896320001455024
SaveOnEvent_ch1_20260927233407454.wfm,23:34:07.454000,4.468735,-0.00015999999595806003,-1.3936e-06,3.3910399999999996e-06,-1.0212479742011059e-10,-0.6383199838746805
SaveOnEvent_ch1_20260927233407502.wfm,23:34:07.502000,4.468975,-0.0010400000028312206,-7.359999999999875e-09,7.792000000000026e-08,-2.9409279361832895e-10,-1.8381599601125345
SaveOnEvent_ch1_20260927233407654.wfm,23:34:07.654000,4.469735,-7.999999797903001e-05,-1.1864e-06,1.01424e-06,3.2199039186583824e-10,2.012559949158458
SaveOnEvent_ch1_20260927233407702.wfm,23:34:07.702000,4.469975,-0.0010400000028312206,-1.2159999999999812e-08,7.968000000000014e-08,-2.14143995726481e-10,-1.3383199732925277
SaveOnEvent_ch1_20260927233407854.wfm,23:34:07.854000,4.470735,-0.00023999999393709004,1.53872e-06,3.4294399999999996e-06,-8.081919795833528e-11,-0.5051199872395955
SaveOnEvent_ch1_20260927233407902.wfm,23:34:07.902000,4.470975,-0.001120000029914081,-3.3599999999999983e-09,8.38400000000002e-08,-3.4410239280201485e-10,-2.1506399550125934
SaveOnEvent_ch1_20260927233408054.wfm,23:34:08.054000,4.471735,-0.00023999999393709004,-1.88032e-06,3.91856e-06,-3.5808639095397654e-10,-2.2381599434593227
SaveOnEvent_ch1_20260927233408102.wfm,23:34:08.102000,4.471975,-0.0008800000068731606,-7.999999999999754e-09,8.239999999999984e-08,-1.7875200829003242e-11,-0.1117600051802583
SaveOnEvent_ch1_20260927233408254.wfm,23:34:08.254000,4.472735,-0.00015999999595806003,1.17168e-06,6.035199999999999e-07,5.3132798657752634e-11,0.3320799916109536
SaveOnEvent_ch1_20260927233408302.wfm,23:34:08.302000,4.472975,-0.0007999999797903001,-1.791999999999999e-08,8.000000000000008e-08,1.1050879663089302e-10,0.6907199789420702
SaveOnEvent_ch1_20260927233408454.wfm,23:34:08.454000,4.473735,-0.00015999999595806003,1.50448e-06,3.1999999999993934e-10,2.349503940646537e-10,1.468479962903075
SaveOnEvent_ch1_20260927233408502.wfm,23:34:08.502000,4.473975,-0.0010400000028312206,-1.583999999999975e-08,7.935999999999978e-08,-3.6771199190756316e-10,-2.2981599494232796
SaveOnEvent_ch1_20260927233408653.wfm,23:34:08.653000,4.47473,-0.00015999999595806003,-1.90224e-06,1.77184e-06,3.703039906453356e-11,0.23143999415333383
SaveOnEvent_ch1_20260927233408702.wfm,23:34:08.702000,4.474975,-0.0008800000068731606,-4.799999999999937e-09,8.751999999999971e-08,-5.655679943272845e-11,-0.35343999645556323
SaveOnEvent_ch1_20260927233408854.wfm,23:34:08.854000,4.475735,-0.00015999999595806003,-1.7424e-06,2.6879999999999987e-08,1.0639359731227166e-10,0.6649599832016975
SaveOnEvent_ch1_20260927233408901.wfm,23:34:08.901000,4.47597,-0.0010400000028312206,-1.0239999999999753e-08,8.831999999999977e-08,-9.390719880117117e-11,-0.5869599925063085
SaveOnEvent_ch1_20260927233409054.wfm,23:34:09.054000,4.476735,-0.00015999999595806003,5.839999999999998e-07,1.2248000000000001e-06,-9.855999751016319e-13,-0.006159999844385311
SaveOnEvent_ch1_20260927233409102.wfm,23:34:09.102000,4.476975,-0.0010400000028312206,-7.520000000000057e-09,8.928000000000002e-08,-3.790399916679598e-10,-2.3691199479217175
SaveOnEvent_ch1_20260927233409254.wfm,23:34:09.254000,4.477735,-0.00015999999595806003,-9.6384e-07,2.6064000000000014e-07,3.3273599159438095e-11,0.207919994747499
SaveOnEvent_ch1_20260927233409302.wfm,23:34:09.302000,4.477975,-0.0010400000028312206,-8.479999999999875e-09,8.080000000000014e-08,-2.2504319553496324e-10,-1.4065599720925093
SaveOnEvent_ch1_20260927233409454.wfm,23:34:09.454000,4.478735,0.0,-1.94016e-06,,4.5900158840464427e-10,2.8688799275259953
SaveOnEvent_ch1_20260927233409502.wfm,23:34:09.502000,4.478975,-0.0007999999797903001,-4.8960000000000036e-08,8.592000000000002e-08,7.954559719422812e-11,0.4971999824629165
SaveOnEvent_ch1_20260927233409654.wfm,23:34:09.654000,4.479735,-7.999999797903001e-05,-1.76704e-06,3.3780799999999998e-06,1.9205119514837857e-10,1.2003199696773663
SaveOnEvent_ch1_20260927233409701.wfm,23:34:09.701000,4.47997,-0.0009599999757483602,-1.391999999999969e-08,8.528000000000014e-08,-3.249343930394386e-10,-2.0309599564934615
SaveOnEvent_ch1_20260927233409854.wfm,23:34:09.854000,4.480735,-0.00015999999595806003,-6.303999999999991e-08,4.835199999999998e-07,3.2947199167683674e-11,0.20591999479802325
SaveOnEvent_ch1_20260927233409902.wfm,23:34:09.902000,4.480975,-0.0009599999757483602,-9.439999999999693e-09,7.87199999999999e-08,7.297919687582176e-11,0.45615998047287576
SaveOnEvent_ch1_20260927233410054.wfm,23:34:10.054000,4.481735,-0.00015999999595806003,-3.177600000000001e-07,2.12432e-06,4.06527989730239e-11,0.2540799935813993
SaveOnEvent_ch1_20260927233410102.wfm,23:34:10.102000,4.481975,-0.0008800000068731606,-2.5599999999999382e-09,8.687999999999984e-08,-1.0082559858914472e-10,-0.630159991182154
SaveOnEvent_ch1_20260927233410254.wfm,23:34:10.254000,4.482735,-7.999999797903001e-05,-1.3582399999999998e-06,3.0299199999999997e-06,2.473151937522927e-10,1.545839960948797
SaveOnEvent_ch1_20260927233410302.wfm,23:34:10.302000,4.482975,-0.0008800000068731606,-2.6560000000000047e-08,9.919999999999983e-08,-1.7004159693839022e-10,-1.0627999808639288
SaveOnEvent_ch1_20260927233410454.wfm,23:34:10.454000,4.483735,-0.00015999999595806003,-1.22432e-06,2.208000000000005e-08,1.7139199567027342e-11,0.10711999729392119
SaveOnEvent_ch1_20260927233410502.wfm,23:34:10.502000,4.483975,-0.0010400000028312206,-1.519999999999987e-08,9.119999999999965e-08,-3.101183935534211e-10,-1.9382399597088806
SaveOnEvent_ch1_20260927233410654.wfm,23:34:10.654000,4.484735,-7.999999797903001e-05,-1.5860799999999998e-06,3.1927999999999997e-06,2.241919943364337e-10,1.4012799646006897
SaveOnEvent_ch1_20260927233410702.wfm,23:34:10.702000,4.484975,-0.0009599999757483602,-1.631999999999987e-08,8.351999999999984e-08,2.500159922498275e-10,1.5626399515604135
SaveOnEvent_ch1_20260927233410854.wfm,23:34:10.854000,4.485735,-0.00015999999595806003,-8.9392e-07,2.78912e-06,-3.4137599137611694e-11,-0.21335999461007304
SaveOnEvent_ch1_20260927233410902.wfm,23:34:10.902000,4.485975,-0.0009599999757483602,-1.727999999999969e-08,8.191999999999972e-08,-6.67647993052377e-11,-0.41727999565773644
SaveOnEvent_ch1_20260927233411054.wfm,23:34:11.054000,4.486735,-0.00015999999595806003,1.03424e-06,3.535999999999986e-08,1.1724799703806462e-11,0.07335999814677052
SaveOnEvent_ch1_20260927233411102.wfm,23:34:11.102000,4.486975,-0.008960000239312649,2.540800000000001e-07,4.585599999999999e-07,-5.172908801925367e-09,-32.33096001204103
SaveOnEvent_ch1_20260927233411254.wfm,23:34:11.254000,4.487735,-0.00015999999595806003,-2.7776000000000007e-07,1.1840000000000085e-08,-1.503999962005754e-11,-0.09399999762536027
SaveOnEvent_ch1_20260927233411302.wfm,23:34:11.302000,4.487975,-0.01095999963581562,2.2720000000000013e-07,4.289600000000002e-07,-6.570348793480079e-09,-41.06511995923938
SaveOnEvent_ch1_20260927233411454.wfm,23:34:11.454000,4.488735,-7.999999797903001e-05,-6.185600000000001e-07,2.59024e-06,2.3737599400337765e-10,1.4837599625170697
SaveOnEvent_ch1_20260927233411502.wfm,23:34:11.502000,4.488975,-0.001120000029914081,-1.1199999999999994e-09,8.687999999999984e-08,-5.868543864972892e-10,-3.667919915606035
SaveOnEvent_ch1_20260927233411654.wfm,23:34:11.654000,4.489735,-0.00015999999595806003,-1.63984e-06,2.5873599999999997e-06,-1.3785599651746488e-11,-0.08615999782341532
SaveOnEvent_ch1_20260927233411702.wfm,23:34:11.702000,4.489975,-0.001120000029914081,-4.959999999999695e-09,5.1680000000000156e-08,1.287423956114798e-10,0.8047199725697283
SaveOnEvent_ch1_20260927233411854.wfm,23:34:11.854000,4.490735,-7.999999797903001e-05,-1.80656e-06,2.18752e-06,2.4388479383895176e-10,1.5243199614924379
SaveOnEvent_ch1_20260927233411902.wfm,23:34:11.902000,4.490975,-0.0008800000068731606,-7.039999999999936e-09,8.303999999999972e-08,2.132095927791671e-10,1.3326399548677728
SaveOnEvent_ch1_20260927233412054.wfm,23:34:12.054000,4.491735,-0.00015999999595806003,-1.8671999999999999e-06,1.1040000000000025e-08,1.0000639747362594e-10,0.6250399842101615
SaveOnEvent_ch1_20260927233412103.wfm,23:34:12.103000,4.49198,-0.0009599999757483602,-7.999999999999754e-09,8.60800000000002e-08,-5.907201238442271e-12,-0.03688000774127431
SaveOnEvent_ch1_20260927233412255.wfm,23:34:12.255000,4.49274,-7.999999797903001e-05,-1.96928e-06,3.965119999999999e-06,7.916159800020976e-11,0.49479998750030063
SaveOnEvent_ch1_20260927233412302.wfm,23:34:12.302000,4.492975,-0.0012000000569969416,-5.759999999999755e-09,6.592000000000021e-08,-8.141439954051757e-11,-0.5088799971272238
SaveOnEvent_ch1_20260927233412454.wfm,23:34:12.454000,4.493735,-0.00015999999595806003,-1.88704e-06,3.50208e-06,-2.003903949377129e-10,-1.2524799683596939
SaveOnEvent_ch1_20260927233412502.wfm,23:34:12.502000,4.493975,-0.0012000000569969416,-2.3999999999997568e-09,9.087999999999971e-08,-3.7592319229617725e-10,-2.349599951849086
SaveOnEvent_ch1_20260927233412654.wfm,23:34:12.654000,4.494735,-0.00015999999595806003,4.6624000000000013e-07,9.279999999999935e-09,8.643199781654391e-11,0.5401599863544106
SaveOnEvent_ch1_20260927233412702.wfm,23:34:12.702000,4.494975,-0.0009599999757483602,-1.1519999999999934e-08,8.127999999999984e-08,-2.1760000912472725e-11,-0.13608000570093282
SaveOnEvent_ch1_20260927233412854.wfm,23:34:12.854000,4.495735,-0.00015999999595806003,-8.2224e-07,2.46064e-06,-9.395839762641116e-11,-0.5872799851640593
SaveOnEvent_ch1_20260927233412902.wfm,23:34:12.902000,4.495975,-0.0008800000068731606,-1.1519999999999934e-08,8.847999999999996e-08,-1.479040101403375e-11,-0.09248000633670017
SaveOnEvent_ch1_20260927233413054.wfm,23:34:13.054000,4.496735,-0.00015999999595806003,-1.77504e-06,1.6384000000000007e-07,1.2895359674235809e-10,0.8059999796387274
SaveOnEvent_ch1_20260927233413102.wfm,23:34:13.102000,4.496975,-0.0009599999757483602,-5.280000000000058e-09,8.480000000000002e-08,-1.5234559726901362e-10,-0.9521599829313345
SaveOnEvent_ch1_20260927233413254.wfm,23:34:13.254000,4.497735,-0.00015999999595806003,-1.52128e-06,2.4192e-06,-9.68191975541412e-11,-0.605039984715404
SaveOnEvent_ch1_20260927233413302.wfm,23:34:13.302000,4.497975,-0.004480000119656324,1.6963199999999999e-06,6.705599999999997e-07,-3.2505280037503684e-09,-20.317600023408886
SaveOnEvent_ch1_20260927233413454.wfm,23:34:13.454000,4.498735,-0.00023999999393709004,-1.10256e-06,3.82384e-06,-4.3395838903728877e-10,-2.7123199314810336
SaveOnEvent_ch1_20260927233413501.wfm,23:34:13.501000,4.49897,-0.0009599999757483602,-1.711999999999993e-08,8.063999999999996e-08,-1.1360639802413055e-10,-0.7100799876498058
SaveOnEvent_ch1_20260927233413654.wfm,23:34:13.654000,4.499735,-7.999999797903001e-05,-1.99472e-06,3.5849599999999997e-06,2.147391945752316e-10,1.3421599660941865
SaveOnEvent_ch1_20260927233413702.wfm,23:34:13.702000,4.499975,-0.001120000029914081,-9.439999999999693e-09,7.711999999999978e-08,-1.8934399693040184e-10,-1.1834399808140006
SaveOnEvent_ch1_20260927233413854.wfm,23:34:13.854000,4.500735,-7.999999797903001e-05,-7.9552e-07,1.692e-06,2.174015945079737e-10,1.3587999656738248
SaveOnEvent_ch1_20260927233413902.wfm,23:34:13.902000,4.500975,-0.0008800000068731606,-4.1600000000000584e-09,9.183999999999995e-08,-1.3213439819868646e-10,-0.8259199887397699
SaveOnEvent_ch1_20260927233414054.wfm,23:34:14.054000,4.501735,-0.00023999999393709004,-9.656e-07,2.9099199999999996e-06,-2.0209919489454472e-10,-1.2631199680909049
SaveOnEvent_ch1_20260927233414102.wfm,23:34:14.102000,4.501975,-0.0008800000068731606,-1.663999999999981e-08,8.960000000000038e-08,-3.4323200450744445e-11,-0.21448000281816348
SaveOnEvent_ch1_20260927233414254.wfm,23:34:14.254000,4.502735,-0.00015999999595806003,-5.960000000000001e-07,2.516e-06,1.1233279716223479e-10,0.7021599822619464
SaveOnEvent_ch1_20260927233414302.wfm,23:34:14.302000,4.502975,-0.003280000062659383,1.5857599999999999e-06,8.2768e-07,-2.5626623983075838e-09,-16.017999989446253
SaveOnEvent_ch1_20260927233414454.wfm,23:34:14.454000,4.503735,-0.00015999999595806003,-1.2383999999999999e-06,6.399999999998787e-10,1.2490879684453818e-10,0.7807199802773539
SaveOnEvent_ch1_20260927233414502.wfm,23:34:14.502000,4.5039750000000005,-0.0007999999797903001,-1.3759999999999933e-08,8.127999999999984e-08,1.1252479673828924e-10,0.7032799796143081
SaveOnEvent_ch1_20260927233414654.wfm,23:34:14.654000,4.504735,-0.00015999999595806003,-3.0800000000000006e-07,8.351999999999999e-07,4.6124798834789455e-11,0.28831999271642417
SaveOnEvent_ch1_20260927233414703.wfm,23:34:14.703000,4.50498,-0.0010400000028312206,-1.551999999999981e-08,7.87199999999999e-08,-3.1949439325602754e-10,-1.9968799578491598
SaveOnEvent_ch1_20260927233414855.wfm,23:34:14.855000,4.50574,-0.00015999999595806003,-4.7024e-07,2.41424e-06,-1.0544639733619987e-10,-0.6590399833512492
SaveOnEvent_ch1_20260927233414902.wfm,23:34:14.902000,4.505975,-0.0009599999757483602,-8.640000000000056e-09,8.080000000000014e-08,-3.5443199233151977e-10,-2.2151999520719983
SaveOnEvent_ch1_20260927233415054.wfm,23:34:15.054000,4.506735,-7.999999797903001e-05,-1.5958399999999999e-06,3.55184e-06,1.6856319574173529e-10,1.0535199733858462
SaveOnEvent_ch1_20260927233415102.wfm,23:34:15.102000,4.506975,-0.0010400000028312206,-1.583999999999975e-08,7.743999999999972e-08,-2.1491839557187626e-10,-1.3433599723211955
SaveOnEvent_ch1_20260927233415254.wfm,23:34:15.254000,4.507735,-0.00015999999595806003,-1.8158399999999999e-06,3.1735999999999996e-06,-8.461439786246026e-11,-0.5287999866413884
SaveOnEvent_ch1_20260927233415302.wfm,23:34:15.302000,4.507975,-0.001120000029914081,-8.799999999999814e-09,8.463999999999984e-08,-2.383423955668695e-10,-1.489679972291924
SaveOnEvent_ch1_20260927233415454.wfm,23:34:15.454000,4.508735,-0.00015999999595806003,1.7904000000000015e-07,9.407999999999995e-08,7.791359803173692e-11,0.4869599876983557
SaveOnEvent_ch1_20260927233415502.wfm,23:34:15.502000,4.508975,-0.001120000029914081,-1.3279999999999812e-08,8.240000000000026e-08,-3.8037759252358226e-10,-2.3774399532703683
SaveOnEvent_ch1_20260927233415654.wfm,23:34:15.654000,4.509735,-7.999999797903001e-05,-1.6907199999999999e-06,3.5977599999999994e-06,2.6292479335796084e-10,1.6433599584852345
SaveOnEvent_ch1_20260927233415702.wfm,23:34:15.702000,4.509975,-0.001120000029914081,-6.0799999999996945e-09,7.920000000000002e-08,-2.3615359531482685e-10,-1.4759999707166571
SaveOnEvent_ch1_20260927233415854.wfm,23:34:15.854000,4.510735,-0.00015999999595806003,8.1312e-07,6.716799999999997e-07,6.993279823334885e-11,0.43711998895742
SaveOnEvent_ch1_20260927233415902.wfm,23:34:15.902000,4.510975,-0.0009599999757483602,-8.159999999999935e-09,7.615999999999996e-08,-2.089471956342458e-10,-1.3059199727140367
SaveOnEvent_ch1_20260927233416054.wfm,23:34:16.054000,4.511735,-0.00015999999595806003,-8.3536e-07,2.50176e-06,-4.747519880067559e-11,-0.29679999250220135
SaveOnEvent_ch1_20260927233416102.wfm,23:34:16.102000,4.511975,-0.0008800000068731606,-2.0799999999998175e-09,8.223999999999966e-08,1.0927999614039439e-10,0.6830399758764543
SaveOnEvent_ch1_20260927233416254.wfm,23:34:16.254000,4.512735,-7.999999797903001e-05,1.46784e-06,1.2319999999999994e-08,4.45299188750796e-10,2.783199929690454
SaveOnEvent_ch1_20260927233416302.wfm,23:34:16.302000,4.512975,-0.00824000034481287,2.870400000000002e-07,5.254399999999999e-07,-6.029286417404656e-09,-37.68344010878354
SaveOnEvent_ch1_20260927233416454.wfm,23:34:16.454000,4.5137350000000005,-0.00015999999595806003,-3.352e-07,1.4876799999999998e-06,-6.999039823189369e-11,-0.4374399889493361
SaveOnEvent_ch1_20260927233416502.wfm,23:34:16.502000,4.513975,-0.0010400000028312206,-9.599999999999874e-09,8.752000000000014e-08,-1.7320319683523853e-10,-1.08255998021923
SaveOnEvent_ch1_20260927233416656.wfm,23:34:16.656000,4.514745,-0.00015999999595806003,-1.86784e-06,2.87472e-06,2.4383999384008556e-12,0.015279999613994732
SaveOnEvent_ch1_20260927233416702.wfm,23:34:16.702000,4.514975,-0.008080000057816505,3.4816000000000007e-07,5.1024e-07,-5.249100825102067e-09,-32.807120156881865
SaveOnEvent_ch1_20260927233416854.wfm,23:34:16.854000,4.515735,-0.00015999999595806003,-1.8537599999999999e-06,1.1040000000000025e-08,6.985599823528923e-11,0.4365599889715668
SaveOnEvent_ch1_20260927233416902.wfm,23:34:16.902000,4.515975,-0.003599999938160181,1.8183999999999998e-06,6.366399999999998e-07,-2.29247358082328e-09,-14.329679880087497
SaveOnEvent_ch1_20260927233417054.wfm,23:34:17.054000,4.516735,-0.00015999999595806003,-1.7416e-06,3.6958399999999997e-06,-1.218879969208501e-10,-0.7618399807543028
SaveOnEvent_ch1_20260927233417102.wfm,23:34:17.102000,4.516975,-0.0007999999797903001,-1.0559999999999692e-08,8.816000000000002e-08,-1.3569919797824685e-10,-0.848159987363033
SaveOnEvent_ch1_20260927233417254.wfm,23:34:17.254000,4.517735,-0.00015999999595806003,-1.67808e-06,3.15552e-06,-1.0392959737451741e-10,-0.6495199835917447
SaveOnEvent_ch1_20260927233417304.wfm,23:34:17.304000,4.517985,-0.0009599999757483602,-9.599999999999874e-09,7.808000000000002e-08,-1.952000070828951e-11,-0.12200000442680903
SaveOnEvent_ch1_20260927233417454.wfm,23:34:17.454000,4.518735,-7.999999797903001e-05,-1.88448e-06,1.67472e-06,3.0515199229121213e-10,1.9071999518200755
SaveOnEvent_ch1_20260927233417502.wfm,23:34:17.502000,4.518975,-0.0009599999757483602,-6.559999999999815e-09,7.48800000000002e-08,1.5216639479622237e-10,0.9510399674763903
SaveOnEvent_ch1_20260927233417654.wfm,23:34:17.654000,4.519735,-7.999999797903001e-05,-6.159999999999999e-07,2.2809599999999996e-06,2.197631944483145e-10,1.3735999652999453
SaveOnEvent_ch1_20260927233417702.wfm,23:34:17.702000,4.5199750000000005,-0.0007999999797903001,-5.167999999999973e-08,8.448000000000008e-08,8.53247967083009e-11,0.5332799794268794
SaveOnEvent_ch1_20260927233417854.wfm,23:34:17.854000,4.520735,-0.00023999999393709004,1.75024e-06,1.5656000000000003e-06,-1.0371839737985277e-10,-0.6482399836240802
SaveOnEvent_ch1_20260927233417902.wfm,23:34:17.902000,4.520975,-0.0009599999757483602,-6.239999999999876e-09,7.872000000000032e-08,-8.997119919862614e-11,-0.5623199949914124
SaveOnEvent_ch1_20260927233418054.wfm,23:34:18.054000,4.521735,-0.00023999999393709004,-1.0608e-06,3.914079999999999e-06,-2.663295932719482e-10,-1.6645599579496775
SaveOnEvent_ch1_20260927233418102.wfm,23:34:18.102000,4.521975,-0.001120000029914081,-7.679999999999815e-09,7.632000000000014e-08,-1.717183973663487e-10,-1.0733599835366476
SaveOnEvent_ch1_20260927233418254.wfm,23:34:18.254000,4.522735,-7.999999797903001e-05,-1.95584e-06,3.4044799999999996e-06,2.1235839463537552e-10,1.327279966470087
SaveOnEvent_ch1_20260927233418302.wfm,23:34:18.302000,4.522975,-0.0012000000569969416,-3.199999999999817e-09,7.536000000000033e-08,-3.334143935423344e-10,-2.0838399596395902
SaveOnEvent_ch1_20260927233418454.wfm,23:34:18.454000,4.523735,-0.00015999999595806003,-1.8047999999999999e-06,4.6399999999999674e-09,1.3638399655464904e-11,0.08519999784766696
SaveOnEvent_ch1_20260927233418501.wfm,23:34:18.501000,4.52397,-0.0009599999757483602,-1.1839999999999873e-08,9.023999999999983e-08,-2.210047953482717e-10,-1.3812799709266983
SaveOnEvent_ch1_20260927233418654.wfm,23:34:18.654000,4.524735,-0.00015999999595806003,-1.31632e-06,2.56384e-06,-3.6940799066796896e-11,-0.23087999416748062
SaveOnEvent_ch1_20260927233418702.wfm,23:34:18.702000,4.524975,-0.001120000029914081,-1.0880000000000055e-08,8.032000000000002e-08,-1.6744959734845918e-10,-1.0466399834258482
SaveOnEvent_ch1_20260927233418854.wfm,23:34:18.854000,4.525735,-0.00015999999595806003,2.4831999999999994e-07,6.239999999999876e-09,1.1554559708107276e-10,0.7220799817587249
SaveOnEvent_ch1_20260927233418902.wfm,23:34:18.902000,4.525975,-0.0007200000109151006,-8.479999999999875e-09,6.607999999999997e-08,3.508415906061419e-10,2.192799941287376
SaveOnEvent_ch1_20260927233419054.wfm,23:34:19.054000,4.526735,-0.00023999999393709004,-1.96016e-06,3.99984e-06,-2.807807929068803e-10,-1.7550399556639604
SaveOnEvent_ch1_20260927233419102.wfm,23:34:19.102000,4.526975,-0.007840000092983246,4.720000000000003e-07,5.436799999999998e-07,-5.612313598305918e-09,-35.077359989401884
SaveOnEvent_ch1_20260927233419256.wfm,23:34:19.256000,4.527745,-0.00015999999595806003,-2e-06,2.71888e-06,-5.3740798642393067e-11,-0.335919991513947
SaveOnEvent_ch1_20260927233419302.wfm,23:34:19.302000,4.527975,-0.0010400000028312206,-1.2159999999999812e-08,8.415999999999972e-08,-3.7679999169660724e-10,-2.3551199481007643
SaveOnEvent_ch1_20260927233419454.wfm,23:34:19.454000,4.528735,-7.999999797903001e-05,-1.78528e-06,3.7305599999999997e-06,8.589439783012493e-11,0.5368799864372704
SaveOnEvent_ch1_20260927233419502.wfm,23:34:19.502000,4.528975,-0.0008800000068731606,-2.015999999999999e-08,8.399999999999996e-08,-1.3838719772873447e-10,-0.8649599858035799
SaveOnEvent_ch1_20260927233419654.wfm,23:34:19.654000,4.5297350000000005,-0.00015999999595806003,4.1135999999999973e-07,4.800000000001208e-10,9.418239762075233e-11,0.5886399851297028
SaveOnEvent_ch1_20260927233419702.wfm,23:34:19.702000,4.529975,-0.0008800000068731606,-9.119999999999753e-09,7.584000000000002e-08,1.385087955603374e-10,0.86567997225211
SaveOnEvent_ch1_20260927233419854.wfm,23:34:19.854000,4.530735,-7.999999797903001e-05,-1.812e-06,3.6736000000000003e-07,3.35999991511926e-10,2.100079946947517
SaveOnEvent_ch1_20260927233419904.wfm,23:34:19.904000,4.530985,-0.0010400000028312206,-7.039999999999936e-09,7.343999999999984e-08,-8.489599917782475e-11,-0.530719994858373
SaveOnEvent_ch1_20260927233420054.wfm,23:34:20.054000,4.531735,-0.00023999999393709004,7.075200000000001e-07,3.4569600000000003e-06,-1.0753279728349292e-10,-0.6720799830218311
SaveOnEvent_ch1_20260927233420102.wfm,23:34:20.102000,4.531975,-0.001120000029914081,-9.919999999999814e-09,8.800000000000026e-08,-3.999871917860582e-10,-2.499999948660843
SaveOnEvent_ch1_20260927233420254.wfm,23:34:20.254000,4.532735,-7.999999797903001e-05,-1.89696e-06,3.832319999999999e-06,1.4503039633622396e-10,0.9064799771003891
SaveOnEvent_ch1_20260927233420302.wfm,23:34:20.302000,4.532975,-0.0007999999797903001,-1.1519999999999934e-08,8.000000000000008e-08,-2.807999938563443e-10,-1.7551199615991209
SaveOnEvent_ch1_20260927233420454.wfm,23:34:20.454000,4.533735,-0.00015999999595806003,-9.5632e-07,2.80704e-06,-2.051519948174245e-10,-1.282239967607893
SaveOnEvent_ch1_20260927233420502.wfm,23:34:20.502000,4.533975,-0.0010400000028312206,-1.0559999999999692e-08,7.951999999999996e-08,1.257727953698486e-10,0.7861599710595328
SaveOnEvent_ch1_20260927233420654.wfm,23:34:20.654000,4.534735,-7.999999797903001e-05,-1.96864e-06,3.78192e-06,1.3862399649806306e-10,0.866399978112895
SaveOnEvent_ch1_20260927233420702.wfm,23:34:20.702000,4.534975,-0.0007999999797903001,-5.0719999999999914e-08,9.05600000000002e-08,-2.0968959635123617e-10,-1.3105599771952257
SaveOnEvent_ch1_20260927233420854.wfm,23:34:20.854000,4.535735,-0.00015999999595806003,-6.800000000000003e-08,5.700800000000001e-07,2.9779199247714003e-11,0.18615999529720284
SaveOnEvent_ch1_20260927233420902.wfm,23:34:20.902000,4.535975,-0.0007999999797903001,-7.359999999999875e-09,7.920000000000002e-08,-4.11072000465357e-11,-0.2569600002898369
SaveOnEvent_ch1_20260927233421054.wfm,23:34:21.054000,4.536735,-0.00015999999595806003,8.091199999999997e-07,1.1446400000000003e-06,-6.124159845290716e-11,-0.3827199903316796
SaveOnEvent_ch1_20260927233421102.wfm,23:34:21.102000,4.536975,-0.0009599999757483602,-4.479999999999998e-09,8.928000000000002e-08,-9.137279953574773e-11,-0.5711199970974121
SaveOnEvent_ch1_20260927233421254.wfm,23:34:21.254000,4.537735,-0.00023999999393709004,-8.873599999999999e-07,3.99984e-06,-2.7860479296185076e-10,-1.7414399560075253
SaveOnEvent_ch1_20260927233421302.wfm,23:34:21.302000,4.537975,-0.001120000029914081,-9.439999999999693e-09,7.53599999999999e-08,-7.49056000355631e-11,-0.46816000022226945
SaveOnEvent_ch1_20260927233421454.wfm,23:34:21.454000,4.538735,-0.00023999999393709004,-1.8344e-06,3.92608e-06,-4.026879898272453e-10,-2.5168799364182632
SaveOnEvent_ch1_20260927233421502.wfm,23:34:21.502000,4.538975,-0.001120000029914081,-1.599999999999993e-08,7.808000000000002e-08,-3.733631924306973e-10,-2.3335999526898377
SaveOnEvent_ch1_20260927233421654.wfm,23:34:21.654000,4.539735,-0.00015999999595806003,-3.6431999999999997e-07,4.6704e-07,9.053439771290876e-11,0.5659199857036583
SaveOnEvent_ch1_20260927233421702.wfm,23:34:21.702000,4.539975,-0.0010400000028312206,-1.0719999999999874e-08,7.856000000000014e-08,8.115839667851081e-11,0.5072799792396836
SaveOnEvent_ch1_20260927233421854.wfm,23:34:21.854000,4.540735,-7.999999797903001e-05,-1.2163199999999998e-06,3.0067199999999996e-06,1.4334719637874502e-10,0.8959999773651361
SaveOnEvent_ch1_20260927233421902.wfm,23:34:21.902000,4.5409749999999995,-0.0008800000068731606,-9.919999999999814e-09,9.10399999999999e-08,1.5423984755762132e-12,0.009599990473361686
SaveOnEvent_ch1_20260927233422054.wfm,23:34:22.054000,4.541735,-0.00015999999595806003,1.2535999999999997e-06,4.1600000000000584e-09,1.4154879642417638e-10,0.8847199776500929
SaveOnEvent_ch1_20260927233422102.wfm,23:34:22.102000,4.541975,-0.0009599999757483602,-1.823999999999993e-08,8.43199999999999e-08,-3.741375914472154e-10,-2.3383999465440866
SaveOnEvent_ch1_20260927233422254.wfm,23:34:22.254000,4.542735,-7.999999797903001e-05,-1.9944e-06,3.941759999999999e-06,1.2035839695949096e-10,0.7522399809968192
SaveOnEvent_ch1_20260927233422302.wfm,23:34:22.302000,4.542975,-0.0010400000028312206,-7.839999999999996e-09,7.472000000000002e-08,-2.66630394544918e-10,-1.6664799659047276
SaveOnEvent_ch1_20260927233422454.wfm,23:34:22.454000,4.543735,-0.00015999999595806003,3.8383999999999987e-07,1.2047999999999999e-06,-5.1071998709811775e-12,-0.031919999193632975
SaveOnEvent_ch1_20260927233422504.wfm,23:34:22.504000,4.543985,-0.0009599999757483602,-4.959999999999695e-09,6.800000000000003e-08,1.774527943157592e-10,1.1091199644724838
SaveOnEvent_ch1_20260927233422654.wfm,23:34:22.654000,4.544735,-0.00023999999393709004,-7.3712e-07,3.818079999999999e-06,-4.058623897470533e-10,-2.5367199359170627
SaveOnEvent_ch1_20260927233422702.wfm,23:34:22.702000,4.544975,-0.0010400000028312206,-1.919999999999975e-08,8.416000000000014e-08,-1.4960639737080767e-10,-0.9350399835675489
SaveOnEvent_ch1_20260927233422854.wfm,23:34:22.854000,4.5457350000000005,-7.999999797903001e-05,-1.93344e-06,3.92544e-06,1.6039039594819766e-10,1.002479974675225
SaveOnEvent_ch1_20260927233422902.wfm,23:34:22.902000,4.545975,-0.0009599999757483602,-1.1039999999999813e-08,7.42399999999999e-08,-1.7633279675617795e-10,-1.1020799797261134
SaveOnEvent_ch1_20260927233423054.wfm,23:34:23.054000,4.546735,-0.00015999999595806003,7.252799999999999e-07,3.5200000000001798e-09,8.590079782996314e-11,0.5368799864372704
SaveOnEvent_ch1_20260927233423102.wfm,23:34:23.102000,4.546975,-0.0007999999797903001,-1.503999999999969e-08,8.448000000000008e-08,1.9068799445638427e-10,1.1919199653493706
SaveOnEvent_ch1_20260927233423254.wfm,23:34:23.254000,4.547735,-0.00015999999595806003,-1.98912e-06,1.599999999997579e-10,1.3176319667138182e-10,0.823519979196135
SaveOnEvent_ch1_20260927233423302.wfm,23:34:23.302000,4.547975,-0.0010400000028312206,-1.0399999999999934e-08,9.407999999999995e-08,-3.678911920427343e-10,-2.29935995026608
SaveOnEvent_ch1_20260927233423454.wfm,23:34:23.454000,4.548735,-0.00023999999393709004,-1.96752e-06,3.99232e-06,-3.127615920989773e-10,-1.9548799506155774
SaveOnEvent_ch1_20260927233423502.wfm,23:34:23.502000,4.548975,-0.0010400000028312206,-8.640000000000056e-09,8.975999999999971e-08,-3.750783917307851e-10,-2.3443199483153876
SaveOnEvent_ch1_20260927233423654.wfm,23:34:23.654000,4.549735,-0.00023999999393709004,-1.32192e-06,1.544e-06,-5.335679865209392e-11,-0.3335199915745761
SaveOnEvent_ch1_20260927233423702.wfm,23:34:23.702000,4.549975,-0.0008800000068731606,-1.0239999999999753e-08,1.0335999999999989e-07,-4.790527896210551e-10,-2.9940799351315945
SaveOnEvent_ch1_20260927233423854.wfm,23:34:23.854000,4.550735,-0.00015999999595806003,-1.6753599999999998e-06,3.64192e-06,-2.66457593268715e-10,-1.6653599579294678
SaveOnEvent_ch1_20260927233423902.wfm,23:34:23.902000,4.550975,-0.001120000029914081,-1.2639999999999933e-08,8.09599999999999e-08,-1.0967679894762106e-10,-0.6854399934236426
SaveOnEvent_ch1_20260927233424054.wfm,23:34:24.054000,4.551735,-0.00015999999595806003,-1.69344e-06,3.3478399999999998e-06,7.438719812082124e-11,0.4648799882561434
SaveOnEvent_ch1_20260927233424101.wfm,23:34:24.101000,4.55197,-0.0008800000068731606,-1.3759999999999933e-08,7.951999999999996e-08,1.2686079547740513e-10,0.7927999717358034
SaveOnEvent_ch1_20260927233424254.wfm,23:34:24.254000,4.552735,-0.00015999999595806003,-2.3760000000000006e-07,2.0937599999999995e-06,-6.03839984745717e-11,-0.3774399904650636
SaveOnEvent_ch1_20260927233424302.wfm,23:34:24.302000,4.552975,-0.0012000000569969416,-9.59999999999818e-10,8.27200000000002e-08,-3.7479039300465953e-10,-2.342559956276091
SaveOnEvent_ch1_20260927233424454.wfm,23:34:24.454000,4.553735,-0.00015999999595806003,-1.87232e-06,3.87216e-06,-1.7566079556243496e-10,-1.097999972262187
SaveOnEvent_ch1_20260927233424502.wfm,23:34:24.502000,4.553975,-0.0008800000068731606,-9.599999999999874e-09,9.359999999999983e-08,-4.529215902765281e-10,-2.8308799392252695
SaveOnEvent_ch1_20260927233424654.wfm,23:34:24.654000,4.554735,-0.00023999999393709004,1.84688e-06,3.5156799999999995e-06,-5.920639850432064e-11,-0.3699999906530138
SaveOnEvent_ch1_20260927233424702.wfm,23:34:24.702000,4.554975,-0.0008800000068731606,-9.599999999999874e-09,8.416000000000014e-08,-1.1608959831530244e-10,-0.7255999894696288
SaveOnEvent_ch1_20260927233424854.wfm,23:34:24.854000,4.555735,-0.00015999999595806003,-1.77264e-06,3.5222399999999998e-06,-9.571199758211161e-11,-0.5982399848871864
SaveOnEvent_ch1_20260927233424902.wfm,23:34:24.902000,4.555975,-0.001120000029914081,-9.599999999999874e-09,6.688000000000003e-08,-2.4045439575100334e-10,-1.5028799734427594
SaveOnEvent_ch1_20260927233425054.wfm,23:34:25.054000,4.556735,-0.00023999999393709004,7.904000000000001e-07,3.6112e-06,-2.2447359432931988e-10,-1.4029599645582493
SaveOnEvent_ch1_20260927233425105.wfm,23:34:25.105000,4.55699,-0.0010400000028312206,-2.015999999999999e-08,8.511999999999996e-08,-8.085759947542108e-11,-0.5053599967213813
SaveOnEvent_ch1_20260927233425254.wfm,23:34:25.254000,4.557735,-0.00015999999595806003,-1.95136e-06,3.856959999999999e-06,-2.5823999347630887e-10,-1.6140799592249095
SaveOnEvent_ch1_20260927233425302.wfm,23:34:25.302000,4.557975,-0.0008800000068731606,-1.391999999999969e-08,2.05408e-06,-3.4175999386003256e-10,-2.1362399616336916
SaveOnEvent_ch1_20260927233425454.wfm,23:34:25.454000,4.558735,-0.00015999999595806003,-1.5745599999999999e-06,3.2916799999999996e-06,-1.7861759548773988e-10,-1.1163199717993848
SaveOnEvent_ch1_20260927233425502.wfm,23:34:25.502000,4.558975,-0.0010400000028312206,-8.319999999999693e-09,2.0625599999999997e-06,-8.358655923721378e-10,-5.224639952328289
SaveOnEvent_ch1_20260927233425654.wfm,23:34:25.654000,4.559735,-0.00015999999595806003,-1.99728e-06,3.65152e-06,-1.9137919516535475e-10,-1.1961599697824568
SaveOnEvent_ch1_20260927233425702.wfm,23:34:25.702000,4.559975,-0.0007999999797903001,-6.8799999999997546e-09,7.632000000000014e-08,2.2566399282310163e-10,1.410479955142364
SaveOnEvent_ch1_20260927233425854.wfm,23:34:25.854000,4.560735,-0.00015999999595806003,1.03056e-06,9.406399999999993e-07,2.7859199296217375e-11,0.17415999560034834
SaveOnEvent_ch1_20260927233425902.wfm,23:34:25.902000,4.560975,-0.0008800000068731606,-1.2000000000000055e-08,9.264000000000001e-08,-1.7941759701352558e-10,-1.1214399813325144
SaveOnEvent_ch1_20260927233426054.wfm,23:34:26.054000,4.561735,-0.00023999999393709004,1.98672e-06,3.94544e-06,-2.2444159433012825e-10,-1.4028799645602703
SaveOnEvent_ch1_20260927233426102.wfm,23:34:26.102000,4.561975,-0.0008800000068731606,-1.2000000000000055e-08,2.0531199999999996e-06,-4.0474239587318153e-10,-2.529999974212842
SaveOnEvent_ch1_20260927233426254.wfm,23:34:26.254000,4.562735,-0.00015999999595806003,-1.90224e-06,3.22064e-06,-1.0595839732326569e-10,-0.6622399832704104
SaveOnEvent_ch1_20260927233426302.wfm,23:34:26.302000,4.562975,-0.0010400000028312206,-3.3599999999999983e-09,8.495999999999978e-08,-2.410815953859129e-10,-1.5067999711609446
SaveOnEvent_ch1_20260927233426454.wfm,23:34:26.454000,4.563735,-0.00015999999595806003,-7.536000000000001e-07,3.200000000001511e-10,8.461439786246018e-11,0.5288799866393674
SaveOnEvent_ch1_20260927233426502.wfm,23:34:26.502000,4.563975,-0.0012000000569969416,-7.520000000000057e-09,8.65599999999999e-08,-1.3896959913428855e-10,-0.8685599945893046
SaveOnEvent_ch1_20260927233426655.wfm,23:34:26.655000,4.5647400000000005,-0.00015999999595806003,-1.2955199999999998e-06,3.1782399999999997e-06,-1.8984959520399556e-10,-1.1866399700229522
SaveOnEvent_ch1_20260927233426702.wfm,23:34:26.702000,4.5649750000000004,-0.0010400000028312206,-6.8799999999997546e-09,7.711999999999978e-08,-1.6131839688867332e-10,-1.0081599805562291
SaveOnEvent_ch1_20260927233426854.wfm,23:34:26.854000,4.565735,-0.00015999999595806003,-1.0152e-06,2.9527999999999995e-06,-8.718719779746604e-11,-0.5449599862331524
SaveOnEvent_ch1_20260927233426902.wfm,23:34:26.902000,4.565975,-0.0008800000068731606,-1.1519999999999934e-08,9.007999999999965e-08,-8.37951990612783e-11,-0.5235999941360205
SaveOnEvent_ch1_20260927233427054.wfm,23:34:27.054000,4.5667349999999995,-0.00023999999393709004,-9.016e-07,3.93776e-06,-3.022079923655837e-10,-1.8887999522848986
SaveOnEvent_ch1_20260927233427102.wfm,23:34:27.102000,4.566975,-0.0009599999757483602,-1.0399999999999934e-08,7.920000000000002e-08,-3.848127913358621e-10,-2.405199945846107
SaveOnEvent_ch1_20260927233427254.wfm,23:34:27.254000,4.567735,-0.00023999999393709004,-7.0368e-07,3.6979199999999995e-06,-3.4265599134378143e-10,-2.1416799458966125
SaveOnEvent_ch1_20260927233427302.wfm,23:34:27.302000,4.567975,-0.0012000000569969416,-1.711999999999993e-08,9.199999999999971e-08,-7.986879826360385e-10,-4.991999891470186
SaveOnEvent_ch1_20260927233427454.wfm,23:34:27.454000,4.568735,-0.00015999999595806003,-1.9371199999999998e-06,3.2719999999999998e-06,-1.2415999686345448e-10,-0.7759999803965911
SaveOnEvent_ch1_20260927233427502.wfm,23:34:27.502000,4.568975,-0.0007999999797903001,-4.9599999999999915e-08,8.592000000000002e-08,3.0552959123859183e-10,1.9095999452401884
SaveOnEvent_ch1_20260927233427654.wfm,23:34:27.654000,4.569735,-7.999999797903001e-05,-5.0832e-07,8.000000000000601e-10,3.5175679111387573e-10,2.198559944459703
SaveOnEvent_ch1_20260927233427703.wfm,23:34:27.703000,4.56998,-0.0010400000028312206,-5.599999999999997e-09,8.047999999999978e-08,-6.569599969545386e-11,-0.4106399980955757
SaveOnEvent_ch1_20260927233427855.wfm,23:34:27.855000,4.57074,-0.00023999999393709004,-1.82352e-06,1.7612799999999996e-06,-6.911999825388334e-12,-0.04319999890867621
SaveOnEvent_ch1_20260927233427902.wfm,23:34:27.902000,4.570975,-0.0009599999757483602,-6.719999999999997e-09,8.831999999999977e-08,-3.1989119344623776e-10,-1.9993599590379745
SaveOnEvent_ch1_20260927233428054.wfm,23:34:28.054000,4.571735,-0.00015999999595806003,-1.2856e-06,3.23104e-06,-1.473791962768883e-10,-0.9211199767305516
SaveOnEvent_ch1_20260927233428102.wfm,23:34:28.102000,4.571975,-0.0009599999757483602,-6.559999999999815e-09,7.503999999999996e-08,1.217279957188293e-10,0.7607999732426833
SaveOnEvent_ch1_20260927233428254.wfm,23:34:28.254000,4.572735,-7.999999797903001e-05,-1.4777599999999998e-06,3.2027199999999996e-06,2.965247925091533e-10,1.8533599531801883
SaveOnEvent_ch1_20260927233428302.wfm,23:34:28.302000,4.572975,-0.0010400000028312206,-9.760000000000056e-09,7.216000000000008e-08,6.87423967965877e-11,0.4296799799776636
SaveOnEvent_ch1_20260927233428454.wfm,23:34:28.454000,4.573735,-0.00015999999595806003,-1.8660799999999999e-06,4.047999999999999e-07,1.4430079635465537e-10,0.9019199772155844
SaveOnEvent_ch1_20260927233428502.wfm,23:34:28.502000,4.573975,-0.0010400000028312206,-1.503999999999969e-08,9.055999999999977e-08,-2.3893759503494956e-10,-1.4932799689704552
SaveOnEvent_ch1_20260927233428654.wfm,23:34:28.654000,4.574735,-0.00015999999595806003,-8.393599999999999e-07,1.80752e-06,7.519999810028709e-12,0.04703999881166965
SaveOnEvent_ch1_20260927233428702.wfm,23:34:28.702000,4.574975,-0.00343999988399446,1.65984e-06,6.934399999999998e-07,-2.3440128021454436e-09,-14.651680013368605
SaveOnEvent_ch1_20260927233428854.wfm,23:34:28.854000,4.575735,-0.00023999999393709004,-3.444799999999999e-07,3.67392e-06,-2.808831929042935e-10,-1.7555999556498136
SaveOnEvent_ch1_20260927233428902.wfm,23:34:28.902000,4.575975,-0.0007999999797903001,-2.7680000000000047e-08,8.448000000000008e-08,3.647999297827591e-12,0.022799995611421764
SaveOnEvent_ch1_20260927233429054.wfm,23:34:29.054000,4.576735,-0.00015999999595806003,-1.19408e-06,2.44624e-06,-1.5389439611230032e-10,-0.9618399757018778
SaveOnEvent_ch1_20260927233429102.wfm,23:34:29.102000,4.576975,-0.0007999999797903001,-1.4879999999999932e-08,8.351999999999984e-08,6.997119692387062e-11,0.4372799807752017
SaveOnEvent_ch1_20260927233429254.wfm,23:34:29.254000,4.577735,-7.999999797903001e-05,-1.97024e-06,3.8592e-06,1.0133119744015855e-10,0.6333599839999806
SaveOnEvent_ch1_20260927233429302.wfm,23:34:29.302000,4.577975,-0.0009599999757483602,-1.3599999999999751e-08,8.448000000000008e-08,-1.595391972782092e-10,-0.9971199829888064
SaveOnEvent_ch1_20260927233429454.wfm,23:34:29.454000,4.578735,-0.00015999999595806003,-2.0815999999999993e-07,2.1555199999999997e-06,-8.479999785777174e-11,-0.5299999866110738
SaveOnEvent_ch1_20260927233429502.wfm,23:34:29.502000,4.578975,-0.0010400000028312206,-7.839999999999996e-09,2.03744e-06,-2.5049600596539544e-11,-0.15680000372231007
SaveOnEvent_ch1_20260927233429654.wfm,23:34:29.654000,4.579735,-0.00015999999595806003,-1.4934399999999998e-06,3.4657599999999997e-06,-8.113279795041301e-11,-0.5071199871890713
SaveOnEvent_ch1_20260927233429702.wfm,23:34:29.702000,4.579975,-0.0009599999757483602,-8.799999999999814e-09,7.904000000000026e-08,-2.3985279519809414e-10,-1.4991199699870776
SaveOnEvent_ch1_20260927233429854.wfm,23:34:29.854000,4.580735,-0.00015999999595806003,-6.025599999999999e-07,4.3568e-07,6.993919823318719e-11,0.43711998895742
SaveOnEvent_ch1_20260927233429902.wfm,23:34:29.902000,4.5809750000000005,-0.0007999999797903001,-6.719999999999997e-09,9.008000000000008e-08,-1.1015039832564061e-10,-0.6884799895342439
SaveOnEvent_ch1_20260927233430054.wfm,23:34:30.054000,4.581735,-0.00023999999393709004,1.53392e-06,3.9615999999999995e-06,-1.4737279627704997e-10,-0.9211999767285306
SaveOnEvent_ch1_20260927233430102.wfm,23:34:30.102000,4.581975,-0.001120000029914081,-4.479999999999998e-09,7.552000000000008e-08,-1.7547519743908193e-10,-1.0967199839942623
SaveOnEvent_ch1_20260927233430254.wfm,23:34:30.254000,4.582735,-0.00023999999393709004,-1.95328e-06,3.876e-06,-2.1244159463327386e-10,-1.3278399664559402
SaveOnEvent_ch1_20260927233430303.wfm,23:34:30.303000,4.58298,-0.0009599999757483602,-8.319999999999693e-09,9.344000000000007e-08,-4.174911907012574e-10,-2.6093599418818485
SaveOnEvent_ch1_20260927233430455.wfm,23:34:30.455000,4.58374,-0.00023999999393709004,-7.019199999999999e-07,3.9772799999999995e-06,-3.968191899755038e-10,-2.4802399373438675
SaveOnEvent_ch1_20260927233430502.wfm,23:34:30.502000,4.583975,-0.0009599999757483602,-1.3279999999999812e-08,8.448000000000008e-08,-1.0328319874126471e-10,-0.645439992134925
SaveOnEvent_ch1_20260927233430654.wfm,23:34:30.654000,4.584735,-0.00015999999595806003,-2.3135999999999998e-07,1.0849599999999997e-06,1.4751999627333e-11,0.0922399976698216
SaveOnEvent_ch1_20260927233430702.wfm,23:34:30.702000,4.584975,-0.0009599999757483602,-4.799999999999937e-09,8.416000000000014e-08,-3.409215921047145e-10,-2.1307999506534543
SaveOnEvent_ch1_20260927233430854.wfm,23:34:30.854000,4.585735,-7.999999797903001e-05,-1.88816e-06,3.5545599999999996e-06,2.6094079340808073e-10,1.6308799588005058
SaveOnEvent_ch1_20260927233430902.wfm,23:34:30.902000,4.585975,-0.0009599999757483602,-6.0799999999996945e-09,7.295999999999972e-08,-9.176319865975515e-11,-0.5735199916234706
SaveOnEvent_ch1_20260927233431054.wfm,23:34:31.054000,4.586735,-0.00015999999595806003,-2.3904e-07,1.2894399999999997e-06,3.715199906146168e-11,0.23223999413312413
SaveOnEvent_ch1_20260927233431102.wfm,23:34:31.102000,4.586975,-0.001120000029914081,-5.1199999999998764e-09,7.503999999999996e-08,-1.675520059652635e-11,-0.10472000372828916
SaveOnEvent_ch1_20260927233431254.wfm,23:34:31.254000,4.587735,-0.00023999999393709004,-2.320000000000005e-08,2.0748799999999997e-06,-8.03711979696527e-11,-0.5023199873103295
SaveOnEvent_ch1_20260927233431302.wfm,23:34:31.302000,4.587975,-0.0010400000028312206,-4.1600000000000584e-09,7.48800000000002e-08,-1.6320010391063239e-12,-0.010160006495425478
SaveOnEvent_ch1_20260927233431454.wfm,23:34:31.454000,4.588735,-7.999999797903001e-05,-1.51456e-06,3.3423999999999995e-06,1.6517119582742443e-10,1.0323999739193823
SaveOnEvent_ch1_20260927233431502.wfm,23:34:31.502000,4.588975,-0.0007999999797903001,-6.8799999999997546e-09,7.744000000000014e-08,1.327999824425186e-11,0.08303998902556486
SaveOnEvent_ch1_20260927233431654.wfm,23:34:31.654000,4.589735,-0.00015999999595806003,-1.99456e-06,3.93328e-06,-1.7765119551215317e-10,-1.1103999719489366
SaveOnEvent_ch1_20260927233431702.wfm,23:34:31.702000,4.589975,-0.0009599999757483602,-3.5199999999997562e-09,2.0609599999999996e-06,-4.442303947987964e-10,-2.7768799674813636
SaveOnEvent_ch1_20260927233431854.wfm,23:34:31.854000,4.5907350000000005,-0.00015999999595806003,1.5606399999999998e-06,1.2336000000000012e-07,1.6407039585523308e-10,1.0255199740931857
SaveOnEvent_ch1_20260927233431902.wfm,23:34:31.902000,4.590975,-0.0009599999757483602,-4.319999999999816e-09,6.447999999999985e-08,7.038079707650473e-11,0.43991998172714375
SaveOnEvent_ch1_20260927233432054.wfm,23:34:32.054000,4.591735,-0.00015999999595806003,1.7095999999999997e-06,6.719999999999997e-09,7.489919810788708e-11,0.46815998817328364
SaveOnEvent_ch1_20260927233432102.wfm,23:34:32.102000,4.591975,-0.0010400000028312206,-8.799999999999814e-09,8.735999999999996e-08,-2.236735955881888e-10,-1.3980799724231474
SaveOnEvent_ch1_20260927233432256.wfm,23:34:32.256000,4.592745,-0.00015999999595806003,-1.96192e-06,1.0728e-06,-5.650559857254845e-11,-0.3531199910794385
SaveOnEvent_ch1_20260927233432302.wfm,23:34:32.302000,4.592975,-0.009519999846816063,2.4672000000000024e-07,4.991999999999998e-07,-6.306099174902774e-09,-39.413519843132235
SaveOnEvent_ch1_20260927233432454.wfm,23:34:32.454000,4.593735,-0.00015999999595806003,-1.39024e-06,1.2800000000000115e-08,1.1441279710968942e-10,0.7151199819345493
SaveOnEvent_ch1_20260927233432502.wfm,23:34:32.502000,4.593975,-0.0008800000068731606,-1.3599999999999751e-08,7.184000000000015e-08,1.6472319534979759e-10,1.029599970934214
SaveOnEvent_ch1_20260927233432654.wfm,23:34:32.654000,4.594735,-0.00015999999595806003,-1.944e-06,3.42816e-06,-1.3026559670921426e-10,-0.8142399794305675
SaveOnEvent_ch1_20260927233432702.wfm,23:34:32.702000,4.594975,-0.0009599999757483602,-8.799999999999814e-09,9.21599999999999e-08,-2.588287949003279e-10,-1.6177599681250285
SaveOnEvent_ch1_20260927233432854.wfm,23:34:32.854000,4.595735,-0.00023999999393709004,-1.51872e-06,3.96768e-06,-4.066751897265203e-10,-2.5418399357877206
SaveOnEvent_ch1_20260927233432904.wfm,23:34:32.904000,4.595985,-0.0009599999757483602,-1.0239999999999753e-08,8.096000000000032e-08,-9.710719901835561e-11,-0.6068799938657321
SaveOnEvent_ch1_20260927233433054.wfm,23:34:33.054000,4.596735,-0.00015999999595806003,-1.61616e-06,3.53344e-06,-7.505279810400681e-11,-0.46895998815307394
SaveOnEvent_ch1_20260927233433102.wfm,23:34:33.102000,4.5969750000000005,-0.0008800000068731606,-5.9199999999999365e-09,7.487999999999978e-08,2.9615359124261876e-10,1.851039945264347
SaveOnEvent_ch1_20260927233433254.wfm,23:34:33.254000,4.597735,-0.00015999999595806003,-1.67024e-06,2.40928e-06,-7.950719799147906e-11,-0.4968799874477554
SaveOnEvent_ch1_20260927233433302.wfm,23:34:33.302000,4.597975,-0.001120000029914081,-7.359999999999875e-09,7.295999999999972e-08,-1.5421439738478504e-10,-0.963839983654907
SaveOnEvent_ch1_20260927233433454.wfm,23:34:33.454000,4.598735,-0.00031999999191612005,1.4321599999999998e-06,3.2204799999999998e-06,-5.021823873138054e-10,-3.1387999207072426
SaveOnEvent_ch1_20260927233433502.wfm,23:34:33.502000,4.598975,-0.0012000000569969416,-5.439999999999816e-09,6.688000000000003e-08,-2.1989119684323675e-10,-1.3743199802702293
SaveOnEvent_ch1_20260927233433654.wfm,23:34:33.654000,4.599735,-0.00015999999595806003,-1.5983999999999998e-06,3.0575999999999997e-06,4.078079896979046e-11,0.2548799935611896
SaveOnEvent_ch1_20260927233433702.wfm,23:34:33.702000,4.599975,-0.0007999999797903001,-4.639999999999756e-09,8.816000000000002e-08,1.314367952360773e-10,0.8215199702244718
SaveOnEvent_ch1_20260927233433854.wfm,23:34:33.854000,4.600735,-0.00015999999595806003,-1.98384e-06,3.8675199999999995e-06,-1.7191039565717786e-10,-1.074479972856352
SaveOnEvent_ch1_20260927233433902.wfm,23:34:33.902000,4.600975,-0.0010400000028312206,-1.2639999999999933e-08,8.687999999999984e-08,-1.2680959787685425e-10,-0.792559986730339
SaveOnEvent_ch1_20260927233434054.wfm,23:34:34.054000,4.601735,-0.00023999999393709004,9.2848e-07,2.9300799999999996e-06,-6.067199846729639e-11,-0.37919999042060226
SaveOnEvent_ch1_20260927233434102.wfm,23:34:34.102000,4.601975,-0.0007999999797903001,-8.319999999999693e-09,8.575999999999984e-08,1.17555196150206e-10,0.7347999759367667
SaveOnEvent_ch1_20260927233434254.wfm,23:34:34.254000,4.602735,-7.999999797903001e-05,-7.5424e-07,2.72416e-06,1.8326399537036204e-10,1.1454399710637517
SaveOnEvent_ch1_20260927233434302.wfm,23:34:34.302000,4.602975,-0.0008800000068731606,-1.1839999999999873e-08,8.239999999999984e-08,1.800319943763315e-10,1.1251999648520723
SaveOnEvent_ch1_20260927233434454.wfm,23:34:34.454000,4.603735,-0.00023999999393709004,4.3535999999999984e-07,3.4915199999999992e-06,-2.6339199334615825e-10,-1.6461599584145006
SaveOnEvent_ch1_20260927233434502.wfm,23:34:34.502000,4.603975,-0.006560000125318766,5.4304e-07,6.7376e-07,-5.1914560070214785e-09,-32.446880043891724
SaveOnEvent_ch1_20260927233434654.wfm,23:34:34.654000,4.604735,-0.00015999999595806003,-1.8975999999999998e-06,3.6900799999999995e-06,-1.9067519518313924e-10,-1.19175996989361
SaveOnEvent_ch1_20260927233434702.wfm,23:34:34.702000,4.604975,-0.0009599999757483602,-1.663999999999981e-08,8.336000000000008e-08,-2.965823936811649e-10,-1.8536799605062697
SaveOnEvent_ch1_20260927233434856.wfm,23:34:34.856000,4.605745,-7.999999797903001e-05,7.838399999999999e-07,1.1785599999999998e-06,3.187071919487788e-10,1.9919999496778473
SaveOnEvent_ch1_20260927233434902.wfm,23:34:34.902000,4.605975,-0.0012000000569969416,-8.640000000000056e-09,8.159999999999978e-08,-4.140159918460994e-10,-2.587679949036101
SaveOnEvent_ch1_20260927233435054.wfm,23:34:35.054000,4.6067350000000005,-0.00015999999595806003,-8.4336e-07,5.724799999999999e-07,-3.3215999160893544e-11,-0.20759999475558288
SaveOnEvent_ch1_20260927233435102.wfm,23:34:35.102000,4.606975,-0.0010400000028312206,-3.040000000000059e-09,8.912000000000026e-08,-2.071040023583932e-11,-0.1293600014760159
SaveOnEvent_ch1_20260927233435254.wfm,23:34:35.254000,4.607735,-0.00023999999393709004,-1.2372799999999999e-06,3.4238399999999996e-06,-8.83455977682024e-11,-0.5520799860532861
SaveOnEvent_ch1_20260927233435302.wfm,23:34:35.302000,4.607975,-0.0010400000028312206,-3.5199999999997562e-09,8.38400000000002e-08,-1.170560088241473e-11,-0.07312000551610254
SaveOnEvent_ch1_20260927233435454.wfm,23:34:35.454000,4.608735,-0.00015999999595806003,-1.46464e-06,2.00032e-06,-5.7126398556865726e-11,-0.35703999098041095
SaveOnEvent_ch1_20260927233435504.wfm,23:34:35.504000,4.608985,-0.0007999999797903001,-1.1039999999999813e-08,8.176000000000038e-08,5.883519768947775e-11,0.367759985558223
SaveOnEvent_ch1_20260927233435655.wfm,23:34:35.655000,4.60974,-7.999999797903001e-05,2.3599999999999994e-07,8.9152e-07,2.89529592685867e-10,1.809679954283638
SaveOnEvent_ch1_20260927233435701.wfm,23:34:35.701000,4.60997,-0.0010400000028312206,-7.999999999999754e-09,8.415999999999972e-08,-1.954687965568154e-10,-1.221679978480097
SaveOnEvent_ch1_20260927233435854.wfm,23:34:35.854000,4.610735,-0.00015999999595806003,-1.76528e-06,3.2295999999999995e-06,-1.424575964012184e-10,-0.890319977508625
SaveOnEvent_ch1_20260927233435902.wfm,23:34:35.902000,4.610975,-0.0010400000028312206,-9.119999999999753e-09,7.232000000000027e-08,-3.372160031693069e-11,-0.2107200019818265
SaveOnEvent_ch1_20260927233436054.wfm,23:34:36.054000,4.611735,-0.00015999999595806003,-1.8303999999999999e-06,3.81792e-06,-2.815615928871558e-10,-1.7598399555427022
SaveOnEvent_ch1_20260927233436102.wfm,23:34:36.102000,4.611975,-0.0009599999757483602,-4.319999999999816e-09,7.743999999999972e-08,-2.1874559547984987e-10,-1.3671999717480503
SaveOnEvent_ch1_20260927233436254.wfm,23:34:36.254000,4.612735,-0.00015999999595806003,-1.98496e-06,3.920319999999999e-06,-1.022719974163918e-10,-0.6392799838504288
SaveOnEvent_ch1_20260927233436302.wfm,23:34:36.302000,4.6129750000000005,-0.0009599999757483602,-7.199999999999694e-09,7.53599999999999e-08,-5.45983997569419e-11,-0.34119999848189764
SaveOnEvent_ch1_20260927233436454.wfm,23:34:36.454000,4.613735,-0.00023999999393709004,-1.3862399999999998e-06,3.99776e-06,-4.4677118871361036e-10,-2.7923999294580426
SaveOnEvent_ch1_20260927233436501.wfm,23:34:36.501000,4.61397,-0.001120000029914081,-7.839999999999996e-09,8.240000000000026e-08,-9.622399936197325e-11,-0.6013599960133433
SaveOnEvent_ch1_20260927233436654.wfm,23:34:36.654000,4.614735,-0.00015999999595806003,9.155200000000001e-07,6.791999999999998e-07,9.901439749868615e-11,0.6188799843657762
SaveOnEvent_ch1_20260927233436702.wfm,23:34:36.702000,4.614975,-0.0007999999797903001,0.0,9.50400000000002e-08,-9.715199821628631e-11,-0.6071999888517894
SaveOnEvent_ch1_20260927233436854.wfm,23:34:36.854000,4.615735,-0.00015999999595806003,1.7304e-06,1.967999999999987e-08,9.163519768510025e-11,0.5727199855318759
SaveOnEvent_ch1_20260927233436902.wfm,23:34:36.902000,4.615975,-0.0009599999757483602,-2.4959999999999927e-08,9.503999999999977e-08,-3.9249279127689103e-10,-2.453119945479557
SaveOnEvent_ch1_20260927233437054.wfm,23:34:37.054000,4.616735,-7.999999797903001e-05,-1.8968e-06,3.88272e-06,3.440511913085357e-10,2.1503199456783477
SaveOnEvent_ch1_20260927233437102.wfm,23:34:37.102000,4.616975,-0.001120000029914081,-4.799999999999937e-09,7.791999999999984e-08,-3.389439926575869e-10,-2.1185599541058764
SaveOnEvent_ch1_20260927233437254.wfm,23:34:37.254000,4.617735,-0.00015999999595806003,-1.99296e-06,3.5670399999999997e-06,-2.0642559478525065e-10,-1.290239967405796
SaveOnEvent_ch1_20260927233437302.wfm,23:34:37.302000,4.617975,-0.001120000029914081,-1.2639999999999933e-08,8.159999999999978e-08,-4.270655912882648e-10,-2.6691999455506448
SaveOnEvent_ch1_20260927233437455.wfm,23:34:37.455000,4.61874,-0.00023999999393709004,-1.7342399999999999e-06,3.01024e-06,-1.4243199640186503e-10,-0.890239977510646
SaveOnEvent_ch1_20260927233437502.wfm,23:34:37.502000,4.618975,-0.0009599999757483602,-1.0239999999999753e-08,8.368000000000002e-08,-2.078335961094127e-10,-1.2990399756818078
SaveOnEvent_ch1_20260927233437654.wfm,23:34:37.654000,4.619735,-0.00015999999595806003,-1.69152e-06,3.4676799999999997e-06,-7.686399805825314e-12,-0.04807999878539704
SaveOnEvent_ch1_20260927233437702.wfm,23:34:37.702000,4.619975,-0.0024800000246614218,1.0664e-06,1.5127999999999997e-06,-3.5463936399412345e-09,-22.165840249625035
SaveOnEvent_ch1_20260927233437854.wfm,23:34:37.854000,4.620735,-0.00015999999595806003,-8.172800000000001e-07,1.75504e-06,-8.689279780490318e-11,-0.5431199862796348
SaveOnEvent_ch1_20260927233437902.wfm,23:34:37.902000,4.620975,-0.0009599999757483602,-7.520000000000057e-09,8.847999999999996e-08,-1.8465919663896788e-10,-1.1541599789925385
SaveOnEvent_ch1_20260927233438054.wfm,23:34:38.054000,4.621735,-0.00023999999393709004,1.9352e-06,3.79776e-06,-2.4641279377508926e-10,-1.5400799610943068
SaveOnEvent_ch1_20260927233438104.wfm,23:34:38.104000,4.6219850000000005,-0.0007999999797903001,-1.872000000000005e-08,7.82400000000002e-08,4.547199791530158e-11,0.2842399869696237
SaveOnEvent_ch1_20260927233438254.wfm,23:34:38.254000,4.6227350000000005,-0.00031999999191612005,4.072000000000001e-07,3.8123199999999996e-06,-4.2653438922483466e-10,-2.665919932653196
SaveOnEvent_ch1_20260927233438302.wfm,23:34:38.302000,4.622975,-0.0008800000068731606,-5.280000000000058e-09,7.75999999999999e-08,2.2650239329552273e-10,1.4156799580960069
SaveOnEvent_ch1_20260927233438454.wfm,23:34:38.454000,4.623735,-7.999999797903001e-05,-1.5801599999999999e-06,2.32128e-06,2.1434239458525547e-10,1.3396799661568366
SaveOnEvent_ch1_20260927233438502.wfm,23:34:38.502000,4.623975,-0.0009599999757483602,-6.0799999999996945e-09,6.928000000000021e-08,-1.1967359805246794e-10,-0.7479999878269155
SaveOnEvent_ch1_20260927233438654.wfm,23:34:38.654000,4.624735,-0.00015999999595806003,3.8544e-07,1.5815999999999998e-06,2.3560959404800076e-10,1.4725599628000055
SaveOnEvent_ch1_20260927233438702.wfm,23:34:38.702000,4.624975,-0.0010400000028312206,-7.679999999999815e-09,8.847999999999996e-08,-3.036095938668586e-10,-1.897599961666856
SaveOnEvent_ch1_20260927233438854.wfm,23:34:38.854000,4.625735,-0.00023999999393709004,8.742399999999999e-07,3.47232e-06,-1.8970879520755274e-10,-1.1856799700472038
SaveOnEvent_ch1_20260927233438902.wfm,23:34:38.902000,4.625975,-0.0010400000028312206,-6.0799999999996945e-09,8.528000000000014e-08,-3.828480036463592e-11,-0.23928000227897428
SaveOnEvent_ch1_20260927233439054.wfm,23:34:39.054000,4.626735,-0.00023999999393709004,2.9679999999999985e-07,3.4574399999999995e-06,-2.8437119281617936e-10,-1.7773599551001098
SaveOnEvent_ch1_20260927233439102.wfm,23:34:39.102000,4.626975,-0.0010400000028312206,-1.1679999999999692e-08,8.20799999999999e-08,-2.960639938712119e-10,-1.850399961695075
SaveOnEvent_ch1_20260927233439254.wfm,23:34:39.254000,4.627735,-0.00015999999595806003,-1.42688e-06,1.4064000000000002e-07,1.443711963528768e-10,0.9023199772054795
SaveOnEvent_ch1_20260927233439302.wfm,23:34:39.302000,4.627975,-0.0007999999797903001,-5.9199999999999365e-09,8.54399999999999e-08,2.6583679214818413e-10,1.6615999509231187
SaveOnEvent_ch1_20260927233439454.wfm,23:34:39.454000,4.628735,-0.00023999999393709004,-5.9216e-07,3.92768e-06,-3.4776959121460075e-10,-2.1735999450902455
SaveOnEvent_ch1_20260927233439502.wfm,23:34:39.502000,4.6289750000000005,-0.0009599999757483602,-1.4240000000000053e-08,2.0555199999999998e-06,-9.427839924115678e-11,-0.58943999526673
SaveOnEvent_ch1_20260927233439654.wfm,23:34:39.654000,4.629735,-0.00023999999393709004,1.0772799999999997e-06,3.904639999999999e-06,-2.095551947061903e-10,-1.3097599669126794
SaveOnEvent_ch1_20260927233439702.wfm,23:34:39.702000,4.629975,-0.0009599999757483602,-6.719999999999997e-09,9.824000000000001e-08,-3.463103931606747e-10,-2.1644799572532065
SaveOnEvent_ch1_20260927233439854.wfm,23:34:39.854000,4.630735,-0.00015999999595806003,-2e-06,9.3184e-07,5.544959859922518e-11,0.346479991247179
SaveOnEvent_ch1_20260927233439902.wfm,23:34:39.902000,4.630975,-0.0010400000028312206,-9.279999999999935e-09,6.928000000000021e-08,1.886847942275926e-10,1.179359963920433
SaveOnEvent_ch1_20260927233440055.wfm,23:34:40.055000,4.63174,-0.00023999999393709004,-1.24496e-06,3.2735999999999995e-06,-9.950079748639827e-11,-0.6219999842869584
SaveOnEvent_ch1_20260927233440102.wfm,23:34:40.102000,4.631975,-0.002959999954327941,1.6752e-06,9.235199999999998e-07,-2.76129917596234e-09,-17.259519849758362
SaveOnEvent_ch1_20260927233440254.wfm,23:34:40.254000,4.632735,-0.00015999999595806003,-2.4255999999999997e-07,2.12448e-06,-6.606079833116373e-11,-0.4128799895697739
SaveOnEvent_ch1_20260927233440302.wfm,23:34:40.302000,4.632975,-0.0008800000068731606,-4.1600000000000584e-09,8.303999999999972e-08,-1.629695970285683e-10,-1.0186399814265314
SaveOnEvent_ch1_20260927233440454.wfm,23:34:40.454000,4.633735,-0.00015999999595806003,1.5679999999999992e-07,2.224000000000023e-08,7.617919807555149e-11,0.4760799879732076
SaveOnEvent_ch1_20260927233440502.wfm,23:34:40.502000,4.633975,-0.001120000029914081,-1.4559999999999993e-08,8.896000000000008e-08,-5.12671989223454e-10,-3.204239932645578
SaveOnEvent_ch1_20260927233440654.wfm,23:34:40.654000,4.634735,-0.00015999999595806003,-1.48384e-06,3.4608e-06,-1.7607679555192581e-10,-1.1004799721995369
SaveOnEvent_ch1_20260927233440703.wfm,23:34:40.703000,4.63498,-0.0012000000569969416,-1.2000000000000055e-08,8.31999999999999e-08,-2.671231963997707e-10,-1.6695199774985667
SaveOnEvent_ch1_20260927233440855.wfm,23:34:40.855000,4.63574,-0.00023999999393709004,-1.8974399999999999e-06,3.56896e-06,-3.8060159038519486e-10,-2.3787999399064574
SaveOnEvent_ch1_20260927233440902.wfm,23:34:40.902000,4.635975,-0.0013599999947473407,-1.2639999999999933e-08,7.232000000000027e-08,-4.4061439110431797e-10,-2.753919944399968
SaveOnEvent_ch1_20260927233441054.wfm,23:34:41.054000,4.636735,-0.00015999999595806003,-6.0224e-07,8.923199999999998e-07,-5.0879998714664735e-12,-0.031759999197674915
SaveOnEvent_ch1_20260927233441102.wfm,23:34:41.102000,4.636975,-0.0010400000028312206,-1.1679999999999692e-08,6.992000000000009e-08,3.5942397699691363e-11,0.22463998562307097
SaveOnEvent_ch1_20260927233441254.wfm,23:34:41.254000,4.637735,-0.00015999999595806003,-7.7088e-07,2.6404800000000003e-06,-5.956479849526658e-11,-0.3723199905944057
SaveOnEvent_ch1_20260927233441302.wfm,23:34:41.302000,4.637975,-0.0010400000028312206,-1.0719999999999874e-08,8.04800000000002e-08,1.2243839582195498e-10,0.7653599738841876
SaveOnEvent_ch1_20260927233441454.wfm,23:34:41.454000,4.6387350000000005,-0.00015999999595806003,-1.99936e-06,2.816e-06,-1.7148799566784873e-10,-1.0718399729230441
SaveOnEvent_ch1_20260927233441502.wfm,23:34:41.502000,4.638975,-0.0008800000068731606,-1.1359999999999752e-08,8.975999999999971e-08,-1.203199984971436e-10,-0.7519999906071462
SaveOnEvent_ch1_20260927233441654.wfm,23:34:41.654000,4.639735,-0.00015999999595806003,-1.9539199999999998e-06,3.5719999999999994e-06,-3.673599907197051e-11,-0.22959999419981614
SaveOnEvent_ch1_20260927233441702.wfm,23:34:41.702000,4.639975,-0.001120000029914081,-8.959999999999996e-09,8.20799999999999e-08,-1.1493759869365015e-10,-0.7183999918343034
SaveOnEvent_ch1_20260927233441854.wfm,23:34:41.854000,4.640735,-0.00015999999595806003,-1.93104e-06,3.59184e-06,-1.490367962350137e-10,-0.9314399764698464
SaveOnEvent_ch1_20260927233441902.wfm,23:34:41.902000,4.640975,-0.0009599999757483602,-1.2319999999999994e-08,8.54399999999999e-08,-9.451519862283016e-11,-0.5907199913926888
SaveOnEvent_ch1_20260927233442054.wfm,23:34:42.054000,4.641735,-0.00015999999595806003,-1.0936e-06,3.0908800000000002e-06,-1.5765119601739575e-10,-0.9853599751077127
SaveOnEvent_ch1_20260927233442102.wfm,23:34:42.102000,4.641975,-0.0010400000028312206,-7.999999999999754e-09,7.82400000000002e-08,8.437119681155297e-11,0.5273599800711963
SaveOnEvent_ch1_20260927233442254.wfm,23:34:42.254000,4.642735,-0.00015999999595806003,-2.417600000000001e-07,1.99056e-06,-3.5142399112228185e-11,-0.21959999445243739
SaveOnEvent_ch1_20260927233442302.wfm,23:34:42.302000,4.642975,-0.001120000029914081,-1.1519999999999934e-08,7.42399999999999e-08,-4.3303679091390223e-10,-2.706559943209868
SaveOnEvent_ch1_20260927233442454.wfm,23:34:42.454000,4.643735,-7.999999797903001e-05,-1.84352e-06,3.8361599999999995e-06,2.161215945403091e-10,1.3507999658759218
SaveOnEvent_ch1_20260927233442502.wfm,23:34:42.502000,4.643975,-0.0008800000068731606,-1.551999999999981e-08,9.311999999999971e-08,-2.0815999624086544e-10,-1.3009599765064195
SaveOnEvent_ch1_20260927233442654.wfm,23:34:42.654000,4.644735,-0.00015999999595806003,-1.7702399999999998e-06,1.6139199999999998e-06,1.8745599526446343e-11,0.11719999703927897
SaveOnEvent_ch1_20260927233442702.wfm,23:34:42.702000,4.6449750000000005,-0.0005600000149570405,-5.471999999999979e-08,9.16800000000002e-08,4.2082558838184937e-10,2.6302399273845367
SaveOnEvent_ch1_20260927233442854.wfm,23:34:42.854000,4.645735,-0.00015999999595806003,-6.335999999999985e-08,3.0399999999996355e-09,4.921599875669932e-11,0.3075999922293704
SaveOnEvent_ch1_20260927233442902.wfm,23:34:42.902000,4.645975,-0.0008800000068731606,-1.2959999999999873e-08,8.416000000000014e-08,1.3608319530030686e-10,0.8506399706238881
SaveOnEvent_ch1_20260927233443054.wfm,23:34:43.054000,4.646735,-0.00015999999595806003,-9.0912e-07,1.8616e-06,2.3654399402439766e-11,0.14783999626524746
SaveOnEvent_ch1_20260927233443102.wfm,23:34:43.102000,4.646975,-0.0009599999757483602,-1.4399999999999811e-08,7.408000000000014e-08,-2.2325119558488951e-10,-1.395359972404549
SaveOnEvent_ch1_20260927233443254.wfm,23:34:43.254000,4.647735,-0.00015999999595806003,-1.79392e-06,3.74624e-06,-8.285439790692196e-11,-0.5179199869162403
SaveOnEvent_ch1_20260927233443303.wfm,23:34:43.303000,4.6479800000000004,-0.001120000029914081,-1.1199999999999994e-08,7.839999999999996e-08,-9.569919918896637e-11,-0.5980799949320499
SaveOnEvent_ch1_20260927233443455.wfm,23:34:43.455000,4.64874,-7.999999797903001e-05,-1.65904e-06,3.58896e-06,2.0401279484620303e-10,1.2751199677877594
SaveOnEvent_ch1_20260927233443502.wfm,23:34:43.502000,4.648975,-0.001120000029914081,-3.8399999999996956e-09,6.848000000000015e-08,-3.4765439243754384e-10,-2.1728799527336378
SaveOnEvent_ch1_20260927233443654.wfm,23:34:43.654000,4.649735,-0.00015999999595806003,2.897599999999999e-07,4.217600000000001e-07,2.534399935975733e-12,0.015839999599847943
SaveOnEvent_ch1_20260927233443702.wfm,23:34:43.702000,4.649975,-0.001120000029914081,-6.559999999999815e-09,6.255999999999979e-08,-2.2764800523873346e-11,-0.14224000327521935
SaveOnEvent_ch1_20260927233443854.wfm,23:34:43.854000,4.650735,-0.00015999999595806003,-9.6896e-07,2.9353599999999996e-06,-5.201279868604617e-11,-0.32503999178879894
SaveOnEvent_ch1_20260927233443902.wfm,23:34:43.902000,4.650975,-0.0008800000068731606,-4.319999999999986e-08,9.071999999999995e-08,-2.744639947009274e-10,-1.715439966879785
SaveOnEvent_ch1_20260927233444054.wfm,23:34:44.054000,4.651735,-0.00015999999595806003,-5.537600000000001e-07,2.5275199999999996e-06,5.6857598563656264e-11,0.3553599910228513
SaveOnEvent_ch1_20260927233444102.wfm,23:34:44.102000,4.651975,-0.0009599999757483602,-3.5199999999997562e-09,7.984000000000032e-08,-2.531199950771406e-10,-1.582079969230108
SaveOnEvent_ch1_20260927233444254.wfm,23:34:44.254000,4.652735,-7.999999797903001e-05,-1.53872e-06,3.5e-06,2.952895925403572e-10,1.8455999533762224
SaveOnEvent_ch1_20260927233444302.wfm,23:34:44.302000,4.652975,-0.0009599999757483602,-1.3279999999999812e-08,7.984000000000032e-08,-1.8579199707601228e-10,-1.1612799817230552
SaveOnEvent_ch1_20260927233444454.wfm,23:34:44.454000,4.653735,-7.999999797903001e-05,-1.75856e-06,3.71168e-06,2.3956479394808435e-10,1.4972799621755257
SaveOnEvent_ch1_20260927233444502.wfm,23:34:44.502000,4.653975,-0.0009599999757483602,-1.5360000000000053e-08,8.448000000000008e-08,-4.522431900654919e-10,-2.826559937908314
SaveOnEvent_ch1_20260927233444654.wfm,23:34:44.654000,4.6547350000000005,-0.00023999999393709004,-7.864e-07,3.86736e-06,-2.534207935980522e-10,-1.5839199599868152
SaveOnEvent_ch1_20260927233444702.wfm,23:34:44.702000,4.654975,-0.0008800000068731606,-1.3279999999999812e-08,7.920000000000002e-08,2.2606719320872773e-10,1.4130399575515185
SaveOnEvent_ch1_20260927233444854.wfm,23:34:44.854000,4.655735,-0.00015999999595806003,-1.81792e-06,1.60112e-06,-4.744959880132215e-11,-0.29655999250826426
SaveOnEvent_ch1_20260927233444902.wfm,23:34:44.902000,4.655975,-0.0010400000028312206,-3.3599999999999983e-09,9.008000000000008e-08,-2.3665279532549903e-10,-1.4791199707833584
SaveOnEvent_ch1_20260927233445054.wfm,23:34:45.054000,4.656735,-0.00015999999595806003,7.975999999999998e-07,6.400000000003022e-10,2.7850239296443775e-10,1.740799956023693
SaveOnEvent_ch1_20260927233445102.wfm,23:34:45.102000,4.656975,-0.0008800000068731606,-1.2959999999999873e-08,8.735999999999996e-08,-6.724479997297748e-11,-0.4202399998321198
SaveOnEvent_ch1_20260927233445254.wfm,23:34:45.254000,4.657735,-0.00031999999191612005,1.8769600000000002e-06,2.9440000000000348e-08,-1.9096319517586387e-10,-1.1935999698471278
SaveOnEvent_ch1_20260927233445302.wfm,23:34:45.302000,4.657975,-0.0009599999757483602,-1.4079999999999872e-08,9.071999999999995e-08,-2.1659519586944965e-10,-1.35367997418507
SaveOnEvent_ch1_20260927233445454.wfm,23:34:45.454000,4.658735,-0.00015999999595806003,-1.5152e-06,2.8799999999998776e-09,1.497023962181993e-10,0.935679976362735
SaveOnEvent_ch1_20260927233445502.wfm,23:34:45.502000,4.658975,-0.0012000000569969416,-8.479999999999875e-09,8.192000000000014e-08,-4.3466879174811765e-10,-2.716719948424725
SaveOnEvent_ch1_20260927233445654.wfm,23:34:45.654000,4.659735,-0.00023999999393709004,-1.3087999999999996e-07,3.88208e-06,-3.3777919146697965e-10,-2.111199946666602
SaveOnEvent_ch1_20260927233445702.wfm,23:34:45.702000,4.659975,-0.0009599999757483602,-1.2159999999999812e-08,7.391999999999996e-08,-2.1440000459551788e-11,-0.13400000287219882
SaveOnEvent_ch1_20260927233445854.wfm,23:34:45.854000,4.660735,-0.00023999999393709004,-1.52016e-06,3.85168e-06,-4.0799998969305286e-10,-2.5500799355795607
SaveOnEvent_ch1_20260927233445903.wfm,23:34:45.903000,4.66098,-0.0010400000028312206,-1.663999999999981e-08,7.839999999999996e-08,-3.6087039232719686e-10,-2.2555199520429596
SaveOnEvent_ch1_20260927233446055.wfm,23:34:46.055000,4.66174,-0.00015999999595806003,-1.41248e-06,3.3883199999999995e-06,-1.5731839602580275e-10,-0.9832799751602579
SaveOnEvent_ch1_20260927233446102.wfm,23:34:46.102000,4.661975,-0.0009599999757483602,-1.391999999999969e-08,9.999999999999989e-08,-4.1865599095122886e-10,-2.616719943442149
SaveOnEvent_ch1_20260927233446254.wfm,23:34:46.254000,4.662735,-0.00031999999191612005,-1.5744e-06,3.913599999999999e-06,-7.48684781086631e-10,-4.6794398817874026
SaveOnEvent_ch1_20260927233446302.wfm,23:34:46.302000,4.662975,-0.001120000029914081,-7.999999999999754e-09,8.31999999999999e-08,-2.7845119471661733e-10,-1.7403199669788592
SaveOnEvent_ch1_20260927233446454.wfm,23:34:46.454000,4.663735,-7.999999797903001e-05,-1.3976e-06,2.87024e-06,2.5963519344106325e-10,1.6227999590046238
SaveOnEvent_ch1_20260927233446502.wfm,23:34:46.502000,4.663975,-0.0012000000569969416,-1.3279999999999812e-08,8.112000000000008e-08,-2.3127679596887902e-10,-1.4455199748044834
SaveOnEvent_ch1_20260927233446654.wfm,23:34:46.654000,4.664735,-0.00023999999393709004,-1.13472e-06,2.53968e-06,-4.6451198826543915e-11,-0.2902399926679209
SaveOnEvent_ch1_20260927233446702.wfm,23:34:46.702000,4.664975,-0.0009599999757483602,-7.039999999999936e-09,7.360000000000002e-08,2.1331198473926585e-11,0.13335999046103097
SaveOnEvent_ch1_20260927233446854.wfm,23:34:46.854000,4.665735,-0.00015999999595806003,-1.88576e-06,4.856000000000001e-07,3.792639904189854e-11,0.2369599940138869
SaveOnEvent_ch1_20260927233446902.wfm,23:34:46.902000,4.6659749999999995,-0.001120000029914081,-8.640000000000056e-09,8.480000000000002e-08,-3.4361599289346493e-10,-2.1476799555821344
SaveOnEvent_ch1_20260927233447054.wfm,23:34:47.054000,4.666735,-0.00015999999595806003,-1.94112e-06,3.9153599999999996e-06,3.6607999075203945e-11,0.22879999422002584
SaveOnEvent_ch1_20260927233447102.wfm,23:34:47.102000,4.666975,-0.0010400000028312206,-7.359999999999875e-09,7.08799999999999e-08,-1.4060799732338636e-10,-0.8788799832691438
SaveOnEvent_ch1_20260927233447254.wfm,23:34:47.254000,4.667735,-0.00031999999191612005,2.2976000000000007e-07,2.8559999999999994e-06,-4.759167879773303e-10,-2.974559924856294
SaveOnEvent_ch1_20260927233447302.wfm,23:34:47.302000,4.667975,-0.001120000029914081,-9.59999999999818e-10,7.520000000000014e-08,-2.1931519588921215e-10,-1.3707999743055552
SaveOnEvent_ch1_20260927233447454.wfm,23:34:47.454000,4.668735,-0.00015999999595806003,-1.6964799999999998e-06,2.17008e-06,2.981759924674399e-11,0.1863199952931609
SaveOnEvent_ch1_20260927233447502.wfm,23:34:47.502000,4.668975,-0.0010400000028312206,-4.959999999999695e-09,7.743999999999972e-08,-8.064639902906495e-11,-0.5040799939306453
SaveOnEvent_ch1_20260927233447654.wfm,23:34:47.654000,4.669735,0.0,-1.68272e-06,,5.642431857460178e-10,3.52663991090958
SaveOnEvent_ch1_20260927233447701.wfm,23:34:47.701000,4.66997,-0.0009599999757483602,-7.520000000000057e-09,6.159999999999997e-08,-1.6344319703523087e-10,-1.0215999814681709
SaveOnEvent_ch1_20260927233447854.wfm,23:34:47.854000,4.670735,-7.999999797903001e-05,-1.93664e-06,2.83792e-06,3.540351910563185e-10,2.21279994409997
SaveOnEvent_ch1_20260927233447902.wfm,23:34:47.902000,4.670975,-0.0009599999757483602,-7.039999999999936e-09,6.831999999999997e-08,2.4353919278131796e-10,1.522239954880206
SaveOnEvent_ch1_20260927233448054.wfm,23:34:48.054000,4.671735,-0.00015999999595806003,1.5351999999999997e-06,2.809600000000001e-07,5.973759849090141e-11,0.37335999056813307
SaveOnEvent_ch1_20260927233448102.wfm,23:34:48.102000,4.671975,-0.001120000029914081,-8.799999999999814e-09,6.288000000000015e-08,-1.5644799799891185e-10,-0.9778399874921888
SaveOnEvent_ch1_20260927233448254.wfm,23:34:48.254000,4.672735,-0.00015999999595806003,-1.7776e-06,3.4827199999999994e-06,1.236735968757421e-10,0.773039980471367
SaveOnEvent_ch1_20260927233448302.wfm,23:34:48.302000,4.672975,-0.0010400000028312206,-6.8799999999997546e-09,7.791999999999984e-08,-2.306687952717766e-10,-1.4415999704506248
SaveOnEvent_ch1_20260927233448454.wfm,23:34:48.454000,4.673735,-0.00015999999595806003,9.8336e-07,7.184000000000015e-08,1.8248319539008653e-10,1.140559971187031
SaveOnEvent_ch1_20260927233448503.wfm,23:34:48.503000,4.67398,-0.0010400000028312206,-1.9200000000000595e-09,9.071999999999995e-08,-3.799551919056103e-10,-2.374879949406022
SaveOnEvent_ch1_20260927233448655.wfm,23:34:48.655000,4.67474,-0.00015999999595806003,8.785600000000001e-07,7.067199999999996e-07,1.9820799499284445e-11,0.12383999687153846
SaveOnEvent_ch1_20260927233448702.wfm,23:34:48.702000,4.674975,-0.001120000029914081,-1.7599999999998781e-09,6.368000000000021e-08,-1.9270400989335058e-11,-0.12040000618435442
SaveOnEvent_ch1_20260927233448854.wfm,23:34:48.854000,4.6757349999999995,-0.00015999999595806003,-5.84e-07,1.83328e-06,-1.7363199561368647e-11,-0.1084799972595647
SaveOnEvent_ch1_20260927233448902.wfm,23:34:48.902000,4.675975,-0.001120000029914081,-1.0399999999999934e-08,7.328000000000008e-08,-2.892991940514184e-10,-1.8081599628203548
SaveOnEvent_ch1_20260927233449054.wfm,23:34:49.054000,4.676735,-0.00031999999191612005,-1.4598399999999998e-06,3.6230399999999997e-06,-6.76223982917145e-10,-4.226559893228114
SaveOnEvent_ch1_20260927233449102.wfm,23:34:49.102000,4.6769750000000005,-0.0009599999757483602,-8.159999999999935e-09,7.855999999999972e-08,5.5455997108947375e-11,0.3466399819299113
SaveOnEvent_ch1_20260927233449254.wfm,23:34:49.254000,4.677735,-0.00015999999595806003,-4.395199999999999e-07,1.3761599999999998e-06,-3.132159920874978e-11,-0.19575999505468644
SaveOnEvent_ch1_20260927233449302.wfm,23:34:49.302000,4.677975,-0.0009599999757483602,-5.9199999999999365e-09,8.432000000000032e-08,-2.76345594294835e-10,-1.7271999643417075
SaveOnEvent_ch1_20260927233449454.wfm,23:34:49.454000,4.678735,-0.00015999999595806003,9.408e-07,8.129599999999998e-07,2.6169599338900485e-11,0.16351999586913735
SaveOnEvent_ch1_20260927233449502.wfm,23:34:49.502000,4.678975,-0.0009599999757483602,-4.319999999999816e-09,8.928000000000002e-08,-5.006335887871684e-10,-3.1290399299177807
SaveOnEvent_ch1_20260927233449654.wfm,23:34:49.654000,4.679735,-0.00023999999393709004,1.41408e-06,3.8023999999999994e-06,-2.1423999458784243e-10,-1.3390399661730044
SaveOnEvent_ch1_20260927233449702.wfm,23:34:49.702000,4.679975,-0.001120000029914081,-3.199999999999817e-09,7.967999999999972e-08,-4.5897599035641163e-10,-2.868719939724542
SaveOnEvent_ch1_20260927233449854.wfm,23:34:49.854000,4.680735,-0.00015999999595806003,6.488e-07,1.2159999999999812e-08,8.611199782462783e-11,0.5382399864029139
SaveOnEvent_ch1_20260927233449902.wfm,23:34:49.902000,4.680975,-0.0009599999757483602,-1.0880000000000055e-08,9.327999999999989e-08,-3.055039938283152e-10,-1.90943996142596
SaveOnEvent_ch1_20260927233450054.wfm,23:34:50.054000,4.681735,-0.00015999999595806003,4.822400000000001e-07,1.4115199999999997e-06,-5.76895985426381e-11,-0.36047999089350924
SaveOnEvent_ch1_20260927233450102.wfm,23:34:50.102000,4.681975,-0.0010400000028312206,-1.791999999999999e-08,8.976000000000014e-08,-2.5720319481566525e-10,-1.6075199675979093
SaveOnEvent_ch1_20260927233450254.wfm,23:34:50.254000,4.682735,-0.00023999999393709004,-7.401600000000001e-07,3.8974399999999996e-06,-1.6112639592960474e-10,-1.0071199745580088
SaveOnEvent_ch1_20260927233450302.wfm,23:34:50.302000,4.682975,-0.001120000029914081,-1.0880000000000055e-08,8.959999999999996e-08,-5.255871884874069e-10,-3.285039928043261
SaveOnEvent_ch1_20260927233450456.wfm,23:34:50.456000,4.683745,-0.00031999999191612005,1.3750399999999998e-06,2.9881599999999998e-06,-5.072959871846253e-10,-3.1707199199008755
SaveOnEvent_ch1_20260927233450502.wfm,23:34:50.502000,4.683975,-0.001120000029914081,-6.8799999999997546e-09,8.352000000000026e-08,-1.0565119896084059e-10,-0.6603999935032334
SaveOnEvent_ch1_20260927233450654.wfm,23:34:50.654000,4.684735,-0.00015999999595806003,-1.21008e-06,3.19968e-06,-1.258495968207717e-10,-0.7865599801298231
SaveOnEvent_ch1_20260927233450702.wfm,23:34:50.702000,4.684975,-0.0010400000028312206,-3.5199999999997562e-09,7.48800000000002e-08,-8.473599904216836e-11,-0.5295999940135516
SaveOnEvent_ch1_20260927233450854.wfm,23:34:50.854000,4.685735,-0.00023999999393709004,1.4964799999999999e-06,2.8686399999999998e-06,-5.175679869251314e-11,-0.3235999918251764
SaveOnEvent_ch1_20260927233450902.wfm,23:34:50.902000,4.685975,-0.001120000029914081,1.97824e-06,2.0588799999999998e-06,-5.626559939468281e-10,-3.5171199621690903
SaveOnEvent_ch1_20260927233451054.wfm,23:34:51.054000,4.6867350000000005,-0.00015999999595806003,1.3511999999999999e-06,1.2800000000001809e-09,1.4203519641188895e-10,0.887759977573296
SaveOnEvent_ch1_20260927233451104.wfm,23:34:51.104000,4.686985,-0.0008800000068731606,-1.1679999999999692e-08,9.247999999999983e-08,-2.5245439475402236e-10,-1.5778399672126397
SaveOnEvent_ch1_20260927233451254.wfm,23:34:51.254000,4.687735,-0.00015999999595806003,1.9648000000000002e-07,2.6047999999999975e-07,1.4143999642692557e-11,0.08839999776682816
SaveOnEvent_ch1_20260927233451302.wfm,23:34:51.302000,4.687975,-0.001120000029914081,-1.3120000000000054e-08,8.256000000000002e-08,-5.063103889324698e-10,-3.1645599308249075
SaveOnEvent_ch1_20260927233451454.wfm,23:34:51.454000,4.688735,-0.00015999999595806003,-1.94064e-06,2.6575999999999998e-06,-8.010879797628171e-11,-0.5007199873507489
SaveOnEvent_ch1_20260927233451502.wfm,23:34:51.502000,4.688975,-0.0012000000569969416,-1.0079999999999995e-08,9.407999999999995e-08,-3.8319999276427547e-10,-2.3949599547777325
SaveOnEvent_ch1_20260927233451654.wfm,23:34:51.654000,4.689735,-0.00015999999595806003,-5.011200000000001e-07,1.6000000000001202e-09,1.1015039721736695e-10,0.6884799826075323
SaveOnEvent_ch1_20260927233451702.wfm,23:34:51.702000,4.6899750000000004,-0.0009599999757483602,-6.719999999999997e-09,8.72000000000002e-08,-9.9763198690489e-11,-0.6234399918175768
SaveOnEvent_ch1_20260927233451854.wfm,23:34:51.854000,4.690735,-0.00015999999595806003,1.07984e-06,8.625599999999998e-07,6.289279841119395e-11,0.39303999007097445
SaveOnEvent_ch1_20260927233451901.wfm,23:34:51.901000,4.69097,-0.001120000029914081,-7.999999999999754e-09,7.26400000000002e-08,-8.1651199348271e-11,-0.510239995928714
SaveOnEvent_ch1_20260927233452054.wfm,23:34:52.054000,4.691735,-0.00015999999595806003,-1.30368e-06,2.02736e-06,-2.783999929670235e-11,-0.17399999560439028
SaveOnEvent_ch1_20260927233452102.wfm,23:34:52.102000,4.691975,-0.0010400000028312206,-8.799999999999814e-09,8.016000000000026e-08,-2.6304014842026022e-12,-0.016400009277276695
SaveOnEvent_ch1_20260927233452254.wfm,23:34:52.254000,4.692735,-7.999999797903001e-05,-1.3918399999999998e-06,3.3094399999999994e-06,2.0143359491135915e-10,1.2590399681939743
SaveOnEvent_ch1_20260927233452302.wfm,23:34:52.302000,4.692975,-0.001120000029914081,-7.679999999999815e-09,5.808000000000021e-08,1.0837119563249852e-10,0.6773599727021065
SaveOnEvent_ch1_20260927233452454.wfm,23:34:52.454000,4.693735,-0.00015999999595806003,-3.904000000000022e-08,4.08000000000001e-08,1.1077759720152249e-10,0.6923999825085048
SaveOnEvent_ch1_20260927233452502.wfm,23:34:52.502000,4.693975,-0.0008800000068731606,-1.391999999999969e-08,7.328000000000008e-08,1.573503950284793e-10,0.9833599689300172
SaveOnEvent_ch1_20260927233452654.wfm,23:34:52.654000,4.694735,-0.00015999999595806003,-1.8918399999999999e-06,3.1764799999999994e-06,-8.680319780716683e-11,-0.5424799862958025
SaveOnEvent_ch1_20260927233452702.wfm,23:34:52.702000,4.694975,-0.0008800000068731606,-5.439999999999816e-09,8.831999999999977e-08,6.846719765570031e-11,0.42799998534610495
SaveOnEvent_ch1_20260927233452854.wfm,23:34:52.854000,4.695735,-0.00015999999595806003,-1.92656e-06,3.888000000000001e-06,-1.860927952989003e-10,-1.1631199706171174
SaveOnEvent_ch1_20260927233452902.wfm,23:34:52.902000,4.695975,-0.001120000029914081,-1.391999999999969e-08,7.599999999999978e-08,-1.659775976976382e-10,-1.0373599856102373
SaveOnEvent_ch1_20260927233453056.wfm,23:34:53.056000,4.696745,-0.00015999999595806003,-1.8583999999999999e-06,2.3758399999999996e-06,-8.71871977974662e-11,-0.5449599862331524
SaveOnEvent_ch1_20260927233453102.wfm,23:34:53.102000,4.696975,-0.0009599999757483602,-9.599999999999874e-09,8.880000000000032e-08,-2.0941439633956184e-10,-1.3088799771212507
SaveOnEvent_ch1_20260927233453254.wfm,23:34:53.254000,4.697735,-0.00015999999595806003,9.824000000000001e-07,5.343999999999999e-07,-4.522879885742461e-11,-0.28271999285789207
SaveOnEvent_ch1_20260927233453302.wfm,23:34:53.302000,4.697975,-0.001120000029914081,-1.1679999999999692e-08,7.08799999999999e-08,2.4191997852176452e-11,0.15119998657610267
SaveOnEvent_ch1_20260927233453454.wfm,23:34:53.454000,4.698735,-0.00023999999393709004,-8.017600000000001e-07,3.8048e-06,-1.7011199570260942e-10,-1.063279973139288
SaveOnEvent_ch1_20260927233453502.wfm,23:34:53.502000,4.698975,-0.0020800000056624413,1.9248e-06,2.0161599999999996e-06,-1.3228095952444708e-09,-8.268639970279764
SaveOnEvent_ch1_20260927233453654.wfm,23:34:53.654000,4.699735,-0.00015999999595806003,-1.7551999999999997e-07,5.4400000000000275e-09,1.8696319527691232e-10,1.1684799704817124
SaveOnEvent_ch1_20260927233453704.wfm,23:34:53.704000,4.699985,-0.00279999990016222,1.3488000000000001e-06,1.47792e-06,-4.128544003465213e-09,-25.80472002166789
SaveOnEvent_ch1_20260927233453854.wfm,23:34:53.854000,4.700735,-0.00023999999393709004,-1.93056e-06,3.956e-06,-4.701439881231636e-10,-2.9384799257677514
SaveOnEvent_ch1_20260927233453902.wfm,23:34:53.902000,4.700975,-0.0010400000028312206,-1.1839999999999873e-08,8.192000000000014e-08,-2.433663953188807e-10,-1.5211199707409833
SaveOnEvent_ch1_20260927233454054.wfm,23:34:54.054000,4.701735,-0.00015999999595806003,-1.91648e-06,3.27696e-06,-1.8209919539978735e-10,-1.13815997124766
SaveOnEvent_ch1_20260927233454102.wfm,23:34:54.102000,4.701975,-0.0010400000028312206,-1.3759999999999933e-08,6.97599999999999e-08,2.024959830101582e-11,0.12655998938134871
SaveOnEvent_ch1_20260927233454254.wfm,23:34:54.254000,4.702735,-0.00023999999393709004,6.656000000000009e-08,3.99984e-06,-2.141439945902673e-10,-1.3385599661851302
SaveOnEvent_ch1_20260927233454302.wfm,23:34:54.302000,4.702975,-0.0010400000028312206,-1.0880000000000055e-08,8.271999999999978e-08,-3.2034559284336856e-10,-2.002239955269033
SaveOnEvent_ch1_20260927233454454.wfm,23:34:54.454000,4.703735,-0.00023999999393709004,1.9211200000000003e-06,3.78368e-06,-1.1677439705003047e-10,-0.7298399815626908
SaveOnEvent_ch1_20260927233454502.wfm,23:34:54.502000,4.703975,-0.0007999999797903001,-1.3759999999999933e-08,7.808000000000002e-08,2.1934079373721027e-10,1.3709599608555436
SaveOnEvent_ch1_20260927233454654.wfm,23:34:54.654000,4.704735,-0.00015999999595806003,-6.4656e-07,1.36144e-06,6.538239834830152e-11,0.4086399896768853
SaveOnEvent_ch1_20260927233454702.wfm,23:34:54.702000,4.704975,-0.0010400000028312206,-7.039999999999936e-09,8.463999999999984e-08,-5.406399874924684e-10,-3.379119921824895
SaveOnEvent_ch1_20260927233454854.wfm,23:34:54.854000,4.705735,-0.00015999999595806003,-2e-06,2.83728e-06,1.9775999500416375e-11,0.12351999687962234
SaveOnEvent_ch1_20260927233454902.wfm,23:34:54.902000,4.7059750000000005,-0.0012000000569969416,-5.599999999999997e-09,9.120000000000008e-08,-6.771647856966592e-10,-4.232399910601089
SaveOnEvent_ch1_20260927233455053.wfm,23:34:55.053000,4.70673,-0.00015999999595806003,-1.61456e-06,1.9200000000000595e-09,8.821759777143609e-11,0.5512799860734958
SaveOnEvent_ch1_20260927233455102.wfm,23:34:55.102000,4.706975,-0.0007200000109151006,-1.519999999999987e-08,8.399999999999996e-08,3.302847902826032e-10,2.0643999392632395
SaveOnEvent_ch1_20260927233455254.wfm,23:34:55.254000,4.707735,-0.00015999999595806003,-1.97696e-06,1.291200000000001e-07,1.7027839569840575e-10,1.0643199731130153
SaveOnEvent_ch1_20260927233455302.wfm,23:34:55.302000,4.707975,-0.0009599999757483602,-6.239999999999876e-09,8.191999999999972e-08,-6.548479955177751e-11,-0.40927999719860964
SaveOnEvent_ch1_20260927233455454.wfm,23:34:55.454000,4.708735,-0.00015999999595806003,-1.3399999999999999e-06,4.7039999999999977e-08,7.48799981083723e-11,0.4679999881773256
SaveOnEvent_ch1_20260927233455502.wfm,23:34:55.502000,4.708975,-0.0009599999757483602,-8.319999999999693e-09,8.480000000000002e-08,-3.229951932094994e-10,-2.0187999575573485
SaveOnEvent_ch1_20260927233455656.wfm,23:34:55.656000,4.709745,-0.00015999999595806003,-1.7744e-06,3.4511999999999997e-06,-7.900799800409003e-11,-0.49383998752455227
SaveOnEvent_ch1_20260927233455702.wfm,23:34:55.702000,4.709975,-0.001120000029914081,-4.479999999999998e-09,7.888000000000008e-08,-1.133183981990442e-10,-0.708239988744026
SaveOnEvent_ch1_20260927233455854.wfm,23:34:55.854000,4.710735,-0.00015999999595806003,-1.89696e-06,3.8968e-06,-2.1884799447143442e-10,-1.3679199654434342
SaveOnEvent_ch1_20260927233455902.wfm,23:34:55.902000,4.710975,-0.001120000029914081,-9.919999999999814e-09,8.560000000000008e-08,-4.109567919373512e-10,-2.568559949606424
SaveOnEvent_ch1_20260927233456054.wfm,23:34:56.054000,4.711735,-0.00015999999595806003,-1.34416e-06,9.247999999999983e-08,1.4870399624342095e-10,0.9294399765203707
SaveOnEvent_ch1_20260927233456102.wfm,23:34:56.102000,4.711975,-0.0009599999757483602,-1.2159999999999812e-08,6.447999999999985e-08,3.4741119023645306e-10,2.1713599389768206
SaveOnEvent_ch1_20260927233456254.wfm,23:34:56.254000,4.712735,-0.00015999999595806003,8.784000000000008e-08,6.239999999999876e-09,1.6076799593865873e-10,1.004799974616617
SaveOnEvent_ch1_20260927233456303.wfm,23:34:56.303000,4.71298,-0.0009599999757483602,-1.1359999999999752e-08,7.279999999999996e-08,-2.028671960160135e-10,-1.2679999750980642
SaveOnEvent_ch1_20260927233456455.wfm,23:34:56.455000,4.71374,-7.999999797903001e-05,-1.55424e-06,3.52368e-06,2.1820799448760232e-10,1.3638399655465037
SaveOnEvent_ch1_20260927233456502.wfm,23:34:56.502000,4.713975,-0.0012799999676644802,-5.1199999999998764e-09,8.975999999999971e-08,-6.564223861228678e-10,-4.10279991326388
SaveOnEvent_ch1_20260927233456654.wfm,23:34:56.654000,4.714735,-0.00015999999595806003,-1.9113599999999998e-06,3.911199999999999e-06,1.7996799545362607e-11,0.11239999716053717
SaveOnEvent_ch1_20260927233456702.wfm,23:34:56.702000,4.714975,-0.0008800000068731606,-1.4079999999999872e-08,8.224000000000008e-08,1.3311986811459373e-12,0.008319991757161915
SaveOnEvent_ch1_20260927233456854.wfm,23:34:56.854000,4.7157350000000005,-0.00015999999595806003,1.67472e-06,1.3120000000000054e-08,1.3260799665004017e-10,0.82887997906073
SaveOnEvent_ch1_20260927233456902.wfm,23:34:56.902000,4.715975,-0.0010400000028312206,-1.2479999999999752e-08,8.09599999999999e-08,-3.4585600188002075e-11,-0.21616000117501244
SaveOnEvent_ch1_20260927233457054.wfm,23:34:57.054000,4.716735,-0.00015999999595806003,-1.98512e-06,3.896e-06,-7.348479814361795e-11,-0.45935998839559034
SaveOnEvent_ch1_20260927233457102.wfm,23:34:57.102000,4.716975,-0.0010400000028312206,-1.1039999999999813e-08,8.432000000000032e-08,-1.1129601055290604e-11,-0.06944000659859739
SaveOnEvent_ch1_20260927233457254.wfm,23:34:57.254000,4.717735,-0.00015999999595806003,-5.455999999999999e-07,1.4753599999999996e-06,-9.969279748154798e-11,-0.6230399842606857
SaveOnEvent_ch1_20260927233457302.wfm,23:34:57.302000,4.717975,-0.0009599999757483602,-5.439999999999816e-09,9.200000000000014e-08,-4.374655897682531e-10,-2.734239936049562
SaveOnEvent_ch1_20260927233457454.wfm,23:34:57.454000,4.718735000000001,-7.999999797903001e-05,-1.06784e-06,3.0547199999999994e-06,2.497791936900467e-10,1.5611999605607707
SaveOnEvent_ch1_20260927233457502.wfm,23:34:57.502000,4.718975,-0.0010400000028312206,-1.471999999999975e-08,8.623999999999996e-08,-2.6420479512307795e-10,-1.651359969517216
SaveOnEvent_ch1_20260927233457654.wfm,23:34:57.654000,4.719735,-7.999999797903001e-05,-1.97824e-06,3.7425599999999997e-06,1.46559996297583e-10,0.9160799768578727
SaveOnEvent_ch1_20260927233457702.wfm,23:34:57.702000,4.719975,-0.009279999881982803,2.2112e-07,4.7584e-07,-6.320089584386441e-09,-39.50111990241567
SaveOnEvent_ch1_20260927233457854.wfm,23:34:57.854000,4.720735,-7.999999797903001e-05,-1.01968e-06,3.0195199999999998e-06,1.5978879596339535e-10,0.9986399747722317
SaveOnEvent_ch1_20260927233457902.wfm,23:34:57.902000,4.720975,-0.010320000350475311,1.9360000000000015e-07,4.574400000000003e-07,-6.31685120832175e-09,-39.480720052000834
SaveOnEvent_ch1_20260927233458054.wfm,23:34:58.054000,4.721735,-7.999999797903001e-05,-1.43024e-06,2.1361599999999997e-06,2.5015039368066917e-10,1.5635199605021626
SaveOnEvent_ch1_20260927233458102.wfm,23:34:58.102000,4.7219750000000005,-0.001120000029914081,-1.4399999999999388e-09,7.679999999999984e-08,-4.695040077902381e-11,-0.2933600048709195
SaveOnEvent_ch1_20260927233458255.wfm,23:34:58.255000,4.72274,-0.00015999999595806003,-1.74848e-06,2.8740799999999996e-06,3.9615998999215725e-12,0.024799999373499304
SaveOnEvent_ch1_20260927233458302.wfm,23:34:58.302000,4.722975,-0.0012000000569969416,-1.4079999999999872e-08,8.383999999999978e-08,-2.2503679667599492e-10,-1.4064799792249687
SaveOnEvent_ch1_20260927233458454.wfm,23:34:58.454000,4.7237350000000005,-0.00015999999595806003,-7.334400000000001e-07,5.022400000000001e-07,5.215999868232751e-11,0.3259999917645473
SaveOnEvent_ch1_20260927233458502.wfm,23:34:58.502000,4.723975,-0.0010400000028312206,2.880000000000301e-09,7.727999999999996e-08,-4.959360005101179e-11,-0.3099200003198348
SaveOnEvent_ch1_20260927233458654.wfm,23:34:58.654000,4.724735,-0.00015999999595806003,-1.8872e-06,3.5329599999999996e-06,-3.10399992158637e-11,-0.19399999509914778
SaveOnEvent_ch1_20260927233458702.wfm,23:34:58.702000,4.724975,-0.0010400000028312206,-8.319999999999693e-09,8.639999999999971e-08,-4.442431898810899e-10,-2.7766399367537815
SaveOnEvent_ch1_20260927233458854.wfm,23:34:58.854000,4.725735,-0.00015999999595806003,-1.90128e-06,3.7943999999999996e-06,5.944959849817684e-11,0.3715199906146154
SaveOnEvent_ch1_20260927233458904.wfm,23:34:58.904000,4.725985,-0.00279999990016222,1.9891200000000003e-06,2.6319999999999987e-07,-8.603199991071594e-10,-5.378479994367808
SaveOnEvent_ch1_20260927233459054.wfm,23:34:59.054000,4.726735,-0.00023999999393709004,2.910400000000001e-07,3.901759999999999e-06,-3.3793919146293776e-10,-2.1121599466423504
SaveOnEvent_ch1_20260927233459102.wfm,23:34:59.102000,4.726975,-0.0010400000028312206,-7.359999999999875e-09,7.520000000000014e-08,1.3793279562145482e-10,0.862159972632071
SaveOnEvent_ch1_20260927233459254.wfm,23:34:59.254000,4.727735,0.0,-1.96912e-06,,4.2200958933914096e-10,2.6376799333665986
SaveOnEvent_ch1_20260927233459302.wfm,23:34:59.302000,4.727975,-0.007519999984651804,4.0672e-07,6.764800000000001e-07,-5.842611207577865e-09,-36.51664004736813
SaveOnEvent_ch1_20260927233459454.wfm,23:34:59.454000,4.728735,-0.00015999999595806003,3.646400000000001e-07,1.1627199999999996e-06,1.6167039591586236e-10,1.010479974473128
SaveOnEvent_ch1_20260927233459502.wfm,23:34:59.502000,4.728975,-0.0015200000489130616,1.8425600000000001e-06,2.0228799999999996e-06,-1.3003008104953915e-09,-8.127600065607112
SaveOnEvent_ch1_20260927233459654.wfm,23:34:59.654000,4.729735,-7.999999797903001e-05,-1.74048e-06,3.656e-06,1.902911951928398e-10,1.1893599699542392
SaveOnEvent_ch1_20260927233459702.wfm,23:34:59.702000,4.729975,-0.001120000029914081,-1.0239999999999753e-08,7.75999999999999e-08,-1.2404479868710058e-10,-0.7752799917943776
SaveOnEvent_ch1_20260927233459854.wfm,23:34:59.854000,4.730735,-0.00015999999595806003,-1.9007999999999999e-06,2.0263999999999998e-06,-9.810559752164435e-11,-0.613119984511286
SaveOnEvent_ch1_20260927233459902.wfm,23:34:59.902000,4.730975,-0.0007200000109151006,1.9078400000000004e-06,2.05904e-06,-3.4142719637835385e-10,-2.1342399773711804
SaveOnEvent_ch1_20260927233500054.wfm,23:35:00.054000,4.7317350000000005,-0.00031999999191612005,4.52800000000001e-08,2.7224000000000004e-06,-5.255423867236824e-10,-3.2847199170209933
SaveOnEvent_ch1_20260927233500101.wfm,23:35:00.101000,4.7319700000000005,-0.001120000029914081,-8.640000000000056e-09,7.360000000000002e-08,-1.4223999814363185e-10,-0.8891199883946683
SaveOnEvent_ch1_20260927233500254.wfm,23:35:00.254000,4.732735,-7.999999797903001e-05,-1.3940799999999998e-06,2.7907199999999995e-06,3.4055039139697344e-10,2.1285599462280516
SaveOnEvent_ch1_20260927233500302.wfm,23:35:00.302000,4.732975,-0.00839999970048666,3.1855999999999996e-07,5.2144e-07,-5.448140804795549e-09,-34.05120002996409
SaveOnEvent_ch1_20260927233500454.wfm,23:35:00.454000,4.733735,-0.00015999999595806003,-2.4768000000000006e-07,4.296000000000001e-07,-3.3068799164612063e-11,-0.20663999477983452
SaveOnEvent_ch1_20260927233500502.wfm,23:35:00.502000,4.733975,-0.0033599999733269215,1.41216e-06,1.1931199999999998e-06,-3.868889599894174e-09,-24.18175999939558
SaveOnEvent_ch1_20260927233500654.wfm,23:35:00.654000,4.734735,-7.999999797903001e-05,-1.5696e-06,3.50784e-06,1.2723199678584947e-10,0.7952799799095374
SaveOnEvent_ch1_20260927233500702.wfm,23:35:00.702000,4.734975,-0.0010400000028312206,-5.439999999999816e-09,8.752000000000014e-08,-1.9627519636880614e-10,-1.226719977305038
SaveOnEvent_ch1_20260927233500854.wfm,23:35:00.854000,4.735735,-0.00015999999595806003,-1.90976e-06,9.984e-07,4.2713598920963575e-11,0.26695999325602315
SaveOnEvent_ch1_20260927233500902.wfm,23:35:00.902000,4.735975,-0.0008800000068731606,-1.5679999999999992e-08,9.840000000000019e-08,-2.5297919486649333e-10,-1.5811999679135624
SaveOnEvent_ch1_20260927233501054.wfm,23:35:01.054000,4.736735,-7.999999797903001e-05,-1.95152e-06,3.89632e-06,3.0997759216930723e-10,1.9374399510561489
SaveOnEvent_ch1_20260927233501102.wfm,23:35:01.102000,4.736975,-0.0010400000028312206,-1.1199999999999994e-09,8.144000000000002e-08,1.73119986220263e-11,0.10823999138665386
SaveOnEvent_ch1_20260927233501254.wfm,23:35:01.254000,4.737735,0.0,-1.43168e-06,,3.962431899900549e-10,2.476639937434811
SaveOnEvent_ch1_20260927233501302.wfm,23:35:01.302000,4.7379750000000005,-0.0008800000068731606,-1.0559999999999692e-08,7.98399999999999e-08,2.1888639311538997e-10,1.3680799569701776
SaveOnEvent_ch1_20260927233501454.wfm,23:35:01.454000,4.738735,-7.999999797903001e-05,-1.56288e-06,3.5169599999999993e-06,9.495679760118943e-11,0.5935199850064237
SaveOnEvent_ch1_20260927233501505.wfm,23:35:01.505000,4.73899,-0.0008800000068731606,-3.3599999999999983e-09,9.200000000000014e-08,7.807989092542724e-13,0.004879993182839826
SaveOnEvent_ch1_20260927233501654.wfm,23:35:01.654000,4.739735,-0.00023999999393709004,1.08384e-06,2.58912e-06,-1.4926079622935514e-10,-0.932879976433469
SaveOnEvent_ch1_20260927233501702.wfm,23:35:01.702000,4.739975,-0.0009599999757483602,-1.4399999999999811e-08,8.400000000000038e-08,-1.2409600827377211e-11,-0.07752000517211854
SaveOnEvent_ch1_20260927233501854.wfm,23:35:01.854000,4.740735,-7.999999797903001e-05,-1.944e-06,2.27152e-06,1.7949439546558983e-10,1.1218399716599379
SaveOnEvent_ch1_20260927233501902.wfm,23:35:01.902000,4.740975,-0.001120000029914081,-1.711999999999993e-08,7.344000000000027e-08,-2.9793279418256126e-10,-1.8620799636410084
SaveOnEvent_ch1_20260927233502054.wfm,23:35:02.054000,4.741735,-0.00015999999595806003,-1.12592e-06,1.5200000000000083e-08,1.7384319560835125e-10,1.0865599725511856
SaveOnEvent_ch1_20260927233502102.wfm,23:35:02.102000,4.741975,-0.0010400000028312206,-1.9200000000000595e-09,8.847999999999996e-08,-1.773631972051227e-10,-1.1085599825310055
SaveOnEvent_ch1_20260927233502254.wfm,23:35:02.254000,4.742735,-0.00015999999595806003,1.0881599999999998e-06,1.1199999999999994e-09,2.0068479493027553e-10,1.2543999683111906
SaveOnEvent_ch1_20260927233502302.wfm,23:35:02.302000,4.742975,-0.00687999976798892,2.4448000000000024e-07,6.225600000000004e-07,-5.449939200971276e-09,-34.06248000607593
SaveOnEvent_ch1_20260927233502454.wfm,23:35:02.454000,4.743735,-0.00015999999595806003,-5.4848e-07,1.51952e-06,-8.304639790207137e-11,-0.5190399868879467
SaveOnEvent_ch1_20260927233502502.wfm,23:35:02.502000,4.743975,-0.0027199999894946814,1.99424e-06,4.731199999999999e-07,-1.0197376171476205e-09,-6.374640107213054
SaveOnEvent_ch1_20260927233502655.wfm,23:35:02.655000,4.74474,-7.999999797903001e-05,-1.9684799999999997e-06,8.164799999999998e-07,3.3150079162558557e-10,2.0719199476588983
SaveOnEvent_ch1_20260927233502702.wfm,23:35:02.702000,4.744975,-0.0009599999757483602,-1.0079999999999995e-08,8.464000000000026e-08,-3.8667519150767453e-10,-2.4167999469209462
SaveOnEvent_ch1_20260927233502854.wfm,23:35:02.854000,4.745735,-0.00015999999595806003,-1.95808e-06,3.1999999999993934e-10,1.0030079746618834e-10,0.6268799841636792
SaveOnEvent_ch1_20260927233502902.wfm,23:35:02.902000,4.745975,-0.0010400000028312206,-8.640000000000056e-09,7.87199999999999e-08,1.409151952248066e-10,0.8807999701530207
SaveOnEvent_ch1_20260927233503054.wfm,23:35:03.054000,4.746735,-0.00015999999595806003,1.17616e-06,4.319999999999816e-09,1.466239962959661e-10,0.9164799768477678
SaveOnEvent_ch1_20260927233503102.wfm,23:35:03.102000,4.746975,-0.0012000000569969416,-2.719999999999696e-09,8.080000000000014e-08,-2.941759942821227e-10,-1.8386399642622564
SaveOnEvent_ch1_20260927233503254.wfm,23:35:03.254000,4.7477350000000005,-7.999999797903001e-05,-8.3568e-07,2.8208e-06,1.6894719573203454e-10,1.0559199733252171
SaveOnEvent_ch1_20260927233503302.wfm,23:35:03.302000,4.747975,-0.0006399999838322401,-3.151999999999974e-08,7.839999999999996e-08,7.923839695518849e-11,0.4952799809689168
SaveOnEvent_ch1_20260927233503454.wfm,23:35:03.454000,4.748735,-0.00015999999595806003,8.999999999999999e-07,1.0971200000000002e-06,7.091839820845041e-11,0.4431999888038263
SaveOnEvent_ch1_20260927233503502.wfm,23:35:03.502000,4.748975,-0.0008800000068731606,-6.8799999999997546e-09,8.463999999999984e-08,-5.201279965462152e-11,-0.3251199978403747
SaveOnEvent_ch1_20260927233503654.wfm,23:35:03.654000,4.749735,-7.999999797903001e-05,-1.76512e-06,2.09184e-06,2.488575937133282e-10,1.5554399607062805
SaveOnEvent_ch1_20260927233503702.wfm,23:35:03.702000,4.749975,-0.0010400000028312206,-1.0399999999999934e-08,9.120000000000008e-08,-3.499647922953588e-10,-2.1873599518439732
SaveOnEvent_ch1_20260927233503854.wfm,23:35:03.854000,4.750735,-7.999999797903001e-05,-1.64016e-06,3.47664e-06,1.8695039527723551e-10,1.1684799704817124
SaveOnEvent_ch1_20260927233503902.wfm,23:35:03.902000,4.750975,-0.0010400000028312206,-1.743999999999987e-08,9.055999999999977e-08,-4.2869119064649575e-10,-2.6793599415395875
SaveOnEvent_ch1_20260927233504054.wfm,23:35:04.054000,4.751735,-0.00031999999191612005,1.8523200000000002e-06,8.683199999999999e-07,-2.846527928090655e-10,-1.7791199550556485
SaveOnEvent_ch1_20260927233504103.wfm,23:35:04.103000,4.75198,-0.0010400000028312206,-1.631999999999987e-08,9.071999999999995e-08,4.836479770252475e-11,0.3023999856377486
SaveOnEvent_ch1_20260927233504255.wfm,23:35:04.255000,4.75274,-0.00023999999393709004,-1.00176e-06,3.99984e-06,-3.0951679218094797e-10,-1.9346399511268828
SaveOnEvent_ch1_20260927233504302.wfm,23:35:04.302000,4.752975,-0.0009599999757483602,-1.0880000000000055e-08,7.455999999999984e-08,3.9710078913019953e-10,2.4819999320607167
SaveOnEvent_ch1_20260927233504454.wfm,23:35:04.454000,4.753735,-7.999999797903001e-05,-1.7928e-06,3.7409599999999996e-06,1.8410239534918228e-10,1.1506399709323887
SaveOnEvent_ch1_20260927233504502.wfm,23:35:04.502000,4.753975,-0.0033599999733269215,1.968e-06,6.742399999999997e-07,-2.3727424030983818e-09,-14.831280019396218
SaveOnEvent_ch1_20260927233504654.wfm,23:35:04.654000,4.754735,-0.00023999999393709004,1.798399999999998e-07,3.01696e-06,-1.169983970443717e-10,-0.7311999815283343
SaveOnEvent_ch1_20260927233504702.wfm,23:35:04.702000,4.754975,-0.001120000029914081,-1.4559999999999993e-08,9.16800000000002e-08,-4.3055359119549415e-10,-2.691039944969816
SaveOnEvent_ch1_20260927233504854.wfm,23:35:04.854000,4.755735,-7.999999797903001e-05,1.681600000000001e-07,8.665599999999996e-07,2.2672639427240952e-10,1.4171199642005377
SaveOnEvent_ch1_20260927233504902.wfm,23:35:04.902000,4.755975,-0.0012000000569969416,-1.2959999999999873e-08,8.04800000000002e-08,-1.5435519841499613e-10,-0.9646399900957476
SaveOnEvent_ch1_20260927233505054.wfm,23:35:05.054000,4.756735,-7.999999797903001e-05,-1.0832e-06,3.08304e-06,2.5025279367808254e-10,1.5640799604880158
SaveOnEvent_ch1_20260927233505102.wfm,23:35:05.102000,4.756975,-0.0009599999757483602,-1.1519999999999934e-08,7.951999999999996e-08,-7.813119939528416e-11,-0.48831999622052535
SaveOnEvent_ch1_20260927233505254.wfm,23:35:05.254000,4.757735,-7.999999797903001e-05,5.631999999999991e-08,4.8159999999999976e-08,4.023871898348443e-10,2.5149599364667665
SaveOnEvent_ch1_20260927233505302.wfm,23:35:05.302000,4.757975,-0.0010400000028312206,-1.935999999999993e-08,9.008000000000008e-08,-1.1174399844370786e-10,-0.6983199902751949
SaveOnEvent_ch1_20260927233505454.wfm,23:35:05.454000,4.758735,-7.999999797903001e-05,-4.5776000000000004e-07,2.2459199999999997e-06,3.4552959127118783e-10,2.159599945443915
SaveOnEvent_ch1_20260927233505502.wfm,23:35:05.502000,4.7589749999999995,-0.0010400000028312206,-1.1039999999999813e-08,8.49600000000002e-08,-1.4117119810543947e-10,-0.8823199881589971
SaveOnEvent_ch1_20260927233505654.wfm,23:35:05.654000,4.759735,-0.00023999999393709004,-8.564800000000001e-07,3.86576e-06,-2.450559938093648e-10,-1.5316799613065086
SaveOnEvent_ch1_20260927233505702.wfm,23:35:05.702000,4.759975,-0.0009599999757483602,-1.663999999999981e-08,7.343999999999984e-08,3.701119785895555e-11,0.2313599866174627
SaveOnEvent_ch1_20260927233505854.wfm,23:35:05.854000,4.760735,-0.00015999999595806003,3.4000000000000013e-07,1.6598399999999996e-06,-1.793919954681751e-11,-0.11215999716660008
SaveOnEvent_ch1_20260927233505902.wfm,23:35:05.902000,4.760975,-0.0008800000068731606,-1.4399999999999811e-08,8.032000000000002e-08,6.510719732614234e-11,0.4068799832894001
SaveOnEvent_ch1_20260927233506054.wfm,23:35:06.054000,4.761735,-0.00015999999595806003,-9.175999999999999e-07,2.9099199999999996e-06,-4.097919896477827e-11,-0.2561599935288541
SaveOnEvent_ch1_20260927233506102.wfm,23:35:06.102000,4.761975,-0.0008800000068731606,-1.0239999999999753e-08,8.511999999999996e-08,5.434239693218861e-11,0.3395999808271881
SaveOnEvent_ch1_20260927233506254.wfm,23:35:06.254000,4.762735,-7.999999797903001e-05,-1.70768e-06,2.71312e-06,2.3194239414064195e-10,1.4496799633780029
SaveOnEvent_ch1_20260927233506301.wfm,23:35:06.301000,4.76297,-0.0008800000068731606,-1.4399999999999811e-08,9.16800000000002e-08,-3.295615931507201e-10,-2.059759957192
SaveOnEvent_ch1_20260927233506454.wfm,23:35:06.454000,4.7637350000000005,-0.00015999999595806003,-1.3862399999999998e-06,1.2921599999999998e-06,-2.4492799381259762e-11,-0.15303999613388442
SaveOnEvent_ch1_20260927233506502.wfm,23:35:06.502000,4.763975,-0.0010400000028312206,-7.199999999999694e-09,8.063999999999996e-08,1.85791994021274e-10,1.1612799626309425
SaveOnEvent_ch1_20260927233506654.wfm,23:35:06.654000,4.764735,-0.00023999999393709004,-1.79312e-06,3.895360000000001e-06,-1.773503955197521e-10,-1.1084799719974399
SaveOnEvent_ch1_20260927233506703.wfm,23:35:06.703000,4.76498,-0.0010400000028312206,-6.8799999999997546e-09,5.3920000000000155e-08,9.00159969623201e-11,0.5626399810134899
SaveOnEvent_ch1_20260927233506855.wfm,23:35:06.855000,4.76574,-0.00015999999595806003,1.68864e-06,1.0879999999999632e-08,-3.0131199238821645e-11,-0.18839999524061568
SaveOnEvent_ch1_20260927233506902.wfm,23:35:06.902000,4.765975,-0.0008800000068731606,-2.3999999999999686e-08,8.287999999999996e-08,4.41535975574514e-11,0.27599998473306186
SaveOnEvent_ch1_20260927233507053.wfm,23:35:07.053000,4.76673,-7.999999797903001e-05,-1.71888e-06,3.5975999999999997e-06,1.9182079515419894e-10,1.1989599697117228
SaveOnEvent_ch1_20260927233507101.wfm,23:35:07.101000,4.76697,-0.0010400000028312206,-9.919999999999814e-09,8.928000000000002e-08,-1.1831679869675986e-10,-0.7395199918537401
SaveOnEvent_ch1_20260927233507253.wfm,23:35:07.253000,4.76773,-0.00015999999595806003,-1.2275199999999998e-06,3.1891199999999994e-06,-7.350399814313282e-11,-0.45943998839356937
SaveOnEvent_ch1_20260927233507302.wfm,23:35:07.302000,4.767975,-0.001120000029914081,-9.919999999999814e-09,7.263999999999978e-08,-6.695039992453521e-11,-0.41839999952935614
SaveOnEvent_ch1_20260927233507453.wfm,23:35:07.453000,4.76873,-0.00015999999595806003,-1.87904e-06,1.1040000000000025e-08,1.0033919746521858e-10,0.6271999841555953
SaveOnEvent_ch1_20260927233507502.wfm,23:35:07.502000,4.768975,-0.009999999776482582,1.883200000000001e-07,4.4896e-07,-5.842041608716827e-09,-36.51288005447714
SaveOnEvent_ch1_20260927233507653.wfm,23:35:07.653000,4.76973,-0.00015999999595806003,3.737599999999999e-07,1.21424e-06,7.0271998224778186e-12,0.04391999889048748
SaveOnEvent_ch1_20260927233507701.wfm,23:35:07.701000,4.76997,-0.0009599999757483602,-1.5360000000000053e-08,8.239999999999984e-08,-2.0721919571049525e-10,-1.2951199731905945
SaveOnEvent_ch1_20260927233507853.wfm,23:35:07.853000,4.77073,-7.999999797903001e-05,-1.9944e-06,3.98624e-06,2.788223929563538e-10,1.7426399559772108
SaveOnEvent_ch1_20260927233507901.wfm,23:35:07.901000,4.77097,-0.0009599999757483602,-1.615999999999969e-08,8.144000000000002e-08,-7.738879906944936e-11,-0.48367999418405816
SaveOnEvent_ch1_20260927233508054.wfm,23:35:08.054000,4.771735,-7.999999797903001e-05,-1.46496e-06,3.14624e-06,2.4759039374534053e-10,1.5475199609063566
SaveOnEvent_ch1_20260927233508102.wfm,23:35:08.102000,4.771975,-0.0010400000028312206,-1.1679999999999692e-08,8.624000000000038e-08,-3.4107519277604306e-10,-2.131759954849258
SaveOnEvent_ch1_20260927233508254.wfm,23:35:08.254000,4.772735,-0.00015999999595806003,-2.462400000000001e-07,1.0880000000000055e-08,1.3932799648027898e-11,0.08711999779916368
SaveOnEvent_ch1_20260927233508302.wfm,23:35:08.302000,4.772975,-0.0009599999757483602,-3.8399999999996956e-09,8.560000000000008e-08,-1.1943039850099021e-10,-0.7463999906321988
SaveOnEvent_ch1_20260927233508454.wfm,23:35:08.454000,4.773735,-0.00015999999595806003,-1.67568e-06,3.38096e-06,9.681279755430296e-11,0.605119984713383
SaveOnEvent_ch1_20260927233508502.wfm,23:35:08.502000,4.773975,-0.003280000062659383,1.57504e-06,8.945599999999996e-07,-2.855647996391635e-09,-17.849199977470562
SaveOnEvent_ch1_20260927233508655.wfm,23:35:08.655000,4.77474,-0.00015999999595806003,-1.01984e-06,1.6147199999999999e-06,-5.708159855799756e-11,-0.35671999098849483
SaveOnEvent_ch1_20260927233508702.wfm,23:35:08.702000,4.774975,-0.0009599999757483602,-7.839999999999996e-09,8.159999999999978e-08,7.034879697021094e-11,0.4397599810617976
SaveOnEvent_ch1_20260927233508854.wfm,23:35:08.854000,4.775735,-0.00015999999595806003,1.05408e-06,1.132799999999997e-07,9.808639752212908e-11,0.613039984513307
SaveOnEvent_ch1_20260927233508902.wfm,23:35:08.902000,4.775975,-0.0008800000068731606,-1.1199999999999994e-08,8.336000000000008e-08,2.3660797991324227e-11,0.14791998744476587
SaveOnEvent_ch1_20260927233509054.wfm,23:35:09.054000,4.776735,-0.00023999999393709004,1.2692799999999997e-06,3.0151999999999995e-06,-1.1173759717727091e-10,-0.698399982356932
SaveOnEvent_ch1_20260927233509102.wfm,23:35:09.102000,4.776975,-0.0010400000028312206,-1.1839999999999873e-08,5.3120000000000094e-08,-2.7840000307187516e-11,-0.1740000019199215
SaveOnEvent_ch1_20260927233509254.wfm,23:35:09.254000,4.777735,-0.00023999999393709004,-6.897599999999999e-07,3.3929599999999997e-06,-1.8238079539267346e-10,-1.1398399712052196
SaveOnEvent_ch1_20260927233509304.wfm,23:35:09.304000,4.777985,-0.0007999999797903001,-8.959999999999996e-09,9.071999999999995e-08,-2.951040038606148e-11,-0.184480002411874
SaveOnEvent_ch1_20260927233509454.wfm,23:35:09.454000,4.778735,-0.00015999999595806003,-2.9360000000000003e-07,8.640000000000056e-09,1.102975972136483e-10,0.6893599825853016
SaveOnEvent_ch1_20260927233509502.wfm,23:35:09.502000,4.778975,-0.0010400000028312206,-5.759999999999755e-09,8.480000000000002e-08,-1.287935980036856e-10,-0.8049599875230342
SaveOnEvent_ch1_20260927233509654.wfm,23:35:09.654000,4.7797350000000005,-7.999999797903001e-05,-1.42528e-06,3.208e-06,1.3666559654753661e-10,0.8542399784200825
SaveOnEvent_ch1_20260927233509702.wfm,23:35:09.702000,4.779975,-0.0010400000028312206,-5.599999999999997e-09,8.512000000000038e-08,-6.147840012796229e-11,-0.38424000079976395
SaveOnEvent_ch1_20260927233509854.wfm,23:35:09.854000,4.780735,-7.999999797903001e-05,-1.51872e-06,1.7192e-06,2.1546879455680034e-10,1.3467199659789912
SaveOnEvent_ch1_20260927233509902.wfm,23:35:09.902000,4.780975,-0.0008800000068731606,-1.1199999999999994e-08,8.688000000000026e-08,-1.1715199861442674e-10,-0.7322399913391564
SaveOnEvent_ch1_20260927233510054.wfm,23:35:10.054000,4.781735,-0.00023999999393709004,-3.2480000000000005e-07,3.960799999999999e-06,-2.485311937215738e-10,-1.5534399607568048
SaveOnEvent_ch1_20260927233510102.wfm,23:35:10.102000,4.781975,-0.0009599999757483602,-9.919999999999814e-09,8.047999999999978e-08,1.0461439614649859e-10,0.6538399759156164
SaveOnEvent_ch1_20260927233510254.wfm,23:35:10.254000,4.782735,-0.00015999999595806003,-3.646399999999999e-07,1.195199999999998e-07,2.1286399462260297e-10,1.3304799663892481
SaveOnEvent_ch1_20260927233510302.wfm,23:35:10.302000,4.782975,-0.0008800000068731606,-1.4399999999999811e-08,7.552000000000008e-08,3.9121918885037294e-10,2.4452799303107895
SaveOnEvent_ch1_20260927233510454.wfm,23:35:10.454000,4.783735,-0.00015999999595806003,-1.3750399999999998e-06,5.804799999999999e-07,8.99647977272979e-11,0.562319985794602
SaveOnEvent_ch1_20260927233510502.wfm,23:35:10.502000,4.783975,-0.0010400000028312206,-6.559999999999815e-09,8.687999999999984e-08,-1.3593599790707244e-10,-0.8496799869171809
SaveOnEvent_ch1_20260927233510654.wfm,23:35:10.654000,4.784735,-0.00023999999393709004,-1.3635199999999999e-06,3.27856e-06,-2.0858239473076536e-10,-1.303679967066273
SaveOnEvent_ch1_20260927233510702.wfm,23:35:10.702000,4.784975,-0.0010400000028312206,-8.479999999999875e-09,8.463999999999984e-08,-2.676543942024e-10,-1.6730399637599476
SaveOnEvent_ch1_20260927233510854.wfm,23:35:10.854000,4.785735,-0.00015999999595806003,-1.97584e-06,1.95888e-06,-5.986559848766772e-11,-0.37415999054792337
SaveOnEvent_ch1_20260927233510902.wfm,23:35:10.902000,4.785975,-0.0010400000028312206,-5.280000000000058e-09,8.223999999999966e-08,-3.561407924187372e-10,-2.2259999526140746
SaveOnEvent_ch1_20260927233511054.wfm,23:35:11.054000,4.786735,-7.999999797903001e-05,-1.99248e-06,3.60976e-06,1.7436159559525533e-10,1.0898399724683259
SaveOnEvent_ch1_20260927233511102.wfm,23:35:11.102000,4.786975,-0.0008800000068731606,-1.727999999999969e-08,7.31199999999999e-08,1.292799959471449e-10,0.8080799746676348
SaveOnEvent_ch1_20260927233511256.wfm,23:35:11.256000,4.787745,-0.00015999999595806003,-1.90688e-06,3.8304e-06,-7.261439816560615e-11,-0.45383998853503726
SaveOnEvent_ch1_20260927233511302.wfm,23:35:11.302000,4.787975,-0.0009599999757483602,-1.935999999999993e-08,7.216000000000008e-08,2.5612798482179647e-11,0.16007999051362276
SaveOnEvent_ch1_20260927233511454.wfm,23:35:11.454000,4.788735,-7.999999797903001e-05,-1.9152e-06,3.05776e-06,2.8845439271302883e-10,1.8029599544533994
SaveOnEvent_ch1_20260927233511502.wfm,23:35:11.502000,4.788975,-0.0028800000436604023,1.9996800000000004e-06,2.9743999999999973e-07,-1.1415680020069701e-09,-7.136240012565395
SaveOnEvent_ch1_20260927233511654.wfm,23:35:11.654000,4.789735,-0.00023999999393709004,8.507199999999999e-07,3.26288e-06,-2.3347199410200106e-10,-1.4591999631375074
SaveOnEvent_ch1_20260927233511702.wfm,23:35:11.702000,4.789975,-0.0008800000068731606,-4.8319999999999734e-08,8.080000000000014e-08,-5.926399952732026e-11,-0.37039999704575166
SaveOnEvent_ch1_20260927233511854.wfm,23:35:11.854000,4.790735,-0.00015999999595806003,-5.048e-07,2.3359999999999997e-07,8.469119786052029e-11,0.5293599866272416
SaveOnEvent_ch1_20260927233511904.wfm,23:35:11.904000,4.790985,-0.001120000029914081,-5.759999999999755e-09,6.847999999999972e-08,-8.213119961088542e-11,-0.5132799975690432
SaveOnEvent_ch1_20260927233512054.wfm,23:35:12.054000,4.791735,-7.999999797903001e-05,-1.9987199999999997e-06,3.3470399999999997e-06,2.8430719281779584e-10,1.7769599551102147
SaveOnEvent_ch1_20260927233512102.wfm,23:35:12.102000,4.791975,-0.0027199999894946814,1.9832000000000003e-06,2.417599999999997e-07,-9.979392011696467e-10,-6.238480007305043
SaveOnEvent_ch1_20260927233512254.wfm,23:35:12.254000,4.792735,-7.999999797903001e-05,-5.443199999999999e-07,2.50912e-06,2.3445119407726436e-10,1.4653599629818927
SaveOnEvent_ch1_20260927233512302.wfm,23:35:12.302000,4.792975,-0.0007999999797903001,-1.1199999999999994e-08,7.391999999999996e-08,1.0654079591156902e-10,0.6658399744483177
SaveOnEvent_ch1_20260927233512454.wfm,23:35:12.454000,4.793735,-0.00023999999393709004,1.99408e-06,3.0347199999999996e-06,-2.1907839446561384e-10,-1.3693599654070567
SaveOnEvent_ch1_20260927233512502.wfm,23:35:12.502000,4.793975,-0.0008800000068731606,-9.119999999999753e-09,8.54399999999999e-08,2.2820479277288535e-10,1.4263999548275024
SaveOnEvent_ch1_20260927233512654.wfm,23:35:12.654000,4.794735,-0.00015999999595806003,-1.7156799999999998e-06,3.05248e-06,-1.1827199701219815e-11,-0.07391999813262373
SaveOnEvent_ch1_20260927233512702.wfm,23:35:12.702000,4.794975,-0.0010400000028312206,-2.8800000000000046e-08,8.911999999999983e-08,-2.1241599638480692e-10,-1.3275999774050433
SaveOnEvent_ch1_20260927233512854.wfm,23:35:12.854000,4.795735,-7.999999797903001e-05,-2e-06,3.966719999999999e-06,1.8872319523245126e-10,1.1795199702028185
SaveOnEvent_ch1_20260927233512902.wfm,23:35:12.902000,4.795975,-0.0009599999757483602,-7.359999999999875e-09,8.256000000000002e-08,-2.6195201158989264e-11,-0.16368000724469312
SaveOnEvent_ch1_20260927233513054.wfm,23:35:13.054000,4.796735,-0.00015999999595806003,-3.2256000000000005e-07,2.2016000000000002e-06,-4.199679893907156e-11,-0.2624799933691975
SaveOnEvent_ch1_20260927233513102.wfm,23:35:13.102000,4.796975,-0.0010400000028312206,-6.8799999999997546e-09,8.464000000000026e-08,1.9152639397885655e-10,1.1971199623658322
SaveOnEvent_ch1_20260927233513254.wfm,23:35:13.254000,4.797735,-7.999999797903001e-05,-9.952e-07,2.93552e-06,2.9251839261036364e-10,1.828319953812752
SaveOnEvent_ch1_20260927233513302.wfm,23:35:13.302000,4.797975,-0.0008800000068731606,-1.0079999999999995e-08,9.040000000000002e-08,-1.1910399799700837e-10,-0.7443999874813017
SaveOnEvent_ch1_20260927233513454.wfm,23:35:13.454000,4.798735,-7.999999797903001e-05,-1.84352e-06,3.2619199999999998e-06,4.5278718856163315e-10,2.8299999285081867
SaveOnEvent_ch1_20260927233513502.wfm,23:35:13.502000,4.798975,-0.0010400000028312206,-7.359999999999875e-09,9.088000000000014e-08,-3.1724799318704745e-10,-1.9827999574190471
SaveOnEvent_ch1_20260927233513654.wfm,23:35:13.654000,4.799735,-7.999999797903001e-05,-8.9376e-07,2.4681599999999997e-06,2.56198393527884e-10,1.6013599595462438
SaveOnEvent_ch1_20260927233513702.wfm,23:35:13.702000,4.799975,-0.0009599999757483602,-7.359999999999875e-09,8.032000000000002e-08,6.007039677351727e-11,0.3754399798344821
SaveOnEvent_ch1_20260927233513854.wfm,23:35:13.854000,4.8007349999999995,-0.00015999999595806003,-1.80528e-06,1.0560000000000116e-08,6.908799825469024e-11,0.431839989090804
SaveOnEvent_ch1_20260927233513902.wfm,23:35:13.902000,4.800975,-0.001120000029914081,-2.239999999999999e-08,9.135999999999983e-08,-4.988159892987458e-10,-3.1176799331151415
SaveOnEvent_ch1_20260927233514054.wfm,23:35:14.054000,4.801735,-0.00023999999393709004,2.1936000000000013e-07,7.771200000000001e-07,-2.0902399471960845e-11,-0.13055999670177698
SaveOnEvent_ch1_20260927233514102.wfm,23:35:14.102000,4.8019750000000005,-0.0008800000068731606,-2.3679999999999746e-08,8.192000000000014e-08,-4.118400057079279e-11,-0.2574400035664439
SaveOnEvent_ch1_20260927233514254.wfm,23:35:14.254000,4.802735,-0.00015999999595806003,-1.99968e-06,3.95536e-06,-9.225599766941732e-11,-0.5766399854328483
SaveOnEvent_ch1_20260927233514302.wfm,23:35:14.302000,4.802975,-0.0012000000569969416,-1.0079999999999995e-08,7.839999999999996e-08,-1.2891519858734684e-10,-0.8057599911699072
SaveOnEvent_ch1_20260927233514454.wfm,23:35:14.454000,4.803735,-0.00015999999595806003,-1.7577599999999999e-06,2.38448e-06,-3.127039921004326e-11,-0.19543999506277032
SaveOnEvent_ch1_20260927233514504.wfm,23:35:14.504000,4.803985,-0.0008800000068731606,-1.4240000000000053e-08,8.848000000000038e-08,3.493119791615768e-11,0.21831998697598465
SaveOnEvent_ch1_20260927233514654.wfm,23:35:14.654000,4.804735,-7.999999797903001e-05,-7.153599999999999e-07,6.144e-07,3.673919907188973e-10,2.2963199419900775
SaveOnEvent_ch1_20260927233514702.wfm,23:35:14.702000,4.804975,-0.0008800000068731606,-1.1679999999999692e-08,8.800000000000026e-08,1.5022719525033595e-10,0.939039970311569
SaveOnEvent_ch1_20260927233514854.wfm,23:35:14.854000,4.805735,-0.00015999999595806003,-1.72784e-06,3.5667200000000002e-06,-4.5049598861951294e-11,-0.28159999288618565
SaveOnEvent_ch1_20260927233514902.wfm,23:35:14.902000,4.805975,-0.0010400000028312206,-4.639999999999756e-09,9.551999999999989e-08,-1.9641599627677344e-10,-1.2275999767298345
SaveOnEvent_ch1_20260927233515054.wfm,23:35:15.054000,4.806735,-0.00015999999595806003,-1.75712e-06,2.58448e-06,-1.4991999621270214e-10,-0.9370399763283785
SaveOnEvent_ch1_20260927233515102.wfm,23:35:15.102000,4.806975,-0.0010400000028312206,-1.1679999999999692e-08,8.592000000000002e-08,-1.2750719802686926e-10,-0.7969599876669236
SaveOnEvent_ch1_20260927233515254.wfm,23:35:15.254000,4.807735,-0.00015999999595806003,-1.9992e-06,3.5068799999999997e-06,-1.521279961569236e-10,-0.9508799759787507
SaveOnEvent_ch1_20260927233515302.wfm,23:35:15.302000,4.807975,-0.0008800000068731606,-7.679999999999815e-09,8.704000000000002e-08,-4.187520023202521e-11,-0.26176000144914724
SaveOnEvent_ch1_20260927233515454.wfm,23:35:15.454000,4.808735,-0.00015999999595806003,1.87008e-06,5.743999999999991e-08,2.11295994662214e-10,1.3206399666378275
SaveOnEvent_ch1_20260927233515502.wfm,23:35:15.502000,4.808975,-0.001120000029914081,-3.1999999999993934e-10,7.64799999999999e-08,-1.7199359711259618e-10,-1.0750399819517042
SaveOnEvent_ch1_20260927233515654.wfm,23:35:15.654000,4.809735,-0.00015999999595806003,-1.76608e-06,3.7659199999999995e-06,-1.3986559646669765e-10,-0.87423997791484
SaveOnEvent_ch1_20260927233515702.wfm,23:35:15.702000,4.809975,-0.0010400000028312206,-9.439999999999693e-09,8.480000000000002e-08,-2.896511941170322e-10,-1.81031996323145
SaveOnEvent_ch1_20260927233515854.wfm,23:35:15.854000,4.810735,-0.00015999999595806003,-1.9931199999999997e-06,3.968e-06,-2.5718399350298584e-10,-1.60743995939265
SaveOnEvent_ch1_20260927233515902.wfm,23:35:15.902000,4.810975,-0.001120000029914081,-7.199999999999694e-09,6.448000000000027e-08,-8.407679942669329e-11,-0.5255199964158237
SaveOnEvent_ch1_20260927233516054.wfm,23:35:16.054000,4.8117350000000005,-0.00015999999595806003,1.19296e-06,7.225599999999998e-07,3.9775998995173725e-11,0.24863999371882528
SaveOnEvent_ch1_20260927233516102.wfm,23:35:16.102000,4.811975,-0.0009599999757483602,-1.0719999999999874e-08,6.783999999999985e-08,2.126719846622998e-11,0.13287999041494913
SaveOnEvent_ch1_20260927233516254.wfm,23:35:16.254000,4.812735,-0.00023999999393709004,1.3276799999999999e-06,3.4705599999999996e-06,-1.8657279528677465e-10,-1.1661599705403205
SaveOnEvent_ch1_20260927233516302.wfm,23:35:16.302000,4.812975,-0.0010400000028312206,-9.599999999999874e-09,8.351999999999984e-08,1.2409598666709086e-11,0.07759999166592024
SaveOnEvent_ch1_20260927233516454.wfm,23:35:16.454000,4.813735,-0.00015999999595806003,-1.1168e-06,3.1127999999999997e-06,-6.067199846729649e-11,-0.37919999042060226
SaveOnEvent_ch1_20260927233516502.wfm,23:35:16.502000,4.813975,-0.0010400000028312206,-1.3439999999999993e-08,7.952000000000038e-08,-5.126400028821076e-11,-0.32040000180131756
SaveOnEvent_ch1_20260927233516654.wfm,23:35:16.654000,4.814735,-0.00023999999393709004,-1.15392e-06,3.6086399999999995e-06,-2.3524479405721647e-10,-1.4703199628565926
SaveOnEvent_ch1_20260927233516702.wfm,23:35:16.702000,4.8149750000000004,-0.001120000029914081,-1.1519999999999934e-08,8.336000000000008e-08,-4.2140159178525223e-10,-2.6338399486558046
SaveOnEvent_ch1_20260927233516854.wfm,23:35:16.854000,4.815735,-0.00015999999595806003,-1.2856e-06,2.18144e-06,-5.419519863091407e-11,-0.3387199914432131
SaveOnEvent_ch1_20260927233516902.wfm,23:35:16.902000,4.815975,-0.0009599999757483602,-1.1519999999999934e-08,7.935999999999978e-08,-6.26879996131174e-11,-0.3917599975829944
SaveOnEvent_ch1_20260927233517054.wfm,23:35:17.054000,4.816735,-0.00015999999595806003,-1.63584e-06,4.959999999999907e-09,1.0104959744727232e-10,0.631599984044442
SaveOnEvent_ch1_20260927233517103.wfm,23:35:17.103000,4.81698,-0.0009599999757483602,-1.391999999999969e-08,6.880000000000009e-08,7.935998653993223e-12,0.049439991591498256
SaveOnEvent_ch1_20260927233517255.wfm,23:35:17.255000,4.81774,-0.00015999999595806003,-4.975999999999999e-07,2.2489599999999997e-06,8.057599796447914e-11,0.5035999872779939
SaveOnEvent_ch1_20260927233517302.wfm,23:35:17.302000,4.817975,-0.0008800000068731606,-1.583999999999975e-08,9.119999999999965e-08,-1.467839980567805e-10,-0.9174399878538679
SaveOnEvent_ch1_20260927233517454.wfm,23:35:17.454000,4.818735,-0.00023999999393709004,2.208000000000005e-08,3.64896e-06,-2.8241919286549085e-10,-1.7651999554072972
SaveOnEvent_ch1_20260927233517502.wfm,23:35:17.502000,4.818975,-0.0010400000028312206,-1.0239999999999753e-08,2.0564800000000004e-06,-2.0696959591703485e-10,-1.2937599744764157
SaveOnEvent_ch1_20260927233517654.wfm,23:35:17.654000,4.819735,-0.00015999999595806003,-1.30304e-06,5.099199999999999e-07,1.729663956305011e-10,1.0811199726886116
SaveOnEvent_ch1_20260927233517702.wfm,23:35:17.702000,4.819975,-0.0010400000028312206,-1.2159999999999812e-08,5.823999999999997e-08,1.8438398458529235e-11,0.11527999036479741
SaveOnEvent_ch1_20260927233517854.wfm,23:35:17.854000,4.820735,-0.00015999999595806003,-8.092799999999999e-07,1.5999999999996967e-10,1.394879964762368e-10,0.8718399779754691
SaveOnEvent_ch1_20260927233517902.wfm,23:35:17.902000,4.820975,-0.0010400000028312206,-7.039999999999936e-09,8.528000000000014e-08,-3.492927927128039e-10,-2.183119954454014
SaveOnEvent_ch1_20260927233518054.wfm,23:35:18.054000,4.821735,-0.00023999999393709004,-1.10032e-06,3.98048e-06,-3.5978239091113207e-10,-2.2487199431925546
SaveOnEvent_ch1_20260927233518102.wfm,23:35:18.102000,4.821975,-0.0008800000068731606,-6.8799999999997546e-09,8.896000000000008e-08,-3.0789119374938316e-10,-1.9243999609316234
SaveOnEvent_ch1_20260927233518254.wfm,23:35:18.254000,4.822735,-0.00015999999595806003,-1.9688e-06,3.95904e-06,-1.667391957878137e-10,-1.042159973672824
SaveOnEvent_ch1_20260927233518301.wfm,23:35:18.301000,4.82297,-0.001120000029914081,-1.3439999999999993e-08,6.75199999999999e-08,5.278719720430682e-11,0.329919982526917
SaveOnEvent_ch1_20260927233518454.wfm,23:35:18.454000,4.823735,-0.00015999999595806003,-3.072e-07,1.1359999999999964e-08,1.5518079607980338e-10,0.9699199754977599
SaveOnEvent_ch1_20260927233518502.wfm,23:35:18.502000,4.823975,-0.001120000029914081,-2.2879999999999686e-08,7.888000000000008e-08,-5.374975886242461e-10,-3.359519928897498
SaveOnEvent_ch1_20260927233518654.wfm,23:35:18.654000,4.824735,-0.00015999999595806003,-1.62848e-06,3.01152e-06,-1.1502079709433013e-10,-0.7189599818375427
SaveOnEvent_ch1_20260927233518702.wfm,23:35:18.702000,4.824975,-0.0010400000028312206,-1.0239999999999753e-08,8.032000000000002e-08,4.415991180575688e-13,0.002799994486849755
SaveOnEvent_ch1_20260927233518854.wfm,23:35:18.854000,4.825735,-7.999999797903001e-05,-1.12592e-06,2.4952000000000003e-06,2.9572479252936314e-10,1.8483199533075094
SaveOnEvent_ch1_20260927233518902.wfm,23:35:18.902000,4.825975,-0.0009599999757483602,-1.9200000000000595e-09,7.584000000000002e-08,1.3735039532417435e-10,0.858479970775079
SaveOnEvent_ch1_20260927233519054.wfm,23:35:19.054000,4.826735,-0.00015999999595806003,-1.37152e-06,3.0864e-06,-1.2033279696013777e-10,-0.7520799810008612
SaveOnEvent_ch1_20260927233519102.wfm,23:35:19.102000,4.826975,-0.0010400000028312206,-1.3759999999999933e-08,8.847999999999996e-08,-1.5350399751449007e-10,-0.9594399844645523
SaveOnEvent_ch1_20260927233519254.wfm,23:35:19.254000,4.827735,-0.00015999999595806003,-1.8008e-06,1.70864e-06,3.068159922491773e-11,0.19175999515573494
SaveOnEvent_ch1_20260927233519302.wfm,23:35:19.302000,4.827975,-0.0028800000436604023,1.97472e-06,4.494399999999997e-07,-1.852646397813223e-09,-11.580479986354476
SaveOnEvent_ch1_20260927233519454.wfm,23:35:19.454000,4.828735,-0.00023999999393709004,-1.62864e-06,3.7984e-06,-2.3121279415907355e-10,-1.4451199634931982
SaveOnEvent_ch1_20260927233519502.wfm,23:35:19.502000,4.828975,-0.0010400000028312206,-1.0880000000000055e-08,9.152000000000001e-08,-2.7169279475230714e-10,-1.6980799672019202
SaveOnEvent_ch1_20260927233519654.wfm,23:35:19.654000,4.829735,-0.00023999999393709004,1.4223999999999997e-06,3.1601599999999996e-06,-1.4362239637179277e-10,-0.8976799773226958
SaveOnEvent_ch1_20260927233519702.wfm,23:35:19.702000,4.829975,-0.0009599999757483602,-5.439999999999816e-09,8.000000000000008e-08,2.946559793781487e-11,0.18415998711134307
SaveOnEvent_ch1_20260927233519855.wfm,23:35:19.855000,4.8307400000000005,-0.00023999999393709004,-1.96464e-06,3.99568e-06,-1.9660159503342587e-10,-1.22887996895588
SaveOnEvent_ch1_20260927233519902.wfm,23:35:19.902000,4.8309750000000005,-0.0009599999757483602,-1.727999999999969e-08,7.408000000000014e-08,1.2725759569089852e-10,0.7953599730681162
SaveOnEvent_ch1_20260927233520054.wfm,23:35:20.054000,4.831735,-0.00015999999595806003,-1.99296e-06,3.80624e-06,-2.172735945112073e-10,-1.3579999656940345
SaveOnEvent_ch1_20260927233520102.wfm,23:35:20.102000,4.831975,-0.0009599999757483602,-2.1119999999999808e-08,7.120000000000027e-08,9.766398575156907e-12,0.061039991094730794
SaveOnEvent_ch1_20260927233520254.wfm,23:35:20.254000,4.832735,-7.999999797903001e-05,-1.9784e-06,3.96368e-06,1.840511953504754e-10,1.1503199709404726
SaveOnEvent_ch1_20260927233520302.wfm,23:35:20.302000,4.832975,-0.0033599999733269215,1.4593600000000001e-06,1.1656e-06,-4.013791999716777e-09,-25.087439998198533
SaveOnEvent_ch1_20260927233520454.wfm,23:35:20.454000,4.833735,-0.00015999999595806003,-1.99264e-06,3.97184e-06,-1.052159973420195e-11,-0.0658399983367417
SaveOnEvent_ch1_20260927233520502.wfm,23:35:20.502000,4.833975,-0.0007200000109151006,-4.4639999999999796e-08,9.680000000000007e-08,1.99487975914962e-11,0.12471998494584113
SaveOnEvent_ch1_20260927233520654.wfm,23:35:20.654000,4.834735,-7.999999797903001e-05,-1.94064e-06,3.60576e-06,2.601535934279673e-10,1.626079958921764
SaveOnEvent_ch1_20260927233520702.wfm,23:35:20.702000,4.834975,-0.0008800000068731606,-1.3599999999999751e-08,7.839999999999996e-08,2.2682879271917058e-10,1.4177599544927943
SaveOnEvent_ch1_20260927233520854.wfm,23:35:20.854000,4.835735,-7.999999797903001e-05,-1.8851199999999999e-06,3.3191999999999995e-06,2.77593592987396e-10,1.735039956169203
SaveOnEvent_ch1_20260927233520902.wfm,23:35:20.902000,4.835975,-0.0009599999757483602,-9.919999999999814e-09,6.464000000000003e-08,1.2801919577410443e-10,0.8001599735871423
SaveOnEvent_ch1_20260927233521054.wfm,23:35:21.054000,4.836735,-0.00015999999595806003,1.388e-06,5.604799999999998e-07,-1.0182399742770895e-11,-0.06367999839130789
SaveOnEvent_ch1_20260927233521102.wfm,23:35:21.102000,4.836975,-0.0010400000028312206,-1.3599999999999751e-08,7.999999999999966e-08,-4.6815999906975906e-11,-0.2925599994196091
SaveOnEvent_ch1_20260927233521254.wfm,23:35:21.254000,4.837735,-0.00015999999595806003,-6.047999999999999e-07,9.776e-07,1.4758399627171545e-11,0.09215999767184258
SaveOnEvent_ch1_20260927233521302.wfm,23:35:21.302000,4.837975,-0.001120000029914081,-1.1199999999999994e-08,7.776000000000008e-08,-2.4291839574929314e-10,-1.518239973433083
SaveOnEvent_ch1_20260927233521454.wfm,23:35:21.454000,4.838735,-7.999999797903001e-05,-1.83552e-06,1.11008e-06,3.874239902128464e-10,2.4214399388292804
SaveOnEvent_ch1_20260927233521502.wfm,23:35:21.502000,4.838975,-0.0009599999757483602,-3.5199999999997562e-09,8.112000000000008e-08,-2.052991958474742e-10,-1.2831199740467127
SaveOnEvent_ch1_20260927233521654.wfm,23:35:21.654000,4.839735,-0.00015999999595806003,5.227199999999998e-07,1.6000000000018143e-10,1.0876159725245071e-10,0.679759982827818
SaveOnEvent_ch1_20260927233521702.wfm,23:35:21.702000,4.839975,-0.0008800000068731606,-1.7600000000000052e-08,9.088000000000014e-08,9.41503960709089e-11,0.5884799754421692
SaveOnEvent_ch1_20260927233521854.wfm,23:35:21.854000,4.8407350000000005,-7.999999797903001e-05,-1.7198399999999999e-06,4.835199999999998e-07,3.4260479134507495e-10,2.1413599459046964
SaveOnEvent_ch1_20260927233521902.wfm,23:35:21.902000,4.840975,-0.0009599999757483602,-1.2639999999999933e-08,7.53599999999999e-08,2.8951679167570545e-10,1.8095999479701277
SaveOnEvent_ch1_20260927233522054.wfm,23:35:22.054000,4.841735,-0.00015999999595806003,7.513599999999999e-07,1.2305599999999999e-06,6.389119838597255e-11,0.3992799899133388
SaveOnEvent_ch1_20260927233522102.wfm,23:35:22.102000,4.841975,-0.0012799999676644802,-6.0799999999996945e-09,6.304000000000033e-08,-3.9183999286731723e-10,-2.4491199554177
SaveOnEvent_ch1_20260927233522254.wfm,23:35:22.254000,4.842735,-0.00015999999595806003,-1.93536e-06,3.2423999999999997e-06,-1.1698559704469532e-10,-0.7311999815283343
SaveOnEvent_ch1_20260927233522303.wfm,23:35:22.303000,4.84298,-0.0009599999757483602,-1.391999999999969e-08,8.287999999999996e-08,-3.942401367239743e-12,-0.024640008545247838
SaveOnEvent_ch1_20260927233522455.wfm,23:35:22.455000,4.84374,-7.999999797903001e-05,-1.8963199999999999e-06,3.89616e-06,7.915519800037145e-11,0.4947199875023216
SaveOnEvent_ch1_20260927233522502.wfm,23:35:22.502000,4.843975,-0.0008800000068731606,-1.519999999999987e-08,8.928000000000002e-08,8.915199638810022e-11,0.5571999774256255
SaveOnEvent_ch1_20260927233522654.wfm,23:35:22.654000,4.844735,-0.00023999999393709004,-3.5072e-07,2.8729599999999996e-06,-1.1959039697889235e-10,-0.7474399811180774
SaveOnEvent_ch1_20260927233522702.wfm,23:35:22.702000,4.844975,-0.0010400000028312206,-8.959999999999996e-09,8.43199999999999e-08,-6.393600737210265e-12,-0.039920004608575255
SaveOnEvent_ch1_20260927233522854.wfm,23:35:22.854000,4.845735,-7.999999797903001e-05,-1.86688e-06,3.53936e-06,6.213759843027236e-11,0.3883999901881907
SaveOnEvent_ch1_20260927233522902.wfm,23:35:22.902000,4.845975,-0.0010400000028312206,-5.759999999999755e-09,8.032000000000002e-08,5.977599711623041e-11,0.3736799819744192
SaveOnEvent_ch1_20260927233523054.wfm,23:35:23.054000,4.846735,-0.00023999999393709004,-9.8128e-07,3.9041599999999996e-06,-2.3023999418364832e-10,-1.4390399636467919
SaveOnEvent_ch1_20260927233523101.wfm,23:35:23.101000,4.84697,-0.0008800000068731606,-1.5679999999999992e-08,9.136000000000026e-08,-5.59231995791196e-11,-0.349439997371519
SaveOnEvent_ch1_20260927233523253.wfm,23:35:23.253000,4.84773,-0.00015999999595806003,-9.792000000000007e-08,1.93072e-06,3.1219199211336704e-11,0.1951199950708542
SaveOnEvent_ch1_20260927233523302.wfm,23:35:23.302000,4.847975,-0.0010400000028312206,-8.959999999999996e-09,7.888000000000008e-08,6.61375974072145e-11,0.4134399837930687
SaveOnEvent_ch1_20260927233523454.wfm,23:35:23.454000,4.8487350000000005,-0.00023999999393709004,-1.2448000000000012e-07,3.0617599999999994e-06,-2.7061119316378607e-10,-1.6913599572726525
SaveOnEvent_ch1_20260927233523502.wfm,23:35:23.502000,4.848975,-0.001120000029914081,-1.2159999999999812e-08,8.72000000000002e-08,-3.4387199368327867e-10,-2.149199960520491
SaveOnEvent_ch1_20260927233523654.wfm,23:35:23.654000,4.849735,-0.00015999999595806003,-1.0264e-06,2.80864e-06,-3.932799900649119e-11,-0.2457599937915802
SaveOnEvent_ch1_20260927233523702.wfm,23:35:23.702000,4.849975,-0.0010400000028312206,-1.1359999999999752e-08,8.368000000000002e-08,1.1307519566267721e-10,0.706719972891733
SaveOnEvent_ch1_20260927233523854.wfm,23:35:23.854000,4.850735,-7.999999797903001e-05,-1.8604799999999999e-06,3.85952e-06,1.778495955071414e-10,1.111599971918622
SaveOnEvent_ch1_20260927233523902.wfm,23:35:23.902000,4.850975,-0.0009599999757483602,-1.1839999999999873e-08,8.49600000000002e-08,-1.2275199828203787e-10,-0.7671999892627355
SaveOnEvent_ch1_20260927233524054.wfm,23:35:24.054000,4.851735,-0.00015999999595806003,2.3375999999999994e-07,1.7377599999999999e-06,-1.711999956751236e-11,-0.10695999729796313
SaveOnEvent_ch1_20260927233524102.wfm,23:35:24.102000,4.851975,-0.0010400000028312206,-1.599999999999993e-08,8.704000000000002e-08,-3.0897279367549355e-10,-1.9311199604708236
SaveOnEvent_ch1_20260927233524254.wfm,23:35:24.254000,4.852735,-0.00015999999595806003,-1.9662399999999997e-06,3.5167999999999995e-06,-2.1177599465008834e-10,-1.3235999665630516
SaveOnEvent_ch1_20260927233524302.wfm,23:35:24.302000,4.852975,-0.0035200000274926424,1.0548800000000001e-06,1.3991999999999997e-06,-4.433612804464064e-09,-27.710960027907277
SaveOnEvent_ch1_20260927233524454.wfm,23:35:24.454000,4.853735,-0.00015999999595806003,-4.240000000000022e-08,2.04224e-06,-3.418879913631824e-11,-0.2137599945999682
SaveOnEvent_ch1_20260927233524502.wfm,23:35:24.502000,4.853975,-0.0010400000028312206,-1.903999999999999e-08,1.0064000000000019e-07,-4.921151894400826e-10,-3.0757599339995068
SaveOnEvent_ch1_20260927233524654.wfm,23:35:24.654000,4.854735,-0.00015999999595806003,7.1936e-07,7.42399999999999e-08,1.0780799727654114e-10,0.6738399829773698
SaveOnEvent_ch1_20260927233524702.wfm,23:35:24.702000,4.854975,-0.001120000029914081,-2.6560000000000047e-08,8.735999999999996e-08,-3.681279931031168e-10,-2.3008799568924587
SaveOnEvent_ch1_20260927233524854.wfm,23:35:24.854000,4.855735,-0.00023999999393709004,-1.8944e-06,3.9528e-06,-5.156863869726658e-10,-3.22311991857714
SaveOnEvent_ch1_20260927233524903.wfm,23:35:24.903000,4.85598,-0.0009599999757483602,-1.5360000000000053e-08,6.879999999999966e-08,1.9323519406141718e-10,1.2077599628828466
SaveOnEvent_ch1_20260927233525055.wfm,23:35:25.055000,4.85674,-0.00015999999595806003,-1.7678399999999999e-06,3.7441600000000002e-06,-1.3367679662304002e-10,-0.8355199788929895
SaveOnEvent_ch1_20260927233525102.wfm,23:35:25.102000,4.856975,-0.001120000029914081,-1.0239999999999753e-08,7.039999999999978e-08,-2.7362559467554103e-10,-1.7102399667201098
SaveOnEvent_ch1_20260927233525254.wfm,23:35:25.254000,4.857735,-0.00023999999393709004,-7.243199999999999e-07,2.89376e-06,-1.1727999703725797e-10,-0.733039981481852
SaveOnEvent_ch1_20260927233525302.wfm,23:35:25.302000,4.857975,-0.0010400000028312206,-1.6480000000000052e-08,7.98399999999999e-08,-4.082367911119946e-10,-2.5515199444489554
SaveOnEvent_ch1_20260927233525454.wfm,23:35:25.454000,4.858735,-0.00023999999393709004,-3.4032000000000007e-07,3.48768e-06,-2.9251839261036354e-10,-1.828239953814773
SaveOnEvent_ch1_20260927233525502.wfm,23:35:25.502000,4.858975,-0.0008800000068731606,-3.8399999999996956e-09,8.239999999999984e-08,2.5950719263404604e-10,1.621999953960767
SaveOnEvent_ch1_20260927233525654.wfm,23:35:25.654000,4.859735,-0.00023999999393709004,-1.94896e-06,3.92848e-06,-3.2783359171822666e-10,-2.0490399482368957
SaveOnEvent_ch1_20260927233525702.wfm,23:35:25.702000,4.859975,-0.0010400000028312206,-4.479999999999998e-09,8.175999999999996e-08,-8.517759877955564e-11,-0.5323199923732318
SaveOnEvent_ch1_20260927233525854.wfm,23:35:25.854000,4.860735,-0.00015999999595806003,-1.71664e-06,1.5520000000000234e-08,-1.9231999514159053e-11,-0.12015999696450308
SaveOnEvent_ch1_20260927233525902.wfm,23:35:25.902000,4.860975,-0.0009599999757483602,-8.159999999999935e-09,8.04800000000002e-08,-2.7550719391088947e-10,-1.7219199619430583
SaveOnEvent_ch1_20260927233526054.wfm,23:35:26.054000,4.861735,-0.00015999999595806003,-1.80336e-06,3.60656e-06,-1.3374719662126138e-10,-0.8359199788828846
SaveOnEvent_ch1_20260927233526102.wfm,23:35:26.102000,4.861975,-0.001120000029914081,-2.0799999999998175e-09,6.752000000000033e-08,1.073919831309432e-11,0.06711998945684172
SaveOnEvent_ch1_20260927233526254.wfm,23:35:26.254000,4.862735,-7.999999797903001e-05,-1.59424e-06,3.36816e-06,2.1438079458428556e-10,1.3399199661507737
SaveOnEvent_ch1_20260927233526302.wfm,23:35:26.302000,4.8629750000000005,-0.0009599999757483602,-5.1199999999998764e-09,7.968000000000014e-08,6.543999700574182e-11,0.4090399812848773
SaveOnEvent_ch1_20260927233526454.wfm,23:35:26.454000,4.863735,-0.00015999999595806003,-1.34848e-06,2.7327999999999995e-06,-6.146559844724844e-11,-0.3841599902953021
SaveOnEvent_ch1_20260927233526502.wfm,23:35:26.502000,4.863975,-0.0007999999797903001,-7.679999999999815e-09,8.751999999999971e-08,2.4034559315536167e-10,1.5022399572189897
SaveOnEvent_ch1_20260927233526654.wfm,23:35:26.654000,4.864735,-7.999999797903001e-05,-1.97312e-06,3.3111999999999997e-06,2.737535930844023e-10,1.711039956775494
SaveOnEvent_ch1_20260927233526702.wfm,23:35:26.702000,4.864975,-0.001120000029914081,-1.0399999999999934e-08,7.935999999999978e-08,-3.828351923171432e-10,-2.3927999519801233
SaveOnEvent_ch1_20260927233526854.wfm,23:35:26.854000,4.865735,-0.00015999999595806003,-8.512e-07,1.6249599999999999e-06,2.0863999472933362e-12,0.013039999670581892
SaveOnEvent_ch1_20260927233526902.wfm,23:35:26.902000,4.865975,-0.001120000029914081,-7.999999999999754e-09,8.080000000000014e-08,-2.4606719500850913e-10,-1.5379999688011594
SaveOnEvent_ch1_20260927233527054.wfm,23:35:27.054000,4.866735,-0.00015999999595806003,-1.59232e-06,1.4400000000000023e-08,1.5334399612620477e-10,0.9584799757867586
SaveOnEvent_ch1_20260927233527102.wfm,23:35:27.102000,4.866975,-0.0008800000068731606,-4.7039999999999977e-08,9.968000000000037e-08,-2.266879958612845e-10,-1.4167999741330277
SaveOnEvent_ch1_20260927233527254.wfm,23:35:27.254000,4.867735,-0.00015999999595806003,-1.8740799999999999e-06,2.3225599999999997e-06,1.9513599507045025e-11,0.12199999691802077
SaveOnEvent_ch1_20260927233527302.wfm,23:35:27.302000,4.867975,-0.0009599999757483602,-1.1519999999999934e-08,8.09599999999999e-08,1.0506879621418191e-10,0.6567199763376266
SaveOnEvent_ch1_20260927233527454.wfm,23:35:27.454000,4.868735,-0.00015999999595806003,-9.065599999999999e-07,1.22416e-06,-2.966399925062423e-11,-0.18543999531539157
SaveOnEvent_ch1_20260927233527504.wfm,23:35:27.504000,4.868985,-0.0013599999947473407,-6.0799999999996945e-09,6.384000000000039e-08,-1.8330239739501859e-10,-1.145599983719876
SaveOnEvent_ch1_20260927233527655.wfm,23:35:27.655000,4.86974,-0.00015999999595806003,-1.96016e-06,3.93984e-06,-3.3491199153941146e-10,-2.0932799471192993
SaveOnEvent_ch1_20260927233527702.wfm,23:35:27.702000,4.869975,-0.0010400000028312206,-2.3999999999999686e-08,8.672000000000008e-08,-2.4921599516645075e-10,-1.5576799697882961
SaveOnEvent_ch1_20260927233527854.wfm,23:35:27.854000,4.870735,-0.00015999999595806003,3.924799999999999e-07,1.54544e-06,-8.375039788428699e-11,-0.5234399867767934
SaveOnEvent_ch1_20260927233527902.wfm,23:35:27.902000,4.870975,-0.0012000000569969416,-1.3599999999999751e-08,8.960000000000038e-08,-2.4455039630411196e-10,-1.528479976899689
SaveOnEvent_ch1_20260927233528054.wfm,23:35:28.054000,4.871735,-7.999999797903001e-05,-1.36752e-06,3.28752e-06,3.066495922533797e-10,1.916639951581601
SaveOnEvent_ch1_20260927233528102.wfm,23:35:28.102000,4.871975,-0.0009599999757483602,-5.439999999999816e-09,7.968000000000014e-08,-1.8668799648527048e-10,-1.166799978032941
SaveOnEvent_ch1_20260927233528254.wfm,23:35:28.254000,4.8727350000000005,-0.00015999999595806003,-1.7993599999999998e-06,3.3559999999999997e-06,-1.7610239555127905e-10,-1.100719972193474
SaveOnEvent_ch1_20260927233528302.wfm,23:35:28.302000,4.872975,-0.0009599999757483602,-9.59999999999818e-10,9.312000000000014e-08,-2.5571199481142705e-10,-1.5982399675704073
SaveOnEvent_ch1_20260927233528454.wfm,23:35:28.454000,4.873735,-0.00023999999393709004,-1.97264e-06,3.86208e-06,-3.2250879185274255e-10,-2.0157599490776192
SaveOnEvent_ch1_20260927233528502.wfm,23:35:28.502000,4.873975,-0.001120000029914081,-1.0399999999999934e-08,7.82400000000002e-08,-2.7383679471211504e-10,-1.7115199669497088
SaveOnEvent_ch1_20260927233528654.wfm,23:35:28.654000,4.874735,-0.00015999999595806003,-8.406399999999999e-07,2.5711999999999996e-06,-1.39609596473165e-10,-0.8725599779572804
SaveOnEvent_ch1_20260927233528702.wfm,23:35:28.702000,4.874975,-0.0010400000028312206,-1.1039999999999813e-08,8.511999999999996e-08,7.907839621417226e-11,0.49431997633655556
SaveOnEvent_ch1_20260927233528854.wfm,23:35:28.854000,4.875735,-0.00015999999595806003,-1.01696e-06,1.16576e-06,-8.390399788040701e-12,-0.05247999867424369
SaveOnEvent_ch1_20260927233528902.wfm,23:35:28.902000,4.875975,-0.0012000000569969416,-1.0880000000000055e-08,8.16000000000002e-08,-3.611775933764877e-10,-2.257439958601026
SaveOnEvent_ch1_20260927233529054.wfm,23:35:29.054000,4.876735,-7.999999797903001e-05,-1.68704e-06,3.6791999999999994e-06,1.3007999671390257e-10,0.813039979460882
SaveOnEvent_ch1_20260927233529102.wfm,23:35:29.102000,4.876975,-0.0009599999757483602,-1.5360000000000053e-08,7.60000000000002e-08,-1.288511979510074e-10,-0.8052799871948082
SaveOnEvent_ch1_20260927233529254.wfm,23:35:29.254000,4.877735,-0.00015999999595806003,-1.96352e-06,2.31952e-06,-1.7343999561853742e-11,-0.10839999726158567
SaveOnEvent_ch1_20260927233529302.wfm,23:35:29.302000,4.877975,-0.0008800000068731606,-7.839999999999996e-09,7.472000000000002e-08,1.210303957643919e-10,0.7564799735264387
SaveOnEvent_ch1_20260927233529456.wfm,23:35:29.456000,4.878745,0.0,-1.98496e-06,,5.169343869411389e-10,3.230959918379085
SaveOnEvent_ch1_20260927233529502.wfm,23:35:29.502000,4.878975,-0.0010400000028312206,-6.8799999999997546e-09,7.503999999999996e-08,3.227519903564826e-10,2.017279939725995
SaveOnEvent_ch1_20260927233529654.wfm,23:35:29.654000,4.879735,-7.999999797903001e-05,-1.57872e-06,2.73328e-06,2.486911937175318e-10,1.5543999607325532
SaveOnEvent_ch1_20260927233529702.wfm,23:35:29.702000,4.879975,-0.0009599999757483602,-1.0719999999999874e-08,8.368000000000002e-08,1.0360959626501429e-10,0.6475999766553286
SaveOnEvent_ch1_20260927233529854.wfm,23:35:29.854000,4.880735,-7.999999797903001e-05,3.7536e-07,7.999999999999754e-09,3.738303905562499e-10,2.3365599409735296
SaveOnEvent_ch1_20260927233529902.wfm,23:35:29.902000,4.880975,-0.0012799999676644802,-4.319999999999816e-09,2.0468799999999997e-06,-4.761215926287695e-10,-2.976319953944767
SaveOnEvent_ch1_20260927233530054.wfm,23:35:30.054000,4.881735,-7.999999797903001e-05,5.3440000000000034e-08,1.92816e-06,2.878207927290349e-10,1.798959954554448
SaveOnEvent_ch1_20260927233530104.wfm,23:35:30.104000,4.881985,-0.0009599999757483602,-8.159999999999935e-09,7.87199999999999e-08,-3.860480013769097e-11,-0.24128000086057
SaveOnEvent_ch1_20260927233530254.wfm,23:35:30.254000,4.882735,-0.00015999999595806003,-1.6862399999999999e-06,9.600000000000298e-10,1.058751973253674e-10,0.6618399832805153
SaveOnEvent_ch1_20260927233530302.wfm,23:35:30.302000,4.882975,-0.0008800000068731606,-8.640000000000056e-09,8.208000000000032e-08,2.4839679258409885e-10,1.552639953646576
SaveOnEvent_ch1_20260927233530454.wfm,23:35:30.454000,4.883735,-7.999999797903001e-05,-1.89056e-06,3.68752e-06,1.434367963764814e-10,0.8965599773509894
SaveOnEvent_ch1_20260927233530502.wfm,23:35:30.502000,4.8839749999999995,-0.0010400000028312206,-5.9199999999999365e-09,7.072000000000015e-08,8.316799693508057e-11,0.5199199808412232
SaveOnEvent_ch1_20260927233530654.wfm,23:35:30.654000,4.884735,-0.00015999999595806003,-1.58928e-06,1.20784e-06,8.837119776755546e-11,0.5523999860452022
SaveOnEvent_ch1_20260927233530702.wfm,23:35:30.702000,4.884975,-0.0012000000569969416,-5.9199999999999365e-09,7.296000000000015e-08,-4.483200079528629e-11,-0.2801600049715489
SaveOnEvent_ch1_20260927233530854.wfm,23:35:30.854000,4.885735,-7.999999797903001e-05,5.918399999999998e-07,1.4863999999999999e-07,3.1331839208491155e-10,1.9583199505286757
SaveOnEvent_ch1_20260927233530902.wfm,23:35:30.902000,4.885975,-0.001120000029914081,-1.663999999999981e-08,7.408000000000014e-08,-1.537535978015512e-10,-0.9610399862576742
SaveOnEvent_ch1_20260927233531054.wfm,23:35:31.054000,4.886735,-7.999999797903001e-05,-1.8830399999999998e-06,3.8036799999999996e-06,1.0249599741073322e-10,0.6406399838160723
SaveOnEvent_ch1_20260927233531101.wfm,23:35:31.101000,4.88697,-0.0012799999676644802,-5.599999999999997e-09,7.935999999999978e-08,-3.318591942708006e-10,-2.0741599641914945
SaveOnEvent_ch1_20260927233531254.wfm,23:35:31.254000,4.887735,-0.00015999999595806003,1.5432e-06,1.7599999999998781e-09,2.855935927852988e-10,1.7849599549081177
SaveOnEvent_ch1_20260927233531302.wfm,23:35:31.302000,4.887975,-0.0010400000028312206,-9.599999999999874e-09,7.167999999999996e-08,-6.665599975502139e-11,-0.4166399984678719
SaveOnEvent_ch1_20260927233531454.wfm,23:35:31.454000,4.8887350000000005,-0.00015999999595806003,-1.38416e-06,3.3748799999999995e-06,-1.2789119676919647e-10,-0.7993599798064679
SaveOnEvent_ch1_20260927233531502.wfm,23:35:31.502000,4.888975,-0.0031999999191612005,1.9025600000000004e-06,6.147199999999999e-07,-2.3488256042636933e-09,-14.681760026607662
SaveOnEvent_ch1_20260927233531654.wfm,23:35:31.654000,4.889735,-7.999999797903001e-05,-1.9684799999999997e-06,3.928479999999999e-06,5.6076798583380974e-11,0.3504799911461305
SaveOnEvent_ch1_20260927233531702.wfm,23:35:31.702000,4.889975,-0.001120000029914081,-1.0880000000000055e-08,8.288000000000038e-08,-2.9997439417755245e-10,-1.8748799636086915
SaveOnEvent_ch1_20260927233531854.wfm,23:35:31.854000,4.890735,-7.999999797903001e-05,-2e-06,3.99984e-06,6.479359836317599e-11,0.4048799897718709
SaveOnEvent_ch1_20260927233531902.wfm,23:35:31.902000,4.890975,-0.0009599999757483602,-1.775999999999981e-08,8.831999999999977e-08,-7.562239938415572e-11,-0.4726399961509742
SaveOnEvent_ch1_20260927233532056.wfm,23:35:32.056000,4.891745,-7.999999797903001e-05,-1.9359999999999998e-06,3.88656e-06,1.508095961902288e-10,0.9425599761889316
SaveOnEvent_ch1_20260927233532102.wfm,23:35:32.102000,4.891975,-0.001120000029914081,-4.799999999999937e-09,7.151999999999978e-08,3.0022397499997035e-11,0.18767998437397182
SaveOnEvent_ch1_20260927233532254.wfm,23:35:32.254000,4.892735,-0.00015999999595806003,-1.44336e-06,3.216e-06,-1.5331839612685143e-10,-0.9582399757928215
SaveOnEvent_ch1_20260927233532302.wfm,23:35:32.302000,4.892975,-0.0009599999757483602,-7.999999999999754e-09,7.856000000000014e-08,-1.1249919820576928e-10,-0.7031999887840357
SaveOnEvent_ch1_20260927233532454.wfm,23:35:32.454000,4.893735,-7.999999797903001e-05,-1.94064e-06,3.27584e-06,1.4147839642595486e-10,0.8842399776622187
SaveOnEvent_ch1_20260927233532502.wfm,23:35:32.502000,4.893975,-0.0036800000816583633,1.3713599999999999e-06,9.854399999999998e-07,-3.4756479905336167e-09,-21.72375994088361
SaveOnEvent_ch1_20260927233532654.wfm,23:35:32.654000,4.894735,-0.00015999999595806003,-7.608e-07,9.279999999999935e-09,1.3676159654511142e-10,0.8547999784059357
SaveOnEvent_ch1_20260927233532703.wfm,23:35:32.703000,4.89498,-0.001120000029914081,-1.4079999999999872e-08,5.743999999999991e-08,-1.471359980339185e-10,-0.9195999877119903
SaveOnEvent_ch1_20260927233532855.wfm,23:35:32.855000,4.89574,-7.999999797903001e-05,-1.8862399999999999e-06,3.8062399999999995e-06,1.6042239594738928e-10,1.0026399746711832
SaveOnEvent_ch1_20260927233532902.wfm,23:35:32.902000,4.895975,-0.0012000000569969416,-8.479999999999875e-09,8.256000000000002e-08,-9.758079955121477e-11,-0.6099199971940834
SaveOnEvent_ch1_20260927233533054.wfm,23:35:33.054000,4.896735,-0.00015999999595806003,-6.9808e-07,2.64304e-06,-1.4502399633638653e-11,-0.090639997710241
SaveOnEvent_ch1_20260927233533102.wfm,23:35:33.102000,4.896975,-0.0013599999947473407,1.8966400000000004e-06,2.04288e-06,-6.327999952156096e-10,-3.955679970094934
SaveOnEvent_ch1_20260927233533254.wfm,23:35:33.254000,4.897735,-7.999999797903001e-05,-1.8081599999999999e-06,3.7382400000000003e-06,2.1255679463036347e-10,1.3285599664377514
SaveOnEvent_ch1_20260927233533302.wfm,23:35:33.302000,4.897975,-0.0012799999676644802,1.99936e-06,2.04144e-06,-4.054975982685573e-10,-2.534959989163326
SaveOnEvent_ch1_20260927233533454.wfm,23:35:33.454000,4.898735,-0.00015999999595806003,1.0927999999999982e-07,7.608e-07,7.150719819357611e-11,0.44687998871086165
SaveOnEvent_ch1_20260927233533502.wfm,23:35:33.502000,4.898975,-0.0010400000028312206,-1.4559999999999993e-08,8.911999999999983e-08,-3.4455679266015057e-10,-2.1535199541249312
SaveOnEvent_ch1_20260927233533654.wfm,23:35:33.654000,4.899735,-0.00015999999595806003,1.7985599999999998e-06,6.400000000003022e-10,1.5187839616322866e-10,0.9491999760211911
SaveOnEvent_ch1_20260927233533701.wfm,23:35:33.701000,4.89997,-0.0009599999757483602,-7.999999999999754e-09,8.000000000000008e-08,-6.271359998034307e-11,-0.39191999987815507
SaveOnEvent_ch1_20260927233533853.wfm,23:35:33.853000,4.90073,-0.00015999999595806003,-1.5464e-06,3.5270399999999997e-06,-1.4594559631310406e-10,-0.9122399769548792
SaveOnEvent_ch1_20260927233533902.wfm,23:35:33.902000,4.900975,-0.0081599997356534,2.537600000000002e-07,6.385600000000003e-07,-6.685408012811095e-09,-41.78424008007278
SaveOnEvent_ch1_20260927233534053.wfm,23:35:34.053000,4.90173,-7.999999797903001e-05,-1.99968e-06,3.999519999999999e-06,1.7583999555790806e-10,1.0989599722379353
SaveOnEvent_ch1_20260927233534101.wfm,23:35:34.101000,4.90197,-0.001120000029914081,-3.040000000000059e-09,4.7199999999999734e-08,4.627199789509193e-11,0.2891999868443236
SaveOnEvent_ch1_20260927233534253.wfm,23:35:34.253000,4.90273,-0.00015999999595806003,-7.235200000000001e-07,1.60384e-06,-9.734399754088353e-12,-0.06079999846406281
SaveOnEvent_ch1_20260927233534301.wfm,23:35:34.301000,4.90297,-0.0012000000569969416,-3.8399999999996956e-09,7.360000000000002e-08,-4.2955519100651145e-10,-2.6847199437906966
SaveOnEvent_ch1_20260927233534454.wfm,23:35:34.454000,4.903735,-7.999999797903001e-05,9.6176e-07,1.1359999999999752e-08,4.452095887530597e-10,2.782639929704601
SaveOnEvent_ch1_20260927233534502.wfm,23:35:34.502000,4.903975,-0.001120000029914081,-1.1199999999999994e-08,8.43199999999999e-08,-6.991999963531282e-11,-0.4369599977217149
SaveOnEvent_ch1_20260927233534655.wfm,23:35:34.655000,4.90474,-0.00015999999595806003,2.083199999999999e-07,1.1632000000000018e-07,1.0940159723628293e-10,0.6838399827247486
SaveOnEvent_ch1_20260927233534702.wfm,23:35:34.702000,4.904975,-0.0008800000068731606,-1.5360000000000053e-08,7.792000000000026e-08,1.5135999503545483e-10,0.9460799689695705
SaveOnEvent_ch1_20260927233534854.wfm,23:35:34.854000,4.905735,-7.999999797903001e-05,-1.2128e-06,3.0152e-06,1.2697599679231632e-10,0.7936799799499568
SaveOnEvent_ch1_20260927233534902.wfm,23:35:34.902000,4.905975,-0.001120000029914081,-1.2959999999999873e-08,8.175999999999996e-08,-7.563519986346383e-11,-0.47271999914664775
SaveOnEvent_ch1_20260927233535054.wfm,23:35:35.054000,4.906735,-0.00023999999393709004,1.36256e-06,3.964479999999999e-06,-1.809151954296976e-10,-1.1307999714335892
SaveOnEvent_ch1_20260927233535102.wfm,23:35:35.102000,4.906975,-0.0007999999797903001,-1.3439999999999993e-08,8.368000000000002e-08,-2.376831949921324e-10,-1.485599968698807
SaveOnEvent_ch1_20260927233535254.wfm,23:35:35.254000,4.907735,-7.999999797903001e-05,-1.99808e-06,3.51264e-06,2.1143679465865726e-10,1.3215199666155968
SaveOnEvent_ch1_20260927233535302.wfm,23:35:35.302000,4.907975,-0.0007999999797903001,-1.519999999999987e-08,7.792000000000026e-08,2.590335924690589e-10,1.6191199529275764
SaveOnEvent_ch1_20260927233535454.wfm,23:35:35.454000,4.908735,-0.00023999999393709004,8.232e-07,2.86384e-06,-2.081791947409511e-10,-1.3011199671309441
SaveOnEvent_ch1_20260927233535502.wfm,23:35:35.502000,4.908975,-0.001120000029914081,1.9496000000000004e-06,2.0504e-06,-4.4377599581610403e-10,-2.7741599738656078
SaveOnEvent_ch1_20260927233535654.wfm,23:35:35.654000,4.909735,-0.00015999999595806003,-2.3711999999999994e-07,2.06768e-06,3.50079991156237e-12,0.021839999448275194
SaveOnEvent_ch1_20260927233535702.wfm,23:35:35.702000,4.909975,-0.0008800000068731606,-1.0399999999999934e-08,9.152000000000001e-08,4.623359704390188e-11,0.28903998152236454
SaveOnEvent_ch1_20260927233535854.wfm,23:35:35.854000,4.910735,-0.00015999999595806003,5.6288e-07,8.099199999999998e-07,-1.9603199504781496e-11,-0.12247999690589495
SaveOnEvent_ch1_20260927233535902.wfm,23:35:35.902000,4.910975,-0.0010400000028312206,-8.799999999999814e-09,6.240000000000003e-08,-1.4154239727184178e-10,-0.884639982949011
SaveOnEvent_ch1_20260927233536054.wfm,23:35:36.054000,4.911735,-0.00015999999595806003,-1.9662399999999997e-06,2.02272e-06,9.78111975290814e-11,0.6113599845557474
SaveOnEvent_ch1_20260927233536102.wfm,23:35:36.102000,4.911975,-0.0010400000028312206,-2.0319999999999748e-08,8.72000000000002e-08,-1.671999970194883e-10,-1.0451199813687708
SaveOnEvent_ch1_20260927233536254.wfm,23:35:36.254000,4.912735,-0.00015999999595806003,-1.71104e-06,1.19312e-06,2.3014399418607305e-11,0.14383999636629596
SaveOnEvent_ch1_20260927233536302.wfm,23:35:36.302000,4.912975,-0.0024800000246614218,1.98496e-06,1.5679999999999992e-07,-4.806719989702105e-10,-3.0054399935761467
SaveOnEvent_ch1_20260927233536454.wfm,23:35:36.454000,4.913735,-0.00023999999393709004,-1.79664e-06,3.97728e-06,-3.2462079179938906e-10,-2.028959948744159
SaveOnEvent_ch1_20260927233536502.wfm,23:35:36.502000,4.913975,-0.0009599999757483602,-1.5360000000000053e-08,8.144000000000002e-08,7.742719700094303e-11,0.48399998125387356
SaveOnEvent_ch1_20260927233536654.wfm,23:35:36.654000,4.914735,-0.00015999999595806003,-1.97248e-06,8.689600000000002e-07,5.162879869574638e-11,0.32263999184942804
SaveOnEvent_ch1_20260927233536702.wfm,23:35:36.702000,4.914975,-0.0010400000028312206,-8.479999999999875e-09,8.144000000000002e-08,-3.2748800523113474e-11,-0.2046400032704696
SaveOnEvent_ch1_20260927233536854.wfm,23:35:36.854000,4.915735,-7.999999797903001e-05,-1.2215999999999999e-06,3.1860799999999993e-06,1.9160319515969604e-10,1.1975999697460793
SaveOnEvent_ch1_20260927233536902.wfm,23:35:36.902000,4.9159749999999995,-0.001120000029914081,-1.2319999999999994e-08,8.000000000000008e-08,-2.7855999472783876e-10,-1.741119967045961
SaveOnEvent_ch1_20260927233537054.wfm,23:35:37.054000,4.916735,-0.00015999999595806003,-1.7052799999999999e-06,3.4175999999999997e-06,-1.3111679668771105e-10,-0.8195199792971835
SaveOnEvent_ch1_20260927233537102.wfm,23:35:37.102000,4.916975,-0.0009599999757483602,-8.959999999999996e-09,8.847999999999996e-08,-4.473407897516157e-10,-2.7959999359445646
SaveOnEvent_ch1_20260927233537254.wfm,23:35:37.254000,4.917735,-0.00023999999393709004,-1.3545599999999999e-06,3.8839999999999996e-06,-3.668287907331251e-10,-2.292799942079
SaveOnEvent_ch1_20260927233537302.wfm,23:35:37.302000,4.917975,-0.0009599999757483602,-1.3279999999999812e-08,8.287999999999996e-08,-3.0679679316235717e-10,-1.9175199572637212
SaveOnEvent_ch1_20260927233537454.wfm,23:35:37.454000,4.918735,-7.999999797903001e-05,-2e-06,3.94832e-06,2.091583947162145e-10,1.3071999669773504
SaveOnEvent_ch1_20260927233537502.wfm,23:35:37.502000,4.918975,-0.007280000019818544,2.481600000000002e-07,5.420799999999997e-07,-4.872812801401597e-09,-30.455280008754926
SaveOnEvent_ch1_20260927233537654.wfm,23:35:37.654000,4.919735,-0.00015999999595806003,9.006399999999997e-07,4.800000000001208e-10,1.5464959609322235e-10,0.9666399755806196
SaveOnEvent_ch1_20260927233537702.wfm,23:35:37.702000,4.919975,-0.009600000455975533,2.419200000000003e-07,5.103999999999998e-07,-6.181203195776324e-09,-38.632799973594956
SaveOnEvent_ch1_20260927233537854.wfm,23:35:37.854000,4.920735,-0.00015999999595806003,-1.3847999999999999e-06,1.52272e-06,-2.745599930640379e-12,-0.017119999567512423
SaveOnEvent_ch1_20260927233537903.wfm,23:35:37.903000,4.92098,-0.001120000029914081,-1.0079999999999995e-08,7.456000000000027e-08,-1.9238401087932198e-11,-0.1202400067995768
SaveOnEvent_ch1_20260927233538055.wfm,23:35:38.055000,4.92174,-0.00015999999595806003,1.3190399999999998e-06,2.4000000000001803e-09,2.265855942759662e-10,1.4161599642247893
SaveOnEvent_ch1_20260927233538102.wfm,23:35:38.102000,4.921975,-0.001120000029914081,-7.359999999999875e-09,8.495999999999978e-08,-4.2177279111463596e-10,-2.6360799444664735
SaveOnEvent_ch1_20260927233538254.wfm,23:35:38.254000,4.922735,-7.999999797903001e-05,3.4880000000000164e-08,1.9519999999999993e-06,2.7884799295570696e-10,1.7427999559731688
SaveOnEvent_ch1_20260927233538302.wfm,23:35:38.302000,4.922975,-0.0010400000028312206,-6.399999999998787e-10,9.024000000000026e-08,-9.704319899203261e-11,-0.606479993701214
SaveOnEvent_ch1_20260927233538454.wfm,23:35:38.454000,4.923735,-0.00015999999595806003,-1.47984e-06,2.7992e-06,1.4284159639151752e-10,0.8927199774479959
SaveOnEvent_ch1_20260927233538502.wfm,23:35:38.502000,4.923975,-0.0010400000028312206,-1.519999999999987e-08,8.383999999999978e-08,-2.0198399618268006e-10,-1.2623999761417508
SaveOnEvent_ch1_20260927233538654.wfm,23:35:38.654000,4.924735,-0.00023999999393709004,1.92896e-06,3.6328e-06,-8.778879778226843e-11,-0.5487199861381669
SaveOnEvent_ch1_20260927233538702.wfm,23:35:38.702000,4.924975,-0.0009599999757483602,-1.5999999999996967e-09,6.320000000000009e-08,4.899199749575931e-11,0.306239984347485
SaveOnEvent_ch1_20260927233538854.wfm,23:35:38.854000,4.9257349999999995,-0.00023999999393709004,-8.651199999999999e-07,3.9456e-06,-1.4331519637955345e-10,-0.8957599773711991
SaveOnEvent_ch1_20260927233538902.wfm,23:35:38.902000,4.925975,-0.0009599999757483602,-8.319999999999693e-09,7.37600000000002e-08,7.264639704255384e-11,0.4540799815149512
SaveOnEvent_ch1_20260927233539054.wfm,23:35:39.054000,4.926735,-0.00015999999595806003,1.8980799999999995e-06,3.200000000000071e-08,7.765759803820375e-11,0.4853599877387751
SaveOnEvent_ch1_20260927233539102.wfm,23:35:39.102000,4.9269750000000005,-0.0007999999797903001,-1.3279999999999812e-08,7.472000000000002e-08,4.776895872433669e-10,2.985679920268012
SaveOnEvent_ch1_20260927233539254.wfm,23:35:39.254000,4.927735,-0.00015999999595806003,1.5908799999999998e-06,6.560000000000239e-09,2.7951999293873086e-10,1.7470399558660574
SaveOnEvent_ch1_20260927233539302.wfm,23:35:39.302000,4.927975,-0.0008800000068731606,-7.199999999999694e-09,8.336000000000008e-08,5.043198610656067e-12,0.03151999131659977
SaveOnEvent_ch1_20260927233539454.wfm,23:35:39.454000,4.928735,-7.999999797903001e-05,1.4833599999999998e-06,1.903999999999999e-07,3.9387519004987544e-10,2.4617599378107116
SaveOnEvent_ch1_20260927233539502.wfm,23:35:39.502000,4.928975,-0.0008800000068731606,-1.775999999999981e-08,9.119999999999965e-08,-1.6908159702317782e-10,-1.0567999813938513
SaveOnEvent_ch1_20260927233539654.wfm,23:35:39.654000,4.929735,-0.00015999999595806003,-2.3344e-07,2.2332799999999997e-06,-1.121279971674084e-10,-0.700879982294282
SaveOnEvent_ch1_20260927233539702.wfm,23:35:39.702000,4.929975,-0.0008800000068731606,-1.984000000000005e-08,8.560000000000008e-08,-6.90239993645808e-11,-0.4314399960276205
SaveOnEvent_ch1_20260927233539854.wfm,23:35:39.854000,4.930735,-0.00015999999595806003,-1.40896e-06,3.37184e-06,-1.9340159511426474e-10,-1.2087999694631435
SaveOnEvent_ch1_20260927233539902.wfm,23:35:39.902000,4.930975,-0.0009599999757483602,-1.0559999999999692e-08,8.032000000000002e-08,1.7734398508910075e-11,0.11087999067967758
SaveOnEvent_ch1_20260927233540054.wfm,23:35:40.054000,4.931735,-0.00023999999393709004,-8e-07,3.9996799999999995e-06,-3.6248959084274245e-10,-2.265679942764109
SaveOnEvent_ch1_20260927233540102.wfm,23:35:40.102000,4.931975,-0.0012000000569969416,-4.639999999999756e-09,7.472000000000002e-08,1.559679790632813e-11,0.09751998691353947
SaveOnEvent_ch1_20260927233540254.wfm,23:35:40.254000,4.932735,-0.00015999999595806003,-1.91232e-06,3.5412799999999997e-06,-1.577279960154557e-10,-0.9858399750955869
SaveOnEvent_ch1_20260927233540302.wfm,23:35:40.302000,4.932975,-0.001120000029914081,-1.1359999999999752e-08,8.000000000000008e-08,-2.1734399612061674e-10,-1.358479975751834
SaveOnEvent_ch1_20260927233540454.wfm,23:35:40.454000,4.933735,-0.00015999999595806003,-1.1001599999999998e-06,3.0329599999999998e-06,-8.712959779892123e-11,-0.5445599862432573
SaveOnEvent_ch1_20260927233540502.wfm,23:35:40.502000,4.933975,-0.0009599999757483602,-1.3759999999999933e-08,8.063999999999996e-08,-2.857791942055334e-10,-1.7861599637835752
SaveOnEvent_ch1_20260927233540654.wfm,23:35:40.654000,4.934735,-7.999999797903001e-05,-2e-06,3.74976e-06,1.4913279623258858e-10,0.9320799764536787
SaveOnEvent_ch1_20260927233540702.wfm,23:35:40.702000,4.934975,-0.0010400000028312206,-3.199999999999817e-09,9.247999999999983e-08,-1.8000639683566988e-10,-1.1250399802229367
SaveOnEvent_ch1_20260927233540854.wfm,23:35:40.854000,4.935735,-0.00015999999595806003,-1.95312e-06,3.67056e-06,-1.3319039663532768e-10,-0.8324799789697863
SaveOnEvent_ch1_20260927233540901.wfm,23:35:40.901000,4.93597,-0.001120000029914081,-7.839999999999996e-09,7.727999999999996e-08,-4.3511679064249617e-10,-2.7195199415145908
SaveOnEvent_ch1_20260927233541053.wfm,23:35:41.053000,4.93673,-0.00023999999393709004,5.4496e-07,3.94192e-06,-1.8791039525298415e-10,-1.1744799703301396
SaveOnEvent_ch1_20260927233541102.wfm,23:35:41.102000,4.936975,-0.0010400000028312206,-3.3599999999999983e-09,7.567999999999984e-08,-3.633087917766534e-10,-2.270799948601052
SaveOnEvent_ch1_20260927233541253.wfm,23:35:41.253000,4.93773,-0.00015999999595806003,1.4251199999999998e-06,2.047999999999993e-08,9.017599772196248e-11,0.5635999857622664
SaveOnEvent_ch1_20260927233541302.wfm,23:35:41.302000,4.937975,-0.0009599999757483602,-7.679999999999815e-09,7.503999999999996e-08,1.250431959750131e-10,0.7815199748438317
SaveOnEvent_ch1_20260927233541454.wfm,23:35:41.454000,4.938735,-0.00015999999595806003,-6.6112e-07,2.5548799999999998e-06,-1.0195839742431434e-10,-0.6372799839009531
SaveOnEvent_ch1_20260927233541502.wfm,23:35:41.502000,4.938975,-0.0010400000028312206,-6.719999999999997e-09,8.784000000000008e-08,-1.919743968546392e-10,-1.199759980343515
SaveOnEvent_ch1_20260927233541654.wfm,23:35:41.654000,4.939735,-0.00015999999595806003,-1.9009599999999998e-06,4.79999999999909e-10,2.640127933304757e-10,1.650159958313452
SaveOnEvent_ch1_20260927233541702.wfm,23:35:41.702000,4.9399750000000004,-0.0008800000068731606,-1.2159999999999812e-08,9.295999999999995e-08,5.05983972968533e-11,0.31631998310331255
SaveOnEvent_ch1_20260927233541854.wfm,23:35:41.854000,4.940735,-0.00015999999595806003,-1.6264e-06,3.1473600000000003e-06,-1.8438399534206862e-11,-0.11527999708778225
SaveOnEvent_ch1_20260927233541902.wfm,23:35:41.902000,4.940975,-0.0010400000028312206,-3.999999999999877e-09,9.439999999999989e-08,-1.8705919683910923e-10,-1.1691999802424107
SaveOnEvent_ch1_20260927233542054.wfm,23:35:42.054000,4.941735,-7.999999797903001e-05,-1.64128e-06,2.5171199999999997e-06,2.508607936627232e-10,1.5679999603889883
SaveOnEvent_ch1_20260927233542102.wfm,23:35:42.102000,4.941975,-0.0007200000109151006,-1.391999999999969e-08,8.99199999999999e-08,3.4649598379619386e-11,0.21655998987262137
SaveOnEvent_ch1_20260927233542254.wfm,23:35:42.254000,4.942735,0.0,-9.3936e-07,,4.855615877336822e-10,3.0348799233324826
SaveOnEvent_ch1_20260927233542302.wfm,23:35:42.302000,4.942975,-0.001120000029914081,-1.727999999999969e-08,7.968000000000014e-08,-3.218559939227998e-10,-2.011679962015478
SaveOnEvent_ch1_20260927233542454.wfm,23:35:42.454000,4.943735,-0.00015999999595806003,-2e-06,3.5721599999999996e-06,-7.406079812906682e-11,-0.4629599883046467
SaveOnEvent_ch1_20260927233542502.wfm,23:35:42.502000,4.943975,-0.0012799999676644802,-1.0239999999999753e-08,8.575999999999984e-08,-4.5812479094602165e-10,-2.8633599434106145
SaveOnEvent_ch1_20260927233542654.wfm,23:35:42.654000,4.944735,-0.00031999999191612005,2.8319999999999925e-08,3.8803200000000005e-06,-5.884607851342298e-10,-3.677999907085905
SaveOnEvent_ch1_20260927233542702.wfm,23:35:42.702000,4.944975,-0.003920000046491623,8.692800000000002e-07,1.5423999999999998e-06,-5.4449536052229816e-09,-34.031760032637976
SaveOnEvent_ch1_20260927233542854.wfm,23:35:42.854000,4.945735,-0.00015999999595806003,-1.93328e-06,7.556800000000001e-07,9.082879770547155e-11,0.567679985659197
SaveOnEvent_ch1_20260927233542902.wfm,23:35:42.902000,4.945975,-0.0012000000569969416,-8.159999999999935e-09,7.37600000000002e-08,-1.4536959881894298e-10,-0.9085599926183932
SaveOnEvent_ch1_20260927233543054.wfm,23:35:43.054000,4.946735,-0.00015999999595806003,-1.85568e-06,2.6411199999999997e-06,-1.2477439684793385e-10,-0.7798399802995846
SaveOnEvent_ch1_20260927233543103.wfm,23:35:43.103000,4.94698,-0.0008800000068731606,-1.775999999999981e-08,9.295999999999995e-08,-3.346111933304929e-10,-2.0913599583145697
SaveOnEvent_ch1_20260927233543255.wfm,23:35:43.255000,4.94774,-0.00015999999595806003,-1.9824e-06,2.6201599999999997e-06,-1.7732479552039878e-10,-1.1083199720014818
SaveOnEvent_ch1_20260927233543302.wfm,23:35:43.302000,4.947975,-0.0010400000028312206,-1.967999999999987e-08,8.015999999999984e-08,-1.3539199806051316e-10,-0.8462399878771976
SaveOnEvent_ch1_20260927233543454.wfm,23:35:43.454000,4.948735,-7.999999797903001e-05,-1.9259199999999998e-06,3.6025599999999998e-06,2.1287679462227975e-10,1.3304799663892481
SaveOnEvent_ch1_20260927233543502.wfm,23:35:43.502000,4.948975,-0.0010400000028312206,-1.551999999999981e-08,8.592000000000002e-08,-2.5027839499991384e-10,-1.5643199687474407
SaveOnEvent_ch1_20260927233543654.wfm,23:35:43.654000,4.949735,-0.00015999999595806003,-2.576000000000001e-07,1.65296e-06,3.329919915879157e-11,0.20807999474345706
SaveOnEvent_ch1_20260927233543702.wfm,23:35:43.702000,4.949975,-0.001120000029914081,-5.439999999999816e-09,7.632000000000014e-08,-2.216639960766769e-10,-1.3854399754782207
SaveOnEvent_ch1_20260927233543854.wfm,23:35:43.854000,4.950735,-0.00015999999595806003,-1.96768e-06,3.69792e-06,4.562559884740038e-11,0.285199992795242
SaveOnEvent_ch1_20260927233543902.wfm,23:35:43.902000,4.950975,-0.0010400000028312206,-9.279999999999935e-09,8.224000000000008e-08,-3.3976959303719916e-10,-2.1235999564814847
SaveOnEvent_ch1_20260927233544054.wfm,23:35:44.054000,4.951735,-0.00015999999595806003,2.7999999999999986e-07,3.699200000000002e-07,8.796159777790304e-11,0.5497599861118942
SaveOnEvent_ch1_20260927233544102.wfm,23:35:44.102000,4.951975,-0.0010400000028312206,-1.775999999999981e-08,8.447999999999966e-08,-3.0138879378326254e-10,-1.8837599611433689
SaveOnEvent_ch1_20260927233544254.wfm,23:35:44.254000,4.952735,-0.00023999999393709004,-1.98992e-06,3.5935999999999998e-06,-3.467455912404696e-10,-2.167199945251923
SaveOnEvent_ch1_20260927233544302.wfm,23:35:44.302000,4.952975,-0.0009599999757483602,-1.711999999999993e-08,8.416000000000014e-08,-1.3059839808382102e-10,-0.8162399880238809
SaveOnEvent_ch1_20260927233544454.wfm,23:35:44.454000,4.953735,-0.00023999999393709004,8.483200000000001e-07,3.5169599999999993e-06,-8.77055977843701e-11,-0.5481599861523136
SaveOnEvent_ch1_20260927233544502.wfm,23:35:44.502000,4.953975,-0.0010400000028312206,-6.559999999999815e-09,7.664000000000008e-08,-2.3765119502088057e-10,-1.485279968881514
SaveOnEvent_ch1_20260927233544654.wfm,23:35:44.654000,4.954735,-0.00023999999393709004,-1.79744e-06,3.3948799999999998e-06,-1.1828479701187446e-10,-0.7393599813221954
SaveOnEvent_ch1_20260927233544702.wfm,23:35:44.702000,4.954975,-0.0008800000068731606,-1.935999999999993e-08,8.448000000000008e-08,1.7132799432147308e-10,1.070799964509206
SaveOnEvent_ch1_20260927233544854.wfm,23:35:44.854000,4.955735,-0.00015999999595806003,3.1200000000000015e-07,6.399999999998787e-10,2.6773119323654106e-10,1.6733599577273708
SaveOnEvent_ch1_20260927233544902.wfm,23:35:44.902000,4.9559750000000005,-0.0009599999757483602,-1.0399999999999934e-08,8.735999999999996e-08,-1.3138559770071897e-10,-0.8211199856305029
SaveOnEvent_ch1_20260927233545056.wfm,23:35:45.056000,4.956745,-0.00015999999595806003,-1.7971199999999998e-06,3.7505599999999995e-06,-1.2257279690355064e-10,-0.7660799806471914
SaveOnEvent_ch1_20260927233545102.wfm,23:35:45.102000,4.956975,-0.0010400000028312206,-1.0880000000000055e-08,8.31999999999999e-08,1.7318398118950437e-11,0.10823998824344017
SaveOnEvent_ch1_20260927233545254.wfm,23:35:45.254000,4.957735,-0.00023999999393709004,-6.3024e-07,3.964959999999999e-06,-3.71596790612675e-10,-2.3225599413271993
SaveOnEvent_ch1_20260927233545302.wfm,23:35:45.302000,4.957975,-0.0010400000028312206,-1.855999999999987e-08,8.240000000000026e-08,1.1178239572793237e-10,0.6987199732975569
SaveOnEvent_ch1_20260927233545454.wfm,23:35:45.454000,4.958735,-0.00023999999393709004,5.209599999999999e-07,3.82304e-06,-2.292863942077383e-10,-1.4331199637963437
SaveOnEvent_ch1_20260927233545502.wfm,23:35:45.502000,4.958975,-0.0009599999757483602,-1.519999999999987e-08,8.527999999999972e-08,-2.503359946957788e-10,-1.5646399668476079
SaveOnEvent_ch1_20260927233545654.wfm,23:35:45.654000,4.959735,-0.00023999999393709004,-1.8091199999999999e-06,3.6009599999999997e-06,-3.0540799228474484e-10,-1.9088799517776351
SaveOnEvent_ch1_20260927233545704.wfm,23:35:45.704000,4.959985,-0.0010400000028312206,-1.3599999999999751e-08,8.975999999999971e-08,-8.403199962340295e-11,-0.5251999976462685
SaveOnEvent_ch1_20260927233545854.wfm,23:35:45.854000,4.960735,-7.999999797903001e-05,-7.766399999999999e-07,2.77584e-06,2.77971192977857e-10,1.7373599561105948
SaveOnEvent_ch1_20260927233545902.wfm,23:35:45.902000,4.960975,-0.0010400000028312206,-1.4079999999999872e-08,7.951999999999996e-08,8.488319676602258e-11,0.5305599797866307
SaveOnEvent_ch1_20260927233546054.wfm,23:35:46.054000,4.961735,-0.00015999999595806003,-1.87984e-06,3.3744e-06,-9.256319766165692e-11,-0.578559985384345
SaveOnEvent_ch1_20260927233546102.wfm,23:35:46.102000,4.961975,-0.0012000000569969416,-8.799999999999814e-09,7.167999999999996e-08,-2.2407679672818633e-10,-1.4004799795511644
SaveOnEvent_ch1_20260927233546254.wfm,23:35:46.254000,4.962735,-0.00015999999595806003,-1.6707199999999999e-06,5.3168e-07,4.776959879323824e-11,0.29855999245774
SaveOnEvent_ch1_20260927233546302.wfm,23:35:46.302000,4.962975,-0.0010400000028312206,-2.320000000000005e-08,7.024000000000003e-08,5.287679745350051e-11,0.33047998408437707
SaveOnEvent_ch1_20260927233546454.wfm,23:35:46.454000,4.963735,-0.00015999999595806003,1.57952e-06,1.5360000000000053e-08,2.9968639242928457e-10,1.8731199526810087
SaveOnEvent_ch1_20260927233546502.wfm,23:35:46.502000,4.963975,-0.0010400000028312206,-7.839999999999996e-09,8.49600000000002e-08,-9.966719905147335e-11,-0.6229599940706976
SaveOnEvent_ch1_20260927233546654.wfm,23:35:46.654000,4.964735,-0.00015999999595806003,-9.759999999999992e-08,1.7625599999999998e-06,-2.638079933356515e-11,-0.16479999583680183
SaveOnEvent_ch1_20260927233546702.wfm,23:35:46.702000,4.964975,-0.0007999999797903001,-2.7519999999999865e-08,8.144000000000002e-08,1.673407950182446e-10,1.0459999688609969
SaveOnEvent_ch1_20260927233546854.wfm,23:35:46.854000,4.9657350000000005,-0.00023999999393709004,-1.3489599999999999e-06,3.99984e-06,-4.6056958836503314e-10,-2.878719927277416
SaveOnEvent_ch1_20260927233546902.wfm,23:35:46.902000,4.965975,-0.0009599999757483602,-1.3759999999999933e-08,7.935999999999978e-08,-2.8149119395529873e-10,-1.7593599622196052
SaveOnEvent_ch1_20260927233547054.wfm,23:35:47.054000,4.966735,-0.00015999999595806003,-1.92528e-06,3.4368000000000007e-07,5.233279867796227e-11,0.3271199917362537
SaveOnEvent_ch1_20260927233547102.wfm,23:35:47.102000,4.966975,-0.0010400000028312206,-3.6799999999999377e-09,8.000000000000008e-08,-5.044479967560625e-11,-0.31519999797455966
SaveOnEvent_ch1_20260927233547254.wfm,23:35:47.254000,4.967735,-0.00015999999595806003,-1.5448e-06,2.32016e-06,-2.736639930866659e-11,-0.17103999567916617
SaveOnEvent_ch1_20260927233547302.wfm,23:35:47.302000,4.967975,-0.0010400000028312206,-3.999999999999877e-09,8.04800000000002e-08,1.0347519653383643e-10,0.6467999783344567
SaveOnEvent_ch1_20260927233547454.wfm,23:35:47.454000,4.968735000000001,-7.999999797903001e-05,1.5224e-06,4.3359999999999997e-07,4.561343884770758e-10,2.8509599279786926
SaveOnEvent_ch1_20260927233547502.wfm,23:35:47.502000,4.968975,-0.0010400000028312206,-8.959999999999996e-09,7.679999999999984e-08,-4.147839998127899e-11,-0.2591999998840038
SaveOnEvent_ch1_20260927233547656.wfm,23:35:47.656000,4.969745,-0.00023999999393709004,7.231999999999984e-08,3.986879999999999e-06,-2.9786879247520115e-10,-1.8617599529679865
SaveOnEvent_ch1_20260927233547702.wfm,23:35:47.702000,4.969975,-0.0010400000028312206,-9.919999999999814e-09,7.407999999999972e-08,2.3197439329233e-10,1.4498399580770638
SaveOnEvent_ch1_20260927233547854.wfm,23:35:47.854000,4.970735,-0.00015999999595806003,-3.814400000000001e-07,1.4400000000001505e-09,7.649919806746772e-11,0.4781599879206624
SaveOnEvent_ch1_20260927233547902.wfm,23:35:47.902000,4.970975,-0.0008800000068731606,-1.4559999999999993e-08,9.680000000000007e-08,-1.5836799750337377e-10,-0.9898399843950756
SaveOnEvent_ch1_20260927233548054.wfm,23:35:48.054000,4.971735,-0.00015999999595806003,-1.55088e-06,2.99456e-06,-8.35327978897839e-11,-0.5220799868111499
SaveOnEvent_ch1_20260927233548102.wfm,23:35:48.102000,4.9719750000000005,-0.0009599999757483602,-1.1199999999999994e-08,6.560000000000027e-08,3.7969918944407244e-10,2.3732799340214115
SaveOnEvent_ch1_20260927233548254.wfm,23:35:48.254000,4.972735,-7.999999797903001e-05,-2.7712e-07,2.27424e-06,1.8684159527998417e-10,1.1678399704978801
SaveOnEvent_ch1_20260927233548304.wfm,23:35:48.304000,4.972985,-0.0009599999757483602,-1.2319999999999994e-08,8.304000000000014e-08,5.0105597653891935e-11,0.31319998533581384
SaveOnEvent_ch1_20260927233548454.wfm,23:35:48.454000,4.9737350000000005,-7.999999797903001e-05,1.5572799999999998e-06,4.75200000000001e-08,4.738559880293906e-10,2.96167992518167
SaveOnEvent_ch1_20260927233548502.wfm,23:35:48.502000,4.973975,-0.0009599999757483602,-1.3759999999999933e-08,8.60800000000002e-08,5.0847997085656825e-11,0.3178399817843456
SaveOnEvent_ch1_20260927233548654.wfm,23:35:48.654000,4.974735,-0.00015999999595806003,5.521599999999997e-07,1.6000000000001202e-09,2.392959939548747e-10,1.4956799622159451
SaveOnEvent_ch1_20260927233548702.wfm,23:35:48.702000,4.974975,-0.0010400000028312206,-5.439999999999816e-09,8.287999999999996e-08,-1.5651199771324185e-10,-0.9782399857067503
SaveOnEvent_ch1_20260927233548854.wfm,23:35:48.854000,4.975735,-0.00015999999595806003,-6.7136e-07,2.43808e-06,-9.78943975269795e-11,-0.6118399845436215
SaveOnEvent_ch1_20260927233548902.wfm,23:35:48.902000,4.975975,-0.001120000029914081,-1.2319999999999994e-08,7.60000000000002e-08,-1.7643519750796262e-10,-1.1027199844247662
SaveOnEvent_ch1_20260927233549054.wfm,23:35:49.054000,4.976735,-0.00023999999393709004,-1.61632e-06,1.29696e-06,1.569919960340494e-11,0.0980799975222908
SaveOnEvent_ch1_20260927233549102.wfm,23:35:49.102000,4.976975,-0.0008800000068731606,-3.999999999999877e-09,7.231999999999984e-08,7.356799715431404e-11,0.45983998221345246
SaveOnEvent_ch1_20260927233549254.wfm,23:35:49.254000,4.977735,-0.00015999999595806003,-1.57952e-06,2.5316799999999997e-06,-1.0109439744614057e-10,-0.631839984038379
SaveOnEvent_ch1_20260927233549302.wfm,23:35:49.302000,4.977975,-0.0008800000068731606,-1.3439999999999993e-08,8.511999999999996e-08,1.3707519563846285e-10,0.8567999727383722
SaveOnEvent_ch1_20260927233549454.wfm,23:35:49.454000,4.978735,-7.999999797903001e-05,-1.05008e-06,2.7056e-06,2.3663999402197065e-10,1.479119962634286
SaveOnEvent_ch1_20260927233549502.wfm,23:35:49.502000,4.978975,-0.0007999999797903001,-7.359999999999875e-09,7.696000000000002e-08,2.0729599320795393e-10,1.2956799575476907
SaveOnEvent_ch1_20260927233549654.wfm,23:35:49.654000,4.979735,-0.00023999999393709004,-1.3392000000000002e-07,3.2857599999999993e-06,-2.555583935440518e-10,-1.5971999596513342
SaveOnEvent_ch1_20260927233549702.wfm,23:35:49.702000,4.979975,-0.0008800000068731606,-7.520000000000057e-09,8.208000000000032e-08,2.0845439402619358e-10,1.3028799626627006
SaveOnEvent_ch1_20260927233549854.wfm,23:35:49.854000,4.980735,-0.00023999999393709004,-9.6192e-07,3.0671999999999996e-06,-2.080511947441846e-10,-1.3003199671511538
SaveOnEvent_ch1_20260927233549902.wfm,23:35:49.902000,4.980975,-0.0009599999757483602,-1.391999999999969e-08,8.94400000000002e-08,-2.1004800675436898e-11,-0.13128000422148034
SaveOnEvent_ch1_20260927233550054.wfm,23:35:50.054000,4.9817350000000005,-7.999999797903001e-05,-1.9664e-06,3.4071999999999998e-06,3.670463907276281e-10,2.2940799420466647
SaveOnEvent_ch1_20260927233550102.wfm,23:35:50.102000,4.981975,-0.001120000029914081,-6.0799999999996945e-09,7.60000000000002e-08,-3.9451519155642e-10,-2.4657599472266156
SaveOnEvent_ch1_20260927233550254.wfm,23:35:50.254000,4.982735,-0.00015999999595806003,1.34048e-06,2.0799999999998175e-09,3.1838079195702464e-10,1.9899999497283716
SaveOnEvent_ch1_20260927233550302.wfm,23:35:50.302000,4.982975,-0.0010400000028312206,-1.0079999999999995e-08,9.10399999999999e-08,-2.3397759521147244e-10,-1.4623999700706918
SaveOnEvent_ch1_20260927233550454.wfm,23:35:50.454000,4.983735,-0.00023999999393709004,-1.7902399999999999e-06,1.7580799999999998e-06,-1.416895964206195e-10,-0.8855999776278622
SaveOnEvent_ch1_20260927233550502.wfm,23:35:50.502000,4.983975,-0.0031999999191612005,1.98736e-06,5.3968e-07,-1.8403776052477768e-09,-11.503920032759197
SaveOnEvent_ch1_20260927233550654.wfm,23:35:50.654000,4.984735,-0.00015999999595806003,-1.52176e-06,1.24e-07,9.007359772454935e-11,0.5628799857804552
SaveOnEvent_ch1_20260927233550702.wfm,23:35:50.702000,4.984975,-0.0010400000028312206,-4.479999999999998e-09,8.736000000000038e-08,-3.429695929284208e-10,-2.1436799557995982
SaveOnEvent_ch1_20260927233550854.wfm,23:35:50.854000,4.985735,-0.00023999999393709004,7.131200000000001e-07,3.5692799999999997e-06,-2.0396159484749647e-10,-1.2747999677958433
SaveOnEvent_ch1_20260927233550903.wfm,23:35:50.903000,4.98598,-0.001120000029914081,-1.2639999999999933e-08,6.383999999999997e-08,-2.3237759586190808e-10,-1.4523199741379358
SaveOnEvent_ch1_20260927233551055.wfm,23:35:51.055000,4.98674,-7.999999797903001e-05,-9.480000000000001e-07,2.8078400000000003e-06,2.048383948253468e-10,1.2803199676563963
SaveOnEvent_ch1_20260927233551102.wfm,23:35:51.102000,4.986975,-0.0009599999757483602,-1.0399999999999934e-08,8.287999999999996e-08,-7.228159959893688e-11,-0.4516799974953756
SaveOnEvent_ch1_20260927233551254.wfm,23:35:51.254000,4.987735,-0.00015999999595806003,-1.97456e-06,3.815039999999999e-06,-2.3358719409909095e-10,-1.4599999631172977
SaveOnEvent_ch1_20260927233551302.wfm,23:35:51.302000,4.9879750000000005,-0.0009599999757483602,-1.3120000000000054e-08,8.99199999999999e-08,-1.54515197474975e-10,-0.9656799842196051
SaveOnEvent_ch1_20260927233551454.wfm,23:35:51.454000,4.988735,-0.00023999999393709004,-1.94688e-06,3.804e-06,-2.810367929004132e-10,-1.756559955625562
SaveOnEvent_ch1_20260927233551502.wfm,23:35:51.502000,4.988975,-0.004480000119656324,5.8416e-07,1.2630399999999999e-06,-5.6476672040997074e-09,-35.298640025634086
SaveOnEvent_ch1_20260927233551654.wfm,23:35:51.654000,4.989735,-7.999999797903001e-05,-1.05616e-06,2.94144e-06,3.0764159222831976e-10,1.9228799514239654
SaveOnEvent_ch1_20260927233551702.wfm,23:35:51.702000,4.989975,-0.0010400000028312206,-1.9200000000000595e-09,7.75999999999999e-08,3.913855890510607e-10,2.4462399315671064
SaveOnEvent_ch1_20260927233551854.wfm,23:35:51.854000,4.990735,-0.00015999999595806003,-1.9184e-06,3.8900800000000005e-06,-1.8191999540431426e-10,-1.1370399712759536
SaveOnEvent_ch1_20260927233551902.wfm,23:35:51.902000,4.990975,-0.0010400000028312206,-9.760000000000056e-09,7.391999999999996e-08,-4.959359974833195e-11,-0.3099199984280858
SaveOnEvent_ch1_20260927233552054.wfm,23:35:52.054000,4.991735,-0.00015999999595806003,-9.632e-07,2.6864e-06,2.6419199332595004e-11,0.16511999582871795
SaveOnEvent_ch1_20260927233552102.wfm,23:35:52.102000,4.991975,-0.0012000000569969416,-9.279999999999935e-09,7.791999999999984e-08,-2.4536959568737076e-10,-1.5335999730450567
SaveOnEvent_ch1_20260927233552254.wfm,23:35:52.254000,4.992735,-7.999999797903001e-05,-1.86992e-06,3.6868799999999997e-06,1.5007999620866012e-10,0.9379999763041269
SaveOnEvent_ch1_20260927233552302.wfm,23:35:52.302000,4.992975,-0.0010400000028312206,-5.439999999999816e-09,8.287999999999996e-08,-1.439679973782041e-10,-0.8997599836147856
SaveOnEvent_ch1_20260927233552454.wfm,23:35:52.454000,4.993735,-7.999999797903001e-05,9.014399999999998e-07,4.9760000000000096e-08,3.2690559174166974e-10,2.0431999483844265
SaveOnEvent_ch1_20260927233552502.wfm,23:35:52.502000,4.993975,-0.0010400000028312206,-1.2159999999999812e-08,7.920000000000002e-08,-6.747519934782765e-11,-0.4217599959229119
SaveOnEvent_ch1_20260927233552654.wfm,23:35:52.654000,4.994735,-0.00015999999595806003,-1.03488e-06,1.1327999999999991e-07,6.16255984432063e-11,0.3851999902690295
SaveOnEvent_ch1_20260927233552702.wfm,23:35:52.702000,4.994975,-0.0012000000569969416,-7.359999999999875e-09,7.93600000000002e-08,-5.4956800865475144e-11,-0.3435200054082088
SaveOnEvent_ch1_20260927233552854.wfm,23:35:52.854000,4.995735,-7.999999797903001e-05,-4.512e-07,2.3836799999999996e-06,2.881343927211128e-10,1.8008799545059446
SaveOnEvent_ch1_20260927233552902.wfm,23:35:52.902000,4.995975,-0.0010400000028312206,6.400000000000057e-09,9.008000000000008e-08,-6.312959963921459e-11,-0.3945599977450911
SaveOnEvent_ch1_20260927233553054.wfm,23:35:53.054000,4.996735,0.0,-1.8419199999999998e-06,,3.6830719069577743e-10,2.3019999418465886
SaveOnEvent_ch1_20260927233553102.wfm,23:35:53.102000,4.996975,-0.0009599999757483602,-7.999999999999754e-09,7.855999999999972e-08,-4.8768000393174363e-11,-0.3048000024573412
SaveOnEvent_ch1_20260927233553254.wfm,23:35:53.254000,4.9977350000000005,-7.999999797903001e-05,-1.88688e-06,3.55216e-06,2.2047359443036823e-10,1.377999965188792
SaveOnEvent_ch1_20260927233553302.wfm,23:35:53.302000,4.997975,-0.0010400000028312206,-2.6719999999999805e-08,9.472000000000026e-08,-5.890559864230455e-10,-3.6816799151420128
SaveOnEvent_ch1_20260927233553454.wfm,23:35:53.454000,4.998735,-0.00015999999595806003,-1.41808e-06,,8.420479787280784e-11,0.5263199867040385
SaveOnEvent_ch1_20260927233553503.wfm,23:35:53.503000,4.9989799999999995,-0.0012000000569969416,-3.8399999999996956e-09,8.224000000000008e-08,-3.0203519423725094e-10,-1.8877599639818072
SaveOnEvent_ch1_20260927233553655.wfm,23:35:53.655000,4.99974,-0.00015999999595806003,-1.03712e-06,2.80416e-06,-7.282559816027077e-11,-0.45511998850270174
SaveOnEvent_ch1_20260927233553702.wfm,23:35:53.702000,4.999975,-0.0010400000028312206,-9.119999999999753e-09,9.008000000000008e-08,-2.0733439624309538e-10,-1.2959199765173253
SaveOnEvent_ch1_20260927233553854.wfm,23:35:53.854000,5.000735,-0.00015999999595806003,-6.2656e-07,2.68e-07,-1.83039995376019e-11,-0.11439999711001292
SaveOnEvent_ch1_20260927233553902.wfm,23:35:53.902000,5.000975,-0.0010400000028312206,-9.439999999999693e-09,7.183999999999972e-08,6.100479743443419e-11,0.38135998396319337
SaveOnEvent_ch1_20260927233554054.wfm,23:35:54.054000,5.001735,-0.00015999999595806003,-1.39344e-06,1.9108799999999997e-06,3.7830399044323734e-11,0.2363999940280337
SaveOnEvent_ch1_20260927233554101.wfm,23:35:54.101000,5.00197,-0.0009599999757483602,-1.1839999999999873e-08,8.256000000000002e-08,-3.3372159286867835e-10,-2.0858399554272182
SaveOnEvent_ch1_20260927233554254.wfm,23:35:54.254000,5.0027349999999995,-7.999999797903001e-05,-1.7903999999999998e-06,3.7401599999999995e-06,9.589759757742271e-11,0.5993599848588929
SaveOnEvent_ch1_20260927233554302.wfm,23:35:54.302000,5.002975,-0.0012000000569969416,-1.0079999999999995e-08,7.279999999999996e-08,-3.181567944213748e-10,-1.9884799651335925
SaveOnEvent_ch1_20260927233554454.wfm,23:35:54.454000,5.003735,-0.00015999999595806003,-1.7291199999999998e-06,3.6937599999999994e-06,-2.275839942507464e-11,-0.1423199964046944
SaveOnEvent_ch1_20260927233554502.wfm,23:35:54.502000,5.0039750000000005,-0.0009599999757483602,-1.0399999999999934e-08,8.208000000000032e-08,-8.088319941889507e-11,-0.5055199963680934
SaveOnEvent_ch1_20260927233554654.wfm,23:35:54.654000,5.004735,-7.999999797903001e-05,-1.8544e-06,1.3280000000000024e-08,4.199359893915244e-10,2.6247199336939957
SaveOnEvent_ch1_20260927233554702.wfm,23:35:54.702000,5.004975,-0.0008800000068731606,-5.9199999999999365e-09,8.49600000000002e-08,-4.55104002892042e-11,-0.2844000018085353
SaveOnEvent_ch1_20260927233554854.wfm,23:35:54.854000,5.005735,-0.00015999999595806003,-1.89568e-06,3.47728e-06,-2.0572799480287354e-10,-1.2858399675169494
SaveOnEvent_ch1_20260927233554902.wfm,23:35:54.902000,5.005975,-0.001120000029914081,-9.919999999999814e-09,7.696000000000002e-08,-2.363455958501436e-10,-1.477439974056324
SaveOnEvent_ch1_20260927233555054.wfm,23:35:55.054000,5.006735,-0.00015999999595806003,-9.1056e-07,1.5999999999996967e-10,7.226879817433663e-11,0.45167998858960345
SaveOnEvent_ch1_20260927233555102.wfm,23:35:55.102000,5.006975000000001,-0.001120000029914081,-1.2959999999999873e-08,7.60000000000002e-08,-2.1948799607111126e-10,-1.3718399754434358
SaveOnEvent_ch1_20260927233555254.wfm,23:35:55.254000,5.007735,-7.999999797903001e-05,-9.016e-07,1.9572799999999997e-06,3.1453439205419274e-10,1.9659199503366835
SaveOnEvent_ch1_20260927233555302.wfm,23:35:55.302000,5.007975,-0.0010400000028312206,-1.2639999999999933e-08,9.023999999999983e-08,-2.789951947028752e-10,-1.7436799668939784
SaveOnEvent_ch1_20260927233555454.wfm,23:35:55.454000,5.008735,-7.999999797903001e-05,2.6399999999999993e-07,8.649599999999999e-07,3.318143916176631e-10,2.073919947608374
SaveOnEvent_ch1_20260927233555502.wfm,23:35:55.502000,5.0089749999999995,-0.0016799999866634607,1.96256e-06,2.0216e-06,-1.2197759968065655e-09,-7.624479980033357
SaveOnEvent_ch1_20260927233555654.wfm,23:35:55.654000,5.009735,-7.999999797903001e-05,-1.62304e-06,2.3715199999999998e-06,3.499007911607622e-10,2.1869599447527435
SaveOnEvent_ch1_20260927233555702.wfm,23:35:55.702000,5.009975,-0.0012000000569969416,-6.400000000000057e-09,8.224000000000008e-08,-3.235199939645827e-10,-2.022079962276621
SaveOnEvent_ch1_20260927233555854.wfm,23:35:55.854000,5.010735,-0.00015999999595806003,-1.84992e-06,3.3769599999999998e-06,-7.769599803723407e-11,-0.4855999877327122
SaveOnEvent_ch1_20260927233555903.wfm,23:35:55.903000,5.01098,-0.0009599999757483602,-7.039999999999936e-09,8.336000000000008e-08,-1.105087983910924e-10,-0.6907199899433181
SaveOnEvent_ch1_20260927233556054.wfm,23:35:56.054000,5.011735,-0.00023999999393709004,1.4254399999999998e-06,2.6089599999999997e-06,-1.7083519568433976e-10,-1.0677599730261136
SaveOnEvent_ch1_20260927233556102.wfm,23:35:56.102000,5.011975,-0.0010400000028312206,-8.959999999999996e-09,7.968000000000014e-08,-8.517759931972268e-11,-0.5323999957472552
SaveOnEvent_ch1_20260927233556254.wfm,23:35:56.254000,5.012735,-0.00015999999595806003,-1.8880000000000233e-08,1.9689600000000003e-06,7.642879806924618e-11,0.4776799879327882
SaveOnEvent_ch1_20260927233556302.wfm,23:35:56.302000,5.012975,-0.001120000029914081,-1.791999999999999e-08,9.792000000000007e-08,-3.0269439463038e-10,-1.8918399664398748
SaveOnEvent_ch1_20260927233556454.wfm,23:35:56.454000,5.0137350000000005,-0.00023999999393709004,1.45744e-06,2.22368e-06,-2.1283199462341157e-10,-1.330239966395311
SaveOnEvent_ch1_20260927233556502.wfm,23:35:56.502000,5.013975,-0.0010400000028312206,-9.439999999999693e-09,7.839999999999996e-08,-2.1491200644522935e-11,-0.13432000402826816
SaveOnEvent_ch1_20260927233556654.wfm,23:35:56.654000,5.014735,-7.999999797903001e-05,-9.632e-07,1.97232e-06,2.2815999423619362e-10,1.426079963974189
SaveOnEvent_ch1_20260927233556702.wfm,23:35:56.702000,5.014975,-0.0008800000068731606,-8.319999999999693e-09,8.016000000000026e-08,2.4080639250576537e-10,1.505039953161031
SaveOnEvent_ch1_20260927233556854.wfm,23:35:56.854000,5.015735,-0.00015999999595806003,-4.518400000000001e-07,2.42384e-06,1.4286719639087104e-10,0.892959977441933
SaveOnEvent_ch1_20260927233556902.wfm,23:35:56.902000,5.015975,-0.001120000029914081,-1.2319999999999994e-08,7.711999999999978e-08,-1.300927983154542e-10,-0.8131199894705787
SaveOnEvent_ch1_20260927233557054.wfm,23:35:57.054000,5.016735000000001,-0.00015999999595806003,-1.96816e-06,3.1651199999999997e-06,-1.3541119657922551e-10,-0.8463199786201585
SaveOnEvent_ch1_20260927233557102.wfm,23:35:57.102000,5.016975,-0.0009599999757483602,-1.503999999999969e-08,8.015999999999984e-08,-1.272831981023773e-10,-0.7956799881358165
SaveOnEvent_ch1_20260927233557254.wfm,23:35:57.254000,5.017735,-0.00015999999595806003,-1.9729599999999997e-06,3.4548799999999996e-06,-7.404799812939063e-12,-0.04623999883187935
SaveOnEvent_ch1_20260927233557302.wfm,23:35:57.302000,5.017975,-0.0008800000068731606,-1.519999999999987e-08,9.232000000000007e-08,5.528319706209001e-11,0.3455999816360418
SaveOnEvent_ch1_20260927233557454.wfm,23:35:57.454000,5.018735,-0.00015999999595806003,-1.76208e-06,1.0240000000000007e-07,6.566399834118732e-12,0.0410399989632424
SaveOnEvent_ch1_20260927233557502.wfm,23:35:57.502000,5.018975,-0.0010400000028312206,-9.119999999999753e-09,7.280000000000039e-08,-2.289983954676426e-10,-1.4312799716717564
SaveOnEvent_ch1_20260927233557654.wfm,23:35:57.654000,5.019735,-0.00015999999595806003,-1.82528e-06,3.72368e-06,-1.8937599521595997e-10,-1.183679970097728
SaveOnEvent_ch1_20260927233557702.wfm,23:35:57.702000,5.0199750000000005,-0.0012000000569969416,-5.439999999999816e-09,6.75199999999999e-08,-2.0233599697938193e-10,-1.2646399811201263
SaveOnEvent_ch1_20260927233557854.wfm,23:35:57.854000,5.020735,-0.00015999999595806003,-1.38912e-06,2.01168e-06,2.9017599266953767e-11,0.18135999541846104
SaveOnEvent_ch1_20260927233557902.wfm,23:35:57.902000,5.020975,-0.0012799999676644802,-3.8399999999996956e-09,8.83200000000002e-08,-3.9408639268483965e-10,-2.463119954278227
SaveOnEvent_ch1_20260927233558054.wfm,23:35:58.054000,5.021735,-0.00015999999595806003,-1.81904e-06,8.480000000000087e-09,1.1162239718018106e-10,0.6976799823751207
SaveOnEvent_ch1_20260927233558102.wfm,23:35:58.102000,5.021975,-0.0010400000028312206,-1.695999999999975e-08,8.65599999999999e-08,-3.272447929577903e-10,-2.0453599559841678
SaveOnEvent_ch1_20260927233558254.wfm,23:35:58.254000,5.022735,-0.00015999999595806003,-1.40752e-06,8.441600000000001e-07,-7.37087981379592e-11,-0.46071998836123385
SaveOnEvent_ch1_20260927233558302.wfm,23:35:58.302000,5.022975,-0.0009599999757483602,-8.319999999999693e-09,8.464000000000026e-08,3.226239792304117e-11,0.2016799870179966
SaveOnEvent_ch1_20260927233558454.wfm,23:35:58.454000,5.023735,-0.00015999999595806003,-9.535999999999992e-08,1.6051199999999996e-06,8.900479775154955e-11,0.5563199859461747
SaveOnEvent_ch1_20260927233558502.wfm,23:35:58.502000,5.023975,-0.005040000192821026,1.3144e-06,9.291200000000003e-07,-4.460729611618444e-09,-27.880640072573442
SaveOnEvent_ch1_20260927233558654.wfm,23:35:58.654000,5.024735,-0.00015999999595806003,2.422399999999998e-07,9.500799999999999e-07,7.875839801039557e-11,0.49223998756497167
SaveOnEvent_ch1_20260927233558703.wfm,23:35:58.703000,5.02498,-0.0008800000068731606,-1.615999999999969e-08,8.047999999999978e-08,1.7146879438310856e-10,1.0717599648924079
SaveOnEvent_ch1_20260927233558855.wfm,23:35:58.855000,5.02574,-0.00015999999595806003,1.50032e-06,1.4399999999999388e-09,2.798719929298388e-10,1.7492799558094703
SaveOnEvent_ch1_20260927233558902.wfm,23:35:58.902000,5.025975,-0.0009599999757483602,-1.3599999999999751e-08,7.920000000000002e-08,-2.8657279398990806e-10,-1.7911199624359142
SaveOnEvent_ch1_20260927233559054.wfm,23:35:59.054000,5.026735,-0.00015999999595806003,1.06112e-06,3.7648e-07,1.320319966645939e-11,0.08247999791637994
SaveOnEvent_ch1_20260927233559102.wfm,23:35:59.102000,5.026975,-0.0010400000028312206,-1.3120000000000054e-08,7.42399999999999e-08,1.6102399474941185e-10,1.0064799671818037
SaveOnEvent_ch1_20260927233559254.wfm,23:35:59.254000,5.027735,-7.999999797903001e-05,-1.7576e-06,3.5751999999999997e-06,2.5324799360241713e-10,1.5828799600130878
SaveOnEvent_ch1_20260927233559302.wfm,23:35:59.302000,5.027975,-0.001120000029914081,-5.1199999999998764e-09,8.304000000000014e-08,-2.3706879527773716e-10,-1.4817599704838358
SaveOnEvent_ch1_20260927233559454.wfm,23:35:59.454000,5.028735,-0.00015999999595806003,-1.9824e-06,1.96304e-06,9.657599756028493e-11,0.6035999847517814
SaveOnEvent_ch1_20260927233559502.wfm,23:35:59.502000,5.028975,-0.0012000000569969416,-1.984000000000005e-08,8.623999999999996e-08,-5.46406389316544e-10,-3.4151199332263786
SaveOnEvent_ch1_20260927233559653.wfm,23:35:59.653000,5.02973,-0.00015999999595806003,-1.85888e-06,2.92144e-06,-1.622143959021195e-10,-1.0138399743882474
SaveOnEvent_ch1_20260927233559701.wfm,23:35:59.701000,5.0299700000000005,-0.001120000029914081,-1.519999999999987e-08,7.903999999999984e-08,-3.582975928066297e-10,-2.2393599550414365
SaveOnEvent_ch1_20260927233559853.wfm,23:35:59.853000,5.03073,-0.00023999999393709004,-8.460799999999999e-07,3.8032e-06,-2.4407679383410127e-10,-1.5255199614621233
SaveOnEvent_ch1_20260927233559902.wfm,23:35:59.902000,5.030975,-0.0010400000028312206,-4.479999999999998e-09,7.567999999999984e-08,2.2982398399617367e-11,0.14367998999659903
SaveOnEvent_ch1_20260927233600053.wfm,23:36:00.053000,5.03173,-7.999999797903001e-05,-1.94928e-06,3.87456e-06,3.392575914296323e-10,2.1203999464341905
SaveOnEvent_ch1_20260927233600102.wfm,23:36:00.102000,5.031975,-0.0009599999757483602,-9.439999999999693e-09,8.032000000000002e-08,6.691199689405046e-11,0.41823998058680445
SaveOnEvent_ch1_20260927233600254.wfm,23:36:00.254000,5.032735,-0.00015999999595806003,-1.7825599999999998e-06,3.0872e-06,3.057919922750442e-11,0.1911199951719027
SaveOnEvent_ch1_20260927233600302.wfm,23:36:00.302000,5.032975,-0.003280000062659383,1.8707199999999999e-06,5.143999999999997e-07,-2.1972543929587113e-09,-13.734479955950519
SaveOnEvent_ch1_20260927233600454.wfm,23:36:00.454000,5.033735,-0.00015999999595806003,-1.5664e-06,3.4025599999999996e-06,-1.3251199665246542e-10,-0.8282399790768977
SaveOnEvent_ch1_20260927233600502.wfm,23:36:00.502000,5.033975,-0.0008800000068731606,-1.967999999999987e-08,8.719999999999977e-08,-7.980159920407466e-11,-0.4987199950264767
SaveOnEvent_ch1_20260927233600654.wfm,23:36:00.654000,5.0347349999999995,-7.999999797903001e-05,-1.17184e-06,1.3280000000000024e-08,3.129855920933186e-10,1.956239950581221
SaveOnEvent_ch1_20260927233600702.wfm,23:36:00.702000,5.034975,-0.0010400000028312206,-8.319999999999693e-09,7.903999999999984e-08,-2.282239953381941e-10,-1.426479970861692
SaveOnEvent_ch1_20260927233600853.wfm,23:36:00.853000,5.03573,-0.00015999999595806003,-4.6208000000000007e-07,1.6944000000000007e-07,4.568959884578376e-11,0.28559999278513715
SaveOnEvent_ch1_20260927233600902.wfm,23:36:00.902000,5.0359750000000005,-0.001120000029914081,-7.359999999999875e-09,9.391999999999977e-08,-2.4718079629354183e-10,-1.5449599768326152
SaveOnEvent_ch1_20260927233601054.wfm,23:36:01.054000,5.036735,-7.999999797903001e-05,-1.31632e-06,1.26144e-06,2.4735359375132213e-10,1.546079960942734
SaveOnEvent_ch1_20260927233601102.wfm,23:36:01.102000,5.036975,-0.001120000029914081,-1.1839999999999873e-08,7.53599999999999e-08,-1.1413119919365249e-10,-0.71327999496134
SaveOnEvent_ch1_20260927233601254.wfm,23:36:01.254000,5.037735,-7.999999797903001e-05,-1.92496e-06,3.36928e-06,2.872255927440711e-10,1.7951999546494335
SaveOnEvent_ch1_20260927233601302.wfm,23:36:01.302000,5.037975,-0.0012799999676644802,1.9862400000000004e-06,2.02464e-06,-2.0840320243732982e-10,-1.3031200152181555
SaveOnEvent_ch1_20260927233601454.wfm,23:36:01.454000,5.038735,-7.999999797903001e-05,-1.77888e-06,3.4795199999999996e-06,1.765631955396384e-10,1.10351997212274
SaveOnEvent_ch1_20260927233601502.wfm,23:36:01.502000,5.038975,-0.0010400000028312206,-1.2479999999999752e-08,7.904000000000026e-08,-6.344319948693722e-11,-0.3965599967923481
SaveOnEvent_ch1_20260927233601654.wfm,23:36:01.654000,5.039735,-7.999999797903001e-05,-1.4543999999999996e-07,5.811199999999997e-07,2.630719933542424e-10,1.6442399584630039
SaveOnEvent_ch1_20260927233601702.wfm,23:36:01.702000,5.039975,-0.0012799999676644802,-1.3120000000000054e-08,7.584000000000002e-08,-5.205247886851434e-10,-3.2533599292801227
SaveOnEvent_ch1_20260927233601854.wfm,23:36:01.854000,5.040735,-0.00015999999595806003,-1.8648e-06,2.24656e-06,-7.980799798388024e-11,-0.49879998739925213
SaveOnEvent_ch1_20260927233601902.wfm,23:36:01.902000,5.0409749999999995,-0.0009599999757483602,-1.3279999999999812e-08,8.04800000000002e-08,2.5772798073012394e-11,0.1611199879553169
SaveOnEvent_ch1_20260927233602054.wfm,23:36:02.054000,5.041735,-7.999999797903001e-05,-1.97168e-06,3.74576e-06,2.0415359484264636e-10,1.2759999677655287
SaveOnEvent_ch1_20260927233602101.wfm,23:36:02.101000,5.04197,-0.0015200000489130616,1.9660800000000004e-06,2.0191999999999997e-06,-5.770880045345981e-10,-3.6075200283667073
SaveOnEvent_ch1_20260927233602254.wfm,23:36:02.254000,5.042735,-7.999999797903001e-05,-1.6895999999999999e-06,3.6361599999999993e-06,1.212735969363711e-10,0.7579999808513094
SaveOnEvent_ch1_20260927233602302.wfm,23:36:02.302000,5.042975,-0.0009599999757483602,-7.199999999999694e-09,8.576000000000026e-08,-1.155135984648952e-10,-0.7220799904025625
SaveOnEvent_ch1_20260927233602453.wfm,23:36:02.453000,5.04373,-0.00015999999595806003,-2.0096000000000002e-07,6.3568e-07,5.3036798660177905e-11,0.3315199916251004
SaveOnEvent_ch1_20260927233602502.wfm,23:36:02.502000,5.043975,-0.0008800000068731606,-1.935999999999993e-08,8.015999999999984e-08,1.0940799592761315e-10,0.6838399745465722
SaveOnEvent_ch1_20260927233602654.wfm,23:36:02.654000,5.044735,-0.00015999999595806003,8.476799999999998e-07,7.814400000000001e-07,5.5724798592273125e-11,0.34823999120271765
SaveOnEvent_ch1_20260927233602702.wfm,23:36:02.702000,5.044975,-0.0010400000028312206,-1.0880000000000055e-08,9.311999999999971e-08,-2.42451195360627e-10,-1.5153599710029084
SaveOnEvent_ch1_20260927233602854.wfm,23:36:02.854000,5.0457350000000005,-7.999999797903001e-05,-1.988e-06,3.93408e-06,1.6093439593445507e-10,1.0059199745883234
SaveOnEvent_ch1_20260927233602902.wfm,23:36:02.902000,5.045975,-0.0008800000068731606,-2.079999999999987e-08,8.368000000000002e-08,3.4148478989722217e-10,2.1343199368566275
SaveOnEvent_ch1_20260927233603054.wfm,23:36:03.054000,5.046735,-0.00015999999595806003,-1.3254399999999999e-06,1.6830399999999996e-06,-1.0732799728866589e-11,-0.06711999830440618
SaveOnEvent_ch1_20260927233603101.wfm,23:36:03.101000,5.04697,-0.001120000029914081,-1.4559999999999993e-08,5.359999999999979e-08,1.030015959450976e-10,0.6437599746568594
SaveOnEvent_ch1_20260927233603256.wfm,23:36:03.256000,5.047745,-0.00023999999393709004,1.90976e-06,3.4267199999999994e-06,-2.3930239395471276e-10,-1.4956799622159451
SaveOnEvent_ch1_20260927233603302.wfm,23:36:03.302000,5.047975,-0.0009599999757483602,-6.239999999999876e-09,8.224000000000008e-08,-1.7153919730102636e-10,-1.0721599831304047
SaveOnEvent_ch1_20260927233603454.wfm,23:36:03.454000,5.048735000000001,-7.999999797903001e-05,-1.65008e-06,3.41712e-06,2.9010559267131614e-10,1.8132799541926943
SaveOnEvent_ch1_20260927233603502.wfm,23:36:03.502000,5.048975,-0.0009599999757483602,-6.8799999999997546e-09,9.344000000000007e-08,-4.433535900013521e-10,-2.77103993750643
SaveOnEvent_ch1_20260927233603654.wfm,23:36:03.654000,5.049735,-7.999999797903001e-05,-1.8776e-06,3.79008e-06,2.0635519478702906e-10,1.2897599674179219
SaveOnEvent_ch1_20260927233603702.wfm,23:36:03.702000,5.049975,-0.0008800000068731606,-2.239999999999999e-08,8.335999999999966e-08,6.579839709913371e-11,0.4112799818685744
SaveOnEvent_ch1_20260927233603854.wfm,23:36:03.854000,5.0507349999999995,-7.999999797903001e-05,-1.93776e-06,3.8540799999999995e-06,1.8799359525088225e-10,1.1749599703180138
SaveOnEvent_ch1_20260927233603904.wfm,23:36:03.904000,5.050985,-0.0007999999797903001,-3.90399999999998e-08,8.176000000000038e-08,1.2101759559707706e-10,0.7563999724807218
SaveOnEvent_ch1_20260927233604054.wfm,23:36:04.054000,5.051735,-0.00015999999595806003,1.1183999999999976e-07,5.440000000000239e-09,6.620159832760677e-11,0.4137599895475432
SaveOnEvent_ch1_20260927233604102.wfm,23:36:04.102000,5.0519750000000005,-0.0009599999757483602,-1.4079999999999872e-08,7.792000000000026e-08,9.491199652664368e-11,0.5932799782895017
SaveOnEvent_ch1_20260927233604254.wfm,23:36:04.254000,5.052735,-0.00023999999393709004,5.7216e-07,3.914399999999999e-06,-1.4671359629370271e-10,-0.917039976833621
SaveOnEvent_ch1_20260927233604302.wfm,23:36:04.302000,5.052975,-0.0012000000569969416,-2.7839999999999805e-08,8.080000000000014e-08,-3.9487359291641035e-10,-2.4679999557265546
SaveOnEvent_ch1_20260927233604454.wfm,23:36:04.454000,5.053735,-7.999999797903001e-05,-1.948e-06,3.816319999999999e-06,1.8517119532218195e-10,1.1573599707626272
SaveOnEvent_ch1_20260927233604502.wfm,23:36:04.502000,5.053974999999999,-0.0009599999757483602,-1.583999999999975e-08,8.303999999999972e-08,-1.447679972928018e-10,-0.9047999830800109
SaveOnEvent_ch1_20260927233604654.wfm,23:36:04.654000,5.054735,-0.00015999999595806003,4.86400000000001e-08,2.5599999999999382e-09,6.865919826552269e-11,0.429119989159517
SaveOnEvent_ch1_20260927233604702.wfm,23:36:04.702000,5.054975,-0.0009599999757483602,-1.3759999999999933e-08,7.391999999999996e-08,-3.363840002100901e-11,-0.21024000013130717
SaveOnEvent_ch1_20260927233604854.wfm,23:36:04.854000,5.055735,-0.00015999999595806003,1.58704e-06,2.1919999999999868e-08,6.82239982765168e-11,0.42639998922822997
SaveOnEvent_ch1_20260927233604902.wfm,23:36:04.902000,5.055975,-0.0012000000569969416,-1.599999999999993e-08,8.20799999999999e-08,-5.397823895351031e-10,-3.3736799345933832
SaveOnEvent_ch1_20260927233605054.wfm,23:36:05.054000,5.056735,-7.999999797903001e-05,-1.75984e-06,3.6904e-06,2.545983935683035e-10,1.591279959800886
SaveOnEvent_ch1_20260927233605102.wfm,23:36:05.102000,5.0569749999999996,-0.0010400000028312206,-1.4879999999999932e-08,2.0624e-06,-4.98515189446043e-10,-3.116079934028676
SaveOnEvent_ch1_20260927233605254.wfm,23:36:05.254000,5.057735,-0.00023999999393709004,1.9504000000000008e-07,3.80128e-06,-2.94751992553938e-10,-1.8422399534611031
SaveOnEvent_ch1_20260927233605301.wfm,23:36:05.301000,5.05797,-0.0020000000949949026,1.95072e-06,2.0132799999999997e-06,-1.4540928046335467e-09,-9.08904002897907
SaveOnEvent_ch1_20260927233605453.wfm,23:36:05.453000,5.058730000000001,0.0,-9.332799999999999e-07,,5.828991852747278e-10,3.643279907963006
SaveOnEvent_ch1_20260927233605502.wfm,23:36:05.502000,5.058975,-0.0010400000028312206,-1.1039999999999813e-08,7.904000000000026e-08,-2.606399942864663e-10,-1.6290399642894045
SaveOnEvent_ch1_20260927233605654.wfm,23:36:05.654000,5.059735,-0.00023999999393709004,-7.454399999999999e-07,3.9878400000000004e-06,-2.2495359431719407e-10,-1.4059999644814525
SaveOnEvent_ch1_20260927233605702.wfm,23:36:05.702000,5.059975,-0.0010400000028312206,-1.3759999999999933e-08,7.632000000000014e-08,4.419839746784424e-11,0.2762399841740262
SaveOnEvent_ch1_20260927233605856.wfm,23:36:05.856000,5.060745,-0.00015999999595806003,-1.96144e-06,3.2286399999999997e-06,-1.031999973929489e-10,-0.6448799837089609
SaveOnEvent_ch1_20260927233605902.wfm,23:36:05.902000,5.060975,-0.0008800000068731606,-7.039999999999936e-09,8.99199999999999e-08,6.676479731220734e-11,0.41735998319927603
SaveOnEvent_ch1_20260927233606054.wfm,23:36:06.054000,5.0617350000000005,-0.00015999999595806003,-1.6494399999999999e-06,2.50176e-06,-2.3654399402439592e-11,-0.14783999626524746
SaveOnEvent_ch1_20260927233606102.wfm,23:36:06.102000,5.061975,-0.001120000029914081,-1.2319999999999994e-08,7.296000000000015e-08,1.2103039499139416e-10,0.7564799686952028
SaveOnEvent_ch1_20260927233606254.wfm,23:36:06.254000,5.062735,-0.00015999999595806003,-1.36992e-06,1.5819199999999998e-06,4.166399894747936e-12,0.025999999343184754
SaveOnEvent_ch1_20260927233606302.wfm,23:36:06.302000,5.062975,-0.001120000029914081,-1.1039999999999813e-08,5.7120000000000395e-08,2.468671924085356e-10,1.5430399525503162
SaveOnEvent_ch1_20260927233606454.wfm,23:36:06.454000,5.063735,-0.00015999999595806003,-1.75536e-06,1.4719999999999962e-08,3.723519905935971e-11,0.2327199941209983
SaveOnEvent_ch1_20260927233606504.wfm,23:36:06.504000,5.063985,-0.0018400000408291817,1.9302400000000004e-06,2.0124799999999997e-06,-7.692992041632531e-10,-4.808960026042769
SaveOnEvent_ch1_20260927233606654.wfm,23:36:06.654000,5.064735,-0.00015999999595806003,1.65936e-06,3.840000000000119e-09,1.9598719504894697e-10,1.2249599690549076
SaveOnEvent_ch1_20260927233606702.wfm,23:36:06.702000,5.0649750000000004,-0.0010400000028312206,-1.0239999999999753e-08,8.415999999999972e-08,-2.521215952374042e-10,-1.5758399702317547
SaveOnEvent_ch1_20260927233606854.wfm,23:36:06.854000,5.065735,-0.00015999999595806003,-6.8832e-07,2.68096e-06,-4.40639988868497e-11,-0.27543999304180034
SaveOnEvent_ch1_20260927233606902.wfm,23:36:06.902000,5.065975,-0.001120000029914081,-1.1199999999999994e-08,7.568000000000026e-08,3.4355197488330157e-11,0.2147199843020644
SaveOnEvent_ch1_20260927233607054.wfm,23:36:07.054000,5.0667349999999995,-0.00015999999595806003,-1.5608e-06,1.9104e-07,1.5578239606460567e-10,0.9736799754027743
SaveOnEvent_ch1_20260927233607102.wfm,23:36:07.102000,5.066975,-0.0009599999757483602,-1.0239999999999753e-08,8.43199999999999e-08,-8.847359909676011e-11,-0.552959994354751
SaveOnEvent_ch1_20260927233607254.wfm,23:36:07.254000,5.067735,-7.999999797903001e-05,-1.99472e-06,2.93744e-06,2.588735934603027e-10,1.617999959125882
SaveOnEvent_ch1_20260927233607302.wfm,23:36:07.302000,5.067975000000001,-0.001120000029914081,-1.615999999999969e-08,7.567999999999984e-08,-2.2581759659573427e-10,-1.4113599787233397
SaveOnEvent_ch1_20260927233607454.wfm,23:36:07.454000,5.068735,-0.00015999999595806003,-1.08912e-06,2.02768e-06,-8.371839788509545e-11,-0.5231999867828563
SaveOnEvent_ch1_20260927233607501.wfm,23:36:07.501000,5.06897,-0.0012000000569969416,-4.639999999999756e-09,8.464000000000026e-08,-3.0945919432910143e-10,-1.9341599645558745
SaveOnEvent_ch1_20260927233607654.wfm,23:36:07.654000,5.069735,-0.00015999999595806003,-9.632e-07,1.53552e-06,-3.046399923041421e-12,-0.019039999519009143
SaveOnEvent_ch1_20260927233607701.wfm,23:36:07.701000,5.06997,-0.001120000029914081,-8.959999999999996e-09,4.52800000000001e-08,6.519679693738007e-11,0.40751998085761443
SaveOnEvent_ch1_20260927233607853.wfm,23:36:07.853000,5.07073,-7.999999797903001e-05,-1.9886399999999997e-06,3.7295999999999994e-06,1.1767039702739571e-10,0.7354399814212229
SaveOnEvent_ch1_20260927233607902.wfm,23:36:07.902000,5.070975,-0.001120000029914081,-9.760000000000056e-09,9.456000000000007e-08,-3.39071993166581e-10,-2.119279957289109
SaveOnEvent_ch1_20260927233608053.wfm,23:36:08.053000,5.0717300000000005,-0.00015999999595806003,1.4825599999999997e-06,9.760000000000056e-09,1.62777595887892e-10,1.0173599742993247
SaveOnEvent_ch1_20260927233608102.wfm,23:36:08.102000,5.071975,-0.0010400000028312206,-1.1519999999999934e-08,6.688000000000003e-08,2.55187192375306e-10,1.5949599523446523
SaveOnEvent_ch1_20260927233608254.wfm,23:36:08.254000,5.072735,-0.00015999999595806003,2.7376e-07,1.54096e-06,9.687679755268609e-11,0.6055199847032782
SaveOnEvent_ch1_20260927233608302.wfm,23:36:08.302000,5.072975,-0.0008800000068731606,-3.951999999999992e-08,8.416000000000014e-08,-2.1271039569750424e-10,-1.3295199731073808
SaveOnEvent_ch1_20260927233608456.wfm,23:36:08.456000,5.073745,-7.999999797903001e-05,-1.86032e-06,3.6233599999999996e-06,1.8449919533915823e-10,1.1531999708677176
SaveOnEvent_ch1_20260927233608502.wfm,23:36:08.502000,5.073975,-0.0010400000028312206,-1.1679999999999692e-08,7.82400000000002e-08,9.094398438464733e-12,0.05687999023939483
SaveOnEvent_ch1_20260927233608654.wfm,23:36:08.654000,5.074735,0.0,-1.90736e-06,,4.3935998890083276e-10,2.7460799306281842
SaveOnEvent_ch1_20260927233608702.wfm,23:36:08.702000,5.074975,-0.0008800000068731606,-1.4879999999999932e-08,7.31199999999999e-08,3.372415905492381e-10,2.1078399409307167
SaveOnEvent_ch1_20260927233608854.wfm,23:36:08.854000,5.075735,-7.999999797903001e-05,-1.98448e-06,3.92e-06,1.3493119659135128e-10,0.8433599786949344
SaveOnEvent_ch1_20260927233608902.wfm,23:36:08.902000,5.075975,-0.0008800000068731606,-8.319999999999693e-09,9.456000000000007e-08,8.910079656634487e-11,0.556879978539655
SaveOnEvent_ch1_20260927233609054.wfm,23:36:09.054000,5.076735,-7.999999797903001e-05,-1.42432e-06,1.6228799999999998e-06,2.9560959253227335e-10,1.8475999533256982
SaveOnEvent_ch1_20260927233609103.wfm,23:36:09.103000,5.07698,-0.0009599999757483602,-5.1199999999998764e-09,8.064000000000038e-08,8.065279631409808e-11,0.5040799769631121
SaveOnEvent_ch1_20260927233609255.wfm,23:36:09.255000,5.07774,-0.00015999999595806003,-1.98144e-06,2.512e-06,-1.599999959580588e-13,-0.0009599999757483602
SaveOnEvent_ch1_20260927233609302.wfm,23:36:09.302000,5.077975,-0.0010400000028312206,-5.9199999999999365e-09,9.120000000000008e-08,-1.7850239672930903e-10,-1.1156799795571715
SaveOnEvent_ch1_20260927233609454.wfm,23:36:09.454000,5.078735,-0.00015999999595806003,-1.5388799999999999e-06,3.0681599999999994e-06,-5.160959869623215e-11,-0.322559991851449
SaveOnEvent_ch1_20260927233609502.wfm,23:36:09.502000,5.078975,-0.0009599999757483602,-9.439999999999693e-09,8.623999999999996e-08,-4.5472000224981394e-11,-0.2842400014051236
SaveOnEvent_ch1_20260927233609654.wfm,23:36:09.654000,5.079735,-0.00023999999393709004,9.2736e-07,3.3199999999999996e-06,-2.350335940625518e-10,-1.468959962890949
SaveOnEvent_ch1_20260927233609701.wfm,23:36:09.701000,5.07997,-0.0009599999757483602,-7.679999999999815e-09,6.976000000000033e-08,-3.2217600354924787e-11,-0.20136000221828
SaveOnEvent_ch1_20260927233609854.wfm,23:36:09.854000,5.080735,-0.00015999999595806003,-1.99008e-06,2.968000000000003e-07,1.6965759571408856e-10,1.0603199732140638
SaveOnEvent_ch1_20260927233609902.wfm,23:36:09.902000,5.0809750000000005,-0.0010400000028312206,-1.7600000000000052e-08,8.87999999999999e-08,-1.528639974282122e-10,-0.9554399839253165
SaveOnEvent_ch1_20260927233610054.wfm,23:36:10.054000,5.081735,-0.00015999999595806003,-1.98e-06,3.1352e-06,-1.4450559634948165e-10,-0.9031999771832488
SaveOnEvent_ch1_20260927233610102.wfm,23:36:10.102000,5.081975,-0.0012799999676644802,1.98752e-06,2.05712e-06,-3.7970559844747176e-10,-2.3737599903251976
SaveOnEvent_ch1_20260927233610254.wfm,23:36:10.254000,5.082735,-0.00015999999595806003,-3.1647999999999993e-07,4.479999999999998e-09,1.3095679669175286e-10,0.8185599793214351
SaveOnEvent_ch1_20260927233610301.wfm,23:36:10.301000,5.0829699999999995,-0.001120000029914081,-1.4079999999999872e-08,9.536000000000013e-08,-3.5261439329478875e-10,-2.2038399580924306
SaveOnEvent_ch1_20260927233610454.wfm,23:36:10.454000,5.083735,-7.999999797903001e-05,-1.24032e-06,3.0937599999999997e-06,1.0839679726166663e-10,0.6775199828844052
SaveOnEvent_ch1_20260927233610502.wfm,23:36:10.502000,5.083975,-0.0010400000028312206,-7.999999999999754e-09,8.063999999999996e-08,-1.8579200494568686e-11,-0.11616000309004448
SaveOnEvent_ch1_20260927233610654.wfm,23:36:10.654000,5.084735,-0.00023999999393709004,-1.17856e-06,3.56576e-06,-2.7837439296767103e-10,-1.7399199560459238
SaveOnEvent_ch1_20260927233610702.wfm,23:36:10.702000,5.084975,-0.0018400000408291817,1.98304e-06,2.7344000000000005e-07,-6.901503952639176e-10,-4.314319970406359
SaveOnEvent_ch1_20260927233610854.wfm,23:36:10.854000,5.085735,-0.00015999999595806003,3.273599999999998e-07,1.0400000000000358e-08,1.262207968113945e-10,0.788879980071215
SaveOnEvent_ch1_20260927233610902.wfm,23:36:10.902000,5.0859749999999995,-0.0038399999029934406,9.368000000000001e-07,1.4825600000000002e-06,-5.126560006854123e-09,-32.04184004283161
SaveOnEvent_ch1_20260927233611054.wfm,23:36:11.054000,5.086735,-0.00015999999595806003,3.5712000000000006e-07,1.4414399999999997e-06,-4.981119874166315e-11,-0.3113599921343848
SaveOnEvent_ch1_20260927233611102.wfm,23:36:11.102000,5.086975,-0.0012799999676644802,-5.280000000000058e-09,7.328000000000008e-08,-1.7409919762285425e-10,-1.0881599851418287
SaveOnEvent_ch1_20260927233611254.wfm,23:36:11.254000,5.087735,-0.00015999999595806003,-1.7623999999999998e-06,3.1707199999999997e-06,-7.624319807393473e-11,-0.47647998796310276
SaveOnEvent_ch1_20260927233611302.wfm,23:36:11.302000,5.087975,-0.0010400000028312206,-4.431999999999986e-08,8.607999999999978e-08,-2.54502394697629e-10,-1.5905599668622017
SaveOnEvent_ch1_20260927233611454.wfm,23:36:11.454000,5.088735,-7.999999797903001e-05,-1.86816e-06,3.1363199999999996e-06,2.9082239265320816e-10,1.817679954081541
SaveOnEvent_ch1_20260927233611502.wfm,23:36:11.502000,5.088975,-0.003120000008493662,1.74976e-06,7.667199999999999e-07,-2.263129619336687e-09,-14.146080120903207
SaveOnEvent_ch1_20260927233611654.wfm,23:36:11.654000,5.089735,-0.00023999999393709004,-1.68704e-06,3.95216e-06,-4.2295678931521235e-10,-2.643599933217047
SaveOnEvent_ch1_20260927233611703.wfm,23:36:11.703000,5.089980000000001,-0.00215999991632998,1.99328e-06,2.01088e-06,-1.1538687948579896e-09,-7.212799967819592
SaveOnEvent_ch1_20260927233611855.wfm,23:36:11.855000,5.09074,-0.00015999999595806003,8.809599999999999e-07,1.7887999999999997e-07,-7.167999818920207e-13,-0.004559999884804711
SaveOnEvent_ch1_20260927233611902.wfm,23:36:11.902000,5.090975,-0.0009599999757483602,-2.719999999999696e-09,7.136000000000002e-08,-1.3285119809210296e-10,-0.8302399880776647
SaveOnEvent_ch1_20260927233612054.wfm,23:36:12.054000,5.091735,-0.00015999999595806003,-1.86128e-06,3.28896e-06,-1.8711039527319386e-10,-1.1694399704574607
SaveOnEvent_ch1_20260927233612102.wfm,23:36:12.102000,5.091975,-0.001120000029914081,-8.000000000000601e-10,7.31199999999999e-08,1.213887954340314e-10,0.7587999714596663
SaveOnEvent_ch1_20260927233612254.wfm,23:36:12.254000,5.092735,-0.00015999999595806003,-1.98144e-06,3.7952e-06,-1.8657279528677478e-10,-1.1660799705423415
SaveOnEvent_ch1_20260927233612302.wfm,23:36:12.302000,5.092975,-0.0012000000569969416,-8.159999999999935e-09,8.43199999999999e-08,-1.2280959936557355e-10,-0.7675999960338231
SaveOnEvent_ch1_20260927233612454.wfm,23:36:12.454000,5.093735000000001,-7.999999797903001e-05,-1.12864e-06,2.63232e-06,2.2551039430312797e-10,1.4095199643925298
SaveOnEvent_ch1_20260927233612502.wfm,23:36:12.502000,5.093975,-0.0009599999757483602,-9.919999999999814e-09,8.399999999999996e-08,-1.1945599825354298e-10,-0.7466399890836328
SaveOnEvent_ch1_20260927233612655.wfm,23:36:12.655000,5.09474,-0.00023999999393709004,-3.056000000000001e-07,3.9992e-06,-4.003263898869044e-10,-2.5021599367901217
SaveOnEvent_ch1_20260927233612702.wfm,23:36:12.702000,5.094975,-0.0010400000028312206,-1.919999999999975e-08,8.704000000000002e-08,-4.0300800458062414e-11,-0.25184000286390074
SaveOnEvent_ch1_20260927233612854.wfm,23:36:12.854000,5.0957349999999995,-0.00015999999595806003,-1.54256e-06,3.5422399999999996e-06,-2.489535937109032e-10,-1.5559999606921338
SaveOnEvent_ch1_20260927233612902.wfm,23:36:12.902000,5.095975,-0.0008800000068731606,-6.719999999999997e-09,8.43199999999999e-08,1.419967953930608e-10,0.8875199712056201
SaveOnEvent_ch1_20260927233613054.wfm,23:36:13.054000,5.096735,-7.999999797903001e-05,-1.1128e-06,2.45152e-06,2.2808959423797197e-10,1.4255999639863148
SaveOnEvent_ch1_20260927233613102.wfm,23:36:13.102000,5.0969750000000005,-0.001120000029914081,-1.0719999999999874e-08,7.808000000000002e-08,-3.6081919282209123e-10,-2.2551999551360495
SaveOnEvent_ch1_20260927233613254.wfm,23:36:13.254000,5.097735,-0.00015999999595806003,1.84016e-06,1.1087999999999952e-07,-6.9375998247415745e-12,-0.04335999890463427
SaveOnEvent_ch1_20260927233613302.wfm,23:36:13.302000,5.097975,-0.001120000029914081,-1.7599999999998781e-09,7.920000000000002e-08,-4.3519359081750745e-10,-2.7199999426084105
SaveOnEvent_ch1_20260927233613454.wfm,23:36:13.454000,5.098735,-7.999999797903001e-05,-8.385600000000001e-07,2.80416e-06,3.4330239132745184e-10,2.145759945793543
SaveOnEvent_ch1_20260927233613502.wfm,23:36:13.502000,5.098975,-0.0010400000028312206,-6.8799999999997546e-09,8.016000000000026e-08,5.153279744554312e-11,0.32215998403262347
SaveOnEvent_ch1_20260927233613654.wfm,23:36:13.654000,5.099735,-0.00015999999595806003,-1.9216e-06,1.20016e-06,1.91385595165193e-10,1.1961599697824568
SaveOnEvent_ch1_20260927233613702.wfm,23:36:13.702000,5.099975000000001,-0.002400000113993883,1.9792e-06,4.0336e-07,-1.4060416027205064e-09,-8.789040017058142
SaveOnEvent_ch1_20260927233613854.wfm,23:36:13.854000,5.100735,-7.999999797903001e-05,-1.9776e-06,3.90464e-06,2.2181759439641608e-10,1.3863999649765901
SaveOnEvent_ch1_20260927233613902.wfm,23:36:13.902000,5.100975,-0.0010400000028312206,-1.4879999999999932e-08,7.327999999999966e-08,2.2325119330780579e-10,1.3953599581727758
SaveOnEvent_ch1_20260927233614054.wfm,23:36:14.054000,5.101735,-0.00023999999393709004,-1.4144000000000008e-07,3.1233599999999998e-06,-3.0226559236412855e-10,-1.8891999522747938
SaveOnEvent_ch1_20260927233614102.wfm,23:36:14.102000,5.101975,-0.0010400000028312206,-1.615999999999969e-08,9.872000000000013e-08,-6.032383864559231e-10,-3.770399915345479
SaveOnEvent_ch1_20260927233614254.wfm,23:36:14.254000,5.102735,-0.00015999999595806003,-1.3615999999999998e-06,4.79999999999909e-10,2.0469119482906532e-10,1.279359967680648
SaveOnEvent_ch1_20260927233614302.wfm,23:36:14.302000,5.102975,-0.0009599999757483602,-1.663999999999981e-08,6.464000000000003e-08,3.105087912338785e-10,1.9407999452087097
SaveOnEvent_ch1_20260927233614454.wfm,23:36:14.454000,5.103735,-7.999999797903001e-05,-1.6028799999999998e-06,3.52096e-06,2.414015939016825e-10,1.508799961884506
SaveOnEvent_ch1_20260927233614502.wfm,23:36:14.502000,5.103975,-0.0010400000028312206,-1.5360000000000053e-08,9.183999999999995e-08,-2.468991951132194e-10,-1.5431199694576208
SaveOnEvent_ch1_20260927233614654.wfm,23:36:14.654000,5.104735,-0.00015999999595806003,-1.8851199999999999e-06,1.6039999999999998e-06,-7.050239821895958e-11,-0.4406399888684973
SaveOnEvent_ch1_20260927233614702.wfm,23:36:14.702000,5.104975,-0.0010400000028312206,-9.760000000000056e-09,7.951999999999996e-08,-1.4693119766190658e-10,-0.9183999853848945
SaveOnEvent_ch1_20260927233614854.wfm,23:36:14.854000,5.105735,-0.00015999999595806003,-1.8536e-06,2.55808e-06,-9.548159758793182e-11,-0.5967999849235639
SaveOnEvent_ch1_20260927233614902.wfm,23:36:14.902000,5.105975,-0.0009599999757483602,-8.640000000000056e-09,8.416000000000014e-08,-2.690879946644417e-10,-1.6819199666497298
SaveOnEvent_ch1_20260927233615054.wfm,23:36:15.054000,5.1067350000000005,-0.00015999999595806003,-1.5135999999999998e-06,3.0134399999999996e-06,1.1577599707525244e-11,0.07231999817304313
SaveOnEvent_ch1_20260927233615102.wfm,23:36:15.102000,5.106975,-0.001120000029914081,-5.439999999999816e-09,7.632000000000014e-08,-2.733631947985851e-10,-1.708559967490146
SaveOnEvent_ch1_20260927233615254.wfm,23:36:15.254000,5.107735,-7.999999797903001e-05,-1.94192e-06,3.88784e-06,2.486719937180169e-10,1.554239960736595
SaveOnEvent_ch1_20260927233615302.wfm,23:36:15.302000,5.107975,-0.001120000029914081,-9.439999999999693e-09,2.0620799999999996e-06,-5.325439911731518e-10,-3.3287999448366463
SaveOnEvent_ch1_20260927233615454.wfm,23:36:15.454000,5.108735,-0.00015999999595806003,9.6432e-07,7.0032e-07,8.663679781137023e-11,0.5415199863200542
SaveOnEvent_ch1_20260927233615502.wfm,23:36:15.502000,5.108975,-0.0012000000569969416,-6.559999999999815e-09,8.304000000000014e-08,-1.061183997592888e-10,-0.663199998496566
SaveOnEvent_ch1_20260927233615654.wfm,23:36:15.654000,5.109735000000001,-0.00015999999595806003,-8.159999999999935e-09,1.93808e-06,2.931199925951667e-11,0.18319999537197873
SaveOnEvent_ch1_20260927233615702.wfm,23:36:15.702000,5.109975,-0.0009599999757483602,-1.2319999999999994e-08,8.480000000000002e-08,-2.591999949933963e-10,-1.6200799687067047
SaveOnEvent_ch1_20260927233615854.wfm,23:36:15.854000,5.110735,-0.00015999999595806003,-1.72448e-06,3.31616e-06,-1.4371839636936773e-10,-0.898239977308549
SaveOnEvent_ch1_20260927233615902.wfm,23:36:15.902000,5.110975,-0.0009599999757483602,-3.8399999999996956e-09,8.27200000000002e-08,1.925759842386465e-11,0.12031999015016481
SaveOnEvent_ch1_20260927233616054.wfm,23:36:16.054000,5.111735,-0.00015999999595806003,-1.7767999999999999e-06,3.839999999999992e-08,1.8883839522954092e-10,1.1801599701866508
SaveOnEvent_ch1_20260927233616102.wfm,23:36:16.102000,5.111975,-0.0008800000068731606,-6.559999999999815e-09,9.152000000000001e-08,-2.665151942917145e-10,-1.6657599643222056
SaveOnEvent_ch1_20260927233616254.wfm,23:36:16.254000,5.112735,-7.999999797903001e-05,2.4927999999999975e-07,1.5307200000000001e-06,3.84019190298859e-10,2.4001599393668585
SaveOnEvent_ch1_20260927233616302.wfm,23:36:16.302000,5.1129750000000005,-0.0010400000028312206,-1.2319999999999994e-08,7.679999999999984e-08,8.429439665516828e-11,0.5267999790958129
SaveOnEvent_ch1_20260927233616454.wfm,23:36:16.454000,5.113735,-0.00015999999595806003,-1.78e-06,2.9070399999999997e-06,-2.2636799428146326e-11,-0.1415199964249041
SaveOnEvent_ch1_20260927233616502.wfm,23:36:16.502000,5.113975,-0.0008800000068731606,-2.5279999999999866e-08,8.04800000000002e-08,-1.8591359678888697e-10,-1.1619999799295329
SaveOnEvent_ch1_20260927233616654.wfm,23:36:16.654000,5.114735,-0.00015999999595806003,-1.72032e-06,3.7201599999999997e-06,-2.6906879320275035e-10,-1.681759957515169
SaveOnEvent_ch1_20260927233616702.wfm,23:36:16.702000,5.114975,-0.001120000029914081,-9.279999999999935e-09,8.831999999999977e-08,-2.6525439536198967e-10,-1.6578399710124359
SaveOnEvent_ch1_20260927233616854.wfm,23:36:16.854000,5.115735,-0.00015999999595806003,-1.48816e-06,1.7169599999999998e-06,-9.196799767669237e-12,-0.05743999854894355
SaveOnEvent_ch1_20260927233616902.wfm,23:36:16.902000,5.115975,-0.0010400000028312206,-1.2959999999999873e-08,8.847999999999996e-08,-2.96563194091432e-10,-1.8535199630714487
SaveOnEvent_ch1_20260927233617054.wfm,23:36:17.054000,5.116735,-0.00015999999595806003,-1.9024e-06,7.756800000000001e-07,2.034815948596223e-10,1.2717599678726401
SaveOnEvent_ch1_20260927233617102.wfm,23:36:17.102000,5.116975,-0.0008800000068731606,-3.3599999999999983e-09,6.927999999999978e-08,4.10412788891699e-10,2.5651999305700883
SaveOnEvent_ch1_20260927233617253.wfm,23:36:17.253000,5.11773,-0.00015999999595806003,-1.7464e-06,3.2118399999999997e-06,3.1827199195977376e-11,0.1988799949758686
SaveOnEvent_ch1_20260927233617301.wfm,23:36:17.301000,5.11797,-0.0010400000028312206,-1.1679999999999692e-08,8.527999999999972e-08,-3.450431929179466e-10,-2.1565599557361566
SaveOnEvent_ch1_20260927233617453.wfm,23:36:17.453000,5.11873,-0.00015999999595806003,-4.0239999999999995e-07,1.519999999999987e-08,1.2933119673281895e-10,0.8083199795801193
SaveOnEvent_ch1_20260927233617501.wfm,23:36:17.501000,5.11897,-0.0009599999757483602,-1.967999999999987e-08,8.224000000000008e-08,-1.0434559881221495e-10,-0.6520799925783649
SaveOnEvent_ch1_20260927233617654.wfm,23:36:17.654000,5.119735,-0.00015999999595806003,-1.69568e-06,3.6057599999999996e-06,-5.549439859809341e-11,-0.3467999912390951
SaveOnEvent_ch1_20260927233617701.wfm,23:36:17.701000,5.11997,-0.0008800000068731606,-5.439999999999816e-09,9.535999999999971e-08,-2.9665919383289284e-10,-1.8541599614545703
SaveOnEvent_ch1_20260927233617853.wfm,23:36:17.853000,5.12073,-0.00015999999595806003,-1.20416e-06,2.32432e-06,-1.2146559693152064e-10,-0.7591999808209948
SaveOnEvent_ch1_20260927233617901.wfm,23:36:17.901000,5.12097,-0.0012000000569969416,-1.3439999999999993e-08,7.567999999999984e-08,-2.375103968079202e-10,-1.4844799800484907
SaveOnEvent_ch1_20260927233618053.wfm,23:36:18.053000,5.12173,-0.00015999999595806003,-1.8059199999999999e-06,3.3707199999999995e-06,-1.482943962537684e-10,-0.9268799765850417
SaveOnEvent_ch1_20260927233618102.wfm,23:36:18.102000,5.121975,-0.001120000029914081,-8.159999999999935e-09,7.727999999999996e-08,-5.0176014658062025e-12,-0.03128000916331075
SaveOnEvent_ch1_20260927233618253.wfm,23:36:18.253000,5.12273,-0.00015999999595806003,-7.646399999999999e-07,3.1999999999993934e-10,1.035775973834096e-10,0.6473599836463109
SaveOnEvent_ch1_20260927233618302.wfm,23:36:18.302000,5.122975,-0.0009599999757483602,-3.423999999999986e-08,8.640000000000014e-08,-4.780800033360735e-11,-0.298800002085045
SaveOnEvent_ch1_20260927233618454.wfm,23:36:18.454000,5.123735,-0.00015999999595806003,2.1871999999999983e-07,6.238400000000001e-07,1.3068799669854367e-11,0.08167999793658964
SaveOnEvent_ch1_20260927233618502.wfm,23:36:18.502000,5.123975,-0.0009599999757483602,-1.0079999999999995e-08,8.511999999999996e-08,-2.0172801045700877e-11,-0.12600000653765164
SaveOnEvent_ch1_20260927233618654.wfm,23:36:18.654000,5.124735,-7.999999797903001e-05,-1.7411199999999999e-06,8.000000000000601e-10,3.763583904923869e-10,2.3523199405753985
SaveOnEvent_ch1_20260927233618702.wfm,23:36:18.702000,5.124975,-0.0009599999757483602,-9.919999999999814e-09,8.416000000000014e-08,-1.4421119747450554e-10,-0.9012799842166714
SaveOnEvent_ch1_20260927233618856.wfm,23:36:18.856000,5.125745,0.0,-1.44432e-06,,6.252927842037753e-10,3.9082399012695532
SaveOnEvent_ch1_20260927233618902.wfm,23:36:18.902000,5.125975,-0.0009599999757483602,-1.2319999999999994e-08,7.904000000000026e-08,2.0600319375284028e-10,1.287679960951209
SaveOnEvent_ch1_20260927233619054.wfm,23:36:19.054000,5.126735,-7.999999797903001e-05,-1.90128e-06,3.4014399999999996e-06,1.9006719519849854e-10,1.1879999699885957
SaveOnEvent_ch1_20260927233619102.wfm,23:36:19.102000,5.126975,-0.0009599999757483602,-9.119999999999753e-09,7.519999999999972e-08,3.0854399085976185e-10,1.9284799428714905
SaveOnEvent_ch1_20260927233619254.wfm,23:36:19.254000,5.1277349999999995,-7.999999797903001e-05,-1.0740799999999999e-06,4.094399999999999e-07,3.4375039131613437e-10,2.148559945722809
SaveOnEvent_ch1_20260927233619302.wfm,23:36:19.302000,5.127975,-0.0030400000978261232,1.53984e-06,1.0159999999999997e-06,-2.7297728181933055e-09,-17.062240113766165
SaveOnEvent_ch1_20260927233619454.wfm,23:36:19.454000,5.128735,-0.00015999999595806003,1.5497599999999997e-06,7.328000000000008e-08,5.4463998624123585e-11,0.3403999914007727
SaveOnEvent_ch1_20260927233619503.wfm,23:36:19.503000,5.12898,-0.0009599999757483602,-6.399999999998787e-10,8.351999999999984e-08,-8.716800888069026e-12,-0.05448000555043109
SaveOnEvent_ch1_20260927233619655.wfm,23:36:19.655000,5.12974,-0.00015999999595806003,-1.2006399999999998e-06,2.78768e-06,-1.730559956282378e-10,-1.0815999726764858
SaveOnEvent_ch1_20260927233619702.wfm,23:36:19.702000,5.129975,-0.0010400000028312206,-1.0079999999999995e-08,8.816000000000002e-08,-3.505343925929627e-10,-2.1909599537029862
SaveOnEvent_ch1_20260927233619854.wfm,23:36:19.854000,5.130735,-0.00023999999393709004,-2e-06,3.88448e-06,-3.7891199042787754e-10,-2.3683199401712045
SaveOnEvent_ch1_20260927233619902.wfm,23:36:19.902000,5.130975,-0.001120000029914081,-1.583999999999975e-08,8.16000000000002e-08,1.8015997649636187e-11,0.11263998530921526
SaveOnEvent_ch1_20260927233620054.wfm,23:36:20.054000,5.131735,-7.999999797903001e-05,-1.19264e-06,3.15824e-06,2.9742719248635703e-10,1.8589599530387204
SaveOnEvent_ch1_20260927233620102.wfm,23:36:20.102000,5.131975000000001,-0.0008800000068731606,-5.1199999999998764e-09,7.696000000000002e-08,9.679999632062389e-11,0.6050399770028889
SaveOnEvent_ch1_20260927233620254.wfm,23:36:20.254000,5.132735,-0.00015999999595806003,-1.9830399999999997e-06,3.982879999999999e-06,-7.825279802316802e-11,-0.48919998764176853
SaveOnEvent_ch1_20260927233620302.wfm,23:36:20.302000,5.132975,-0.0007200000109151006,-5.759999999999755e-09,9.519999999999995e-08,1.6201599413296218e-10,1.0126399633300025
SaveOnEvent_ch1_20260927233620454.wfm,23:36:20.454000,5.133735,-0.00023999999393709004,-1.97824e-06,3.95376e-06,-3.218751918687484e-10,-2.0117599491786677
SaveOnEvent_ch1_20260927233620502.wfm,23:36:20.502000,5.1339749999999995,-0.0009599999757483602,-8.959999999999996e-09,7.839999999999996e-08,3.563519830815514e-11,0.22271998942596838
SaveOnEvent_ch1_20260927233620654.wfm,23:36:20.654000,5.134735,-7.999999797903001e-05,-5.855999999999991e-08,2.0335999999999995e-06,2.508287936635318e-10,1.5677599603950512
SaveOnEvent_ch1_20260927233620702.wfm,23:36:20.702000,5.134975,-0.0012000000569969416,-7.199999999999694e-09,6.303999999999991e-08,-2.083967968774959e-10,-1.3024799804843497
SaveOnEvent_ch1_20260927233620854.wfm,23:36:20.854000,5.135735,-7.999999797903001e-05,-1.59856e-06,3.3688e-06,2.661503932764754e-10,1.66351995797595
SaveOnEvent_ch1_20260927233620902.wfm,23:36:20.902000,5.135975,-0.0012000000569969416,-1.615999999999969e-08,9.407999999999995e-08,-4.861503909179011e-10,-3.0384799432358705
SaveOnEvent_ch1_20260927233621054.wfm,23:36:21.054000,5.136735,-7.999999797903001e-05,-1.96128e-06,2.74752e-06,1.5488639608724037e-10,0.9681599755422212
SaveOnEvent_ch1_20260927233621102.wfm,23:36:21.102000,5.136975,-0.0010400000028312206,-1.1199999999999994e-09,7.48800000000002e-08,4.1025918818311743e-10,2.564159926143475
SaveOnEvent_ch1_20260927233621254.wfm,23:36:21.254000,5.137735,-7.999999797903001e-05,-1.98e-06,3.97984e-06,-1.7132799567188993e-11,-0.10711999729392119
SaveOnEvent_ch1_20260927233621302.wfm,23:36:21.302000,5.137975,-0.001120000029914081,-1.0719999999999874e-08,5.407999999999991e-08,1.0524799532024187e-10,0.6578399707505014
SaveOnEvent_ch1_20260927233621456.wfm,23:36:21.456000,5.138745,-0.00015999999595806003,-3.7424e-07,1.4368000000000008e-07,3.150719920406122e-11,0.19687999502639286
SaveOnEvent_ch1_20260927233621502.wfm,23:36:21.502000,5.138975,-0.0006399999838322401,-4.6399999999999674e-08,9.152000000000001e-08,1.8129279471701018e-10,1.1331199669803027
SaveOnEvent_ch1_20260927233621654.wfm,23:36:21.654000,5.139735,-7.999999797903001e-05,-1.74176e-06,2.92656e-06,1.4962559622013933e-10,0.9351999763748609
SaveOnEvent_ch1_20260927233621702.wfm,23:36:21.702000,5.139975,-0.0009599999757483602,-1.0719999999999874e-08,5.8560000000000334e-08,3.5887358976993697e-10,2.243039936060086
SaveOnEvent_ch1_20260927233621854.wfm,23:36:21.854000,5.140735,-0.00015999999595806003,-1.6350399999999998e-06,2.2951999999999996e-06,-1.3171199667267554e-11,-0.08231999792042188
SaveOnEvent_ch1_20260927233621902.wfm,23:36:21.902000,5.140975,-0.0033599999733269215,1.69152e-06,7.942399999999998e-07,-2.7949951919959862e-09,-17.47015994999674
SaveOnEvent_ch1_20260927233622054.wfm,23:36:22.054000,5.141735000000001,-7.999999797903001e-05,-2e-06,7.561599999999998e-07,3.310399916372261e-10,2.0690399477316532
SaveOnEvent_ch1_20260927233622104.wfm,23:36:22.104000,5.141985,-0.0012000000569969416,-3.199999999999817e-09,7.440000000000008e-08,-6.832640025299053e-11,-0.42704000158119015
SaveOnEvent_ch1_20260927233622254.wfm,23:36:22.254000,5.142735,-0.00015999999595806003,-1.17856e-06,2.8809599999999998e-06,-2.099839946953576e-11,-0.13127999668358825
SaveOnEvent_ch1_20260927233622302.wfm,23:36:22.302000,5.142975,-0.0010400000028312206,-6.559999999999815e-09,8.896000000000008e-08,1.83039891067893e-12,0.01143999319174327
SaveOnEvent_ch1_20260927233622454.wfm,23:36:22.454000,5.143735,-0.00015999999595806003,-5.0016e-07,2.0128e-06,-9.98399974778295e-11,-0.6239199842384551
SaveOnEvent_ch1_20260927233622502.wfm,23:36:22.502000,5.143975,-0.0008800000068731606,-9.760000000000056e-09,8.144000000000002e-08,2.2559999301098296e-10,1.410079956316622
SaveOnEvent_ch1_20260927233622654.wfm,23:36:22.654000,5.144735,0.0,-1.20656e-06,,5.729791855253279e-10,3.5812799095292576
SaveOnEvent_ch1_20260927233622702.wfm,23:36:22.702000,5.1449750000000005,-0.001120000029914081,-5.759999999999755e-09,7.088000000000033e-08,2.1708797872997906e-11,0.13567998670623638
SaveOnEvent_ch1_20260927233622854.wfm,23:36:22.854000,5.145735,-0.00015999999595806003,-9.808e-07,1.84064e-06,1.5615999605506785e-11,0.09759999753441662
SaveOnEvent_ch1_20260927233622902.wfm,23:36:22.902000,5.145975,-0.0015200000489130616,1.9975999999999997e-06,2.0116799999999996e-06,2.3404158866498653e-10,1.4620799291296862
SaveOnEvent_ch1_20260927233623054.wfm,23:36:23.054000,5.146735,-0.00015999999595806003,-2.5599999999999382e-09,5.783999999999998e-07,1.1565439707832387e-10,0.7228799817385152
SaveOnEvent_ch1_20260927233623102.wfm,23:36:23.102000,5.146975,-0.0010400000028312206,-8.000000000000601e-10,7.391999999999996e-08,1.3625599552411557e-10,0.8516799720237032
SaveOnEvent_ch1_20260927233623254.wfm,23:36:23.254000,5.147735,-7.999999797903001e-05,-1.18976e-06,3.1451200000000003e-06,1.620607959059999e-10,1.012959974410478
SaveOnEvent_ch1_20260927233623302.wfm,23:36:23.302000,5.147975,-0.0012799999676644802,1.9975999999999997e-06,2.0356799999999997e-06,-3.0491520406445476e-10,-1.9063200253876857
SaveOnEvent_ch1_20260927233623454.wfm,23:36:23.454000,5.148735,-7.999999797903001e-05,4.027200000000001e-07,1.4539199999999999e-06,4.043135897861795e-10,2.5270399361616
SaveOnEvent_ch1_20260927233623502.wfm,23:36:23.502000,5.148975,-0.0007999999797903001,-1.743999999999987e-08,8.447999999999966e-08,9.35167967993766e-11,0.5844799799961038
SaveOnEvent_ch1_20260927233623654.wfm,23:36:23.654000,5.149735,-0.00015999999595806003,-9.84e-07,2.9838399999999995e-06,-8.920319774653734e-11,-0.5575999859138392
SaveOnEvent_ch1_20260927233623702.wfm,23:36:23.702000,5.1499749999999995,-0.0019199999514967203,1.9846400000000003e-06,2.0180799999999997e-06,-6.998080019745972e-10,-4.374720012361649
SaveOnEvent_ch1_20260927233623854.wfm,23:36:23.854000,5.150735,-0.00015999999595806003,-1.6648e-06,2.82656e-06,-5.6409598574973544e-11,-0.35255999109358527
SaveOnEvent_ch1_20260927233623902.wfm,23:36:23.902000,5.150975,-0.0009599999757483602,-1.3439999999999993e-08,8.880000000000032e-08,-1.964801342692279e-12,-0.012320008390815929
SaveOnEvent_ch1_20260927233624056.wfm,23:36:24.056000,5.151745,-0.00031999999191612005,-9.521599999999999e-07,3.6129599999999997e-06,-5.47155186177697e-10,-3.419839913607575
SaveOnEvent_ch1_20260927233624102.wfm,23:36:24.102000,5.151975,-0.001120000029914081,-1.0079999999999995e-08,8.65599999999999e-08,-4.448063904349691e-10,-2.780079940217547
SaveOnEvent_ch1_20260927233624254.wfm,23:36:24.254000,5.152735,-7.999999797903001e-05,-1.9673599999999997e-06,3.81904e-06,7.406719812890496e-11,0.4629599883046467
SaveOnEvent_ch1_20260927233624302.wfm,23:36:24.302000,5.152975,-0.0007999999797903001,-1.727999999999969e-08,6.960000000000015e-08,3.539007903193124e-10,2.211919939494692
SaveOnEvent_ch1_20260927233624454.wfm,23:36:24.454000,5.153735,-7.999999797903001e-05,6.788799999999998e-07,1.0832e-07,3.992575899139049e-10,2.495439936959883
SaveOnEvent_ch1_20260927233624502.wfm,23:36:24.502000,5.153975,-0.0009599999757483602,-1.391999999999969e-08,8.640000000000014e-08,-6.465279993601151e-11,-0.40407999960007146
SaveOnEvent_ch1_20260927233624654.wfm,23:36:24.654000,5.1547350000000005,-0.00015999999595806003,-3.2543999999999993e-07,1.2262399999999998e-06,-2.1107199466787465e-11,-0.13183999666944146
SaveOnEvent_ch1_20260927233624703.wfm,23:36:24.703000,5.15498,-0.0012000000569969416,-7.359999999999875e-09,8.383999999999978e-08,-4.376255911332554e-10,-2.7352799445798155
SaveOnEvent_ch1_20260927233624855.wfm,23:36:24.855000,5.15574,-0.00015999999595806003,-1.40576e-06,3.33136e-06,1.5513599608093565e-11,0.09695999755058438
SaveOnEvent_ch1_20260927233624902.wfm,23:36:24.902000,5.155975,-0.0008800000068731606,-1.3120000000000054e-08,8.27200000000002e-08,1.2702719565015273e-10,0.7939199728134554
SaveOnEvent_ch1_20260927233625054.wfm,23:36:25.054000,5.156735,-0.00015999999595806003,-1.00672e-06,1.0871999999999997e-06,-6.700799830723417e-12,-0.0418399989430327
SaveOnEvent_ch1_20260927233625102.wfm,23:36:25.102000,5.156975,-0.0009599999757483602,-7.520000000000057e-09,7.680000000000026e-08,-1.8383999635232624e-10,-1.1490399772010278
SaveOnEvent_ch1_20260927233625254.wfm,23:36:25.254000,5.157735,-0.00015999999595806003,-1.98384e-06,3.923839999999999e-06,-2.4350079384865233e-10,-1.521919961553067
SaveOnEvent_ch1_20260927233625302.wfm,23:36:25.302000,5.157975,-0.0009599999757483602,-1.1519999999999934e-08,6.847999999999972e-08,4.3699197969399213e-11,0.27319998730672523
SaveOnEvent_ch1_20260927233625454.wfm,23:36:25.454000,5.158735,-0.00015999999595806003,-1.9368e-06,2.2683199999999997e-06,2.41279993904715e-12,0.015119999618036672
SaveOnEvent_ch1_20260927233625502.wfm,23:36:25.502000,5.158975,-0.001120000029914081,-1.1679999999999692e-08,6.815999999999978e-08,1.1171839538495975e-10,0.6982399711559992
SaveOnEvent_ch1_20260927233625654.wfm,23:36:25.654000,5.1597349999999995,-0.00015999999595806003,-1.9832e-06,1.6203199999999999e-06,-7.564799808897241e-12,-0.04727999880560674
SaveOnEvent_ch1_20260927233625702.wfm,23:36:25.702000,5.159975,-0.0009599999757483602,-1.711999999999993e-08,8.38400000000002e-08,2.3052798211574583e-11,0.14407998882234097
SaveOnEvent_ch1_20260927233625854.wfm,23:36:25.854000,5.160735,-0.00015999999595806003,-1.99808e-06,1.5838399999999998e-06,-5.689599856268667e-12,-0.035599999100668356
SaveOnEvent_ch1_20260927233625902.wfm,23:36:25.902000,5.1609750000000005,-0.0008800000068731606,-6.559999999999815e-09,8.60800000000002e-08,-1.0275839866139006e-10,-0.6422399916336872
SaveOnEvent_ch1_20260927233626054.wfm,23:36:26.054000,5.161735,-0.00023999999393709004,1.1972799999999998e-06,3.70944e-06,-2.0830079473787907e-10,-1.3019199671107344
SaveOnEvent_ch1_20260927233626102.wfm,23:36:26.102000,5.161975,-0.0008800000068731606,-3.999999999999877e-09,8.047999999999978e-08,-6.567679903004317e-11,-0.4104799939377699
SaveOnEvent_ch1_20260927233626254.wfm,23:36:26.254000,5.162735,-0.00023999999393709004,1.831999999999998e-07,3.7817599999999993e-06,-2.4871679371688523e-10,-1.5544799607305322
SaveOnEvent_ch1_20260927233626302.wfm,23:36:26.302000,5.162975,-0.0012000000569969416,-9.119999999999753e-09,6.719999999999997e-08,-1.74150397933554e-10,-1.0883999870857224
SaveOnEvent_ch1_20260927233626454.wfm,23:36:26.454000,5.163735,-0.00015999999595806003,-1.91088e-06,3.00864e-06,-4.391679889056838e-11,-0.274479993066052
SaveOnEvent_ch1_20260927233626502.wfm,23:36:26.502000,5.163975,-0.0010400000028312206,-1.519999999999987e-08,8.816000000000002e-08,-2.2620799559866982e-10,-1.4138399724906776
SaveOnEvent_ch1_20260927233626654.wfm,23:36:26.654000,5.164735,-7.999999797903001e-05,-1.6904e-06,3.6095999999999997e-06,1.8359679536195457e-10,1.1475199710112065
SaveOnEvent_ch1_20260927233626702.wfm,23:36:26.702000,5.164975,-0.0010400000028312206,-1.4079999999999872e-08,8.688000000000026e-08,-1.7423999722348536e-10,-1.0889599826477934
SaveOnEvent_ch1_20260927233626854.wfm,23:36:26.854000,5.165735,-7.999999797903001e-05,-1.99056e-06,3.89584e-06,1.8214399539865644e-11,0.11383999712415971
SaveOnEvent_ch1_20260927233626902.wfm,23:36:26.902000,5.1659749999999995,-0.0008800000068731606,-1.1039999999999813e-08,8.495999999999978e-08,-7.176319954218322e-11,-0.4484799971396569
SaveOnEvent_ch1_20260927233627054.wfm,23:36:27.054000,5.166735,-0.00023999999393709004,7.300799999999999e-07,3.2579199999999995e-06,-1.5685119603760554e-10,-0.9803199752350338
SaveOnEvent_ch1_20260927233627102.wfm,23:36:27.102000,5.166975,-0.0010400000028312206,-4.479999999999998e-09,7.711999999999978e-08,1.4826239505317048e-10,0.9267199690802954
SaveOnEvent_ch1_20260927233627254.wfm,23:36:27.254000,5.167735,-0.00015999999595806003,-1.35168e-06,3.12864e-06,-1.3894399648998015e-11,-0.08679999780724756
SaveOnEvent_ch1_20260927233627303.wfm,23:36:27.303000,5.16798,-0.0010400000028312206,-5.759999999999755e-09,8.671999999999965e-08,-1.0812159827444704e-10,-0.6756799892173149
SaveOnEvent_ch1_20260927233627455.wfm,23:36:27.455000,5.16874,-7.999999797903001e-05,-1.4904e-06,3.200000000001511e-10,4.751295879972166e-10,2.969679924979573
SaveOnEvent_ch1_20260927233627502.wfm,23:36:27.502000,5.168975,-0.001120000029914081,-8.000000000000601e-10,7.503999999999996e-08,-2.948480054037648e-11,-0.18424000337836333
SaveOnEvent_ch1_20260927233627654.wfm,23:36:27.654000,5.169735,-7.999999797903001e-05,-1.9744e-06,6.440000000000001e-07,4.193151894072069e-10,2.6207999337930232
SaveOnEvent_ch1_20260927233627702.wfm,23:36:27.702000,5.169975,-0.0008800000068731606,-1.967999999999987e-08,8.847999999999996e-08,-7.193599910940987e-11,-0.4495199944358319
SaveOnEvent_ch1_20260927233627854.wfm,23:36:27.854000,5.1707350000000005,-0.00015999999595806003,9.955199999999997e-07,1.9968000000000026e-07,1.4202879641205062e-10,0.887679977575317
SaveOnEvent_ch1_20260927233627902.wfm,23:36:27.902000,5.170975,-0.003120000008493662,1.9966400000000003e-06,1.7856000000000003e-07,-4.010112080140965e-10,-2.507840050093364
SaveOnEvent_ch1_20260927233628054.wfm,23:36:28.054000,5.171735,-0.00023999999393709004,-1.71728e-06,3.99248e-06,-4.102399896364656e-10,-2.564079935225891
SaveOnEvent_ch1_20260927233628102.wfm,23:36:28.102000,5.171975,-0.0010400000028312206,-9.919999999999814e-09,8.09599999999999e-08,1.0295679636532447e-10,0.6435199772822671
SaveOnEvent_ch1_20260927233628254.wfm,23:36:28.254000,5.172735,-7.999999797903001e-05,-1.66496e-06,3.6497599999999995e-06,5.7222398554440545e-11,0.3576799909642432
SaveOnEvent_ch1_20260927233628302.wfm,23:36:28.302000,5.172975,-0.0012000000569969416,-1.4559999999999993e-08,8.335999999999966e-08,-2.874431956582702e-10,-1.7965599728631787
SaveOnEvent_ch1_20260927233628454.wfm,23:36:28.454000,5.173735000000001,-0.00015999999595806003,-1.26368e-06,3.1048000000000003e-06,-1.9871999497991117e-11,-0.12415999686345458
SaveOnEvent_ch1_20260927233628502.wfm,23:36:28.502000,5.173975,-0.0010400000028312206,-8.640000000000056e-09,8.54399999999999e-08,-7.769599935505523e-11,-0.48551999597111717
SaveOnEvent_ch1_20260927233628654.wfm,23:36:28.654000,5.174735,-7.999999797903001e-05,-1.8761599999999999e-06,3.8137599999999995e-06,1.5795199600979687e-10,0.9871999750612304
SaveOnEvent_ch1_20260927233628702.wfm,23:36:28.702000,5.174975,-0.0012000000569969416,-8.159999999999935e-09,8.60800000000002e-08,-2.6057599591324104e-10,-1.628559974458767
SaveOnEvent_ch1_20260927233628854.wfm,23:36:28.854000,5.1757349999999995,-0.00015999999595806003,-1.8694399999999999e-06,3.37936e-06,-1.845119953388349e-10,-1.1531999708677176
SaveOnEvent_ch1_20260927233628902.wfm,23:36:28.902000,5.175975,-0.0008800000068731606,-1.391999999999969e-08,7.808000000000002e-08,1.3662719527259477e-10,0.8539999704516958
SaveOnEvent_ch1_20260927233629054.wfm,23:36:29.054000,5.176735,-0.00015999999595806003,9.177600000000001e-07,3.832e-07,5.626879857853039e-11,0.35167999111581594
SaveOnEvent_ch1_20260927233629102.wfm,23:36:29.102000,5.1769750000000005,-0.0008800000068731606,-1.711999999999993e-08,8.464000000000026e-08,-5.889919999754059e-11,-0.36799999998766
SaveOnEvent_ch1_20260927233629254.wfm,23:36:29.254000,5.177735,-7.999999797903001e-05,-2e-06,3.92528e-06,1.5571199606638395e-10,0.9731999754149001
SaveOnEvent_ch1_20260927233629302.wfm,23:36:29.302000,5.177975,-0.001120000029914081,-1.0239999999999753e-08,6.592000000000021e-08,1.2691198054235622e-11,0.07935998783796094
SaveOnEvent_ch1_20260927233629454.wfm,23:36:29.454000,5.178735,-0.00015999999595806003,-1.99968e-06,1.91056e-06,-9.671679755672805e-11,-0.6045599847275298
SaveOnEvent_ch1_20260927233629502.wfm,23:36:29.502000,5.178974999999999,-0.003920000046491623,1.65984e-06,8.481599999999999e-07,-3.387027196122799e-09,-21.170479975815397
SaveOnEvent_ch1_20260927233629654.wfm,23:36:29.654000,5.179735,-7.999999797903001e-05,-1.94416e-06,3.944e-06,1.9172479515662416e-10,1.1982399697299115
SaveOnEvent_ch1_20260927233629702.wfm,23:36:29.702000,5.179975,-0.001120000029914081,-3.3599999999999983e-09,8.000000000000008e-08,-2.7866239445982497e-10,-1.7416799653728958
SaveOnEvent_ch1_20260927233629854.wfm,23:36:29.854000,5.180735,-0.00023999999393709004,-1.24352e-06,3.2767999999999997e-06,-1.8867199523374447e-10,-1.1791999702109024
SaveOnEvent_ch1_20260927233629903.wfm,23:36:29.903000,5.18098,-0.001120000029914081,-9.760000000000056e-09,7.424000000000033e-08,-2.0810879663331437e-10,-1.3007199789572041
SaveOnEvent_ch1_20260927233630055.wfm,23:36:30.055000,5.18174,-7.999999797903001e-05,-1.96256e-06,1.3742399999999997e-06,3.976639899541624e-10,2.4855199372104835
SaveOnEvent_ch1_20260927233630102.wfm,23:36:30.102000,5.1819749999999996,-0.001120000029914081,-7.679999999999815e-09,8.336000000000008e-08,-3.2536959346150976e-10,-2.0335999591334257
SaveOnEvent_ch1_20260927233630254.wfm,23:36:30.254000,5.182735,-0.00015999999595806003,-1.03248e-06,8.3568e-07,8.618239782284946e-11,0.5386399863928091
SaveOnEvent_ch1_20260927233630302.wfm,23:36:30.302000,5.182975,-0.0010400000028312206,-9.760000000000056e-09,9.568000000000007e-08,-2.9269119373289863e-10,-1.8294399608275853
SaveOnEvent_ch1_20260927233630454.wfm,23:36:30.454000,5.183735,-0.00015999999595806003,-1.5894399999999998e-06,2.5551999999999997e-06,-1.301119967130945e-10,-0.8131999794568401
SaveOnEvent_ch1_20260927233630502.wfm,23:36:30.502000,5.183975,-0.0012000000569969416,-5.759999999999755e-09,8.719999999999977e-08,-5.557183889648876e-10,-3.4732799310295377
SaveOnEvent_ch1_20260927233630654.wfm,23:36:30.654000,5.184735,-7.999999797903001e-05,-1.95376e-06,3.90368e-06,1.5178879616549222e-10,0.9487199760333169
SaveOnEvent_ch1_20260927233630702.wfm,23:36:30.702000,5.184975,-0.0008800000068731606,-6.399999999998787e-10,8.31999999999999e-08,1.0852479580556989e-10,0.6783199737838004
SaveOnEvent_ch1_20260927233630854.wfm,23:36:30.854000,5.185735,-7.999999797903001e-05,-1.80064e-06,3.19792e-06,9.004159772535793e-11,0.5627999857824761
SaveOnEvent_ch1_20260927233630902.wfm,23:36:30.902000,5.185975,-0.0012000000569969416,-2.5599999999999382e-09,8.592000000000002e-08,-2.656703957100399e-10,-1.6604799731867388
SaveOnEvent_ch1_20260927233631054.wfm,23:36:31.054000,5.1867350000000005,-7.999999797903001e-05,-9.568000000000007e-08,1.8303999999999999e-06,2.3940479395212603e-10,1.4963999621977564
SaveOnEvent_ch1_20260927233631102.wfm,23:36:31.102000,5.186975,-0.0010400000028312206,-8.159999999999935e-09,8.687999999999984e-08,1.8649598206393175e-11,0.11663998878793791
SaveOnEvent_ch1_20260927233631254.wfm,23:36:31.254000,5.187735,-0.00023999999393709004,-2.116800000000001e-07,3.3731199999999996e-06,-1.3433599660638725e-10,-0.839679978787899
SaveOnEvent_ch1_20260927233631302.wfm,23:36:31.302000,5.187975,-0.0010400000028312206,-1.1359999999999752e-08,2.0620799999999996e-06,-4.896703910501674e-10,-3.0607999440690037
SaveOnEvent_ch1_20260927233631454.wfm,23:36:31.454000,5.188735,-0.00015999999595806003,-8.195200000000001e-07,4.320000000000028e-09,4.155519895022738e-11,0.25975999343791045
SaveOnEvent_ch1_20260927233631502.wfm,23:36:31.502000,5.188975,-0.0010400000028312206,-7.520000000000057e-09,8.000000000000008e-08,-1.45081597387325e-10,-0.9067199836717919
SaveOnEvent_ch1_20260927233631654.wfm,23:36:31.654000,5.189735,0.0,-8.7792e-07,,5.239551867637783e-10,3.2747999172715936
SaveOnEvent_ch1_20260927233631702.wfm,23:36:31.702000,5.1899750000000004,-0.0008800000068731606,-1.0399999999999934e-08,7.855999999999972e-08,1.951231941021977e-10,1.2195999631367158
SaveOnEvent_ch1_20260927233631854.wfm,23:36:31.854000,5.190735,-7.999999797903001e-05,4.801599999999998e-07,1.24032e-06,4.000063898949885e-10,2.500159936840646
SaveOnEvent_ch1_20260927233631902.wfm,23:36:31.902000,5.190975,-0.001120000029914081,-1.919999999999975e-08,8.240000000000026e-08,-2.0768001351971308e-11,-0.12976000845083036
SaveOnEvent_ch1_20260927233632054.wfm,23:36:32.054000,5.1917349999999995,-0.00015999999595806003,7.052800000000001e-07,1.1756799999999995e-06,2.749439930543286e-11,0.17183999565895647
SaveOnEvent_ch1_20260927233632102.wfm,23:36:32.102000,5.191975,-0.0010400000028312206,-7.839999999999996e-09,8.448000000000008e-08,-1.2007679838221502e-10,-0.750559989886824
SaveOnEvent_ch1_20260927233632254.wfm,23:36:32.254000,5.192735,-0.00015999999595806003,8.287999999999996e-08,1.8927999999999995e-06,3.0169599237851797e-11,0.18855999523657374
SaveOnEvent_ch1_20260927233632302.wfm,23:36:32.302000,5.192975000000001,-0.0010400000028312206,-1.679999999999999e-08,8.000000000000008e-08,-1.602623970410787e-10,-1.001599981507752
SaveOnEvent_ch1_20260927233632454.wfm,23:36:32.454000,5.193735,-0.00015999999595806003,-2e-06,3.856e-06,-1.9283839512849208e-10,-1.2053599695500452
SaveOnEvent_ch1_20260927233632503.wfm,23:36:32.503000,5.19398,-0.001120000029914081,-1.679999999999999e-08,7.343999999999984e-08,-1.2756479885894824e-10,-0.7972799928684253
SaveOnEvent_ch1_20260927233632655.wfm,23:36:32.655000,5.19474,-0.00015999999595806003,-1.28784e-06,2.1632e-06,-7.74399980437012e-12,-0.04839999877731316
SaveOnEvent_ch1_20260927233632702.wfm,23:36:32.702000,5.194975,-0.0008800000068731606,-1.4559999999999993e-08,7.808000000000002e-08,2.5028479287633687e-10,1.564319955476094
SaveOnEvent_ch1_20260927233632854.wfm,23:36:32.854000,5.195735,-0.00023999999393709004,-1.7823999999999999e-06,3.8518399999999995e-06,-3.726015905872918e-10,-2.3288799411675427
SaveOnEvent_ch1_20260927233632902.wfm,23:36:32.902000,5.195975,-0.0010400000028312206,-5.280000000000058e-09,8.175999999999996e-08,-2.170240081613875e-11,-0.1356000051018782
SaveOnEvent_ch1_20260927233633054.wfm,23:36:33.054000,5.196735,-0.00015999999595806003,-1.9830399999999997e-06,2.3228799999999997e-06,-1.5228799615288165e-10,-0.9518399759544991
SaveOnEvent_ch1_20260927233633102.wfm,23:36:33.102000,5.196975,-0.0007999999797903001,-2.1759999999999687e-08,8.271999999999978e-08,9.914879660122105e-11,0.619679978757631
SaveOnEvent_ch1_20260927233633254.wfm,23:36:33.254000,5.197735,-0.00015999999595806003,-4.3088000000000006e-07,1.5252800000000001e-06,5.5833598589524616e-11,0.34903999118250795
SaveOnEvent_ch1_20260927233633302.wfm,23:36:33.302000,5.197975,-0.0010400000028312206,-6.719999999999997e-09,9.712000000000001e-08,-2.724735950585454e-10,-1.7029599691159092
SaveOnEvent_ch1_20260927233633454.wfm,23:36:33.454000,5.198735,-0.00015999999595806003,3.0575999999999985e-07,1.3759999999999933e-08,8.718719779746601e-11,0.5449599862331524
SaveOnEvent_ch1_20260927233633502.wfm,23:36:33.502000,5.198975,-0.0010400000028312206,-1.1359999999999752e-08,2.0583999999999996e-06,-7.143743955832906e-10,-4.465279972384451
SaveOnEvent_ch1_20260927233633654.wfm,23:36:33.654000,5.199735,-0.00015999999595806003,5.579199999999999e-07,4.6576e-07,7.002879823092355e-11,0.43775998894125223
SaveOnEvent_ch1_20260927233633702.wfm,23:36:33.702000,5.199975,-0.001120000029914081,-8.159999999999935e-09,6.864000000000033e-08,4.780159722315156e-11,0.29879998264368623
SaveOnEvent_ch1_20260927233633854.wfm,23:36:33.854000,5.200735,0.0,-1.59408e-06,,4.4232958882581443e-10,2.7647199301572982
SaveOnEvent_ch1_20260927233633902.wfm,23:36:33.902000,5.200975,-0.0010400000028312206,-1.471999999999975e-08,8.992000000000032e-08,-1.8950399674940855e-10,-1.1843999796838034
SaveOnEvent_ch1_20260927233634054.wfm,23:36:34.054000,5.201735,-0.00015999999595806003,-1.6975999999999998e-06,1.88672e-06,-7.144319819519309e-11,-0.44655998871894553
SaveOnEvent_ch1_20260927233634102.wfm,23:36:34.102000,5.201975,-0.001120000029914081,-9.599999999999874e-09,7.664000000000008e-08,-1.6314879750832932e-10,-1.0196799844270572
SaveOnEvent_ch1_20260927233634254.wfm,23:36:34.254000,5.2027350000000006,-0.00023999999393709004,-1.9016e-06,3.99984e-06,-3.228927918430418e-10,-2.018239949014969
SaveOnEvent_ch1_20260927233634302.wfm,23:36:34.302000,5.202975,-0.001120000029914081,-5.280000000000058e-09,7.840000000000038e-08,-2.518911953642966e-10,-1.5743999710248318
SaveOnEvent_ch1_20260927233634454.wfm,23:36:34.454000,5.203735,-7.999999797903001e-05,1.1169599999999998e-06,6.720000000000001e-07,3.77267190469429e-10,2.3580799404298887
SaveOnEvent_ch1_20260927233634502.wfm,23:36:34.502000,5.203975,-0.0010400000028312206,-6.239999999999876e-09,6.512000000000015e-08,2.746111921267584e-10,1.716399950790219
SaveOnEvent_ch1_20260927233634654.wfm,23:36:34.654000,5.204735,-0.00015999999595806003,-1.93344e-06,3.1203199999999997e-06,-7.107199820457016e-11,-0.44415998877957463
SaveOnEvent_ch1_20260927233634702.wfm,23:36:34.702000,5.204975,-0.004879999905824661,8.129600000000003e-07,9.870399999999999e-07,-4.998918434001971e-09,-31.243760212528287
SaveOnEvent_ch1_20260927233634854.wfm,23:36:34.854000,5.205735,-0.00023999999393709004,-1.01072e-06,3.4951999999999996e-06,-2.4139519390184444e-10,-1.508799961884506
SaveOnEvent_ch1_20260927233634902.wfm,23:36:34.902000,5.2059750000000005,-0.0009599999757483602,-2.127999999999999e-08,8.560000000000008e-08,-1.804671967169269e-10,-1.1279199794807937
SaveOnEvent_ch1_20260927233635054.wfm,23:36:35.054000,5.206735,-0.00015999999595806003,-1.83456e-06,3.65104e-06,-9.538559759035715e-11,-0.5961599849397317
SaveOnEvent_ch1_20260927233635103.wfm,23:36:35.103000,5.20698,-0.0012000000569969416,-6.559999999999815e-09,8.063999999999996e-08,-2.058559969742782e-10,-1.2865599810902495
SaveOnEvent_ch1_20260927233635255.wfm,23:36:35.255000,5.20774,-0.00015999999595806003,-1.9952e-06,3.95088e-06,-1.370175965386444e-10,-0.8563999783655163
SaveOnEvent_ch1_20260927233635302.wfm,23:36:35.302000,5.207975,-0.001120000029914081,-3.199999999999817e-09,8.336000000000008e-08,-3.506751928548328e-10,-2.191759955341695
SaveOnEvent_ch1_20260927233635454.wfm,23:36:35.454000,5.208735,-7.999999797903001e-05,-1.98448e-06,3.5256e-06,2.3955199394840747e-10,1.4972799621755257
SaveOnEvent_ch1_20260927233635502.wfm,23:36:35.502000,5.208975,-0.0012000000569969416,-8.479999999999875e-09,7.53599999999999e-08,-4.0934400982223406e-11,-0.25584000613889657
SaveOnEvent_ch1_20260927233635654.wfm,23:36:35.654000,5.209735,-0.00023999999393709004,1.99184e-06,3.8055999999999996e-06,-1.8929919521790004e-10,-1.183279970107833
SaveOnEvent_ch1_20260927233635702.wfm,23:36:35.702000,5.209975,-0.0010400000028312206,-1.615999999999969e-08,8.16000000000002e-08,1.151359848445263e-11,0.0719999905268196
SaveOnEvent_ch1_20260927233635854.wfm,23:36:35.854000,5.210735,-0.00023999999393709004,-1.4223999999999993e-07,3.8288e-06,-3.276927917217837e-10,-2.0481599482591264
SaveOnEvent_ch1_20260927233635902.wfm,23:36:35.902000,5.2109749999999995,-0.0010400000028312206,-1.4879999999999932e-08,2.05904e-06,-1.8199679773300879e-10,-1.137839985836763
SaveOnEvent_ch1_20260927233636054.wfm,23:36:36.054000,5.211735,-7.999999797903001e-05,-1.53088e-06,1.6337599999999997e-06,2.9882239245111116e-10,1.8677599528164137
SaveOnEvent_ch1_20260927233636102.wfm,23:36:36.102000,5.211975,-0.0010400000028312206,-1.0399999999999934e-08,8.175999999999996e-08,-5.3388799875974544e-11,-0.3336799992248416
SaveOnEvent_ch1_20260927233636254.wfm,23:36:36.254000,5.212735,-0.00015999999595806003,-1.73568e-06,3.1832e-06,-1.9001599519979347e-11,-0.11871999700088054
SaveOnEvent_ch1_20260927233636302.wfm,23:36:36.302000,5.212975,-0.0008800000068731606,-8.479999999999875e-09,7.584000000000002e-08,2.9518079123459753e-10,1.8449599452142138
SaveOnEvent_ch1_20260927233636454.wfm,23:36:36.454000,5.213735,-0.00023999999393709004,1.5718399999999998e-06,2.1865599999999997e-06,-4.089599896688105e-12,-0.025599999353289604
SaveOnEvent_ch1_20260927233636502.wfm,23:36:36.502000,5.213975,-0.0025599999353289604,1.9936000000000003e-06,2.9071999999999973e-07,-8.759231972717679e-10,-5.475759982917225
SaveOnEvent_ch1_20260927233636654.wfm,23:36:36.654000,5.214735,0.0,-1.5904e-06,,6.101503845863044e-10,3.8135999036603607
SaveOnEvent_ch1_20260927233636702.wfm,23:36:36.702000,5.214975,-0.0012000000569969416,-1.2959999999999873e-08,7.15200000000002e-08,1.3469439433887604e-10,0.8419199646159541
SaveOnEvent_ch1_20260927233636854.wfm,23:36:36.854000,5.2157350000000005,-0.00015999999595806003,1.8631999999999998e-06,1.6000000000018143e-10,1.3845119650242849e-10,0.8653599781391677
SaveOnEvent_ch1_20260927233636902.wfm,23:36:36.902000,5.215975,-0.0010400000028312206,-1.2799999999999691e-08,7.408000000000014e-08,3.1244797934778105e-11,0.19527998709236272
SaveOnEvent_ch1_20260927233637054.wfm,23:36:37.054000,5.216735,-0.00015999999595806003,-1.65152e-06,3.48288e-06,-2.644479933194791e-11,-0.165279995824676
SaveOnEvent_ch1_20260927233637102.wfm,23:36:37.102000,5.216975,-0.0010400000028312206,-1.3599999999999751e-08,8.60800000000002e-08,-5.626240000361561e-11,-0.35168000002158806
SaveOnEvent_ch1_20260927233637254.wfm,23:36:37.254000,5.217735,-0.00015999999595806003,2.908799999999999e-07,5.280000000000058e-09,1.282303967606277e-10,0.8015199797519017
SaveOnEvent_ch1_20260927233637302.wfm,23:36:37.302000,5.217975,-0.0020800000056624413,1.99248e-06,4.0976000000000004e-07,-7.001408068137244e-10,-4.3768000426352955
SaveOnEvent_ch1_20260927233637454.wfm,23:36:37.454000,5.218735000000001,-7.999999797903001e-05,-1.98096e-06,1.96048e-06,3.1908479193924e-10,1.9943199496192392
SaveOnEvent_ch1_20260927233637502.wfm,23:36:37.502000,5.218975,-0.001120000029914081,-6.0799999999996945e-09,8.544000000000032e-08,-2.0123519626678903e-10,-1.2577599766664207
SaveOnEvent_ch1_20260927233637654.wfm,23:36:37.654000,5.219735,-0.00023999999393709004,-1.2383999999999999e-06,3.33568e-06,-1.8561919531086456e-10,-1.1602399706898723
SaveOnEvent_ch1_20260927233637703.wfm,23:36:37.703000,5.21998,-0.0009599999757483602,-6.719999999999997e-09,8.592000000000002e-08,-1.9823999643092972e-10,-1.2390399776923005
SaveOnEvent_ch1_20260927233637855.wfm,23:36:37.855000,5.22074,-0.00015999999595806003,-1.95904e-06,2.64928e-06,-1.530815961328336e-10,-0.956799975829199
SaveOnEvent_ch1_20260927233637902.wfm,23:36:37.902000,5.220975,-0.0010400000028312206,-1.2799999999999691e-08,9.152000000000001e-08,-2.3539199578575794e-10,-1.4711199736630078
SaveOnEvent_ch1_20260927233638054.wfm,23:36:38.054000,5.221735,-0.00015999999595806003,-1.3355199999999999e-06,2.9182399999999997e-06,-7.07007982139473e-11,-0.4419199888361618
SaveOnEvent_ch1_20260927233638102.wfm,23:36:38.102000,5.2219750000000005,-0.001120000029914081,-9.279999999999935e-09,7.599999999999978e-08,7.816959592048075e-11,0.48863997450098395
SaveOnEvent_ch1_20260927233638254.wfm,23:36:38.254000,5.222735,-0.00023999999393709004,1.9697599999999995e-06,3.38848e-06,5.829119852744027e-11,0.3643199907965027
SaveOnEvent_ch1_20260927233638302.wfm,23:36:38.302000,5.222975,-0.001120000029914081,-1.743999999999987e-08,8.511999999999996e-08,-2.874240156495947e-11,-0.17960000978200696
SaveOnEvent_ch1_20260927233638454.wfm,23:36:38.454000,5.223735,-0.00015999999595806003,9.457600000000001e-07,3.401599999999999e-07,2.5599999353246757e-14,0.00023999999393709004
SaveOnEvent_ch1_20260927233638502.wfm,23:36:38.502000,5.223975,-0.0010400000028312206,-1.7599999999998781e-09,8.27200000000002e-08,-1.0081279848236575e-10,-0.6300799905147869
SaveOnEvent_ch1_20260927233638654.wfm,23:36:38.654000,5.224735,-0.00015999999595806003,1.7780799999999998e-06,5.599999999999997e-09,2.0268799487967078e-11,0.1266399968008045
SaveOnEvent_ch1_20260927233638702.wfm,23:36:38.702000,5.224975000000001,-0.0009599999757483602,-7.199999999999694e-09,8.54399999999999e-08,-2.8196479422738765e-10,-1.762319963920163
SaveOnEvent_ch1_20260927233638854.wfm,23:36:38.854000,5.225735,-0.00015999999595806003,-1.96976e-06,3.90736e-06,-1.4097279643872751e-10,-0.8811199777410366
SaveOnEvent_ch1_20260927233638902.wfm,23:36:38.902000,5.225975,-0.0010400000028312206,-1.551999999999981e-08,8.20799999999999e-08,-1.3222400788217882e-11,-0.08272000492434017
SaveOnEvent_ch1_20260927233639054.wfm,23:36:39.054000,5.226735,-7.999999797903001e-05,-1.87312e-06,3.75232e-06,2.958143925270998e-10,1.8488799532933626
SaveOnEvent_ch1_20260927233639102.wfm,23:36:39.102000,5.226975,-0.0008800000068731606,-7.679999999999815e-09,2.06128e-06,-1.510528000793421e-10,-0.9444800005003344
SaveOnEvent_ch1_20260927233639254.wfm,23:36:39.254000,5.227735,0.0,-1.6107199999999998e-06,,5.11999987065792e-10,3.2001599191571586
SaveOnEvent_ch1_20260927233639302.wfm,23:36:39.302000,5.227975,-0.001120000029914081,-8.799999999999814e-09,7.760000000000032e-08,-1.438527979119684e-10,-0.899039986950811
SaveOnEvent_ch1_20260927233639454.wfm,23:36:39.454000,5.228735,-0.00015999999595806003,-1.9888e-06,1.39776e-06,-4.504319886211301e-11,-0.2815199928882066
SaveOnEvent_ch1_20260927233639502.wfm,23:36:39.502000,5.228975,-0.0008800000068731606,-1.503999999999969e-08,8.080000000000014e-08,-6.954879945842543e-11,-0.4346399966161698
SaveOnEvent_ch1_20260927233639656.wfm,23:36:39.656000,5.229745,-0.00015999999595806003,4.535999999999998e-07,1.4270400000000003e-06,-8.595199782867024e-12,-0.05367999864392914
SaveOnEvent_ch1_20260927233639702.wfm,23:36:39.702000,5.229975,-0.00215999991632998,1.9907200000000004e-06,2.0118399999999998e-06,-1.3529600007249976e-09,-8.457120004488388
SaveOnEvent_ch1_20260927233639854.wfm,23:36:39.854000,5.230735,-7.999999797903001e-05,-5.067200000000001e-07,2.44128e-06,1.6600959580624465e-10,1.0375999737880193
SaveOnEvent_ch1_20260927233639902.wfm,23:36:39.902000,5.230975,-0.0012000000569969416,-7.679999999999815e-09,7.82400000000002e-08,-8.062720023095596e-11,-0.5039200014434755
SaveOnEvent_ch1_20260927233640054.wfm,23:36:40.054000,5.2317350000000005,-7.999999797903001e-05,2.4479999999999976e-07,6.4432e-07,3.3194879161426785e-10,2.0747199475881644
SaveOnEvent_ch1_20260927233640102.wfm,23:36:40.102000,5.231975,-0.0008800000068731606,-1.5679999999999992e-08,7.855999999999972e-08,4.5023998061660845e-11,0.2813599878863897
SaveOnEvent_ch1_20260927233640254.wfm,23:36:40.254000,5.232735,-0.00015999999595806003,1.9519999999999984e-07,1.2800000000001809e-09,1.5518079607980336e-10,0.9699199754977599
SaveOnEvent_ch1_20260927233640304.wfm,23:36:40.304000,5.232985,-0.0009599999757483602,-1.967999999999987e-08,8.368000000000002e-08,1.4105598754249544e-11,0.08831999221001752
SaveOnEvent_ch1_20260927233640454.wfm,23:36:40.454000,5.233735,-0.00023999999393709004,-9.323200000000001e-07,3.9862399999999995e-06,-3.122367921122351e-10,-1.9515999506984372
SaveOnEvent_ch1_20260927233640502.wfm,23:36:40.502000,5.233975,-0.0012000000569969416,-3.8399999999996956e-09,8.623999999999996e-08,-2.9477759474655613e-10,-1.8423999671649653
SaveOnEvent_ch1_20260927233640654.wfm,23:36:40.654000,5.234735000000001,-0.00015999999595806003,-1.8307199999999998e-06,1.94624e-06,-9.808639752212908e-11,-0.613039984513307
SaveOnEvent_ch1_20260927233640702.wfm,23:36:40.702000,5.234975,-0.0033599999733269215,1.96656e-06,4.830399999999997e-07,-1.7788543988787565e-09,-11.11943999302457
SaveOnEvent_ch1_20260927233640854.wfm,23:36:40.854000,5.235735,-0.00015999999595806003,-5.2320000000000034e-08,1.0534399999999998e-06,-4.0396798979491095e-11,-0.2524799936218187
SaveOnEvent_ch1_20260927233640902.wfm,23:36:40.902000,5.235975,-0.0012000000569969416,-8.479999999999875e-09,8.000000000000008e-08,-2.414719959488139e-10,-1.5093599746760447
SaveOnEvent_ch1_20260927233641054.wfm,23:36:41.054000,5.236735,-7.999999797903001e-05,-1.3131199999999999e-06,3.1999999999993934e-10,4.1948158940300326e-10,2.6218399337667506
SaveOnEvent_ch1_20260927233641102.wfm,23:36:41.102000,5.236975,-0.001120000029914081,-6.239999999999876e-09,9.040000000000002e-08,-4.6120959000661986e-10,-2.882639937539352
SaveOnEvent_ch1_20260927233641254.wfm,23:36:41.254000,5.237735,-0.00015999999595806003,-8.735999999999996e-08,5.1199999999998764e-09,5.0303998729214e-11,0.31439999205758795
SaveOnEvent_ch1_20260927233641302.wfm,23:36:41.302000,5.2379750000000005,-0.0009599999757483602,-1.2319999999999994e-08,7.584000000000002e-08,3.2495359070133404e-10,2.0311199418792967
SaveOnEvent_ch1_20260927233641454.wfm,23:36:41.454000,5.238735,-0.00023999999393709004,-1.4536e-06,3.5323199999999997e-06,-3.5793919095769515e-10,-2.2371999434835743
SaveOnEvent_ch1_20260927233641502.wfm,23:36:41.502000,5.238975,-0.0009599999757483602,-1.3599999999999751e-08,7.439999999999966e-08,6.517759684473283e-11,0.40735998027957976
SaveOnEvent_ch1_20260927233641654.wfm,23:36:41.654000,5.239735,-0.00023999999393709004,-9.928e-07,3.8532799999999995e-06,-3.6871039068559153e-10,-2.3045599417819176
SaveOnEvent_ch1_20260927233641702.wfm,23:36:41.702000,5.239975,-0.001120000029914081,-6.8799999999997546e-09,6.895999999999984e-08,1.4668798376805943e-11,0.09175998985301703
SaveOnEvent_ch1_20260927233641854.wfm,23:36:41.854000,5.240735,-7.999999797903001e-05,-1.88336e-06,3.6441599999999995e-06,2.6360959334066146e-10,1.6475999583781231
SaveOnEvent_ch1_20260927233641902.wfm,23:36:41.902000,5.240975,-0.001120000029914081,-1.0239999999999753e-08,7.216000000000008e-08,-4.0390400553588144e-11,-0.2524000034609344
SaveOnEvent_ch1_20260927233642054.wfm,23:36:42.054000,5.241735,-7.999999797903001e-05,-1.90272e-06,3.6512e-06,1.3303679663920785e-10,0.831599978992017
SaveOnEvent_ch1_20260927233642102.wfm,23:36:42.102000,5.241975,-0.0009599999757483602,-1.4879999999999932e-08,7.951999999999996e-08,-1.4216959745157514e-10,-0.8885599840723444
SaveOnEvent_ch1_20260927233642256.wfm,23:36:42.256000,5.242745,-0.00023999999393709004,-8.824e-07,3.9436799999999995e-06,-2.220159943914042e-10,-1.3876799649442546
SaveOnEvent_ch1_20260927233642302.wfm,23:36:42.302000,5.2429749999999995,-0.0012799999676644802,-7.999999999999754e-09,8.04800000000002e-08,-3.003519949084149e-10,-1.8772799681755714
SaveOnEvent_ch1_20260927233642454.wfm,23:36:42.454000,5.243735,-0.00015999999595806003,-1.9144e-06,1.3673599999999998e-06,-1.474559962749491e-11,-0.09215999767184258
SaveOnEvent_ch1_20260927233642502.wfm,23:36:42.502000,5.243975,-0.0010400000028312206,-1.984000000000005e-08,8.287999999999996e-08,-1.2917759807314718e-10,-0.8074399879551493
SaveOnEvent_ch1_20260927233642654.wfm,23:36:42.654000,5.244735,-7.999999797903001e-05,-1.89104e-06,2.63344e-06,2.5304959360742957e-10,1.5815999600454234
SaveOnEvent_ch1_20260927233642702.wfm,23:36:42.702000,5.244975,-0.0010400000028312206,-8.319999999999693e-09,8.287999999999996e-08,-1.3824639786733312e-10,-0.8639999866718426
SaveOnEvent_ch1_20260927233642854.wfm,23:36:42.854000,5.245735,-0.00015999999595806003,-1.40704e-06,3.3110399999999996e-06,-1.065151973091997e-10,-0.6657599831814878
SaveOnEvent_ch1_20260927233642903.wfm,23:36:42.903000,5.24598,-0.0010400000028312206,-4.959999999999695e-09,6.943999999999997e-08,2.2331519310595467e-10,1.3957599569112062
SaveOnEvent_ch1_20260927233643055.wfm,23:36:43.055000,5.24674,-0.00015999999595806003,8.240000000000001e-07,1.1182399999999996e-06,-2.451199938077437e-12,-0.015279999613994732
SaveOnEvent_ch1_20260927233643102.wfm,23:36:43.102000,5.246975,-0.0009599999757483602,-5.439999999999816e-09,8.672000000000008e-08,-2.1522559555945907e-10,-1.3451999722456094
SaveOnEvent_ch1_20260927233643254.wfm,23:36:43.254000,5.2477350000000005,-7.999999797903001e-05,-1.1976e-06,2.7771199999999998e-06,3.062399922637268e-10,1.914079951646272
SaveOnEvent_ch1_20260927233643302.wfm,23:36:43.302000,5.247975,-0.0010400000028312206,-7.359999999999875e-09,9.295999999999995e-08,-2.822655942942948e-10,-1.764239964337321
SaveOnEvent_ch1_20260927233643454.wfm,23:36:43.454000,5.248735,-0.00015999999595806003,-1.9303999999999998e-06,3.7425599999999997e-06,-1.5178239616565406e-10,-0.9487199760333169
SaveOnEvent_ch1_20260927233643502.wfm,23:36:43.502000,5.248975,-0.0012000000569969416,-6.559999999999815e-09,7.856000000000014e-08,-2.685631955065764e-10,-1.6785599719150923
SaveOnEvent_ch1_20260927233643654.wfm,23:36:43.654000,5.249735,-0.00023999999393709004,-1.8091199999999999e-06,2.15792e-06,-8.880639775656178e-11,-0.5551199859764893
SaveOnEvent_ch1_20260927233643702.wfm,23:36:43.702000,5.249975,-0.0008800000068731606,-1.1839999999999873e-08,8.480000000000002e-08,9.017599208746215e-12,0.056399995053652674
SaveOnEvent_ch1_20260927233643854.wfm,23:36:43.854000,5.250735,-0.00015999999595806003,1.13056e-06,3.7455999999999993e-07,-1.2435199685860565e-11,-0.07767999803763814
SaveOnEvent_ch1_20260927233643902.wfm,23:36:43.902000,5.250975,-0.0009599999757483602,-1.2000000000000055e-08,8.191999999999972e-08,-2.9810559352627014e-10,-1.8631999595381785
SaveOnEvent_ch1_20260927233644054.wfm,23:36:44.054000,5.251735,-0.00023999999393709004,1.67136e-06,3.89232e-06,-1.425535963987931e-10,-0.8910399774904363
SaveOnEvent_ch1_20260927233644102.wfm,23:36:44.102000,5.251975,-0.0012000000569969416,-9.760000000000056e-09,8.351999999999984e-08,-2.707135955872948e-10,-1.6919999724195804
SaveOnEvent_ch1_20260927233644254.wfm,23:36:44.254000,5.2527349999999995,-0.00015999999595806003,-1.6292799999999999e-06,3.6140799999999993e-06,-1.9331199511652785e-10,-1.2082399694772903
SaveOnEvent_ch1_20260927233644302.wfm,23:36:44.302000,5.252975,-0.001120000029914081,-1.551999999999981e-08,6.688000000000003e-08,7.29151963419279e-11,0.4557599771360401
SaveOnEvent_ch1_20260927233644454.wfm,23:36:44.454000,5.253735,-0.00015999999595806003,-1.168e-06,2.58432e-06,-8.690559780457967e-11,-0.5431199862796348
SaveOnEvent_ch1_20260927233644502.wfm,23:36:44.502000,5.2539750000000005,-0.001120000029914081,-1.1679999999999692e-08,7.82400000000002e-08,-4.967680088244373e-11,-0.31040000551729463
SaveOnEvent_ch1_20260927233644654.wfm,23:36:44.654000,5.254735,-0.00015999999595806003,-1.27136e-06,3.2299199999999995e-06,-1.407487964443861e-10,-0.879679977777414
SaveOnEvent_ch1_20260927233644702.wfm,23:36:44.702000,5.254975,-0.001120000029914081,-1.0399999999999934e-08,8.416000000000014e-08,-1.0570879911771034e-10,-0.6606399944867007
SaveOnEvent_ch1_20260927233644854.wfm,23:36:44.854000,5.255735,-0.00015999999595806003,1.6473599999999998e-06,8.000000000000601e-10,2.0364159485558052e-10,1.2727999678463675
SaveOnEvent_ch1_20260927233644902.wfm,23:36:44.902000,5.255975,-0.002959999954327941,1.97312e-06,3.2479999999999984e-07,-1.1060607989621349e-09,-6.914319993491517
SaveOnEvent_ch1_20260927233645054.wfm,23:36:45.054000,5.256735,-7.999999797903001e-05,-8.456e-07,2.7369599999999995e-06,2.0138239491265257e-10,1.2587199682020582
SaveOnEvent_ch1_20260927233645102.wfm,23:36:45.102000,5.256975000000001,-0.0009599999757483602,-1.919999999999975e-08,8.735999999999996e-08,-2.007359956088476e-10,-1.254639972554287
SaveOnEvent_ch1_20260927233645254.wfm,23:36:45.254000,5.257735,-0.00015999999595806003,-1.75072e-06,2.7072e-06,1.0239999741323906e-13,0.0005599999858532101
SaveOnEvent_ch1_20260927233645302.wfm,23:36:45.302000,5.257975,-0.001120000029914081,-7.839999999999996e-09,7.808000000000002e-08,-4.3555839083157476e-10,-2.7223199426953215
SaveOnEvent_ch1_20260927233645454.wfm,23:36:45.454000,5.258735,-7.999999797903001e-05,-1.18848e-06,3.17824e-06,9.784959752811112e-11,0.6115999845496845
SaveOnEvent_ch1_20260927233645503.wfm,23:36:45.503000,5.25898,-0.0010400000028312206,-7.359999999999875e-09,8.688000000000026e-08,1.2335359531454738e-10,0.7710399707139004
SaveOnEvent_ch1_20260927233645655.wfm,23:36:45.655000,5.25974,-0.00015999999595806003,1.5655999999999999e-06,3.1999999999993934e-10,8.468479786068216e-11,0.5292799866292626
SaveOnEvent_ch1_20260927233645702.wfm,23:36:45.702000,5.259975,-0.0027199999894946814,1.14768e-06,1.47568e-06,-3.456684819711372e-09,-21.60504012319143
SaveOnEvent_ch1_20260927233645854.wfm,23:36:45.854000,5.260735,-0.00023999999393709004,3.7280000000000006e-07,3.8532799999999995e-06,-1.8954239521175616e-10,-1.1846399700734764
SaveOnEvent_ch1_20260927233645902.wfm,23:36:45.902000,5.260975,-0.0010400000028312206,-9.279999999999935e-09,7.328000000000008e-08,1.3676159521797675e-10,0.854799970111344
SaveOnEvent_ch1_20260927233646054.wfm,23:36:46.054000,5.261735,-7.999999797903001e-05,-1.72224e-06,2.31344e-06,2.8801279272418425e-10,1.8001599545241334
SaveOnEvent_ch1_20260927233646102.wfm,23:36:46.102000,5.261975,-0.001120000029914081,-7.520000000000057e-09,8.54399999999999e-08,-2.0370559682371093e-10,-1.273199980147183
SaveOnEvent_ch1_20260927233646254.wfm,23:36:46.254000,5.262735,-7.999999797903001e-05,-1.8907199999999999e-06,3.7579199999999998e-06,2.841279928223229e-10,1.7759199551364873
SaveOnEvent_ch1_20260927233646302.wfm,23:36:46.302000,5.262975,-0.0010400000028312206,-1.0079999999999995e-08,8.175999999999996e-08,-3.3665919275255864e-10,-2.1041599547024816
SaveOnEvent_ch1_20260927233646454.wfm,23:36:46.454000,5.2637350000000005,-0.00015999999595806003,9.2144e-07,1.0574399999999997e-06,6.444799837190658e-11,0.4027999898244161
SaveOnEvent_ch1_20260927233646502.wfm,23:36:46.502000,5.263975,-0.0010400000028312206,-1.4559999999999993e-08,5.888000000000027e-08,3.1006719116587177e-10,1.9379999447846785
SaveOnEvent_ch1_20260927233646654.wfm,23:36:46.654000,5.264735,-7.999999797903001e-05,-1.9176e-06,3.8318400000000006e-06,4.682239881716649e-11,0.2927199926052708
SaveOnEvent_ch1_20260927233646702.wfm,23:36:46.702000,5.264975,-0.001120000029914081,-6.239999999999876e-09,7.808000000000002e-08,-3.985855915280992e-10,-2.4912799470475875
SaveOnEvent_ch1_20260927233646854.wfm,23:36:46.854000,5.265735,-0.00015999999595806003,-1.00672e-06,7.644799999999999e-07,9.378559763077634e-11,0.5862399851903319
SaveOnEvent_ch1_20260927233646902.wfm,23:36:46.902000,5.265975,-0.0010400000028312206,-1.1039999999999813e-08,8.352000000000026e-08,-2.402943952195345e-10,-1.5018399701220915
SaveOnEvent_ch1_20260927233647054.wfm,23:36:47.054000,5.266735000000001,-0.00015999999595806003,-1.99344e-06,4.720000000000003e-07,1.5320959612959987e-10,0.9575199758110102
SaveOnEvent_ch1_20260927233647102.wfm,23:36:47.102000,5.266975,-0.001120000029914081,-5.1199999999998764e-09,7.743999999999972e-08,-2.0372479652520266e-10,-1.2733599782804959
SaveOnEvent_ch1_20260927233647254.wfm,23:36:47.254000,5.267735,-0.00015999999595806003,-1.03552e-06,1.4399999999999388e-09,2.342783940816297e-10,1.4642399630101863
SaveOnEvent_ch1_20260927233647302.wfm,23:36:47.302000,5.267975,-0.0030400000978261232,1.63808e-06,9.8e-07,-3.4164096043421887e-09,-21.353920027177082
SaveOnEvent_ch1_20260927233647454.wfm,23:36:47.454000,5.268735,-0.00015999999595806003,-2.1328000000000001e-07,8.319999999999905e-09,1.677183957630767e-10,1.0483199735172093
SaveOnEvent_ch1_20260927233647502.wfm,23:36:47.502000,5.268975,-0.001120000029914081,-9.599999999999874e-09,6.943999999999997e-08,-2.4103039548033866e-10,-1.506479971751105
SaveOnEvent_ch1_20260927233647654.wfm,23:36:47.654000,5.269735,-0.00023999999393709004,-1.3912e-06,3.94112e-06,-3.241471918113528e-10,-2.025999948818935
SaveOnEvent_ch1_20260927233647702.wfm,23:36:47.702000,5.2699750000000005,-0.0009599999757483602,-1.695999999999975e-08,2.06016e-06,-4.156095964997075e-10,-2.597999978112057
SaveOnEvent_ch1_20260927233647854.wfm,23:36:47.854000,5.270735,-7.999999797903001e-05,-1.9052799999999999e-06,3.8100799999999996e-06,2.668543932586909e-10,1.6679199578647967
SaveOnEvent_ch1_20260927233647902.wfm,23:36:47.902000,5.270975,-0.001120000029914081,-9.439999999999693e-09,8.847999999999996e-08,-4.1637119125574827e-10,-2.6023999453464057
SaveOnEvent_ch1_20260927233648054.wfm,23:36:48.054000,5.271735,0.0,-1.9875199999999997e-06,,3.559871910070067e-10,2.2249599437927827
SaveOnEvent_ch1_20260927233648103.wfm,23:36:48.103000,5.27198,-0.001120000029914081,-9.919999999999814e-09,8.128000000000026e-08,-3.405567931197584e-10,-2.128559956996469
SaveOnEvent_ch1_20260927233648255.wfm,23:36:48.255000,5.27274,-0.00023999999393709004,3.608e-07,3.873760000000001e-06,-3.4359039132017636e-10,-2.1475199457490817
SaveOnEvent_ch1_20260927233648302.wfm,23:36:48.302000,5.272975,-0.0008800000068731606,-9.119999999999753e-09,8.54399999999999e-08,2.0730239342199617e-10,1.295759958884446
SaveOnEvent_ch1_20260927233648454.wfm,23:36:48.454000,5.273735,-0.00015999999595806003,9.635199999999999e-07,8.959999999999996e-09,1.7820799549808733e-10,1.1138399718620349
SaveOnEvent_ch1_20260927233648502.wfm,23:36:48.502000,5.273975,-0.0010400000028312206,-7.520000000000057e-09,8.94400000000002e-08,-6.866559945279754e-11,-0.42911999658099376
SaveOnEvent_ch1_20260927233648654.wfm,23:36:48.654000,5.274735,-0.00015999999595806003,-1.9648e-06,3.7009599999999995e-06,-1.593215959751977e-10,-0.9957599748449866
SaveOnEvent_ch1_20260927233648702.wfm,23:36:48.702000,5.2749749999999995,-0.003280000062659383,1.9078400000000004e-06,4.5423999999999965e-07,-1.6752704044152048e-09,-10.472080027626362
SaveOnEvent_ch1_20260927233648854.wfm,23:36:48.854000,5.275735,-0.00015999999595806003,-1.52608e-06,3.1318399999999996e-06,-9.281279765535155e-11,-0.5800799853459466
SaveOnEvent_ch1_20260927233648902.wfm,23:36:48.902000,5.275975,-0.0010400000028312206,3.040000000000059e-09,9.21599999999999e-08,-1.0918399851769208e-10,-0.6823199907375965
SaveOnEvent_ch1_20260927233649054.wfm,23:36:49.054000,5.276735,-7.999999797903001e-05,-1.75408e-06,3.6241599999999997e-06,2.3653759402455753e-10,1.4783999626524746
SaveOnEvent_ch1_20260927233649102.wfm,23:36:49.102000,5.276975,-0.0008800000068731606,-1.0559999999999692e-08,8.592000000000002e-08,4.690559717128047e-11,0.29319998231949285
SaveOnEvent_ch1_20260927233649254.wfm,23:36:49.254000,5.277735,-0.00015999999595806003,-1.5848e-06,3.18656e-06,4.870399876963367e-12,0.030479999230010435
SaveOnEvent_ch1_20260927233649302.wfm,23:36:49.302000,5.277975,-0.0017600000137463212,1.99616e-06,2.01648e-06,-5.806783963693303e-10,-3.630079977301648
SaveOnEvent_ch1_20260927233649454.wfm,23:36:49.454000,5.278735,-7.999999797903001e-05,-1.99968e-06,3.95872e-06,1.1258239715592928e-10,0.703679982223548
SaveOnEvent_ch1_20260927233649502.wfm,23:36:49.502000,5.278975,-0.002319999970495701,1.9913600000000003e-06,7.975999999999998e-07,-1.9532415978540663e-09,-12.208959986572154
SaveOnEvent_ch1_20260927233649654.wfm,23:36:49.654000,5.2797350000000005,-0.00023999999393709004,-1.9848e-06,3.9128e-06,-4.2912638915935526e-10,-2.6821599322429392
SaveOnEvent_ch1_20260927233649702.wfm,23:36:49.702000,5.279975,-0.0010400000028312206,4.800000000000361e-09,8.303999999999972e-08,-1.784703967534006e-10,-1.1154399797087535
SaveOnEvent_ch1_20260927233649854.wfm,23:36:49.854000,5.280735,-0.00015999999595806003,1.5239999999999997e-06,3.736000000000001e-07,7.502079810481539e-11,0.46895998815307394
SaveOnEvent_ch1_20260927233649902.wfm,23:36:49.902000,5.280975,-0.003120000008493662,1.5808000000000002e-06,1.1292799999999998e-06,-3.496115216151811e-09,-21.851840100978734
SaveOnEvent_ch1_20260927233650054.wfm,23:36:50.054000,5.281734999999999,-7.999999797903001e-05,-1.132e-06,3.1099199999999994e-06,1.9725439501693477e-10,1.2328799688548315
SaveOnEvent_ch1_20260927233650102.wfm,23:36:50.102000,5.281975,-0.0014400000218302011,1.9892799999999996e-06,2.0161599999999996e-06,-4.3076480498770253e-10,-2.6929600311850663
SaveOnEvent_ch1_20260927233650254.wfm,23:36:50.254000,5.282735000000001,-0.00015999999595806003,5.3184e-07,9.59999999999818e-10,1.110591971944086e-10,0.6941599824640434
SaveOnEvent_ch1_20260927233650302.wfm,23:36:50.302000,5.282975,-0.001120000029914081,-5.280000000000058e-09,8.271999999999978e-08,-2.1442559589166206e-10,-1.3401599743228871
SaveOnEvent_ch1_20260927233650454.wfm,23:36:50.454000,5.283735,-0.00015999999595806003,-1.8839999999999999e-06,3.50928e-06,-7.779199803480877e-11,-0.4862399877165444
SaveOnEvent_ch1_20260927233650502.wfm,23:36:50.502000,5.283975,-0.0010400000028312206,-1.4879999999999932e-08,7.855999999999972e-08,5.339519744971771e-11,0.3336799840617459
SaveOnEvent_ch1_20260927233650654.wfm,23:36:50.654000,5.2847349999999995,-0.00015999999595806003,-1.8127999999999998e-06,2.7044799999999996e-06,-3.144319920567795e-11,-0.1964799950364977
SaveOnEvent_ch1_20260927233650703.wfm,23:36:50.703000,5.28498,-0.001120000029914081,-1.1359999999999752e-08,6.512000000000015e-08,-1.3280000968370616e-11,-0.08296000605332665
SaveOnEvent_ch1_20260927233650855.wfm,23:36:50.855000,5.2857400000000005,-0.00023999999393709004,7.391999999999996e-08,3.4811199999999997e-06,-3.181887919618748e-10,-1.988719949760707
SaveOnEvent_ch1_20260927233650902.wfm,23:36:50.902000,5.2859750000000005,-0.001120000029914081,-1.2159999999999812e-08,6.97599999999999e-08,-1.4476799811236559e-10,-0.904799988202285
SaveOnEvent_ch1_20260927233651054.wfm,23:36:51.054000,5.286735,-0.00023999999393709004,7.315199999999998e-07,2.8244799999999997e-06,-1.8654079528758308e-10,-1.1659199705463834
SaveOnEvent_ch1_20260927233651102.wfm,23:36:51.102000,5.286975,-0.001120000029914081,-7.359999999999875e-09,7.920000000000002e-08,-1.0627199928974739e-10,-0.6642399955599103
SaveOnEvent_ch1_20260927233651254.wfm,23:36:51.254000,5.287735,-0.00015999999595806003,-2.5375999999999996e-07,1.9665599999999997e-06,1.1251199715770681e-11,0.07031999822356738
SaveOnEvent_ch1_20260927233651302.wfm,23:36:51.302000,5.287975,-0.0030400000978261232,1.9950400000000002e-06,2.1216000000000002e-07,-1.1423551924782803e-09,-7.141279953037156
SaveOnEvent_ch1_20260927233651454.wfm,23:36:51.454000,5.288735,-0.00031999999191612005,-1.88912e-06,2.5184e-06,-3.8398079029982914e-10,-2.3999999393709004
SaveOnEvent_ch1_20260927233651502.wfm,23:36:51.502000,5.288975000000001,-0.001120000029914081,-9.279999999999935e-09,8.768000000000032e-08,-4.736127901636064e-10,-2.960159938520519
SaveOnEvent_ch1_20260927233651654.wfm,23:36:51.654000,5.289735,-0.00015999999595806003,-1.30096e-06,2.87056e-06,9.201919767539946e-11,0.5751199854712468
SaveOnEvent_ch1_20260927233651702.wfm,23:36:51.702000,5.289975,-0.0024800000246614218,1.7518400000000002e-06,8.841599999999997e-07,-2.4860096084000543e-09,-15.538720052485587
SaveOnEvent_ch1_20260927233651854.wfm,23:36:51.854000,5.290735,-7.999999797903001e-05,-1.87344e-06,3.873279999999999e-06,1.1898879699409012e-10,0.743679981213063
SaveOnEvent_ch1_20260927233651902.wfm,23:36:51.902000,5.2909749999999995,-0.0009599999757483602,-4.479999999999998e-09,7.888000000000008e-08,5.830398483667359e-12,0.03647999052191153
SaveOnEvent_ch1_20260927233652054.wfm,23:36:52.054000,5.291735,-0.00015999999595806003,-1.04544e-06,2.52192e-06,-2.5855999346822393e-11,-0.16159999591764063
SaveOnEvent_ch1_20260927233652102.wfm,23:36:52.102000,5.291975,-0.001120000029914081,-1.4399999999999811e-08,8.399999999999996e-08,-3.860479918867349e-10,-2.4128799492900725
SaveOnEvent_ch1_20260927233652254.wfm,23:36:52.254000,5.292735,-7.999999797903001e-05,-1.7416e-06,3.7286399999999996e-06,7.8649598013144e-11,0.49159998758113943
SaveOnEvent_ch1_20260927233652302.wfm,23:36:52.302000,5.292975,-0.0008800000068731606,-1.663999999999981e-08,7.839999999999996e-08,2.6637439177604393e-10,1.664959948597243
SaveOnEvent_ch1_20260927233652454.wfm,23:36:52.454000,5.293735,-0.00015999999595806003,-1.75424e-06,2.75456e-06,-9.132159769302248e-11,-0.5707999855803791
SaveOnEvent_ch1_20260927233652502.wfm,23:36:52.502000,5.293975,-0.001120000029914081,-7.199999999999694e-09,7.37600000000002e-08,-9.233919949270767e-11,-0.577119996829424
SaveOnEvent_ch1_20260927233652654.wfm,23:36:52.654000,5.294735,-0.00015999999595806003,-1.48176e-06,3.2439999999999998e-06,-2.0737279476132222e-10,-1.2960799672582652
SaveOnEvent_ch1_20260927233652702.wfm,23:36:52.702000,5.294975,-0.0009599999757483602,-1.0399999999999934e-08,7.007999999999984e-08,7.411198616027817e-12,0.04631999135017395
SaveOnEvent_ch1_20260927233652854.wfm,23:36:52.854000,5.2957350000000005,-0.00015999999595806003,-1.9096e-06,3.59744e-06,-6.298879840876906e-11,-0.3936799900548067
SaveOnEvent_ch1_20260927233652902.wfm,23:36:52.902000,5.295975,-0.0010400000028312206,-8.319999999999693e-09,8.352000000000026e-08,3.956479752901937e-11,0.24735998455435038
SaveOnEvent_ch1_20260927233653054.wfm,23:36:53.054000,5.296735,-0.00015999999595806003,-1.9102399999999998e-06,3.86016e-06,-1.580863960064017e-10,-0.9880799750389997
SaveOnEvent_ch1_20260927233653102.wfm,23:36:53.102000,5.296975,-0.0008800000068731606,-1.0559999999999692e-08,7.839999999999996e-08,5.256319764303051e-11,0.32855998526792973
SaveOnEvent_ch1_20260927233653254.wfm,23:36:53.254000,5.297735,-0.00023999999393709004,5.966399999999998e-07,3.6411199999999995e-06,-3.189823919418267e-10,-1.993759949633386
SaveOnEvent_ch1_20260927233653303.wfm,23:36:53.303000,5.29798,-0.001120000029914081,-1.2000000000000055e-08,7.440000000000008e-08,-7.321601631120006e-12,-0.045680010196520016
SaveOnEvent_ch1_20260927233653455.wfm,23:36:53.455000,5.2987400000000004,-0.00015999999595806003,-1.33312e-06,8.137599999999999e-07,4.4249598882160984e-11,0.27655999301350676
SaveOnEvent_ch1_20260927233653502.wfm,23:36:53.502000,5.298975,-0.001120000029914081,-6.239999999999876e-09,7.42399999999999e-08,-1.213759988010861e-10,-0.7585599925077986
SaveOnEvent_ch1_20260927233653654.wfm,23:36:53.654000,5.299735,-0.00023999999393709004,1.6752e-06,7.532799999999999e-07,6.796159828314566e-11,0.42479998926864937
SaveOnEvent_ch1_20260927233653702.wfm,23:36:53.702000,5.299975,-0.0009599999757483602,-3.279999999999992e-08,8.127999999999984e-08,-8.280959920259184e-11,-0.517599995015189
SaveOnEvent_ch1_20260927233653854.wfm,23:36:53.854000,5.3007349999999995,-0.00023999999393709004,6.104000000000001e-07,3.7403199999999993e-06,-2.988351924507876e-10,-1.8677599528164137
SaveOnEvent_ch1_20260927233653902.wfm,23:36:53.902000,5.300975,-0.0009599999757483602,-1.471999999999975e-08,9.21599999999999e-08,-4.3376639015041275e-10,-2.7111199384380598
SaveOnEvent_ch1_20260927233654054.wfm,23:36:54.054000,5.301735,-0.00015999999595806003,-1.94672e-06,1.50208e-06,1.802879954455422e-11,0.11271999715245329
SaveOnEvent_ch1_20260927233654102.wfm,23:36:54.102000,5.301975,-0.0009599999757483602,-1.0880000000000055e-08,7.82400000000002e-08,1.492351945955307e-10,0.9327999662200455
SaveOnEvent_ch1_20260927233654254.wfm,23:36:54.254000,5.302735,-0.00015999999595806003,-1.8032e-06,3.80016e-06,-8.175999793456876e-11,-0.5110399870900437
SaveOnEvent_ch1_20260927233654302.wfm,23:36:54.302000,5.302975,-0.0009599999757483602,-6.559999999999815e-09,8.224000000000008e-08,-7.793279918609181e-11,-0.4870399949140847
SaveOnEvent_ch1_20260927233654454.wfm,23:36:54.454000,5.303735,-7.999999797903001e-05,-1.7467199999999999e-06,3.72304e-06,1.1191679717274386e-10,0.6995199823286384
SaveOnEvent_ch1_20260927233654502.wfm,23:36:54.502000,5.303975,-0.0012000000569969416,-7.359999999999875e-09,7.920000000000002e-08,-2.598335956060328e-10,-1.6239999725366943
SaveOnEvent_ch1_20260927233654654.wfm,23:36:54.654000,5.304735,-0.00015999999595806003,-1.8695999999999999e-06,3.85648e-06,-2.9779199247714094e-11,-0.18615999529720284
SaveOnEvent_ch1_20260927233654702.wfm,23:36:54.702000,5.304975,-0.0008800000068731606,-2.3999999999999686e-08,8.575999999999984e-08,-8.999679920263593e-11,-0.5624799950164743
SaveOnEvent_ch1_20260927233654854.wfm,23:36:54.854000,5.305735,-0.00015999999595806003,-1.912e-06,3.87536e-06,-9.864319750806312e-11,-0.6165599844243843
SaveOnEvent_ch1_20260927233654902.wfm,23:36:54.902000,5.305975,-0.0009599999757483602,-1.1519999999999934e-08,7.552000000000008e-08,-4.170879983110348e-11,-0.26063999894540757
SaveOnEvent_ch1_20260927233655054.wfm,23:36:55.054000,5.306735,-0.00015999999595806003,4.711999999999998e-07,1.5161600000000002e-06,-2.6700799325481197e-11,-0.1668799957842566
SaveOnEvent_ch1_20260927233655102.wfm,23:36:55.102000,5.3069749999999996,-0.0010400000028312206,-1.0559999999999692e-08,7.984000000000032e-08,-1.5464959746692334e-10,-0.9666399841662496
SaveOnEvent_ch1_20260927233655256.wfm,23:36:55.256000,5.307745,-0.00015999999595806003,-1.60432e-06,3.504e-06,-8.767999778502249e-13,-0.005519999860553071
SaveOnEvent_ch1_20260927233655302.wfm,23:36:55.302000,5.307975,-0.0020800000056624413,1.8735999999999997e-06,7.343999999999997e-07,-1.7558144069532861e-09,-10.974880043504527
SaveOnEvent_ch1_20260927233655454.wfm,23:36:55.454000,5.308735,-0.00015999999595806003,-1.94752e-06,3.86208e-06,-1.3238399665569883e-10,-0.8274399790971074
SaveOnEvent_ch1_20260927233655502.wfm,23:36:55.502000,5.308975,-0.0010400000028312206,-4.959999999999695e-09,9.024000000000026e-08,-1.4977919734315923e-10,-0.9361599833937362
SaveOnEvent_ch1_20260927233655654.wfm,23:36:55.654000,5.309735,-7.999999797903001e-05,6.116799999999999e-07,1.3817600000000002e-06,2.158143945480695e-10,1.348879965924425
SaveOnEvent_ch1_20260927233655702.wfm,23:36:55.702000,5.309975,-0.00431999983265996,1.46032e-06,9.5728e-07,-4.050751997523475e-09,-25.31871998452698
SaveOnEvent_ch1_20260927233655854.wfm,23:36:55.854000,5.310735,-0.00023999999393709004,-1.02992e-06,3.54752e-06,-2.397119939443656e-10,-1.498239962151274
SaveOnEvent_ch1_20260927233655904.wfm,23:36:55.904000,5.3109850000000005,-0.0009599999757483602,-8.799999999999814e-09,7.98399999999999e-08,6.34239971917122e-11,0.39647998244618066
SaveOnEvent_ch1_20260927233656054.wfm,23:36:56.054000,5.311735,-0.00015999999595806003,-1.8238399999999998e-06,3.4824e-06,-1.8517119532218193e-10,-1.1573599707626272
SaveOnEvent_ch1_20260927233656102.wfm,23:36:56.102000,5.311975,-0.001120000029914081,-1.2000000000000055e-08,9.536000000000013e-08,-5.303295882744716e-10,-3.3147199267114047
SaveOnEvent_ch1_20260927233656254.wfm,23:36:56.254000,5.312735,-0.00015999999595806003,-1.9351999999999997e-06,3.4038399999999998e-06,-1.1572479707654551e-10,-0.7232799817284103
SaveOnEvent_ch1_20260927233656302.wfm,23:36:56.302000,5.312975,-0.0008800000068731606,-3.583999999999998e-08,9.488000000000001e-08,-2.456255951221103e-10,-1.5351999695121776
SaveOnEvent_ch1_20260927233656454.wfm,23:36:56.454000,5.313735,-0.00023999999393709004,1.00736e-06,3.9e-06,-1.599807959585451e-10,-0.9999999747378752
SaveOnEvent_ch1_20260927233656502.wfm,23:36:56.502000,5.313975,-0.0009599999757483602,-3.8399999999996956e-09,8.99199999999999e-08,3.1750397754367215e-11,0.19855998596176505
SaveOnEvent_ch1_20260927233656654.wfm,23:36:56.654000,5.314735,-0.00015999999595806003,-1.9303999999999998e-06,3.897119999999999e-06,4.472319887019717e-11,0.27951999293873087
SaveOnEvent_ch1_20260927233656702.wfm,23:36:56.702000,5.3149750000000004,-0.0008800000068731606,-2.239999999999999e-09,8.896000000000008e-08,-2.1744639573618793e-10,-1.359039973351173
SaveOnEvent_ch1_20260927233656854.wfm,23:36:56.854000,5.315735,-0.00015999999595806003,-1.9152e-06,3.5759999999999997e-06,-2.1416319458978247e-10,-1.3385599661851302
SaveOnEvent_ch1_20260927233656902.wfm,23:36:56.902000,5.315975,-0.0010400000028312206,-1.775999999999981e-08,8.000000000000008e-08,-1.9489279617555443e-10,-1.218079976097215
SaveOnEvent_ch1_20260927233657054.wfm,23:36:57.054000,5.3167349999999995,-0.00023999999393709004,1.7100799999999998e-06,3.5737599999999997e-06,-2.1383679459802801e-10,-1.3364799662376754
SaveOnEvent_ch1_20260927233657102.wfm,23:36:57.102000,5.316975,-0.0009599999757483602,-1.1039999999999813e-08,8.287999999999996e-08,-2.988031938439234e-10,-1.867599961522501
SaveOnEvent_ch1_20260927233657254.wfm,23:36:57.254000,5.317735,-0.00015999999595806003,-1.6929599999999999e-06,2.27904e-06,5.7459198548458535e-11,0.35911999092786573
SaveOnEvent_ch1_20260927233657302.wfm,23:36:57.302000,5.317975000000001,-0.001120000029914081,-1.519999999999987e-08,8.240000000000026e-08,-2.423231956991367e-10,-1.514559973118594
SaveOnEvent_ch1_20260927233657454.wfm,23:36:57.454000,5.318735,-0.00015999999595806003,-1.0059199999999999e-06,2.3487999999999994e-06,-3.89823990152218e-11,-0.2435999938461464
SaveOnEvent_ch1_20260927233657502.wfm,23:36:57.502000,5.318975,-0.001120000029914081,-1.2799999999997574e-09,8.000000000000008e-08,-2.006719965278171e-10,-1.2542399782978464
SaveOnEvent_ch1_20260927233657654.wfm,23:36:57.654000,5.319735,-0.00015999999595806003,-1.0784e-06,2.68608e-06,-1.0353279738454128e-10,-0.6471199836523738
SaveOnEvent_ch1_20260927233657702.wfm,23:36:57.702000,5.319975,-0.0009599999757483602,-1.4399999999999811e-08,9.135999999999983e-08,-2.382719954429195e-10,-1.4891999715182465
SaveOnEvent_ch1_20260927233657856.wfm,23:36:57.856000,5.3207450000000005,-7.999999797903001e-05,-8.862399999999999e-07,2.82752e-06,3.415871913707815e-10,2.135039946064353
SaveOnEvent_ch1_20260927233657902.wfm,23:36:57.902000,5.320975,-0.0010400000028312206,-1.1359999999999752e-08,8.16000000000002e-08,-2.1761919602053243e-10,-1.360159975127317
SaveOnEvent_ch1_20260927233658054.wfm,23:36:58.054000,5.321735,-7.999999797903001e-05,-1.7355199999999999e-06,2.4942399999999996e-06,3.4953599116997774e-10,2.1846399448113516
SaveOnEvent_ch1_20260927233658102.wfm,23:36:58.102000,5.321975,-0.0012000000569969416,-6.239999999999876e-09,6.927999999999978e-08,1.8508799326606112e-10,1.156959957908839
SaveOnEvent_ch1_20260927233658254.wfm,23:36:58.254000,5.322735,-0.00015999999595806003,-1.4144e-06,2.31456e-06,3.339519915636625e-11,0.2087199947272893
SaveOnEvent_ch1_20260927233658302.wfm,23:36:58.302000,5.3229750000000005,-0.0012000000569969416,-1.1199999999999994e-08,6.97599999999999e-08,2.3586559161078187e-10,1.4742399475653656
SaveOnEvent_ch1_20260927233658454.wfm,23:36:58.454000,5.323735,-0.00015999999595806003,-1.72752e-06,1.6640000000000022e-08,9.6575997560285e-11,0.6035999847517814
SaveOnEvent_ch1_20260927233658504.wfm,23:36:58.504000,5.323985,-0.0010400000028312206,-9.599999999999874e-09,8.000000000000008e-08,1.1736959590809403e-10,0.7335999744245782
SaveOnEvent_ch1_20260927233658655.wfm,23:36:58.655000,5.32474,-0.00015999999595806003,-1.28016e-06,2.3870399999999996e-06,-3.19103991938756e-11,-0.19943999496172182
SaveOnEvent_ch1_20260927233658702.wfm,23:36:58.702000,5.324975,-0.0010400000028312206,-1.2639999999999933e-08,8.127999999999984e-08,2.814079814357675e-11,0.1759199883963447
SaveOnEvent_ch1_20260927233658854.wfm,23:36:58.854000,5.325735,-7.999999797903001e-05,-2e-06,2.9574399999999997e-06,2.1875199447385977e-10,1.367199965461623
SaveOnEvent_ch1_20260927233658902.wfm,23:36:58.902000,5.325975,-0.0008800000068731606,-1.823999999999993e-08,8.800000000000026e-08,1.2562559521989879e-10,0.7851999701233581
SaveOnEvent_ch1_20260927233659054.wfm,23:36:59.054000,5.326735,-0.00015999999595806003,-1.43136e-06,1.44592e-06,-3.333119915798318e-11,-0.20839999473537318
SaveOnEvent_ch1_20260927233659102.wfm,23:36:59.102000,5.326975,-0.001120000029914081,-1.4879999999999932e-08,7.08799999999999e-08,-1.8655999681446715e-10,-1.1659999800904188
SaveOnEvent_ch1_20260927233659254.wfm,23:36:59.254000,5.3277350000000006,-7.999999797903001e-05,-2.9519999999999994e-07,2.2353599999999996e-06,2.9003519267309447e-10,1.81279995420482
SaveOnEvent_ch1_20260927233659302.wfm,23:36:59.302000,5.327975,-0.0010400000028312206,-1.2000000000000055e-08,8.16000000000002e-08,-4.081920051015925e-11,-0.2551200031884946
SaveOnEvent_ch1_20260927233659454.wfm,23:36:59.454000,5.328735,-0.00015999999595806003,9.724799999999999e-07,1.0201600000000002e-06,5.6057598583866044e-11,0.3503199911501724
SaveOnEvent_ch1_20260927233659502.wfm,23:36:59.502000,5.328975,-0.0010400000028312206,-1.919999999999975e-08,8.495999999999978e-08,-4.163200048496981e-11,-0.2602400030300487
SaveOnEvent_ch1_20260927233659655.wfm,23:36:59.655000,5.32974,-0.00015999999595806003,5.107199999999997e-07,1.4820800000000005e-06,6.2655998417176855e-12,0.039119999011745676
SaveOnEvent_ch1_20260927233659702.wfm,23:36:59.702000,5.329975,-0.0012799999676644802,-5.439999999999816e-09,7.008000000000027e-08,-7.139200102770704e-11,-0.4461600064241793
SaveOnEvent_ch1_20260927233659854.wfm,23:36:59.854000,5.330735,-0.00023999999393709004,-1.9968e-06,3.99504e-06,-4.037311898008922e-10,-2.5234399362525437
SaveOnEvent_ch1_20260927233659902.wfm,23:36:59.902000,5.3309750000000005,-0.0007999999797903001,-3.888000000000004e-08,8.511999999999996e-08,1.8215679467190045e-10,1.1384799666993786
SaveOnEvent_ch1_20260927233700054.wfm,23:37:00.054000,5.331735,-0.00015999999595806003,-1.80064e-06,3.13056e-06,-1.7417599559994408e-10,-1.0886399724986404
SaveOnEvent_ch1_20260927233700102.wfm,23:37:00.102000,5.331975,-0.0012000000569969416,-1.0079999999999995e-08,8.304000000000014e-08,-3.653567940532229e-10,-2.283519962831633
SaveOnEvent_ch1_20260927233700254.wfm,23:37:00.254000,5.3327350000000004,-0.00015999999595806003,-1.9807999999999997e-06,3.978399999999999e-06,-3.036095923301765e-10,-1.897599952062592
SaveOnEvent_ch1_20260927233700302.wfm,23:37:00.302000,5.332975,-0.001120000029914081,-2.719999999999696e-09,5.839999999999973e-08,-6.672639965545392e-11,-0.4169599978486076
SaveOnEvent_ch1_20260927233700456.wfm,23:37:00.456000,5.333745,-0.00015999999595806003,-1.7825599999999998e-06,2.1343999999999977e-07,1.7938559546833882e-10,1.1212799716740847
SaveOnEvent_ch1_20260927233700502.wfm,23:37:00.502000,5.333975000000001,-0.001120000029914081,-9.919999999999814e-09,8.127999999999984e-08,-3.1850879368139446e-10,-1.990719960507704
SaveOnEvent_ch1_20260927233700654.wfm,23:37:00.654000,5.334735,-7.999999797903001e-05,-1.99696e-06,3.5113599999999997e-06,1.856639953097329e-10,1.1603999706858303
SaveOnEvent_ch1_20260927233700702.wfm,23:37:00.702000,5.334975,-0.0009599999757483602,-5.280000000000058e-09,7.823999999999978e-08,-5.084159975405769e-11,-0.31791999845881946
SaveOnEvent_ch1_20260927233700854.wfm,23:37:00.854000,5.335735,-7.999999797903001e-05,-1.64688e-06,3.55728e-06,2.2727679425850502e-10,1.420559964113636
SaveOnEvent_ch1_20260927233700902.wfm,23:37:00.902000,5.3359749999999995,-0.0010400000028312206,-2.3999999999997568e-09,8.448000000000008e-08,-1.0176639873301613e-10,-0.6359999920823611
SaveOnEvent_ch1_20260927233701054.wfm,23:37:01.054000,5.336735,-0.00015999999595806003,-1.46032e-06,3.2348799999999996e-06,-5.883519851369765e-11,-0.36767999071162194
SaveOnEvent_ch1_20260927233701103.wfm,23:37:01.103000,5.3369800000000005,-0.0010400000028312206,-2.015999999999999e-08,7.75999999999999e-08,2.289087926992214e-10,1.430799954367103
SaveOnEvent_ch1_20260927233701255.wfm,23:37:01.255000,5.33774,-0.00015999999595806003,1.14336e-06,8.799999999999814e-09,1.0046079746214666e-10,0.6279199841374066
SaveOnEvent_ch1_20260927233701302.wfm,23:37:01.302000,5.337975,-0.0010400000028312206,-1.4559999999999993e-08,7.680000000000026e-08,1.6474239461356765e-10,1.0296799663337879
SaveOnEvent_ch1_20260927233701454.wfm,23:37:01.454000,5.338735,-0.00015999999595806003,-1.2417599999999999e-06,1.4115199999999997e-06,-5.503999860957313e-12,-0.034399999130982906
SaveOnEvent_ch1_20260927233701502.wfm,23:37:01.502000,5.338975,-0.0007999999797903001,-2.208000000000005e-08,7.903999999999984e-08,2.659007920254954e-10,1.6619199501583353
SaveOnEvent_ch1_20260927233701654.wfm,23:37:01.654000,5.339735,-0.00015999999595806003,-2.0479999999999993e-07,1.61552e-06,8.959359773667523e-11,0.5599999858532101
SaveOnEvent_ch1_20260927233701702.wfm,23:37:01.702000,5.339975,-0.0009599999757483602,-5.759999999999755e-09,8.144000000000002e-08,-9.171201249119081e-12,-0.057280007808003575
SaveOnEvent_ch1_20260927233701854.wfm,23:37:01.854000,5.3407350000000005,-0.00015999999595806003,6.583999999999999e-07,3.199999999999817e-09,1.5603839605813853e-10,0.9752799753623549
SaveOnEvent_ch1_20260927233701902.wfm,23:37:01.902000,5.340975,-0.001120000029914081,-1.2000000000000055e-08,4.9599999999999915e-08,1.2831359524046997e-10,0.8019999702519272
SaveOnEvent_ch1_20260927233702054.wfm,23:37:02.054000,5.341735,-0.00015999999595806003,-1.3963199999999998e-06,2.8494399999999996e-06,-1.1852799700573081e-10,-0.7407999812858179
SaveOnEvent_ch1_20260927233702102.wfm,23:37:02.102000,5.341975,-0.0010400000028312206,-8.640000000000056e-09,7.42399999999999e-08,4.257279774174099e-11,0.2661599858838599
SaveOnEvent_ch1_20260927233702254.wfm,23:37:02.254000,5.342735,-0.00015999999595806003,7.782399999999999e-07,3.340800000000002e-07,1.7516159557504587e-10,1.0947999723430257
SaveOnEvent_ch1_20260927233702302.wfm,23:37:02.302000,5.342975,-0.001120000029914081,-1.9200000000000595e-09,9.055999999999977e-08,-5.222463887534104e-10,-3.2640799297078047
SaveOnEvent_ch1_20260927233702454.wfm,23:37:02.454000,5.343735000000001,-7.999999797903001e-05,-1.7369599999999998e-06,3.3919999999999995e-06,2.8720639274455615e-10,1.7950399546534754
SaveOnEvent_ch1_20260927233702502.wfm,23:37:02.502000,5.343975,-0.001120000029914081,-7.039999999999936e-09,8.528000000000014e-08,-3.1317759369499984e-10,-1.9574399605917279
SaveOnEvent_ch1_20260927233702654.wfm,23:37:02.654000,5.344735,-0.00015999999595806003,-1.5035199999999998e-06,2.8998399999999996e-06,-2.7142399314325574e-11,-0.16967999571352266
SaveOnEvent_ch1_20260927233702702.wfm,23:37:02.702000,5.344975,-0.001120000029914081,-1.2319999999999994e-08,7.727999999999996e-08,-2.422271956643088e-10,-1.51399997289991
SaveOnEvent_ch1_20260927233702854.wfm,23:37:02.854000,5.3457349999999995,-0.00015999999595806003,1.25088e-06,7.489599999999997e-07,2.5087999366224144e-11,0.1567199960409198
SaveOnEvent_ch1_20260927233702902.wfm,23:37:02.902000,5.345975,-0.0009599999757483602,-2.0319999999999748e-08,8.239999999999984e-08,6.591998483054275e-12,0.041119990521110594
SaveOnEvent_ch1_20260927233703056.wfm,23:37:03.056000,5.346745,-0.00023999999393709004,-4.921600000000001e-07,1.9598399999999997e-06,-9.547519758809367e-11,-0.5967199849255849
SaveOnEvent_ch1_20260927233703102.wfm,23:37:03.102000,5.3469750000000005,-0.0010400000028312206,-9.919999999999814e-09,7.584000000000002e-08,1.1452799611957746e-10,0.7158399757463485
SaveOnEvent_ch1_20260927233703254.wfm,23:37:03.254000,5.347735,-0.00015999999595806003,1.0982399999999998e-06,1.0079999999999995e-08,2.0268799487967051e-10,1.2668799679959193
SaveOnEvent_ch1_20260927233703302.wfm,23:37:03.302000,5.347975,-0.0010400000028312206,-1.4079999999999872e-08,8.49600000000002e-08,-1.1340159863932054e-10,-0.7087199914967641
SaveOnEvent_ch1_20260927233703454.wfm,23:37:03.454000,5.348735,-0.00015999999595806003,1.4494399999999999e-06,4.864000000000001e-07,5.7734398541506236e-11,0.36079999088542536
SaveOnEvent_ch1_20260927233703502.wfm,23:37:03.502000,5.348975,-0.0012000000569969416,-5.280000000000058e-09,8.04800000000002e-08,-1.835007975623011e-10,-1.1468799847643822
SaveOnEvent_ch1_20260927233703654.wfm,23:37:03.654000,5.349735,-0.00023999999393709004,-1.80528e-06,3.87824e-06,-3.0117759239161377e-10,-1.8823999524465762
SaveOnEvent_ch1_20260927233703703.wfm,23:37:03.703000,5.34998,-0.0012000000569969416,-2.719999999999696e-09,8.016000000000026e-08,-2.0404479699675008e-10,-1.275279981229687
SaveOnEvent_ch1_20260927233703855.wfm,23:37:03.855000,5.35074,-0.00015999999595806003,-1.8449599999999999e-06,3.0488e-06,-1.5373439611634251e-10,-0.9607999757281505
SaveOnEvent_ch1_20260927233703902.wfm,23:37:03.902000,5.350975,-0.0012000000569969416,-1.503999999999969e-08,7.968000000000014e-08,-4.0400639224797476e-10,-2.525119951547822
SaveOnEvent_ch1_20260927233704054.wfm,23:37:04.054000,5.351735,-0.00015999999595806003,2.758399999999998e-07,1.2700800000000002e-06,1.5005439620930698e-10,0.9378399763081688
SaveOnEvent_ch1_20260927233704102.wfm,23:37:04.102000,5.3519749999999995,-0.0008800000068731606,-7.199999999999694e-09,8.511999999999996e-08,-6.788479953771463e-11,-0.4243199971097056
SaveOnEvent_ch1_20260927233704254.wfm,23:37:04.254000,5.352735,-0.00023999999393709004,-1.27232e-06,3.9204799999999994e-06,-4.299455891386606e-10,-2.687279932113597
SaveOnEvent_ch1_20260927233704302.wfm,23:37:04.302000,5.352975000000001,-0.0010400000028312206,-1.0559999999999692e-08,8.480000000000002e-08,-2.4525439533172185e-10,-1.5328799708222505
SaveOnEvent_ch1_20260927233704454.wfm,23:37:04.454000,5.353735,-7.999999797903001e-05,-1.9112e-06,3.8331199999999995e-06,2.5357439359417183e-10,1.5848799599625636
SaveOnEvent_ch1_20260927233704501.wfm,23:37:04.501000,5.35397,-0.0009599999757483602,-7.199999999999694e-09,5.760000000000009e-08,1.9723519414197647e-10,1.2327999633853324
SaveOnEvent_ch1_20260927233704654.wfm,23:37:04.654000,5.354735,-7.999999797903001e-05,-1.55968e-06,3.5595199999999997e-06,1.0856319725746288e-10,0.6785599828581326
SaveOnEvent_ch1_20260927233704702.wfm,23:37:04.702000,5.354975,-0.0012000000569969416,-9.760000000000056e-09,8.31999999999999e-08,-2.6247679561376564e-10,-1.6405599725840148
SaveOnEvent_ch1_20260927233704854.wfm,23:37:04.854000,5.355735,-0.00015999999595806003,-1.05792e-06,2.654400000000001e-07,-5.036799872759591e-12,-0.031439999205758795
SaveOnEvent_ch1_20260927233704902.wfm,23:37:04.902000,5.355975,-0.0010400000028312206,-5.1199999999998764e-09,8.975999999999971e-08,-2.8921600857283907e-11,-0.18072000535903499
SaveOnEvent_ch1_20260927233705054.wfm,23:37:05.054000,5.3567350000000005,-0.00015999999595806003,1.82e-06,6.399999999998787e-10,1.2197759691858646e-10,0.762399980740156
SaveOnEvent_ch1_20260927233705102.wfm,23:37:05.102000,5.356975,-0.0010400000028312206,-8.479999999999875e-09,8.04800000000002e-08,-1.188735982915387e-10,-0.7429599893221166
SaveOnEvent_ch1_20260927233705254.wfm,23:37:05.254000,5.357735,0.0,-1.89216e-06,,5.372031864291059e-10,3.3576799151778687
SaveOnEvent_ch1_20260927233705302.wfm,23:37:05.302000,5.357975,-0.0009599999757483602,-9.279999999999935e-09,8.080000000000014e-08,1.9881599392043421e-10,1.2426399620017037
SaveOnEvent_ch1_20260927233705454.wfm,23:37:05.454000,5.358735,-7.999999797903001e-05,-9.286399999999999e-07,2.4316799999999994e-06,2.184447944816201e-10,1.3653599655081052
SaveOnEvent_ch1_20260927233705502.wfm,23:37:05.502000,5.358975,-0.0009599999757483602,-1.391999999999969e-08,8.400000000000038e-08,-3.2837759301764904e-10,-2.052319956361316
SaveOnEvent_ch1_20260927233705654.wfm,23:37:05.654000,5.359735000000001,-7.999999797903001e-05,-1.69504e-06,3.49456e-06,1.8360319536179301e-10,1.1476799710071646
SaveOnEvent_ch1_20260927233705702.wfm,23:37:05.702000,5.359975,-0.0009599999757483602,-2.2719999999999928e-08,7.48800000000002e-08,4.7289597808848783e-11,0.29551998630631715
SaveOnEvent_ch1_20260927233705854.wfm,23:37:05.854000,5.360735,-7.999999797903001e-05,-6.227199999999999e-07,2.4564799999999996e-06,2.4393599383765814e-10,1.524719961482333
SaveOnEvent_ch1_20260927233705902.wfm,23:37:05.902000,5.360975,-0.002959999954327941,1.98352e-06,3.6991999999999975e-07,-1.287129597889725e-09,-8.046079986786935
SaveOnEvent_ch1_20260927233706054.wfm,23:37:06.054000,5.3617349999999995,-0.00015999999595806003,1.2003199999999999e-06,7.078400000000001e-07,1.8252799538895246e-11,0.1140799971180968
SaveOnEvent_ch1_20260927233706102.wfm,23:37:06.102000,5.361975,-0.0010400000028312206,-7.039999999999936e-09,8.719999999999977e-08,-1.9884799647144978e-10,-1.2428799779445399
SaveOnEvent_ch1_20260927233706254.wfm,23:37:06.254000,5.362735000000001,-7.999999797903001e-05,-8.7376e-07,3.1999999999993934e-10,5.095935871265829e-10,3.185119919537101
SaveOnEvent_ch1_20260927233706305.wfm,23:37:06.305000,5.36299,-0.0010400000028312206,-1.551999999999981e-08,7.888000000000008e-08,6.847986509091463e-13,0.00431999156717211
SaveOnEvent_ch1_20260927233706454.wfm,23:37:06.454000,5.363735,-7.999999797903001e-05,-1.92976e-06,3.6348799999999996e-06,1.6128639592556275e-10,1.0080799745337572
SaveOnEvent_ch1_20260927233706502.wfm,23:37:06.502000,5.363975,-0.0008800000068731606,-7.039999999999936e-09,6.719999999999997e-08,4.0221438893117017e-10,2.513919930817792
SaveOnEvent_ch1_20260927233706654.wfm,23:37:06.654000,5.364735,-7.999999797903001e-05,-1.98496e-06,3.7006399999999996e-06,1.3535999658051893e-10,0.8459999786282424
SaveOnEvent_ch1_20260927233706702.wfm,23:37:06.702000,5.364975,-0.001120000029914081,-7.359999999999875e-09,7.040000000000021e-08,2.320831929449923e-10,1.4506399559031706
SaveOnEvent_ch1_20260927233706854.wfm,23:37:06.854000,5.365735,-0.00015999999595806003,2.4047999999999994e-07,1.2248000000000001e-06,6.695039830869064e-11,0.418479989428306
SaveOnEvent_ch1_20260927233706902.wfm,23:37:06.902000,5.365975,-0.001120000029914081,-1.0399999999999934e-08,7.552000000000008e-08,-1.7961599725531419e-10,-1.122639982844703
SaveOnEvent_ch1_20260927233707054.wfm,23:37:07.054000,5.366735,-7.999999797903001e-05,-1.70256e-06,3.35088e-06,1.0199039742350557e-10,0.6374399838969111
SaveOnEvent_ch1_20260927233707102.wfm,23:37:07.102000,5.366975,-0.0010400000028312206,-7.999999999999754e-09,7.055999999999996e-08,2.0113919415976836e-10,1.2571199634985533
SaveOnEvent_ch1_20260927233707254.wfm,23:37:07.254000,5.367735,-7.999999797903001e-05,1.14928e-06,7.382400000000002e-07,3.393599914270456e-10,2.1211199464160018
SaveOnEvent_ch1_20260927233707302.wfm,23:37:07.302000,5.367975,-0.0010400000028312206,-1.0079999999999995e-08,9.424000000000013e-08,-3.054079936491326e-10,-1.9087999603070784
SaveOnEvent_ch1_20260927233707454.wfm,23:37:07.454000,5.368735,-7.999999797903001e-05,-1.41872e-06,3.2939199999999996e-06,3.1793919196818006e-10,1.9872799497970846
SaveOnEvent_ch1_20260927233707502.wfm,23:37:07.502000,5.368975,-0.0009599999757483602,-2.2239999999999807e-08,8.607999999999978e-08,8.884479650296282e-11,0.5552799781435169
SaveOnEvent_ch1_20260927233707655.wfm,23:37:07.655000,5.36974,-7.999999797903001e-05,4.964800000000001e-07,6.279999999999997e-07,3.0783359222346917e-10,1.9240799513936508
SaveOnEvent_ch1_20260927233707702.wfm,23:37:07.702000,5.369975,-0.001120000029914081,-6.400000000000057e-09,7.487999999999978e-08,-2.0271999657386893e-10,-1.2670399785856716
SaveOnEvent_ch1_20260927233707854.wfm,23:37:07.854000,5.370735,-7.999999797903001e-05,-2.161600000000001e-07,1.8115199999999999e-06,2.602367934258656e-10,1.6265599589096382
SaveOnEvent_ch1_20260927233707902.wfm,23:37:07.902000,5.370975,-0.0012000000569969416,-1.5360000000000053e-08,7.920000000000002e-08,-3.2782719427486846e-10,-2.0488799642189406
SaveOnEvent_ch1_20260927233708054.wfm,23:37:08.054000,5.371735,-0.00015999999595806003,1.0993599999999998e-06,8.566400000000002e-07,9.00159977260047e-11,0.5626399857865181
SaveOnEvent_ch1_20260927233708102.wfm,23:37:08.102000,5.371975,-0.0012000000569969416,-1.503999999999969e-08,8.752000000000014e-08,-6.493759863288145e-10,-4.058719914552057
SaveOnEvent_ch1_20260927233708254.wfm,23:37:08.254000,5.3727350000000005,-0.00015999999595806003,-1.53744e-06,3.13744e-06,-1.1908479699166482e-10,-0.7443199811968952
SaveOnEvent_ch1_20260927233708302.wfm,23:37:08.302000,5.372975,-0.0010400000028312206,-1.1839999999999873e-08,7.951999999999996e-08,1.236031954060308e-10,0.7725599712866824
SaveOnEvent_ch1_20260927233708454.wfm,23:37:08.454000,5.373735,-0.00015999999595806003,-1.99856e-06,3.57024e-06,-1.6821119575062746e-10,-1.0513599734404124
SaveOnEvent_ch1_20260927233708502.wfm,23:37:08.502000,5.373975,-0.0009599999757483602,-1.695999999999975e-08,8.976000000000014e-08,-2.8168319435091703e-10,-1.76055996469222
SaveOnEvent_ch1_20260927233708654.wfm,23:37:08.654000,5.374735,-0.00015999999595806003,-1.77488e-06,3.38544e-06,-1.2262399690225727e-10,-0.7663999806391075
SaveOnEvent_ch1_20260927233708702.wfm,23:37:08.702000,5.374975,-0.0010400000028312206,-1.0880000000000055e-08,7.055999999999996e-08,1.5725439483067012e-10,0.9828799676906783
SaveOnEvent_ch1_20260927233708854.wfm,23:37:08.854000,5.375735,-0.00015999999595806003,-1.0931199999999999e-06,3.8271999999999987e-07,7.83167980215511e-11,0.48951998763368465
SaveOnEvent_ch1_20260927233708903.wfm,23:37:08.903000,5.37598,-0.0010400000028312206,-9.439999999999693e-09,7.584000000000002e-08,1.8271359413163745e-10,1.141999963321723
SaveOnEvent_ch1_20260927233709055.wfm,23:37:09.055000,5.37674,-7.999999797903001e-05,-1.15104e-06,3.1030399999999996e-06,1.1245439715916279e-10,0.7028799822437577
SaveOnEvent_ch1_20260927233709102.wfm,23:37:09.102000,5.376975,-0.0012000000569969416,-1.1519999999999934e-08,2.05904e-06,-3.8887039407854884e-10,-2.430719962983858
SaveOnEvent_ch1_20260927233709254.wfm,23:37:09.254000,5.377735,-7.999999797903001e-05,-1.78272e-06,3.7449599999999995e-06,1.2136959693394617e-10,0.7585599808371626
SaveOnEvent_ch1_20260927233709302.wfm,23:37:09.302000,5.377975,-0.001120000029914081,-1.1679999999999692e-08,6.831999999999997e-08,1.1474559572758149e-10,0.7171999732963741
SaveOnEvent_ch1_20260927233709454.wfm,23:37:09.454000,5.378735,-7.999999797903001e-05,-1.5916799999999998e-06,3.55216e-06,2.961983925173991e-10,1.8512799532327335
SaveOnEvent_ch1_20260927233709502.wfm,23:37:09.502000,5.3789750000000005,-0.0009599999757483602,-4.5439999999999856e-08,8.99199999999999e-08,-2.5380479513900357e-10,-1.5863199696177617
SaveOnEvent_ch1_20260927233709654.wfm,23:37:09.654000,5.379735,-0.00015999999595806003,-1.9256e-06,1.4647999999999997e-06,1.2972799672279335e-11,0.0810399979527574
SaveOnEvent_ch1_20260927233709702.wfm,23:37:09.702000,5.379975,-0.0012000000569969416,-9.760000000000056e-09,8.704000000000002e-08,-2.4470399615122014e-10,-1.5295199759420939
SaveOnEvent_ch1_20260927233709854.wfm,23:37:09.854000,5.380735,-7.999999797903001e-05,-1.49264e-06,3.4855999999999993e-06,2.5121279365383086e-10,1.570079960336443
SaveOnEvent_ch1_20260927233709902.wfm,23:37:09.902000,5.380975,-0.001120000029914081,-6.8799999999997546e-09,7.232000000000027e-08,-1.0462079926161107e-10,-0.653839995386079
SaveOnEvent_ch1_20260927233710054.wfm,23:37:10.054000,5.381735,-0.00015999999595806003,-1.05056e-06,2.93184e-06,6.605439833132551e-11,0.4128799895697739
SaveOnEvent_ch1_20260927233710102.wfm,23:37:10.102000,5.381975,-0.0009599999757483602,-2.719999999999696e-09,8.239999999999984e-08,5.1833597209770127e-11,0.32399998256005347
SaveOnEvent_ch1_20260927233710254.wfm,23:37:10.254000,5.382735,-0.00015999999595806003,6.430399999999999e-07,1.952000000000011e-08,1.089471972477623e-10,0.6809599827975035
SaveOnEvent_ch1_20260927233710302.wfm,23:37:10.302000,5.382975,-0.001120000029914081,-4.319999999999816e-09,7.696000000000002e-08,-1.516735974769109e-10,-0.947999984229682
SaveOnEvent_ch1_20260927233710454.wfm,23:37:10.454000,5.383735,-7.999999797903001e-05,-1.9072e-06,2.4214399999999996e-06,1.8944639521418135e-10,1.1840799700876232
SaveOnEvent_ch1_20260927233710502.wfm,23:37:10.502000,5.383975,-0.0008800000068731606,-8.640000000000056e-09,8.863999999999971e-08,-1.53087997403927e-10,-0.9568799837725237
SaveOnEvent_ch1_20260927233710654.wfm,23:37:10.654000,5.384735,-0.00015999999595806003,-1.7414399999999998e-06,3.73408e-06,-1.6428159584989773e-10,-1.0267999740608502
SaveOnEvent_ch1_20260927233710702.wfm,23:37:10.702000,5.384975,-0.0009599999757483602,-1.3599999999999751e-08,7.039999999999978e-08,1.9719039407325917e-10,1.2325599629548378
SaveOnEvent_ch1_20260927233710854.wfm,23:37:10.854000,5.385735,-0.00015999999595806003,-9.7648e-07,9.600000000000086e-09,5.72479985537938e-11,0.35783999096020125
SaveOnEvent_ch1_20260927233710902.wfm,23:37:10.902000,5.385975,-0.0007999999797903001,2.4000000000001803e-09,7.584000000000002e-08,3.066879907064141e-10,1.9169599419110455
SaveOnEvent_ch1_20260927233711054.wfm,23:37:11.054000,5.386735,-0.00015999999595806003,-8.736e-07,6.400000000000904e-10,-9.593599757645435e-12,-0.05999999848427251
SaveOnEvent_ch1_20260927233711102.wfm,23:37:11.102000,5.386975,-0.0012799999676644802,-6.8799999999997546e-09,7.60000000000002e-08,-1.6379519809270306e-10,-1.0237599880783819
SaveOnEvent_ch1_20260927233711254.wfm,23:37:11.254000,5.387735,-0.00015999999595806003,1.0844799999999998e-06,9.153599999999999e-07,-1.0732799728866531e-11,-0.06719999830238521
SaveOnEvent_ch1_20260927233711301.wfm,23:37:11.301000,5.38797,-0.0019199999514967203,1.9048000000000004e-06,2.0113599999999997e-06,-1.7367232015612533e-09,-10.855440009763697
SaveOnEvent_ch1_20260927233711453.wfm,23:37:11.453000,5.38873,-0.00015999999595806003,-1.93648e-06,2.55056e-06,2.9990399242378856e-11,0.18743999526486732
SaveOnEvent_ch1_20260927233711503.wfm,23:37:11.503000,5.38898,-0.0012799999676644802,1.98672e-06,2.04704e-06,-1.7867520322091849e-10,-1.1173600201145746
SaveOnEvent_ch1_20260927233711655.wfm,23:37:11.655000,5.38974,-7.999999797903001e-05,1.1363199999999997e-06,8.6352e-07,2.9733759248862033e-10,1.8583199530548882
SaveOnEvent_ch1_20260927233711702.wfm,23:37:11.702000,5.389975,-0.0009599999757483602,-1.631999999999987e-08,8.432000000000032e-08,-2.0273919599596412e-10,-1.2672799749707337
SaveOnEvent_ch1_20260927233711853.wfm,23:37:11.853000,5.39073,-0.00023999999393709004,-1.99248e-06,3.47456e-06,-3.272767917322926e-10,-2.0455999483237974
SaveOnEvent_ch1_20260927233711902.wfm,23:37:11.902000,5.390975,-0.0010400000028312206,-8.319999999999693e-09,8.16000000000002e-08,8.279039654415097e-11,0.5175199783989228
SaveOnEvent_ch1_20260927233712054.wfm,23:37:12.054000,5.391735,-7.999999797903001e-05,-9.304e-07,7.222400000000001e-07,3.451839912799187e-10,2.1575199454964604
SaveOnEvent_ch1_20260927233712102.wfm,23:37:12.102000,5.391975,-0.0008800000068731606,-9.119999999999753e-09,9.024000000000026e-08,4.2047997270710785e-11,0.2628799829399213
SaveOnEvent_ch1_20260927233712254.wfm,23:37:12.254000,5.392735,-7.999999797903001e-05,-1.8919999999999998e-06,3.2438399999999996e-06,2.8016639292240183e-10,1.751119955762988
SaveOnEvent_ch1_20260927233712302.wfm,23:37:12.302000,5.392975,-0.0008800000068731606,-4.959999999999695e-09,9.008000000000008e-08,6.316159689100443e-11,0.3947199805697892
SaveOnEvent_ch1_20260927233712454.wfm,23:37:12.454000,5.393735,-0.00015999999595806003,-1.64224e-06,2.26384e-06,4.9478398750070596e-11,0.30927999218693003
SaveOnEvent_ch1_20260927233712502.wfm,23:37:12.502000,5.393975,-0.0010400000028312206,-1.4240000000000053e-08,7.64799999999999e-08,2.1604479306610293e-10,1.3503199566621333
SaveOnEvent_ch1_20260927233712654.wfm,23:37:12.654000,5.394735,-0.00015999999595806003,-1.97152e-06,3.87312e-06,3.409279913874335e-11,0.21311999461613595
SaveOnEvent_ch1_20260927233712702.wfm,23:37:12.702000,5.3949750000000005,-0.0012799999676644802,-9.119999999999753e-09,7.53599999999999e-08,-2.724991955514995e-10,-1.7031999721948523
SaveOnEvent_ch1_20260927233712854.wfm,23:37:12.854000,5.395735,-0.00015999999595806003,-1.74848e-06,3.7096e-06,-2.1084799467353173e-10,-1.3178399667085614
SaveOnEvent_ch1_20260927233712902.wfm,23:37:12.902000,5.395975,-0.001120000029914081,-4.799999999999937e-09,7.295999999999972e-08,2.1475199304288245e-10,1.3423199565149844
SaveOnEvent_ch1_20260927233713054.wfm,23:37:13.054000,5.396735,-0.00015999999595806003,1.4063999999999998e-06,4.7167999999999995e-07,1.1133439718745659e-10,0.695839982421603
SaveOnEvent_ch1_20260927233713102.wfm,23:37:13.102000,5.396974999999999,-0.001120000029914081,-9.439999999999693e-09,7.024000000000003e-08,9.758719624020139e-11,0.609999976499239
SaveOnEvent_ch1_20260927233713254.wfm,23:37:13.254000,5.397735,-0.00015999999595806003,-1.8147199999999999e-06,3.8129599999999995e-06,-8.141439794329916e-11,-0.5088799871446099
SaveOnEvent_ch1_20260927233713302.wfm,23:37:13.302000,5.397975000000001,-0.0016799999866634607,1.9980800000000003e-06,2.00864e-06,-4.694400071329439e-10,-2.9348000445752405
SaveOnEvent_ch1_20260927233713455.wfm,23:37:13.455000,5.39874,-0.00015999999595806003,1.0479999999999983e-07,1.14704e-06,3.9955198990646834e-11,0.2497599936905317
SaveOnEvent_ch1_20260927233713502.wfm,23:37:13.502000,5.398975,-0.0008800000068731606,-7.679999999999815e-09,7.920000000000002e-08,3.077503912383691e-10,1.9235199452377856
SaveOnEvent_ch1_20260927233713654.wfm,23:37:13.654000,5.399735,-7.999999797903001e-05,-1.41776e-06,2.8799999999998776e-09,4.2606078923679884e-10,2.662959932727972
SaveOnEvent_ch1_20260927233713702.wfm,23:37:13.702000,5.3999749999999995,-0.0008800000068731606,-1.9519999999999688e-08,8.800000000000026e-08,3.001919915876351e-10,1.876239947421709
SaveOnEvent_ch1_20260927233713853.wfm,23:37:13.853000,5.40073,-0.00015999999595806003,-1.8704e-06,6.4144e-07,5.279999866616021e-12,0.033039999165339395
SaveOnEvent_ch1_20260927233713902.wfm,23:37:13.902000,5.400975,-0.0010400000028312206,-1.471999999999975e-08,8.04800000000002e-08,1.0764798284508335e-11,0.0672799892781768
SaveOnEvent_ch1_20260927233714054.wfm,23:37:14.054000,5.401735,-7.999999797903001e-05,-1.90112e-06,3.61696e-06,1.5725439602741967e-10,0.9828799751703627
SaveOnEvent_ch1_20260927233714104.wfm,23:37:14.104000,5.401985,-0.0008800000068731606,-1.743999999999987e-08,8.38400000000002e-08,1.682559947716071e-10,1.0516799673205242
SaveOnEvent_ch1_20260927233714254.wfm,23:37:14.254000,5.402735,-0.00015999999595806003,7.993600000000001e-07,1.0384000000000001e-07,1.329087966424411e-10,0.8307199790142477
SaveOnEvent_ch1_20260927233714302.wfm,23:37:14.302000,5.402975,-0.001120000029914081,-1.519999999999987e-08,8.94400000000002e-08,-1.8351359782274814e-10,-1.1469599863921758
SaveOnEvent_ch1_20260927233714454.wfm,23:37:14.454000,5.403735,-7.999999797903001e-05,-1.9792e-06,3.49728e-06,1.4459519634721794e-10,0.9037599771691021
SaveOnEvent_ch1_20260927233714502.wfm,23:37:14.502000,5.403975,-0.001120000029914081,-1.471999999999975e-08,7.392000000000039e-08,1.207103951298631e-10,0.7544799695606343
SaveOnEvent_ch1_20260927233714654.wfm,23:37:14.654000,5.4047350000000005,-7.999999797903001e-05,-1.95584e-06,3.8112e-06,2.1279359462438164e-10,1.329999966401374
SaveOnEvent_ch1_20260927233714702.wfm,23:37:14.702000,5.404975,-0.0010400000028312206,-7.039999999999936e-09,8.495999999999978e-08,3.05919982027262e-11,0.19111998876906
SaveOnEvent_ch1_20260927233714854.wfm,23:37:14.854000,5.405735,-0.00015999999595806003,-1.36416e-06,7.555199999999999e-07,6.772479828912744e-11,0.4232799893070478
SaveOnEvent_ch1_20260927233714902.wfm,23:37:14.902000,5.405975,-0.001120000029914081,-7.039999999999936e-09,7.792000000000026e-08,-6.139520001364875e-11,-0.383680000086315
SaveOnEvent_ch1_20260927233715054.wfm,23:37:15.054000,5.406734999999999,-0.00015999999595806003,-1.86656e-06,1.45984e-06,7.551359809236588e-11,0.4719999880762771
SaveOnEvent_ch1_20260927233715102.wfm,23:37:15.102000,5.406975,-0.0010400000028312206,-1.2159999999999812e-08,8.560000000000008e-08,5.891199724515906e-11,0.3683199827792123
SaveOnEvent_ch1_20260927233715254.wfm,23:37:15.254000,5.407735000000001,-0.00015999999595806003,-1.6966399999999998e-06,1.7891199999999997e-06,-4.8735998768825206e-11,-0.30455999230616726
SaveOnEvent_ch1_20260927233715302.wfm,23:37:15.302000,5.407975,-0.0009599999757483602,-1.551999999999981e-08,8.256000000000002e-08,-1.215871981950476e-10,-0.759919988719048
SaveOnEvent_ch1_20260927233715454.wfm,23:37:15.454000,5.408735,-0.00015999999595806003,1.44096e-06,7.039999999999936e-09,2.3434239408001294e-10,1.4647199629980605
SaveOnEvent_ch1_20260927233715502.wfm,23:37:15.502000,5.408975,-0.001120000029914081,-5.759999999999755e-09,8.575999999999984e-08,-2.2167679647216577e-10,-1.3855199779500253
SaveOnEvent_ch1_20260927233715655.wfm,23:37:15.655000,5.40974,-7.999999797903001e-05,-1.7470399999999998e-06,3.1075199999999996e-06,1.901439951965585e-10,1.1883999699784908
SaveOnEvent_ch1_20260927233715702.wfm,23:37:15.702000,5.409975,-0.001120000029914081,-1.4399999999999811e-08,7.360000000000002e-08,-3.788801589980704e-12,-0.02360000993940048
SaveOnEvent_ch1_20260927233715854.wfm,23:37:15.854000,5.410735,-0.00015999999595806003,-1.2719999999999998e-06,1.6195199999999996e-06,9.911679749609896e-11,0.6195199843496084
SaveOnEvent_ch1_20260927233715902.wfm,23:37:15.902000,5.4109750000000005,-0.003599999938160181,1.408e-06,1.32176e-06,-4.3679807804967275e-09,-27.301119878073223
SaveOnEvent_ch1_20260927233716056.wfm,23:37:16.056000,5.411745,-0.00023999999393709004,-1.3456000000000011e-07,3.4419199999999997e-06,-1.6565759581513672e-10,-1.0353599738446064
SaveOnEvent_ch1_20260927233716102.wfm,23:37:16.102000,5.411975,-0.0010400000028312206,-1.0239999999999753e-08,8.047999999999978e-08,-1.706239970540626e-10,-1.0664799815858714
SaveOnEvent_ch1_20260927233716254.wfm,23:37:16.254000,5.412735,-0.00015999999595806003,9.297599999999997e-07,3.420800000000004e-07,1.5416959610534843e-10,0.9635999756574165
SaveOnEvent_ch1_20260927233716302.wfm,23:37:16.302000,5.412975,-0.0012000000569969416,-9.439999999999693e-09,6.928000000000021e-08,-1.4436479876050737e-10,-0.9023199922521599
SaveOnEvent_ch1_20260927233716454.wfm,23:37:16.454000,5.413735,-0.00015999999595806003,-5.593600000000001e-07,7.580800000000001e-07,2.8031999291852122e-11,0.17527999557205476
SaveOnEvent_ch1_20260927233716502.wfm,23:37:16.502000,5.413975000000001,-0.0009599999757483602,-1.0399999999999934e-08,7.968000000000014e-08,-1.5754879706772046e-10,-0.9846399816742633
SaveOnEvent_ch1_20260927233716654.wfm,23:37:16.654000,5.414735,-7.999999797903001e-05,-1.8848e-06,3.8846399999999995e-06,3.54956791033037e-10,2.2184799439564813
SaveOnEvent_ch1_20260927233716704.wfm,23:37:16.704000,5.414985,-0.0008800000068731606,-1.391999999999969e-08,8.480000000000002e-08,9.573119647335255e-11,0.5983199779584538
SaveOnEvent_ch1_20260927233716854.wfm,23:37:16.854000,5.415735,-7.999999797903001e-05,-1.54832e-06,3.0727999999999996e-06,2.421247938834131e-10,1.5133599617693108
SaveOnEvent_ch1_20260927233716902.wfm,23:37:16.902000,5.4159749999999995,-0.0010400000028312206,-1.4559999999999993e-08,7.552000000000008e-08,2.370175926946101e-10,1.4813599543413147
SaveOnEvent_ch1_20260927233717054.wfm,23:37:17.054000,5.416735,-7.999999797903001e-05,-1.85136e-06,3.4212799999999996e-06,1.1461119710467741e-10,0.7163999819022138
SaveOnEvent_ch1_20260927233717102.wfm,23:37:17.102000,5.416975,-0.0009599999757483602,-7.520000000000057e-09,7.487999999999978e-08,1.4821119488216936e-10,0.9263999680115376
SaveOnEvent_ch1_20260927233717254.wfm,23:37:17.254000,5.417735,-0.00015999999595806003,-6.070399999999999e-07,2.3235199999999996e-06,7.544959809398286e-11,0.4715199880884029
SaveOnEvent_ch1_20260927233717302.wfm,23:37:17.302000,5.417975,-0.0009599999757483602,-1.4559999999999993e-08,9.200000000000014e-08,-9.434239842696119e-11,-0.5896799901674967
SaveOnEvent_ch1_20260927233717454.wfm,23:37:17.454000,5.418735,-7.999999797903001e-05,-3.1696000000000005e-07,2.0731200000000002e-06,3.9114879011875e-10,2.444719938241178
SaveOnEvent_ch1_20260927233717502.wfm,23:37:17.502000,5.418975,-0.0010400000028312206,-1.4559999999999993e-08,6.576000000000003e-08,3.673599897092209e-10,2.296079935680609
SaveOnEvent_ch1_20260927233717654.wfm,23:37:17.654000,5.419735,-7.999999797903001e-05,1.3296e-06,4.550399999999997e-07,3.657855907594785e-10,2.2862399422447197
SaveOnEvent_ch1_20260927233717701.wfm,23:37:17.701000,5.41997,-0.0012799999676644802,-1.4559999999999993e-08,7.487999999999978e-08,-2.430975961731746e-10,-1.5194399760803208
SaveOnEvent_ch1_20260927233717853.wfm,23:37:17.853000,5.42073,-7.999999797903001e-05,-1.996e-06,3.30352e-06,1.8047999544069178e-10,1.1280799715023022
SaveOnEvent_ch1_20260927233717902.wfm,23:37:17.902000,5.420975,-0.0009599999757483602,-2.2559999999999747e-08,8.640000000000014e-08,-1.3005439795786523e-10,-0.8128799872356467
SaveOnEvent_ch1_20260927233718054.wfm,23:37:18.054000,5.421735,-7.999999797903001e-05,-1.54736e-06,3.40464e-06,2.926015926082617e-10,1.828799953800626
SaveOnEvent_ch1_20260927233718102.wfm,23:37:18.102000,5.421975,-0.001120000029914081,-1.4879999999999932e-08,5.920000000000021e-08,-6.796800020616542e-11,-0.4247200012905523
SaveOnEvent_ch1_20260927233718254.wfm,23:37:18.254000,5.422735,-0.00015999999595806003,-8.652800000000001e-07,1.0336e-06,6.749439829494809e-11,0.42183998934342526
SaveOnEvent_ch1_20260927233718302.wfm,23:37:18.302000,5.422975,-0.0008800000068731606,-3.983999999999986e-08,8.288000000000038e-08,-9.337600900326117e-12,-0.05832000562804751
SaveOnEvent_ch1_20260927233718454.wfm,23:37:18.454000,5.423735000000001,-0.00023999999393709004,-1.40864e-06,3.9656e-06,-3.788863904285246e-10,-2.3681599401752464
SaveOnEvent_ch1_20260927233718502.wfm,23:37:18.502000,5.423975,-0.0010400000028312206,-1.0399999999999934e-08,6.992000000000009e-08,7.821439686464128e-11,0.48895998040097766
SaveOnEvent_ch1_20260927233718655.wfm,23:37:18.655000,5.42474,0.0,-1.99152e-06,,5.125183870526959e-10,3.20335991907632
SaveOnEvent_ch1_20260927233718702.wfm,23:37:18.702000,5.424975,-0.0049600000493228436,7.945600000000001e-07,9.737599999999996e-07,-5.023449612162075e-09,-31.397200075996807
SaveOnEvent_ch1_20260927233718854.wfm,23:37:18.854000,5.4257349999999995,-7.999999797903001e-05,-1.5972799999999998e-06,1.0223999999999997e-06,3.737663905578665e-10,2.3361599409836344
SaveOnEvent_ch1_20260927233718902.wfm,23:37:18.902000,5.425975,-0.0008800000068731606,-2.5599999999999382e-09,2.0647999999999997e-06,-2.540287965117022e-10,-1.5879999781900551
SaveOnEvent_ch1_20260927233719054.wfm,23:37:19.054000,5.426735,-0.00015999999595806003,5.6288e-07,8.6352e-07,2.0537599481176524e-11,0.12831999675836414
SaveOnEvent_ch1_20260927233719102.wfm,23:37:19.102000,5.426975,-0.0009599999757483602,-1.695999999999975e-08,8.704000000000002e-08,-9.276799856452259e-11,-0.5797599910292774
SaveOnEvent_ch1_20260927233719254.wfm,23:37:19.254000,5.427735,-0.00023999999393709004,1.0436799999999997e-06,3.93504e-06,-1.6921599572524433e-10,-1.0576799732807558
SaveOnEvent_ch1_20260927233719304.wfm,23:37:19.304000,5.427985,-0.0010400000028312206,-7.839999999999996e-09,8.16000000000002e-08,-3.0959999365033595e-10,-1.9350399603135884
SaveOnEvent_ch1_20260927233719454.wfm,23:37:19.454000,5.428735,-7.999999797903001e-05,-1.76768e-06,8.640000000000056e-09,4.817727878293955e-10,3.0111999239306897
SaveOnEvent_ch1_20260927233719502.wfm,23:37:19.502000,5.428975,-0.0025599999353289604,1.2512e-06,1.2945599999999996e-06,-2.988076834143139e-09,-18.67640021344414
SaveOnEvent_ch1_20260927233719654.wfm,23:37:19.654000,5.429735,-7.999999797903001e-05,-1.9928e-06,3.6460799999999996e-06,2.343487940798516e-10,1.4647199629980605
SaveOnEvent_ch1_20260927233719702.wfm,23:37:19.702000,5.429975,-0.005040000192821026,8.678400000000002e-07,9.521599999999997e-07,-5.1050560216745355e-09,-31.907360135461204
SaveOnEvent_ch1_20260927233719854.wfm,23:37:19.854000,5.430735,-0.00023999999393709004,-1.68224e-06,2.4841599999999996e-06,-2.0479999482633078e-12,-0.012799999676644802
SaveOnEvent_ch1_20260927233719902.wfm,23:37:19.902000,5.430975,-0.0008800000068731606,-1.4240000000000053e-08,2.04736e-06,2.348479912639595e-10,1.4675199454068206
SaveOnEvent_ch1_20260927233720054.wfm,23:37:20.054000,5.431735,-0.00015999999595806003,-9.8224e-07,7.999999999999966e-09,2.6182399338576805e-11,0.1636799958650954
SaveOnEvent_ch1_20260927233720102.wfm,23:37:20.102000,5.4319749999999996,-0.0010400000028312206,-1.2319999999999994e-08,8.43199999999999e-08,-6.040319982916105e-11,-0.3775199989322573
SaveOnEvent_ch1_20260927233720254.wfm,23:37:20.254000,5.432735,-0.00015999999595806003,-1.0368000000000004e-07,1.1795199999999998e-06,-1.0184319742722427e-10,-0.6364799839211628
SaveOnEvent_ch1_20260927233720302.wfm,23:37:20.302000,5.432975,-0.001120000029914081,-7.999999999999754e-09,7.98399999999999e-08,-1.3119999846909196e-10,-0.8199999904318247
SaveOnEvent_ch1_20260927233720454.wfm,23:37:20.454000,5.433735,-0.00023999999393709004,2.433599999999998e-07,3.4804799999999994e-06,-2.2899839421501394e-10,-1.431279963842826
SaveOnEvent_ch1_20260927233720502.wfm,23:37:20.502000,5.433975,-0.0018400000408291817,1.9784e-06,2.3424000000000006e-07,-6.293760926928358e-11,-0.39416005794191733
SaveOnEvent_ch1_20260927233720655.wfm,23:37:20.655000,5.43474,-0.00015999999595806003,-1.6393599999999999e-06,3.6392e-06,-3.2550399177707965e-11,-0.20351999485865235
SaveOnEvent_ch1_20260927233720702.wfm,23:37:20.702000,5.434975,-0.0009599999757483602,-9.599999999999874e-09,7.71200000000002e-08,-4.3161600162275073e-11,-0.2697600010142196
SaveOnEvent_ch1_20260927233720854.wfm,23:37:20.854000,5.435735,-0.00015999999595806003,-3.7455999999999993e-07,2.28432e-06,-1.87775995256379e-11,-0.11743999703321606
SaveOnEvent_ch1_20260927233720902.wfm,23:37:20.902000,5.435975,-0.002400000113993883,1.7806400000000002e-06,7.751999999999998e-07,-1.564691209523007e-09,-9.780480059504043
SaveOnEvent_ch1_20260927233721054.wfm,23:37:21.054000,5.436735,-7.999999797903001e-05,-1.6774399999999999e-06,2.26352e-06,2.265727942762898e-10,1.4161599642247893
SaveOnEvent_ch1_20260927233721102.wfm,23:37:21.102000,5.436975,-0.0008800000068731606,-1.1519999999999934e-08,8.751999999999971e-08,7.774719720706328e-11,0.4859999825421255
SaveOnEvent_ch1_20260927233721254.wfm,23:37:21.254000,5.437735,-0.00015999999595806003,-1.85136e-06,3.7638399999999997e-06,-1.6321279587689775e-10,-1.0200799742306117
SaveOnEvent_ch1_20260927233721302.wfm,23:37:21.302000,5.437975,-0.0009599999757483602,-7.679999999999815e-09,8.511999999999996e-08,-1.0526719848159705e-10,-0.6579199905099813
SaveOnEvent_ch1_20260927233721454.wfm,23:37:21.454000,5.438735,-0.00015999999595806003,-1.10224e-06,3.01344e-06,-6.6431998321787295e-12,-0.04151999895111658
SaveOnEvent_ch1_20260927233721502.wfm,23:37:21.502000,5.438975,-0.001120000029914081,-1.0880000000000055e-08,7.408000000000014e-08,-2.539903953112663e-10,-1.5875199706933927
SaveOnEvent_ch1_20260927233721654.wfm,23:37:21.654000,5.439735,-7.999999797903001e-05,-1.7030399999999999e-06,3.6945599999999995e-06,1.384511965024284e-10,0.8653599781391677
SaveOnEvent_ch1_20260927233721702.wfm,23:37:21.702000,5.4399750000000004,-0.0009599999757483602,-4.1600000000000584e-09,8.511999999999996e-08,4.1401597715448485e-11,0.2587999857205432
SaveOnEvent_ch1_20260927233721854.wfm,23:37:21.854000,5.440735,-0.00015999999595806003,-9.6848e-07,1.4019199999999998e-06,5.858559852000329e-11,0.36615999075002037
SaveOnEvent_ch1_20260927233721903.wfm,23:37:21.903000,5.44098,-0.0009599999757483602,-1.807999999999975e-08,7.696000000000002e-08,8.743039666442194e-11,0.546479979151627
SaveOnEvent_ch1_20260927233722055.wfm,23:37:22.055000,5.44174,-7.999999797903001e-05,-8.428799999999999e-07,2.83856e-06,2.2273279437329615e-10,1.3921599648310803
SaveOnEvent_ch1_20260927233722102.wfm,23:37:22.102000,5.441975,-0.0015999999595806003,1.9467199999999996e-06,2.02912e-06,-6.451264024665579e-10,-4.0328000154404435
SaveOnEvent_ch1_20260927233722254.wfm,23:37:22.254000,5.442735,-7.999999797903001e-05,-1.2742399999999998e-06,1.9892799999999996e-06,4.184767894283868e-10,2.6155999339243863
SaveOnEvent_ch1_20260927233722302.wfm,23:37:22.302000,5.442975000000001,-0.003120000008493662,1.7545599999999999e-06,7.491199999999999e-07,-2.6297088007605633e-09,-16.437120004702592
SaveOnEvent_ch1_20260927233722454.wfm,23:37:22.454000,5.443735,-7.999999797903001e-05,-1.9992e-06,3.916639999999999e-06,2.6079359341179955e-10,1.6299999588227365
SaveOnEvent_ch1_20260927233722502.wfm,23:37:22.502000,5.443975,-0.0008800000068731606,-9.599999999999874e-09,8.87999999999999e-08,9.086719629820451e-11,0.5679999768617563
SaveOnEvent_ch1_20260927233722654.wfm,23:37:22.654000,5.444735,-0.00023999999393709004,-1.51728e-06,3.9368e-06,-4.2087038936791934e-10,-2.630559933546465
SaveOnEvent_ch1_20260927233722702.wfm,23:37:22.702000,5.444975,-0.0010400000028312206,-1.2159999999999812e-08,7.024000000000003e-08,2.6362879212945684e-10,1.6477599508070853
SaveOnEvent_ch1_20260927233722854.wfm,23:37:22.854000,5.445735,-7.999999797903001e-05,-1.96768e-06,2.35632e-06,1.3866879649693136e-10,0.8667199781048112
SaveOnEvent_ch1_20260927233722902.wfm,23:37:22.902000,5.445975,-0.001120000029914081,-4.799999999999937e-09,7.920000000000002e-08,-2.436863956740126e-10,-1.5230399729625788
SaveOnEvent_ch1_20260927233723054.wfm,23:37:23.054000,5.446735,-0.00015999999595806003,-9.097599999999999e-07,1.00464e-06,8.758399778744201e-11,0.5474399861705024
SaveOnEvent_ch1_20260927233723102.wfm,23:37:23.102000,5.446975,-0.0009599999757483602,-9.919999999999814e-09,7.664000000000008e-08,2.2924799295142308e-10,1.4329599559423514
SaveOnEvent_ch1_20260927233723254.wfm,23:37:23.254000,5.447735,0.0,-1.72e-07,,5.901503850915468e-10,3.688559906819137
SaveOnEvent_ch1_20260927233723302.wfm,23:37:23.302000,5.4479750000000005,-0.0010400000028312206,-1.2319999999999994e-08,9.200000000000014e-08,-2.0837759626330805e-10,-1.302319976646686
SaveOnEvent_ch1_20260927233723454.wfm,23:37:23.454000,5.448735,-0.00015999999595806003,-1.988e-06,3.78496e-06,-6.771199828945073e-12,-0.04231999893090688
SaveOnEvent_ch1_20260927233723502.wfm,23:37:23.502000,5.448975,-0.001120000029914081,-1.1199999999999994e-09,7.31199999999999e-08,-4.2944013210945305e-12,-0.026880008255830035
SaveOnEvent_ch1_20260927233723654.wfm,23:37:23.654000,5.449735,-7.999999797903001e-05,-1.6081599999999999e-06,3.57232e-06,1.7044479569420225e-10,1.0652799730887637
SaveOnEvent_ch1_20260927233723702.wfm,23:37:23.702000,5.449975,-0.001120000029914081,-1.2159999999999812e-08,7.680000000000026e-08,1.3386879514204318e-10,0.8367199696367607
SaveOnEvent_ch1_20260927233723854.wfm,23:37:23.854000,5.450735,-0.00023999999393709004,-2e-06,3.8616e-06,-4.2601598923793067e-10,-2.662719932734035
SaveOnEvent_ch1_20260927233723902.wfm,23:37:23.902000,5.450975,-0.0008800000068731606,-9.599999999999874e-09,8.800000000000026e-08,-1.5251199716702103e-10,-0.9531999822938815
SaveOnEvent_ch1_20260927233724054.wfm,23:37:24.054000,5.451735,-0.00015999999595806003,-1.9094399999999997e-06,3.7876799999999996e-06,-1.3363839662401006e-10,-0.8352799788990524
SaveOnEvent_ch1_20260927233724102.wfm,23:37:24.102000,5.451975,-0.0009599999757483602,-1.503999999999969e-08,7.840000000000038e-08,4.390398412942896e-12,0.02743999008089304
SaveOnEvent_ch1_20260927233724254.wfm,23:37:24.254000,5.4527350000000006,-7.999999797903001e-05,-1.92192e-06,3.8579200000000005e-06,2.39263993955683e-10,1.495439962222008
SaveOnEvent_ch1_20260927233724302.wfm,23:37:24.302000,5.452975,-0.001120000029914081,-1.4079999999999872e-08,8.224000000000008e-08,6.028798208572074e-12,0.037759988801553845
SaveOnEvent_ch1_20260927233724454.wfm,23:37:24.454000,5.453735,-7.999999797903001e-05,-1.4863999999999999e-06,3.4524799999999994e-06,4.2286078931763765e-10,2.6429599332332145
SaveOnEvent_ch1_20260927233724505.wfm,23:37:24.505000,5.45399,-0.0012799999676644802,-7.359999999999875e-09,6.943999999999997e-08,-2.904639948415569e-10,-1.8155999677546788
SaveOnEvent_ch1_20260927233724654.wfm,23:37:24.654000,5.454735,-0.00023999999393709004,-1.19456e-06,3.93664e-06,-4.0385278979782013e-10,-2.524159936234355
SaveOnEvent_ch1_20260927233724702.wfm,23:37:24.702000,5.454975,-0.0009599999757483602,-2.015999999999999e-08,9.16800000000002e-08,-1.4745599748566737e-10,-0.9215999842854217
SaveOnEvent_ch1_20260927233724854.wfm,23:37:24.854000,5.455735,-0.00015999999595806003,5.267200000000001e-07,4.491199999999998e-07,1.0835839726263646e-10,0.6772799828904681
SaveOnEvent_ch1_20260927233724902.wfm,23:37:24.902000,5.4559750000000005,-0.004399999976158142,1.8451199999999996e-06,5.361599999999998e-07,-2.4879488108260554e-09,-15.551680067757843
SaveOnEvent_ch1_20260927233725054.wfm,23:37:25.054000,5.456735,-0.00015999999595806003,-1.6830399999999999e-06,3.541439999999999e-06,-1.4171519641997293e-10,-0.8857599776238203
SaveOnEvent_ch1_20260927233725102.wfm,23:37:25.102000,5.456975,-0.001120000029914081,-6.8799999999997546e-09,8.128000000000026e-08,4.172799738589671e-11,0.26087998365983367
SaveOnEvent_ch1_20260927233725254.wfm,23:37:25.254000,5.4577350000000004,0.0,-1.8884799999999999e-06,,3.926655900804326e-10,2.4542399380006827
SaveOnEvent_ch1_20260927233725302.wfm,23:37:25.302000,5.457975,-0.0012000000569969416,-5.9199999999999365e-09,6.735999999999972e-08,-1.9366401482839072e-11,-0.12128000927623361
SaveOnEvent_ch1_20260927233725454.wfm,23:37:25.454000,5.458735,-0.00015999999595806003,-1.8540799999999998e-06,7.403199999999998e-07,4.5292798855807724e-11,0.2831199928477872
SaveOnEvent_ch1_20260927233725502.wfm,23:37:25.502000,5.458975000000001,-0.0009599999757483602,-1.0079999999999995e-08,7.375999999999978e-08,1.0243839628063143e-10,0.6403199767519254
SaveOnEvent_ch1_20260927233725654.wfm,23:37:25.654000,5.459735,-0.00015999999595806003,-1.90016e-06,2.8992e-06,-1.0145919743692523e-10,-0.6340799839817919
SaveOnEvent_ch1_20260927233725702.wfm,23:37:25.702000,5.459975,-0.001120000029914081,-9.919999999999814e-09,7.039999999999978e-08,6.956799662206305e-11,0.43487997888587415
SaveOnEvent_ch1_20260927233725854.wfm,23:37:25.854000,5.460735,-0.00015999999595806003,8.662400000000001e-07,2.3199999999999625e-08,1.7168639566283675e-10,1.0731199728907086
SaveOnEvent_ch1_20260927233725902.wfm,23:37:25.902000,5.4609749999999995,-0.001120000029914081,-1.583999999999975e-08,7.904000000000026e-08,-2.804415949503891e-10,-1.7527199684409425
SaveOnEvent_ch1_20260927233726054.wfm,23:37:26.054000,5.461735,-7.999999797903001e-05,3.022400000000001e-07,1.6975999999999996e-06,2.7505279305158174e-10,1.719119956571376
SaveOnEvent_ch1_20260927233726102.wfm,23:37:26.102000,5.461975,-0.0009599999757483602,-4.319999999999816e-09,8.000000000000008e-08,6.395519730867806e-11,0.39975998317822814
SaveOnEvent_ch1_20260927233726254.wfm,23:37:26.254000,5.462735,-7.999999797903001e-05,-1.97664e-06,3.57248e-06,1.851583953225053e-10,1.1572799707646482
SaveOnEvent_ch1_20260927233726302.wfm,23:37:26.302000,5.462975,-0.0008800000068731606,-1.3120000000000054e-08,7.167999999999996e-08,1.5712639514124018e-10,0.9820799696317408
SaveOnEvent_ch1_20260927233726454.wfm,23:37:26.454000,5.463735,-0.00015999999595806003,-1.22896e-06,3.1788799999999996e-06,-8.328319789608931e-11,-0.5204799868515693
SaveOnEvent_ch1_20260927233726502.wfm,23:37:26.502000,5.463975,-0.001120000029914081,-7.359999999999875e-09,8.063999999999996e-08,-1.508607978932559e-10,-0.9428799868328497
SaveOnEvent_ch1_20260927233726655.wfm,23:37:26.655000,5.46474,-7.999999797903001e-05,-1.6152e-06,3.49664e-06,1.5279359614010876e-10,0.9549599758756813
SaveOnEvent_ch1_20260927233726702.wfm,23:37:26.702000,5.464975,-0.0009599999757483602,-1.711999999999993e-08,9.376000000000001e-08,-1.6141439758008345e-10,-1.0088799848745111
SaveOnEvent_ch1_20260927233726854.wfm,23:37:26.854000,5.4657350000000005,-0.00015999999595806003,-1.96208e-06,4.974400000000001e-07,9.265279765939345e-11,0.5790399853722192
SaveOnEvent_ch1_20260927233726902.wfm,23:37:26.902000,5.465975,-0.0008800000068731606,-1.2159999999999812e-08,7.664000000000008e-08,2.1654399371938777e-10,1.3534399607451633
SaveOnEvent_ch1_20260927233727054.wfm,23:37:27.054000,5.466735,-7.999999797903001e-05,-1.94816e-06,3.33296e-06,1.2712319678859766e-10,0.7945599799277261
SaveOnEvent_ch1_20260927233727103.wfm,23:37:27.103000,5.46698,-0.0012799999676644802,-7.999999999999754e-09,4.672000000000004e-08,-1.3758079931838454e-10,-0.8599199957388919
SaveOnEvent_ch1_20260927233727255.wfm,23:37:27.255000,5.46774,-0.00023999999393709004,-1.63664e-06,3.69744e-06,-2.363071940303778e-10,-1.476959962688852
SaveOnEvent_ch1_20260927233727302.wfm,23:37:27.302000,5.467975,-0.0008800000068731606,-1.0079999999999995e-08,8.304000000000014e-08,2.4812797827180307e-11,0.15511998641886748
SaveOnEvent_ch1_20260927233727454.wfm,23:37:27.454000,5.468735000000001,-0.00023999999393709004,-1.1804799999999998e-06,3.99888e-06,-3.3558399152243484e-10,-2.097519947012188
SaveOnEvent_ch1_20260927233727502.wfm,23:37:27.502000,5.468975,-0.0008800000068731606,-7.679999999999815e-09,8.383999999999978e-08,1.2730239549884536e-10,0.7957599718647543
SaveOnEvent_ch1_20260927233727654.wfm,23:37:27.654000,5.469735,-7.999999797903001e-05,7.568000000000001e-07,6.351999999999999e-07,3.7278719058260306e-10,2.330079941137228
SaveOnEvent_ch1_20260927233727702.wfm,23:37:27.702000,5.469975,-0.001120000029914081,-1.0880000000000055e-08,6.320000000000009e-08,7.794559632195162e-11,0.487199977011187
SaveOnEvent_ch1_20260927233727854.wfm,23:37:27.854000,5.4707349999999995,-7.999999797903001e-05,-1.99264e-06,3.94128e-06,8.015999797498797e-11,0.501039987342665
SaveOnEvent_ch1_20260927233727902.wfm,23:37:27.902000,5.470975,-0.001120000029914081,-1.1839999999999873e-08,6.240000000000003e-08,4.7404797270428435e-11,0.29631998293916695
SaveOnEvent_ch1_20260927233728054.wfm,23:37:28.054000,5.471735,-0.00015999999595806003,-1.49168e-06,9.0608e-07,1.4618239630712215e-10,0.9136799769185018
SaveOnEvent_ch1_20260927233728102.wfm,23:37:28.102000,5.4719750000000005,-0.0027199999894946814,1.9953599999999997e-06,3.3247999999999965e-07,-1.0341568009299221e-09,-6.464800005807774
SaveOnEvent_ch1_20260927233728254.wfm,23:37:28.254000,5.472735,0.0,-1.63408e-06,,5.32268786553759e-10,3.326799915957963
SaveOnEvent_ch1_20260927233728302.wfm,23:37:28.302000,5.472975,-0.0010400000028312206,-8.640000000000056e-09,8.912000000000026e-08,-1.4062719798414042e-10,-0.8789599873998668
SaveOnEvent_ch1_20260927233728454.wfm,23:37:28.454000,5.473735,-7.999999797903001e-05,2.993599999999998e-07,7.454399999999999e-07,2.8219519287114964e-10,1.7638399554416537
SaveOnEvent_ch1_20260927233728502.wfm,23:37:28.502000,5.473975,-0.001120000029914081,-1.0559999999999692e-08,8.09599999999999e-08,-1.9927679709857324e-10,-1.2455199818650726
SaveOnEvent_ch1_20260927233728653.wfm,23:37:28.653000,5.47473,-0.00015999999595806003,-8.9792e-07,7.779199999999999e-07,-2.9427199256606394e-11,-0.18391999535379
SaveOnEvent_ch1_20260927233728702.wfm,23:37:28.702000,5.474975000000001,-0.0009599999757483602,-8.959999999999996e-09,9.391999999999977e-08,-2.9779200421180635e-11,-0.18616000263136812
SaveOnEvent_ch1_20260927233728854.wfm,23:37:28.854000,5.475735,-0.00015999999595806003,1.0145599999999997e-06,9.627199999999998e-07,-2.583039934746912e-11,-0.16143999592168257
SaveOnEvent_ch1_20260927233728902.wfm,23:37:28.902000,5.475975,-0.001120000029914081,-2.4479999999999806e-08,8.159999999999978e-08,-3.9889919244684285e-10,-2.4931999527907465
SaveOnEvent_ch1_20260927233729054.wfm,23:37:29.054000,5.476735,-0.00015999999595806003,1.7911999999999999e-06,1.2799999999997574e-09,1.7432959559606398e-10,1.0895999724743888
SaveOnEvent_ch1_20260927233729102.wfm,23:37:29.102000,5.4769749999999995,-0.001120000029914081,-1.0399999999999934e-08,7.15200000000002e-08,6.172799661522738e-11,0.3858399788441602
SaveOnEvent_ch1_20260927233729254.wfm,23:37:29.254000,5.477735,-0.00015999999595806003,1.8875200000000003e-06,7.199999999999694e-09,1.2257279690355054e-10,0.7660799806471914
SaveOnEvent_ch1_20260927233729302.wfm,23:37:29.302000,5.477975000000001,-0.0010400000028312206,-3.8399999999996956e-09,9.152000000000001e-08,-1.0982399859931322e-10,-0.6863999912457075
SaveOnEvent_ch1_20260927233729454.wfm,23:37:29.454000,5.478735,-0.00015999999595806003,-1.90448e-06,2.5616000000000014e-07,1.2487679684534676e-10,0.7805599802813958
SaveOnEvent_ch1_20260927233729502.wfm,23:37:29.502000,5.478975,-0.0009599999757483602,-9.119999999999753e-09,8.464000000000026e-08,1.314111955161206e-10,0.8213599719747435
SaveOnEvent_ch1_20260927233729654.wfm,23:37:29.654000,5.479735,-0.00015999999595806003,-1.7032e-06,3.25024e-06,3.146239920519311e-11,0.19663999503245577
SaveOnEvent_ch1_20260927233729703.wfm,23:37:29.703000,5.479979999999999,-0.0008800000068731606,-1.3279999999999812e-08,6.047999999999997e-08,3.1811839101370425e-10,1.9883199438336305
SaveOnEvent_ch1_20260927233729855.wfm,23:37:29.855000,5.48074,-0.00015999999595806003,1.4755199999999998e-06,,2.452671938040295e-10,1.532879961276194
SaveOnEvent_ch1_20260927233729902.wfm,23:37:29.902000,5.480975,-0.0009599999757483602,-3.487999999999974e-08,8.639999999999971e-08,-1.3271679745288564e-10,-0.8295199840795249
SaveOnEvent_ch1_20260927233730054.wfm,23:37:30.054000,5.4817350000000005,-7.999999797903001e-05,1.6624e-06,2.571200000000002e-07,4.539263885328548e-10,2.8370399283303414
SaveOnEvent_ch1_20260927233730102.wfm,23:37:30.102000,5.481975,-0.001120000029914081,-1.823999999999993e-08,8.831999999999977e-08,-7.109759981045495e-11,-0.4443199988163542
SaveOnEvent_ch1_20260927233730254.wfm,23:37:30.254000,5.482735,-0.00015999999595806003,-1.128e-07,1.9398399999999995e-06,2.2918399421032525e-10,1.4323999638145324
SaveOnEvent_ch1_20260927233730302.wfm,23:37:30.302000,5.482975,-0.001120000029914081,-1.0239999999999753e-08,8.27200000000002e-08,4.4415996917523265e-11,0.2775999807345215
SaveOnEvent_ch1_20260927233730454.wfm,23:37:30.454000,5.483735,-0.00015999999595806003,-1.98912e-06,3.5287999999999996e-06,-1.519295961619353e-10,-0.9495999760110863
SaveOnEvent_ch1_20260927233730502.wfm,23:37:30.502000,5.483975,-0.0009599999757483602,-1.2639999999999933e-08,7.951999999999996e-08,1.4093439513118928e-10,0.8808799695689231
SaveOnEvent_ch1_20260927233730654.wfm,23:37:30.654000,5.484735000000001,-0.00015999999595806003,-1.6124799999999999e-06,2.5953599999999995e-06,1.9912959496956319e-10,1.244639968557749
SaveOnEvent_ch1_20260927233730702.wfm,23:37:30.702000,5.484975,-0.0009599999757483602,-9.599999999999874e-09,8.015999999999984e-08,-4.936959993559875e-11,-0.3085599995974917
SaveOnEvent_ch1_20260927233730854.wfm,23:37:30.854000,5.485735,-0.00015999999595806003,-1.8582399999999999e-06,3.80208e-06,-9.890559750143436e-11,-0.6182399843819439
SaveOnEvent_ch1_20260927233730902.wfm,23:37:30.902000,5.485975,-0.005040000192821026,1.92704e-06,4.505599999999997e-07,-2.0703872221312477e-09,-12.942400138417725
SaveOnEvent_ch1_20260927233731054.wfm,23:37:31.054000,5.4867349999999995,-7.999999797903001e-05,-1.5950399999999998e-06,1.1039999999999813e-08,4.187967894203028e-10,2.617599933873862
SaveOnEvent_ch1_20260927233731102.wfm,23:37:31.102000,5.486975,-0.0010400000028312206,-1.2479999999999752e-08,8.079999999999972e-08,-3.5064959247829397e-10,-2.1915999529883265
SaveOnEvent_ch1_20260927233731254.wfm,23:37:31.254000,5.487735000000001,-0.00015999999595806003,1.8966399999999996e-06,2.239999999999999e-09,1.620031959074551e-10,1.0125599744205829
SaveOnEvent_ch1_20260927233731302.wfm,23:37:31.302000,5.4879750000000005,-0.0007200000109151006,-1.2319999999999994e-08,8.800000000000026e-08,2.086591931921428e-10,1.3041599574498832
SaveOnEvent_ch1_20260927233731454.wfm,23:37:31.454000,5.488735,-7.999999797903001e-05,8.942400000000001e-07,7.679999999999815e-09,3.1058559215394777e-10,1.9411999509611633
SaveOnEvent_ch1_20260927233731502.wfm,23:37:31.502000,5.488975,-0.0010400000028312206,-1.695999999999975e-08,8.752000000000014e-08,-1.473663976648823e-10,-0.921039985405514
SaveOnEvent_ch1_20260927233731656.wfm,23:37:31.656000,5.489745,-0.00015999999595806003,1.3299199999999999e-06,4.6176000000000013e-07,2.259199942927813e-11,0.14119999643298797
SaveOnEvent_ch1_20260927233731702.wfm,23:37:31.702000,5.489975,-0.0012000000569969416,-1.2479999999999752e-08,7.696000000000002e-08,9.779199505690483e-11,0.6111999691056553
SaveOnEvent_ch1_20260927233731854.wfm,23:37:31.854000,5.490735,-7.999999797903001e-05,-1.5176e-06,3.18224e-06,2.2307839436456554e-10,1.394239964778535
SaveOnEvent_ch1_20260927233731902.wfm,23:37:31.902000,5.490975,-0.0010400000028312206,-6.719999999999997e-09,8.65599999999999e-08,1.1257598216179806e-11,0.070399988850113
SaveOnEvent_ch1_20260927233732054.wfm,23:37:32.054000,5.491735,-0.00015999999595806003,-1.5203199999999998e-06,1.6652799999999998e-06,1.6153599591925723e-10,1.0095999744953588
SaveOnEvent_ch1_20260927233732102.wfm,23:37:32.102000,5.491975,-0.0009599999757483602,-1.391999999999969e-08,9.359999999999983e-08,-2.4179839477641496e-10,-1.5112799673515838
SaveOnEvent_ch1_20260927233732254.wfm,23:37:32.254000,5.492735,-0.00015999999595806003,3.4032000000000007e-07,4.799999999996972e-10,1.0424319736659533e-10,0.6515999835391995
SaveOnEvent_ch1_20260927233732304.wfm,23:37:32.304000,5.492985,-0.0009599999757483602,-1.1519999999999934e-08,6.527999999999991e-08,1.9605119405081475e-10,1.225359962816583
SaveOnEvent_ch1_20260927233732454.wfm,23:37:32.454000,5.493735,-0.00023999999393709004,-6.97599999999999e-08,3.96592e-06,-2.2595839429181082e-10,-1.4123199643217959
SaveOnEvent_ch1_20260927233732502.wfm,23:37:32.502000,5.493975,-0.0012000000569969416,-1.1679999999999692e-08,8.576000000000026e-08,-3.168831949471496e-10,-1.9805599684186745
SaveOnEvent_ch1_20260927233732654.wfm,23:37:32.654000,5.494735,-0.00023999999393709004,-6.051200000000001e-07,3.09008e-06,-1.5528319607721645e-10,-0.9705599754815921
SaveOnEvent_ch1_20260927233732702.wfm,23:37:32.702000,5.494975,-0.0010400000028312206,-1.3599999999999751e-08,8.447999999999966e-08,-1.0892159894807275e-10,-0.6807999934244435
SaveOnEvent_ch1_20260927233732854.wfm,23:37:32.854000,5.495735,-0.00023999999393709004,-1.85472e-06,3.82336e-06,-2.6840319321956506e-10,-1.6775199576222803
SaveOnEvent_ch1_20260927233732902.wfm,23:37:32.902000,5.495975,-0.001120000029914081,-1.1839999999999873e-08,6.895999999999984e-08,1.5025919469073406e-10,0.9391999668150675
SaveOnEvent_ch1_20260927233733054.wfm,23:37:33.054000,5.496735,-0.00015999999595806003,-1.21328e-06,2.8644799999999997e-06,-3.2127999188378376e-11,-0.20087999492534436
SaveOnEvent_ch1_20260927233733102.wfm,23:37:33.102000,5.496975,-0.002959999954327941,1.5217600000000001e-06,1.0785599999999999e-06,-3.1306879807077347e-09,-19.56799987948034
SaveOnEvent_ch1_20260927233733254.wfm,23:37:33.254000,5.4977350000000005,-0.00015999999595806003,-6.204799999999999e-07,2.5344e-06,-6.824959827586991e-11,-0.42655998922418803
SaveOnEvent_ch1_20260927233733302.wfm,23:37:33.302000,5.497975,-0.001120000029914081,-6.719999999999997e-09,7.98399999999999e-08,-4.381440072786071e-11,-0.27384000454912893
SaveOnEvent_ch1_20260927233733454.wfm,23:37:33.454000,5.498735,-7.999999797903001e-05,-1.9904e-06,3.02784e-06,2.842879928182811e-10,1.7767999551142566
SaveOnEvent_ch1_20260927233733502.wfm,23:37:33.502000,5.498975,-0.0009599999757483602,-8.959999999999996e-09,7.808000000000002e-08,-1.370240053860468e-11,-0.08568000336526893
SaveOnEvent_ch1_20260927233733655.wfm,23:37:33.655000,5.49974,-0.00023999999393709004,-1.3086399999999999e-06,3.6255999999999996e-06,-2.2955519420094785e-10,-1.4347999637539033
SaveOnEvent_ch1_20260927233733702.wfm,23:37:33.702000,5.499975,-0.001120000029914081,-1.0079999999999995e-08,7.279999999999996e-08,-3.0392319388221945e-10,-1.8995199617638718
SaveOnEvent_ch1_20260927233733854.wfm,23:37:33.854000,5.500735,-7.999999797903001e-05,-1.96352e-06,2.7199999999999926e-08,4.426047888188622e-10,2.766399930114858
SaveOnEvent_ch1_20260927233733902.wfm,23:37:33.902000,5.500975,-0.0010400000028312206,-1.1039999999999813e-08,8.144000000000002e-08,-5.3376011131331426e-12,-0.03336000695708208
SaveOnEvent_ch1_20260927233734054.wfm,23:37:34.054000,5.501735,-7.999999797903001e-05,-1.9763199999999997e-06,3.97616e-06,8.985599773004655e-11,0.5615999858127907
SaveOnEvent_ch1_20260927233734102.wfm,23:37:34.102000,5.501975,-0.0010400000028312206,-1.679999999999999e-08,8.87999999999999e-08,-3.4264959239168095e-10,-2.1415199524490163
SaveOnEvent_ch1_20260927233734256.wfm,23:37:34.256000,5.502745,-0.00031999999191612005,-2.816e-07,3.08704e-06,-3.595327909174376e-10,-2.247119943232974
SaveOnEvent_ch1_20260927233734302.wfm,23:37:34.302000,5.502975,-0.001120000029914081,-1.2799999999999691e-08,2.0475199999999996e-06,-4.950335953477771e-10,-3.094319970929064
SaveOnEvent_ch1_20260927233734454.wfm,23:37:34.454000,5.503735,-0.00015999999595806003,-7.145600000000001e-07,,8.96703977347351e-11,0.5603999858431052
SaveOnEvent_ch1_20260927233734502.wfm,23:37:34.502000,5.5039750000000005,-0.0010400000028312206,-1.4559999999999993e-08,6.800000000000003e-08,-2.515135949780232e-10,-1.5719999686116353
SaveOnEvent_ch1_20260927233734654.wfm,23:37:34.654000,5.504735,-7.999999797903001e-05,2.5552000000000005e-07,1.5856000000000001e-06,2.8569599278271197e-10,1.785679954889929
SaveOnEvent_ch1_20260927233734702.wfm,23:37:34.702000,5.504975,-0.001120000029914081,-3.040000000000059e-09,4.287999999999992e-08,1.5642239496344718e-10,0.9776799685205333
SaveOnEvent_ch1_20260927233734854.wfm,23:37:34.854000,5.505735,-7.999999797903001e-05,-5.6272e-07,2.4499199999999997e-06,2.879295927262865e-10,1.7996799545362592
SaveOnEvent_ch1_20260927233734904.wfm,23:37:34.904000,5.505985,-0.0010400000028312206,-1.743999999999987e-08,8.175999999999996e-08,1.318399829789996e-11,0.08239998936187476
SaveOnEvent_ch1_20260927233735054.wfm,23:37:35.054000,5.506735,-0.00015999999595806003,-1.88368e-06,4.1088000000000004e-07,-6.1951998434961325e-12,-0.038719999021850526
SaveOnEvent_ch1_20260927233735102.wfm,23:37:35.102000,5.506975,-0.001120000029914081,-1.1679999999999692e-08,8.304000000000014e-08,-3.47084793355316e-10,-2.1693599584687036
SaveOnEvent_ch1_20260927233735254.wfm,23:37:35.254000,5.507735,-7.999999797903001e-05,-3.0303999999999994e-07,1.5999999999999084e-09,4.5790718843229103e-10,2.8619999276997987
SaveOnEvent_ch1_20260927233735302.wfm,23:37:35.302000,5.507975,-0.0009599999757483602,-9.119999999999753e-09,8.623999999999996e-08,-1.4290559781016774e-10,-0.8931199863145594
SaveOnEvent_ch1_20260927233735454.wfm,23:37:35.454000,5.508735,-0.00015999999595806003,-1.94928e-06,2.17424e-06,-1.0095359744969726e-10,-0.6310399840585887
SaveOnEvent_ch1_20260927233735502.wfm,23:37:35.502000,5.508975,-0.001120000029914081,-1.1839999999999873e-08,6.752000000000033e-08,1.4906239455798637e-10,0.9316799659864046
SaveOnEvent_ch1_20260927233735654.wfm,23:37:35.654000,5.509735,-7.999999797903001e-05,-1.58544e-06,2.9624e-06,1.7425279559800398e-10,1.0891199724865146
SaveOnEvent_ch1_20260927233735702.wfm,23:37:35.702000,5.509975,-0.0008800000068731606,-7.999999999999754e-09,9.008000000000008e-08,8.852479684166612e-11,0.5533599802583922
SaveOnEvent_ch1_20260927233735854.wfm,23:37:35.854000,5.510735,-0.00015999999595806003,5.719999999999998e-07,9.4864e-07,3.987199899274839e-11,0.2491999937046785
SaveOnEvent_ch1_20260927233735902.wfm,23:37:35.902000,5.510975,-0.0038399999029934406,1.93888e-06,3.953599999999998e-07,-1.838643193240277e-09,-11.493439957703231
SaveOnEvent_ch1_20260927233736054.wfm,23:37:36.054000,5.511735,-7.999999797903001e-05,-1.8964799999999998e-06,3.83808e-06,1.0807679726975033e-10,0.6755199829349294
SaveOnEvent_ch1_20260927233736102.wfm,23:37:36.102000,5.511975,-0.0010400000028312206,-4.959999999999695e-09,7.231999999999984e-08,8.167679691687233e-11,0.5104799807304516
SaveOnEvent_ch1_20260927233736254.wfm,23:37:36.254000,5.512735,-7.999999797903001e-05,-1.74848e-06,3.6958399999999997e-06,4.1721598946023826e-11,0.26079999341163784
SaveOnEvent_ch1_20260927233736302.wfm,23:37:36.302000,5.512975,-0.001120000029914081,-9.760000000000056e-09,8.351999999999984e-08,-3.4143999306950706e-10,-2.13399995668442
SaveOnEvent_ch1_20260927233736454.wfm,23:37:36.454000,5.5137350000000005,-0.00015999999595806003,-1.12288e-06,1.2160000000000024e-08,2.2872959422180445e-10,1.4295999638852663
SaveOnEvent_ch1_20260927233736502.wfm,23:37:36.502000,5.513975,-0.0010400000028312206,-6.719999999999997e-09,7.888000000000008e-08,-1.875775964255447e-10,-1.1723999776586425
SaveOnEvent_ch1_20260927233736654.wfm,23:37:36.654000,5.514735,-0.00015999999595806003,-6.449599999999999e-07,4.799999999999937e-09,9.970559748122489e-11,0.6231999842566438
SaveOnEvent_ch1_20260927233736702.wfm,23:37:36.702000,5.514975,-0.0009599999757483602,-1.391999999999969e-08,8.032000000000002e-08,-4.526720026275125e-11,-0.2828800016432069
SaveOnEvent_ch1_20260927233736854.wfm,23:37:36.854000,5.515735,-0.00023999999393709004,1.2632e-06,3.8795200000000004e-06,-1.654527958203106e-10,-1.034079973876942
SaveOnEvent_ch1_20260927233736902.wfm,23:37:36.902000,5.515975,-0.0010400000028312206,-1.2479999999999752e-08,8.880000000000032e-08,-2.7957759429235016e-10,-1.7473599643271882
SaveOnEvent_ch1_20260927233737054.wfm,23:37:37.054000,5.516735,-7.999999797903001e-05,-2e-06,3.6726399999999996e-06,1.4041599645279343e-10,0.8775999778299592
SaveOnEvent_ch1_20260927233737102.wfm,23:37:37.102000,5.516975,-0.0008800000068731606,-1.2479999999999752e-08,6.320000000000009e-08,1.7406719467602672e-10,1.087999966723146
SaveOnEvent_ch1_20260927233737254.wfm,23:37:37.254000,5.517735,-0.00015999999595806003,8.744e-07,5.121599999999997e-07,-1.2531199683435182e-11,-0.07831999802147038
SaveOnEvent_ch1_20260927233737302.wfm,23:37:37.302000,5.517975,-0.0010400000028312206,-1.615999999999969e-08,8.303999999999972e-08,-1.1223039875272652e-10,-0.7014399922045413
SaveOnEvent_ch1_20260927233737454.wfm,23:37:37.454000,5.518735,-0.00023999999393709004,-1.14544e-06,3.92752e-06,-4.1573118949774663e-10,-2.598399934358895
SaveOnEvent_ch1_20260927233737503.wfm,23:37:37.503000,5.51898,-0.001120000029914081,-4.639999999999756e-09,8.015999999999984e-08,-2.2694399599451566e-10,-1.4184799749637023
SaveOnEvent_ch1_20260927233737655.wfm,23:37:37.655000,5.51974,-0.00015999999595806003,-1.32e-06,6.704000000000002e-07,3.859199902508471e-12,0.024079999391688034
SaveOnEvent_ch1_20260927233737702.wfm,23:37:37.702000,5.5199750000000005,-0.001120000029914081,-7.359999999999875e-09,7.93600000000002e-08,-1.4888319771504032e-10,-0.9304799857200123
SaveOnEvent_ch1_20260927233737854.wfm,23:37:37.854000,5.520735,-0.00023999999393709004,-1.78e-06,3.7606399999999995e-06,-7.081599821103751e-11,-0.44263998881797306
SaveOnEvent_ch1_20260927233737902.wfm,23:37:37.902000,5.520975,-0.0009599999757483602,-1.3439999999999993e-08,8.320000000000032e-08,6.809598454274294e-12,0.04255999033921398
SaveOnEvent_ch1_20260927233738054.wfm,23:37:38.054000,5.521735,-7.999999797903001e-05,-1.8649599999999999e-06,1.3961599999999998e-06,3.4630399125162505e-10,2.164479945320636
SaveOnEvent_ch1_20260927233738102.wfm,23:37:38.102000,5.521974999999999,-0.0028800000436604023,1.98576e-06,2.6336000000000005e-07,-9.70009598326869e-10,-6.063999989564763
SaveOnEvent_ch1_20260927233738254.wfm,23:37:38.254000,5.522735,-0.00015999999595806003,-1.98464e-06,3.90112e-06,-2.1447679458186016e-10,-1.340559966134606
SaveOnEvent_ch1_20260927233738302.wfm,23:37:38.302000,5.522975000000001,-0.0008800000068731606,-1.2159999999999812e-08,8.704000000000002e-08,2.1375359325436857e-10,1.3360799578367732
SaveOnEvent_ch1_20260927233738454.wfm,23:37:38.454000,5.523735,-0.00015999999595806003,-1.7956799999999999e-06,9.167999999999998e-08,4.018559898482641e-11,0.25119999365415424
SaveOnEvent_ch1_20260927233738502.wfm,23:37:38.502000,5.523975,-0.0008800000068731606,-1.0399999999999934e-08,8.144000000000002e-08,1.4883839503861952e-10,0.9303199689893518
SaveOnEvent_ch1_20260927233738654.wfm,23:37:38.654000,5.524735,-7.999999797903001e-05,-1.9328e-06,3.883839999999999e-06,1.036543973814695e-10,0.647839983634185
SaveOnEvent_ch1_20260927233738702.wfm,23:37:38.702000,5.5249749999999995,-0.0012000000569969416,-7.679999999999815e-09,8.784000000000008e-08,-4.0140799211803825e-10,-2.508799950737739
SaveOnEvent_ch1_20260927233738854.wfm,23:37:38.854000,5.525735,-0.00023999999393709004,-1.98144e-06,2.3494399999999997e-06,-4.433919887989769e-11,-0.27711999299935997
SaveOnEvent_ch1_20260927233738902.wfm,23:37:38.902000,5.525975,-0.0009599999757483602,-1.3759999999999933e-08,7.967999999999972e-08,-3.4863999218447125e-10,-2.1790399511519354
SaveOnEvent_ch1_20260927233739054.wfm,23:37:39.054000,5.526735,-0.00015999999595806003,-1.6774399999999999e-06,1.6257599999999997e-06,-4.6700798820238434e-11,-0.2918399926275015
SaveOnEvent_ch1_20260927233739102.wfm,23:37:39.102000,5.526975,-0.001120000029914081,-8.959999999999996e-09,7.15200000000002e-08,7.210879659047363e-11,0.4507199786894489
SaveOnEvent_ch1_20260927233739254.wfm,23:37:39.254000,5.527735,-0.00015999999595806003,-1.03376e-06,2.1985599999999997e-06,-4.677759881829842e-11,-0.29231999261537567
SaveOnEvent_ch1_20260927233739302.wfm,23:37:39.302000,5.527975,-0.0012000000569969416,-1.0880000000000055e-08,7.248000000000002e-08,-9.279999966733162e-11,-0.5799999979208224
SaveOnEvent_ch1_20260927233739455.wfm,23:37:39.455000,5.52874,-0.00023999999393709004,7.342399999999999e-07,3.7044799999999997e-06,-2.52006393633783e-10,-1.575119960209122
SaveOnEvent_ch1_20260927233739502.wfm,23:37:39.502000,5.528975,-0.0012000000569969416,-1.727999999999969e-08,8.304000000000014e-08,-1.2932479989947755e-10,-0.8082399993727449
SaveOnEvent_ch1_20260927233739654.wfm,23:37:39.654000,5.5297350000000005,-0.00015999999595806003,-1.832e-07,2.0399999999999987e-07,1.1583999707363398e-11,0.07239999817102216
SaveOnEvent_ch1_20260927233739702.wfm,23:37:39.702000,5.529975,-0.0031999999191612005,1.6929599999999999e-06,1.0646399999999998e-06,-3.267385606090538e-09,-20.422640038043028
SaveOnEvent_ch1_20260927233739854.wfm,23:37:39.854000,5.530735,-7.999999797903001e-05,-1.9348799999999998e-06,3.9310399999999996e-06,2.333375941053963e-10,1.4583999631577171
SaveOnEvent_ch1_20260927233739902.wfm,23:37:39.902000,5.530975,-0.0010400000028312206,-1.711999999999993e-08,8.719999999999977e-08,-3.0946559350006284e-10,-1.9342399593733717
SaveOnEvent_ch1_20260927233740054.wfm,23:37:40.054000,5.531734999999999,-0.00015999999595806003,-1.3368e-06,2.8584e-06,-6.659199831774488e-11,-0.41623998948489316
SaveOnEvent_ch1_20260927233740103.wfm,23:37:40.103000,5.53198,-0.001120000029914081,-5.1199999999998764e-09,7.968000000000014e-08,5.759806605035953e-14,0.0003199879138264805
SaveOnEvent_ch1_20260927233740255.wfm,23:37:40.255000,5.53274,-0.00015999999595806003,-1.9024e-06,2.9600000000000106e-08,8.396799787878987e-11,0.5247199867444579
SaveOnEvent_ch1_20260927233740302.wfm,23:37:40.302000,5.532975,-0.0027199999894946814,1.6681600000000001e-06,7.889599999999997e-07,-2.187135998022277e-09,-13.670879987650551
SaveOnEvent_ch1_20260927233740454.wfm,23:37:40.454000,5.533735,-7.999999797903001e-05,-1.9256e-06,3.4992e-06,2.074047947605143e-10,1.2963199672522023
SaveOnEvent_ch1_20260927233740502.wfm,23:37:40.502000,5.533975,-0.001120000029914081,-1.1519999999999934e-08,7.823999999999978e-08,1.9263980467804257e-12,0.012159987789345905
SaveOnEvent_ch1_20260927233740654.wfm,23:37:40.654000,5.5347349999999995,-7.999999797903001e-05,-1.82432e-06,2.52128e-06,2.786431929608807e-10,1.7415999560034834
SaveOnEvent_ch1_20260927233740702.wfm,23:37:40.702000,5.534975,-0.001120000029914081,-1.2159999999999812e-08,8.31999999999999e-08,-2.278143961634487e-10,-1.4239199760195334
SaveOnEvent_ch1_20260927233740854.wfm,23:37:40.854000,5.535735,-7.999999797903001e-05,-1.5352e-06,3.5350399999999994e-06,1.605375959444793e-10,1.0033599746529944
SaveOnEvent_ch1_20260927233740902.wfm,23:37:40.902000,5.5359750000000005,-0.002240000059828162,1.9369600000000004e-06,5.271999999999998e-07,-1.099065608973615e-09,-6.870240056043258
SaveOnEvent_ch1_20260927233741054.wfm,23:37:41.054000,5.536735,-0.00015999999595806003,4.640000000000179e-09,1.1199999999999994e-08,4.078719896962867e-11,0.25495999355916865
SaveOnEvent_ch1_20260927233741102.wfm,23:37:41.102000,5.536975,-0.0010400000028312206,-3.3599999999999983e-09,7.407999999999972e-08,2.8344959145179025e-10,1.7716799465706572
SaveOnEvent_ch1_20260927233741254.wfm,23:37:41.254000,5.537735,-7.999999797903001e-05,-1.8918399999999999e-06,3.5588799999999994e-06,1.9404799509793506e-10,1.212879969360074
SaveOnEvent_ch1_20260927233741302.wfm,23:37:41.302000,5.537975,-0.0012000000569969416,-3.5199999999997562e-09,6.86399999999999e-08,5.823999616783117e-11,0.36407997604692355
SaveOnEvent_ch1_20260927233741454.wfm,23:37:41.454000,5.538735,-0.00015999999595806003,-1.30848e-06,1.64576e-06,1.3177599667105895e-11,0.08239999791840091
SaveOnEvent_ch1_20260927233741502.wfm,23:37:41.502000,5.538975000000001,-0.0010400000028312206,-4.799999999999937e-09,5.904000000000003e-08,2.501503928238525e-10,1.5635199551470578
SaveOnEvent_ch1_20260927233741654.wfm,23:37:41.654000,5.539735,-0.00015999999595806003,-1.76416e-06,3.62576e-06,-2.8813439272111266e-10,-1.8008799545059446
SaveOnEvent_ch1_20260927233741702.wfm,23:37:41.702000,5.539975,-0.00215999991632998,1.94032e-06,2.01872e-06,-9.204031998431308e-10,-5.753599998977734
SaveOnEvent_ch1_20260927233741854.wfm,23:37:41.854000,5.540735,-7.999999797903001e-05,-1.7235199999999998e-06,2.72976e-06,2.3646719402633617e-10,1.4779999626625795
SaveOnEvent_ch1_20260927233741902.wfm,23:37:41.902000,5.5409749999999995,-0.001120000029914081,-1.1519999999999934e-08,8.256000000000002e-08,-3.202111941226759e-10,-2.0013599632657133
SaveOnEvent_ch1_20260927233742055.wfm,23:37:42.055000,5.54174,-0.00015999999595806003,-1.08944e-06,3.04416e-06,-6.648319832049313e-11,-0.4155199895030819
SaveOnEvent_ch1_20260927233742102.wfm,23:37:42.102000,5.541975,-0.0010400000028312206,-5.280000000000058e-09,8.60800000000002e-08,-1.9096319637261358e-10,-1.1935199773288332
SaveOnEvent_ch1_20260927233742254.wfm,23:37:42.254000,5.542735,-0.00015999999595806003,-2.2320000000000004e-07,2.0838399999999997e-06,9.246079766424365e-11,0.5778399854025338
SaveOnEvent_ch1_20260927233742302.wfm,23:37:42.302000,5.542975,-0.001120000029914081,-1.615999999999969e-08,8.559999999999965e-08,-2.973375947237949e-10,-1.8583199670247268
SaveOnEvent_ch1_20260927233742454.wfm,23:37:42.454000,5.543735,-0.00015999999595806003,-1.3963199999999998e-06,2.3377599999999996e-06,6.004479848314066e-11,0.3753599905176088
SaveOnEvent_ch1_20260927233742502.wfm,23:37:42.502000,5.543975,-0.0008800000068731606,-1.519999999999987e-08,7.75999999999999e-08,5.375999742653207e-11,0.33607998391380534
SaveOnEvent_ch1_20260927233742654.wfm,23:37:42.654000,5.544735,-0.00015999999595806003,-1.87888e-06,2.0359999999999996e-06,4.1427198953460813e-11,0.2588799934601411
SaveOnEvent_ch1_20260927233742702.wfm,23:37:42.702000,5.544975,-0.0009599999757483602,-9.279999999999935e-09,2.06192e-06,-5.595711889560334e-10,-3.4977599309640937
SaveOnEvent_ch1_20260927233742854.wfm,23:37:42.854000,5.5457350000000005,-0.00023999999393709004,-8.260799999999999e-07,3.44432e-06,-1.9616639504441986e-10,-1.225999969028635
SaveOnEvent_ch1_20260927233742901.wfm,23:37:42.901000,5.5459700000000005,-0.0016799999866634607,1.9630400000000004e-06,2.04224e-06,-4.812480009836144e-10,-3.0085600061283913
SaveOnEvent_ch1_20260927233743053.wfm,23:37:43.053000,5.54673,-0.00023999999393709004,-1.41104e-06,3.971999999999999e-06,-3.4683519123820577e-10,-2.1678399452357553
SaveOnEvent_ch1_20260927233743102.wfm,23:37:43.102000,5.546975,-0.0009599999757483602,-1.1839999999999873e-08,7.855999999999972e-08,1.0771199600771068e-10,0.6732799750461709
SaveOnEvent_ch1_20260927233743254.wfm,23:37:43.254000,5.547735,-0.00015999999595806003,-8.358399999999999e-07,7.097599999999999e-07,1.3247999665327573e-12,0.008399999787798151
SaveOnEvent_ch1_20260927233743302.wfm,23:37:43.302000,5.547975,-0.0012000000569969416,-4.319999999999816e-09,7.344000000000027e-08,-2.3987201522104485e-11,-0.14992000951315276
SaveOnEvent_ch1_20260927233743453.wfm,23:37:43.453000,5.54873,-0.00015999999595806003,-1.84576e-06,3.2072e-06,1.1686399704776787e-11,0.0730399981548544
SaveOnEvent_ch1_20260927233743501.wfm,23:37:43.501000,5.54897,-0.0009599999757483602,-1.2000000000000055e-08,7.82400000000002e-08,5.5974397528916674e-11,0.34983998455572873
SaveOnEvent_ch1_20260927233743653.wfm,23:37:43.653000,5.54973,-0.00023999999393709004,1.6827199999999997e-06,3.7638399999999997e-06,-5.217919868184238e-11,-0.32615999176050536
SaveOnEvent_ch1_20260927233743702.wfm,23:37:43.702000,5.549975,-0.001120000029914081,-8.640000000000056e-09,2.056e-06,-2.533375999098641e-10,-1.5839199994516093
SaveOnEvent_ch1_20260927233743854.wfm,23:37:43.854000,5.5507349999999995,-7.999999797903001e-05,-1.99936e-06,3.6896e-06,2.1198079464491445e-10,1.324879966530716
SaveOnEvent_ch1_20260927233743902.wfm,23:37:43.902000,5.550975,-0.0010400000028312206,-1.4399999999999811e-08,8.20799999999999e-08,-6.256639998406168e-11,-0.3909599999024067
SaveOnEvent_ch1_20260927233744054.wfm,23:37:44.054000,5.551735,-7.999999797903001e-05,-1.99744e-06,3.949439999999999e-06,9.999359747394914e-11,0.6249599842121825
SaveOnEvent_ch1_20260927233744102.wfm,23:37:44.102000,5.551975,-0.0018400000408291817,1.9899200000000003e-06,2.0161599999999996e-06,-1.6693183955270797e-09,-10.434159972064663
SaveOnEvent_ch1_20260927233744254.wfm,23:37:44.254000,5.552735,0.0,-1.94176e-06,,3.435007913224399e-10,2.1469599457632285
SaveOnEvent_ch1_20260927233744302.wfm,23:37:44.302000,5.552975,-0.0014400000218302011,1.99648e-06,2.05296e-06,-5.492159956484101e-10,-3.433359972812468
SaveOnEvent_ch1_20260927233744454.wfm,23:37:44.454000,5.553735,-7.999999797903001e-05,-1.9919999999999997e-06,3.8399999999996956e-09,3.2414079181151477e-10,2.025919948820956
SaveOnEvent_ch1_20260927233744502.wfm,23:37:44.502000,5.553975,-0.001120000029914081,-1.519999999999987e-08,7.503999999999996e-08,1.0803199517074955e-10,0.6751999698171858
SaveOnEvent_ch1_20260927233744654.wfm,23:37:44.654000,5.554735,-7.999999797903001e-05,3.79199999999998e-08,1.8318399999999998e-06,3.676159907132388e-10,2.297679941955721
SaveOnEvent_ch1_20260927233744702.wfm,23:37:44.702000,5.554975,-0.0009599999757483602,-2.2559999999999747e-08,8.38400000000002e-08,-1.1745919817825772e-10,-0.7341599886131007
SaveOnEvent_ch1_20260927233744854.wfm,23:37:44.854000,5.555735,-0.00015999999595806003,-1.33408e-06,3.2926399999999994e-06,-9.747839753748859e-11,-0.6092799846082926
SaveOnEvent_ch1_20260927233744902.wfm,23:37:44.902000,5.555975,-0.0012000000569969416,-7.999999999999754e-09,7.248000000000002e-08,-2.4064001645892868e-11,-0.15040001028683037
SaveOnEvent_ch1_20260927233745054.wfm,23:37:45.054000,5.556735,-0.00015999999595806003,4.574399999999999e-07,3.3599999999999983e-09,1.4629119630437337e-10,0.914399976900313
SaveOnEvent_ch1_20260927233745102.wfm,23:37:45.102000,5.5569749999999996,-0.0012000000569969416,-1.0399999999999934e-08,2.0340799999999996e-06,-3.263167952001093e-10,-2.039919970004121
SaveOnEvent_ch1_20260927233745254.wfm,23:37:45.254000,5.557735,-7.999999797903001e-05,-1.6951999999999999e-06,2.7276799999999996e-06,2.663103932724333e-10,1.6645599579496775
SaveOnEvent_ch1_20260927233745303.wfm,23:37:45.303000,5.557980000000001,-0.0012000000569969416,-1.3279999999999812e-08,7.008000000000027e-08,3.0251518998295065e-10,1.8907999373914208
SaveOnEvent_ch1_20260927233745455.wfm,23:37:45.455000,5.55874,-0.00015999999595806003,-1.8750399999999999e-06,3.64096e-06,-8.293759790481994e-11,-0.5183999869041145
SaveOnEvent_ch1_20260927233745502.wfm,23:37:45.502000,5.558975,-0.0010400000028312206,-1.0719999999999874e-08,8.735999999999996e-08,-2.3990399544825784e-10,-1.4994399715506006
SaveOnEvent_ch1_20260927233745654.wfm,23:37:45.654000,5.559735,-0.00015999999595806003,-1.5155199999999998e-06,1.7921599999999997e-06,-4.6111998835113054e-11,-0.2881599927204661
SaveOnEvent_ch1_20260927233745702.wfm,23:37:45.702000,5.559975,-0.0009599999757483602,-9.760000000000056e-09,7.856000000000014e-08,-6.056960017886003e-11,-0.37872000111383386
SaveOnEvent_ch1_20260927233745854.wfm,23:37:45.854000,5.560735,-7.999999797903001e-05,-1.68944e-06,3.41008e-06,2.9457919255830326e-10,1.8411999534873758
SaveOnEvent_ch1_20260927233745902.wfm,23:37:45.902000,5.560975,-0.001120000029914081,-8.000000000000601e-10,8.928000000000002e-08,-3.903679917589759e-10,-2.4398399484925903
SaveOnEvent_ch1_20260927233746054.wfm,23:37:46.054000,5.561735,-0.00015999999595806003,-1.75952e-06,3.5203199999999997e-06,-1.2383999687154034e-11,-0.07743999804370105
SaveOnEvent_ch1_20260927233746102.wfm,23:37:46.102000,5.561975,-0.0009599999757483602,-3.5199999999997562e-09,2.0569599999999997e-06,-4.325887947925365e-10,-2.70415996745578
SaveOnEvent_ch1_20260927233746254.wfm,23:37:46.254000,5.562735,-0.00023999999393709004,6.755199999999998e-07,3.92144e-06,-2.957759925280697e-10,-1.8486399532994255
SaveOnEvent_ch1_20260927233746302.wfm,23:37:46.302000,5.562975,-0.001120000029914081,-1.0559999999999692e-08,6.943999999999997e-08,2.101887931395323e-10,1.3137599571200553
SaveOnEvent_ch1_20260927233746454.wfm,23:37:46.454000,5.563735,-0.00015999999595806003,-1.98112e-06,2.9976e-06,-1.364095965540037e-10,-0.8525599784625228
SaveOnEvent_ch1_20260927233746502.wfm,23:37:46.502000,5.563975,-0.002319999970495701,1.9952000000000004e-06,2.6383999999999975e-07,-7.022848040726966e-10,-4.390400025440613
SaveOnEvent_ch1_20260927233746654.wfm,23:37:46.654000,5.564735,-0.00015999999595806003,-7.275199999999999e-07,2.7167999999999996e-06,4.540799885289758e-11,0.28375999283161946
SaveOnEvent_ch1_20260927233746702.wfm,23:37:46.702000,5.5649750000000004,-0.001120000029914081,-1.3439999999999993e-08,8.063999999999996e-08,-9.356799920555197e-11,-0.5847999950347003
SaveOnEvent_ch1_20260927233746854.wfm,23:37:46.854000,5.565735,-7.999999797903001e-05,-2e-06,3.939839999999999e-06,1.0299519739812232e-10,0.6436799837392755
SaveOnEvent_ch1_20260927233746902.wfm,23:37:46.902000,5.565975,-0.0008800000068731606,-2.1119999999999808e-08,8.687999999999984e-08,1.0834559592651188e-10,0.6771999745396897
SaveOnEvent_ch1_20260927233747054.wfm,23:37:47.054000,5.5667349999999995,-0.00015999999595806003,9.683199999999998e-07,6.080000000000118e-09,1.4757119627203807e-10,0.922319976700237
SaveOnEvent_ch1_20260927233747102.wfm,23:37:47.102000,5.566975,-0.0010400000028312206,-1.3439999999999993e-08,8.87999999999999e-08,-1.4119039778830488e-10,-0.8824799861758947
SaveOnEvent_ch1_20260927233747254.wfm,23:37:47.254000,5.567735,-7.999999797903001e-05,-6.236799999999999e-07,2.5897599999999995e-06,1.9925119496649152e-10,1.2454399685375392
SaveOnEvent_ch1_20260927233747302.wfm,23:37:47.302000,5.567975000000001,-0.0012799999676644802,-3.3599999999999983e-09,7.903999999999984e-08,-2.913599956943654e-10,-1.821039973088773
SaveOnEvent_ch1_20260927233747454.wfm,23:37:47.454000,5.568735,-0.00015999999595806003,-1.75296e-06,1.1713599999999999e-06,1.1318399714073151e-10,0.7074399821285624
SaveOnEvent_ch1_20260927233747502.wfm,23:37:47.502000,5.568975,-0.001120000029914081,-1.2000000000000055e-08,7.920000000000002e-08,-2.28383995697368e-10,-1.4274399731075391
SaveOnEvent_ch1_20260927233747654.wfm,23:37:47.654000,5.569735,-0.00023999999393709004,-1.7590399999999998e-06,3.9399999999999995e-06,-3.3285119159147153e-10,-2.0803999474446755
SaveOnEvent_ch1_20260927233747702.wfm,23:37:47.702000,5.569975,-0.0015999999595806003,1.9622400000000003e-06,2.0505599999999996e-06,-6.802687946381048e-10,-4.252479966467945
SaveOnEvent_ch1_20260927233747854.wfm,23:37:47.854000,5.570735,-0.00015999999595806003,-1.8126399999999999e-06,2.6281599999999994e-06,-6.44735983712599e-11,-0.40287998982239515
SaveOnEvent_ch1_20260927233747903.wfm,23:37:47.903000,5.5709800000000005,-0.0010400000028312206,1.9705600000000004e-06,2.056e-06,1.1276799226412548e-10,0.7043199516483583
SaveOnEvent_ch1_20260927233748055.wfm,23:37:48.055000,5.57174,-0.00015999999595806003,7.8768e-07,1.1716799999999996e-06,2.270079942652957e-11,0.14191999641479924
SaveOnEvent_ch1_20260927233748102.wfm,23:37:48.102000,5.571975,-0.0009599999757483602,-1.471999999999975e-08,9.040000000000002e-08,-3.318079931219108e-10,-2.0738399570109323
SaveOnEvent_ch1_20260927233748254.wfm,23:37:48.254000,5.572735,-0.00023999999393709004,-1.704e-06,3.9968000000000004e-06,-2.937471925793214e-10,-1.8359999536187388
SaveOnEvent_ch1_20260927233748302.wfm,23:37:48.302000,5.5729750000000005,-0.0012000000569969416,-5.1199999999998764e-09,8.416000000000014e-08,-3.489727936009876e-10,-2.1811199600051623
SaveOnEvent_ch1_20260927233748454.wfm,23:37:48.454000,5.573735,-0.00015999999595806003,-6.704000000000021e-08,1.1680000000000115e-08,1.1139199718600141e-10,0.6962399824114982
SaveOnEvent_ch1_20260927233748502.wfm,23:37:48.502000,5.573975,-0.0008800000068731606,-2.7519999999999865e-08,9.295999999999995e-08,-2.6110079430742187e-10,-1.6320799644163344
SaveOnEvent_ch1_20260927233748654.wfm,23:37:48.654000,5.574735,-7.999999797903001e-05,-1.2504e-06,2.2115199999999996e-06,2.634751933440567e-10,1.6467999583983328
SaveOnEvent_ch1_20260927233748702.wfm,23:37:48.702000,5.574975,-0.0010400000028312206,-1.2799999999999691e-08,8.256000000000002e-08,-2.3596159504028034e-10,-1.4748799689987209
SaveOnEvent_ch1_20260927233748854.wfm,23:37:48.854000,5.575735,-0.00015999999595806003,-8.5328e-07,7.200000000000117e-09,1.7747839551651838e-10,1.1091999719792511
SaveOnEvent_ch1_20260927233748902.wfm,23:37:48.902000,5.575975,-0.0012000000569969416,-7.839999999999996e-09,7.296000000000015e-08,-6.656640046508998e-11,-0.4160000029078219
SaveOnEvent_ch1_20260927233749054.wfm,23:37:49.054000,5.576735,-0.00023999999393709004,3.0720000000000106e-08,2.58e-06,-1.458751963148826e-10,-0.9117599769670051
SaveOnEvent_ch1_20260927233749102.wfm,23:37:49.102000,5.576975,-0.001120000029914081,-3.5199999999997562e-09,7.679999999999984e-08,-5.010559889767318e-10,-3.1316799311025534
SaveOnEvent_ch1_20260927233749254.wfm,23:37:49.254000,5.5777350000000006,-0.00015999999595806003,-1.1871999999999998e-06,,5.2108798683621096e-11,0.3256799917726312
SaveOnEvent_ch1_20260927233749302.wfm,23:37:49.302000,5.577975,-0.0019199999514967203,1.72848e-06,2.0038399999999996e-06,-2.3134400027431545e-09,-14.459920017165132
SaveOnEvent_ch1_20260927233749454.wfm,23:37:49.454000,5.578735,-0.00015999999595806003,-1.56464e-06,3.4755199999999997e-06,-1.392383964825421e-10,-0.8703199780138675
SaveOnEvent_ch1_20260927233749502.wfm,23:37:49.502000,5.578975,-0.002400000113993883,1.9712000000000003e-06,5.143999999999997e-07,-1.305216004294343e-09,-8.158800026896643
SaveOnEvent_ch1_20260927233749654.wfm,23:37:49.654000,5.579735,-0.00015999999595806003,-1.7041599999999999e-06,3.70064e-06,-2.2390399434370904e-10,-1.399439964647172
SaveOnEvent_ch1_20260927233749702.wfm,23:37:49.702000,5.579975,-0.001120000029914081,1.9905600000000002e-06,2.0611199999999998e-06,-2.674111980549059e-10,-1.671919987857109
SaveOnEvent_ch1_20260927233749856.wfm,23:37:49.856000,5.580745,-0.00015999999595806003,-1.90576e-06,7.304e-07,6.730879829963681e-11,0.42071998937171884
SaveOnEvent_ch1_20260927233749902.wfm,23:37:49.902000,5.5809750000000005,-0.0010400000028312206,1.97856e-06,2.0580799999999997e-06,-3.913471951521934e-10,-2.4463999696890824
SaveOnEvent_ch1_20260927233750054.wfm,23:37:50.054000,5.581735,-0.00023999999393709004,7.5152e-07,3.63888e-06,-2.1534079456003367e-10,-1.345919965999201
SaveOnEvent_ch1_20260927233750102.wfm,23:37:50.102000,5.581975,-0.0012000000569969416,-1.0239999999999753e-08,9.183999999999995e-08,-5.456255893409251e-10,-3.4102399333787616
SaveOnEvent_ch1_20260927233750254.wfm,23:37:50.254000,5.5827350000000004,-0.00015999999595806003,-1.28976e-06,2.00304e-06,-7.56991980876774e-11,-0.4731199880479835
SaveOnEvent_ch1_20260927233750302.wfm,23:37:50.302000,5.582975,-0.001120000029914081,-9.279999999999935e-09,8.224000000000008e-08,-1.2279039848130184e-10,-0.7673599905101582
SaveOnEvent_ch1_20260927233750454.wfm,23:37:50.454000,5.583735,-0.00015999999595806003,-1.48096e-06,1.3439999999999993e-08,1.107967972010374e-10,0.6925599825044628
SaveOnEvent_ch1_20260927233750505.wfm,23:37:50.505000,5.58399,-0.0012000000569969416,-1.791999999999999e-08,8.464000000000026e-08,-2.405439969501457e-10,-1.5033599809394218
SaveOnEvent_ch1_20260927233750655.wfm,23:37:50.655000,5.58474,-0.00015999999595806003,-1.6942399999999999e-06,3.6176e-06,-2.415167938987725e-10,-1.5095199618663173
SaveOnEvent_ch1_20260927233750702.wfm,23:37:50.702000,5.584975,-0.0012000000569969416,-2.239999999999999e-09,9.071999999999995e-08,-4.786815903196113e-10,-2.9919199394935276
SaveOnEvent_ch1_20260927233750854.wfm,23:37:50.854000,5.585735,-0.00023999999393709004,-1.6897599999999999e-06,3.93008e-06,-3.245695918006822e-10,-2.028639948752243
SaveOnEvent_ch1_20260927233750902.wfm,23:37:50.902000,5.5859749999999995,-0.001120000029914081,1.6112e-06,2.05232e-06,-1.3183039878029376e-09,-8.239919923769776
SaveOnEvent_ch1_20260927233751054.wfm,23:37:51.054000,5.586735,-7.999999797903001e-05,-2.8560000000000007e-07,2.0404799999999996e-06,2.603711934224701e-10,1.6273599588894285
SaveOnEvent_ch1_20260927233751102.wfm,23:37:51.102000,5.586975,-0.0012000000569969416,-1.2000000000000055e-08,8.560000000000008e-08,-2.6620799521217133e-10,-1.6638399700750597
SaveOnEvent_ch1_20260927233751254.wfm,23:37:51.254000,5.587735,-0.00015999999595806003,-1.45216e-06,3.45136e-06,-8.744959779083744e-11,-0.546559986192733
SaveOnEvent_ch1_20260927233751302.wfm,23:37:51.302000,5.587975,-0.0010400000028312206,-1.3120000000000054e-08,8.623999999999996e-08,-1.391039980459028e-10,-0.8694399877858814
SaveOnEvent_ch1_20260927233751454.wfm,23:37:51.454000,5.588735,-0.00015999999595806003,1.0455999999999998e-06,7.520000000000057e-09,2.1299839461920774e-10,1.3312799663690384
SaveOnEvent_ch1_20260927233751502.wfm,23:37:51.502000,5.588975,-0.0012000000569969416,-5.9199999999999365e-09,7.98399999999999e-08,-3.5747839287854723e-10,-2.2343199554888997
SaveOnEvent_ch1_20260927233751654.wfm,23:37:51.654000,5.589735,-0.00015999999595806003,-1.7969599999999999e-06,3.75888e-06,-9.831679751630872e-11,-0.6145599844749086
SaveOnEvent_ch1_20260927233751702.wfm,23:37:51.702000,5.589975,-0.0010400000028312206,-1.615999999999969e-08,7.60000000000002e-08,-7.518719947431243e-11,-0.4699199967144523
SaveOnEvent_ch1_20260927233751854.wfm,23:37:51.854000,5.5907350000000005,-7.999999797903001e-05,-2.742400000000001e-07,2.27408e-06,3.717951906076635e-10,2.323759941296885
SaveOnEvent_ch1_20260927233751902.wfm,23:37:51.902000,5.590975,-0.0010400000028312206,-1.0399999999999934e-08,8.43199999999999e-08,-5.3382400257978624e-11,-0.3336800016113557
SaveOnEvent_ch1_20260927233752053.wfm,23:37:52.053000,5.59173,-7.999999797903001e-05,-1.3268799999999998e-06,3.3051199999999996e-06,1.9035519519122325e-10,1.1897599699441344
SaveOnEvent_ch1_20260927233752101.wfm,23:37:52.101000,5.59197,-0.0015999999595806003,1.9774399999999997e-06,2.04256e-06,-6.447935944353229e-10,-4.030799965199549
SaveOnEvent_ch1_20260927233752253.wfm,23:37:52.253000,5.5927299999999995,-0.00023999999393709004,1.3887999999999997e-06,2.54704e-06,-1.9439999508904279e-10,-1.2150399693055078
SaveOnEvent_ch1_20260927233752302.wfm,23:37:52.302000,5.592975,-0.0009599999757483602,-5.2320000000000034e-08,7.98399999999999e-08,-1.9740799595834688e-10,-1.2338399747386575
SaveOnEvent_ch1_20260927233752456.wfm,23:37:52.456000,5.593745,-0.00023999999393709004,1.6529599999999998e-06,2.9163199999999996e-06,-1.4550399632425978e-10,-0.9094399770256132
SaveOnEvent_ch1_20260927233752502.wfm,23:37:52.502000,5.593975,-0.0009599999757483602,-2.096000000000005e-08,8.448000000000008e-08,-2.467071950854733e-10,-1.5419199692842085
SaveOnEvent_ch1_20260927233752654.wfm,23:37:52.654000,5.594735,-0.00023999999393709004,-6.1888e-07,3.914080000000001e-06,-3.449087912868707e-10,-2.1557599455409218
SaveOnEvent_ch1_20260927233752702.wfm,23:37:52.702000,5.594975,-0.0008800000068731606,-3.11999999999998e-08,8.38400000000002e-08,1.2806398307438762e-11,0.08007998942048289
SaveOnEvent_ch1_20260927233752854.wfm,23:37:52.854000,5.5957349999999995,-7.999999797903001e-05,-2e-06,3.5132799999999998e-06,1.362367965583689e-10,0.8514399784908164
SaveOnEvent_ch1_20260927233752902.wfm,23:37:52.902000,5.595975,-0.0010400000028312206,1.9720000000000003e-06,2.06048e-06,-7.441407895018345e-10,-4.651439934386872
SaveOnEvent_ch1_20260927233753054.wfm,23:37:53.054000,5.596735,-0.00015999999595806003,4.132799999999998e-07,6.548800000000002e-07,4.243199892807753e-11,0.2651999933004845
SaveOnEvent_ch1_20260927233753104.wfm,23:37:53.104000,5.596985,-0.001120000029914081,-8.799999999999814e-09,7.920000000000002e-08,-1.1674879912286992e-10,-0.7296799945179373
SaveOnEvent_ch1_20260927233753254.wfm,23:37:53.254000,5.597735,0.0,-1.9616e-06,,3.3752959147328524e-10,2.1096799467050005
SaveOnEvent_ch1_20260927233753302.wfm,23:37:53.302000,5.597975,-0.0008800000068731606,-8.479999999999875e-09,8.04800000000002e-08,1.4469759499421324e-10,0.9043999687128235
SaveOnEvent_ch1_20260927233753454.wfm,23:37:53.454000,5.598735,-7.999999797903001e-05,-1.96208e-06,3.736e-06,1.36415996553842e-10,0.8526399784605019
SaveOnEvent_ch1_20260927233753502.wfm,23:37:53.502000,5.598975,-0.0012799999676644802,-6.8799999999997546e-09,7.440000000000008e-08,-2.0824319725390516e-10,-1.3015199828369077
SaveOnEvent_ch1_20260927233753654.wfm,23:37:53.654000,5.599735,-0.00015999999595806003,-1.10672e-06,1.2319999999999994e-08,1.4410239635966714e-10,0.9007199772458989
SaveOnEvent_ch1_20260927233753701.wfm,23:37:53.701000,5.59997,-0.0010400000028312206,-6.0799999999996945e-09,8.351999999999984e-08,-1.3852799746906376e-10,-0.8657599841826595
SaveOnEvent_ch1_20260927233753853.wfm,23:37:53.853000,5.60073,-7.999999797903001e-05,-1.87792e-06,3.860639999999999e-06,1.532415961287914e-10,0.9577599758049473
SaveOnEvent_ch1_20260927233753901.wfm,23:37:53.901000,5.60097,-0.0009599999757483602,-7.199999999999694e-09,7.664000000000008e-08,1.488639868795882e-11,0.09303999179974198
SaveOnEvent_ch1_20260927233754053.wfm,23:37:54.053000,5.60173,-0.00015999999595806003,-1.91552e-06,3.5892799999999995e-06,-2.324479941278697e-11,-0.14535999632789753
SaveOnEvent_ch1_20260927233754102.wfm,23:37:54.102000,5.6019749999999995,-0.0012000000569969416,-8.479999999999875e-09,7.519999999999972e-08,-3.7709439190803105e-10,-2.356959949422162
SaveOnEvent_ch1_20260927233754254.wfm,23:37:54.254000,5.602735,-0.00015999999595806003,-1.97232e-06,3.4036799999999996e-06,-1.697983957105314e-10,-1.0612799731898122
SaveOnEvent_ch1_20260927233754302.wfm,23:37:54.302000,5.602975000000001,-0.001120000029914081,-1.3759999999999933e-08,8.38400000000002e-08,-6.270335862273352e-10,-3.918959913920844
SaveOnEvent_ch1_20260927233754454.wfm,23:37:54.454000,5.603735,-0.00015999999595806003,-1.1244799999999999e-06,3.05504e-06,1.1071999720296073e-12,0.006959999824175611
SaveOnEvent_ch1_20260927233754502.wfm,23:37:54.502000,5.603975,-0.003120000008493662,1.8001599999999999e-06,8.582399999999999e-07,-2.864857620147522e-09,-17.906960125925252
SaveOnEvent_ch1_20260927233754654.wfm,23:37:54.654000,5.604735,-0.00015999999595806003,-1.97984e-06,3.0872e-06,-1.576639960170723e-10,-0.9854399751056917
SaveOnEvent_ch1_20260927233754702.wfm,23:37:54.702000,5.604975,-0.0010400000028312206,-1.4559999999999993e-08,7.951999999999996e-08,3.484799898415801e-10,2.1781599365058355
SaveOnEvent_ch1_20260927233754854.wfm,23:37:54.854000,5.605735,-7.999999797903001e-05,-1.34768e-06,2.7828799999999995e-06,2.5059199366951354e-10,1.5663199604314286
SaveOnEvent_ch1_20260927233754901.wfm,23:37:54.901000,5.60597,-0.001120000029914081,-2.3359999999999807e-08,8.911999999999983e-08,-3.41587193591986e-10,-2.13503995994688
SaveOnEvent_ch1_20260927233755053.wfm,23:37:55.053000,5.60673,-7.999999797903001e-05,-1.5177599999999998e-06,3.5145599999999995e-06,2.445631938218138e-10,1.5285599613853265
SaveOnEvent_ch1_20260927233755102.wfm,23:37:55.102000,5.606975,-0.0010400000028312206,-8.159999999999935e-09,7.53599999999999e-08,1.4031999512342733e-10,0.8770399695204105
SaveOnEvent_ch1_20260927233755253.wfm,23:37:55.253000,5.60773,-0.00023999999393709004,1.08912e-06,3.4769599999999997e-06,-2.2620799428550522e-10,-1.4138399642833974
SaveOnEvent_ch1_20260927233755302.wfm,23:37:55.302000,5.607975,-0.0010400000028312206,-6.8799999999997546e-09,8.54399999999999e-08,-2.354495951463468e-10,-1.4715999696636572
SaveOnEvent_ch1_20260927233755453.wfm,23:37:55.453000,5.6087299999999995,-0.00015999999595806003,-1.7280000000000112e-08,1.7599999999998781e-09,1.369663965399377e-10,0.8560799783736002
SaveOnEvent_ch1_20260927233755501.wfm,23:37:55.501000,5.60897,-0.0009599999757483602,-1.7599999999998781e-09,8.847999999999996e-08,-1.516287975851448e-10,-0.947679984907154
SaveOnEvent_ch1_20260927233755653.wfm,23:37:55.653000,5.60973,-0.00023999999393709004,-1.40352e-06,3.928e-06,-3.3916799143189557e-10,-2.1198399464483373
SaveOnEvent_ch1_20260927233755704.wfm,23:37:55.704000,5.609985,-0.0010400000028312206,-8.640000000000056e-09,9.10399999999999e-08,-1.5230079747037966e-10,-0.9518399841908831
SaveOnEvent_ch1_20260927233755853.wfm,23:37:55.853000,5.61073,-0.00015999999595806003,-7.691199999999999e-07,1.1167999999999998e-06,1.1238399716094138e-11,0.07023999822558835
SaveOnEvent_ch1_20260927233755902.wfm,23:37:55.902000,5.610975,-0.0012000000569969416,-1.0559999999999692e-08,2.0566399999999998e-06,-4.758271942497228e-10,-2.9744799640611745
SaveOnEvent_ch1_20260927233756054.wfm,23:37:56.054000,5.6117349999999995,-7.999999797903001e-05,-1.7467199999999999e-06,3.7465599999999996e-06,2.004799949354495e-10,1.252959968347568
SaveOnEvent_ch1_20260927233756102.wfm,23:37:56.102000,5.611975,-0.001120000029914081,-2.8799999999998776e-09,8.175999999999996e-08,-2.764159944979475e-10,-1.7276799656101502
SaveOnEvent_ch1_20260927233756254.wfm,23:37:56.254000,5.612735000000001,-0.00015999999595806003,1.60192e-06,6.0799999999996945e-09,1.52198396155145e-10,0.9511999759706669
SaveOnEvent_ch1_20260927233756302.wfm,23:37:56.302000,5.6129750000000005,-0.0031999999191612005,1.99872e-06,5.8864e-07,-1.8705408110935234e-09,-11.692480069294106
SaveOnEvent_ch1_20260927233756454.wfm,23:37:56.454000,5.613735,-0.00015999999595806003,1.37104e-06,5.439999999999816e-09,2.0771199475275362e-10,1.298239967203699
SaveOnEvent_ch1_20260927233756502.wfm,23:37:56.502000,5.613975,-0.0009599999757483602,-2.7199999999999926e-08,8.847999999999996e-08,-2.595007949345745e-10,-1.6219999683380593
SaveOnEvent_ch1_20260927233756655.wfm,23:37:56.655000,5.614739999999999,-0.00015999999595806003,-1.6292799999999999e-06,3.4639999999999994e-06,-7.521919809980317e-11,-0.47007998812478036
SaveOnEvent_ch1_20260927233756702.wfm,23:37:56.702000,5.614975,-0.0010400000028312206,-2.0639999999999687e-08,8.65599999999999e-08,-3.330175929749384e-10,-2.0814399560913444
SaveOnEvent_ch1_20260927233756854.wfm,23:37:56.854000,5.615735,-7.999999797903001e-05,-1.95888e-06,3.9432e-06,1.7839359549339845e-10,1.1149599718337413
SaveOnEvent_ch1_20260927233756902.wfm,23:37:56.902000,5.615975,-0.0010400000028312206,-7.199999999999694e-09,8.224000000000008e-08,-2.4255999499466274e-10,-1.516079968714621
SaveOnEvent_ch1_20260927233757054.wfm,23:37:57.054000,5.616735,-0.00015999999595806003,-6.1904e-07,2.5161600000000003e-06,-2.300799941876908e-11,-0.14375999636831693
SaveOnEvent_ch1_20260927233757102.wfm,23:37:57.102000,5.616975,-0.0010400000028312206,-1.903999999999999e-08,8.751999999999971e-08,-4.2362239070003864e-10,-2.6477599418722093
SaveOnEvent_ch1_20260927233757253.wfm,23:37:57.253000,5.61773,-0.00015999999595806003,2.2575999999999977e-07,1.7100800000000002e-06,-2.4422399383038352e-11,-0.15263999614398926
SaveOnEvent_ch1_20260927233757302.wfm,23:37:57.302000,5.617975,-0.00215999991632998,1.8556799999999997e-06,2.0135999999999997e-06,-2.136953594761435e-09,-13.35703996726079
SaveOnEvent_ch1_20260927233757454.wfm,23:37:57.454000,5.618735,-7.999999797903001e-05,-1.9359999999999998e-06,3.93584e-06,7.919999799923978e-11,0.4949599874962587
SaveOnEvent_ch1_20260927233757502.wfm,23:37:57.502000,5.618975,-0.0009599999757483602,9.600000000002415e-10,9.359999999999983e-08,-3.4738559260731566e-10,-2.171199953794712
SaveOnEvent_ch1_20260927233757654.wfm,23:37:57.654000,5.619735,-0.00031999999191612005,-1.7369599999999998e-06,3.6107199999999997e-06,-4.536703885393217e-10,-2.83551992836874
SaveOnEvent_ch1_20260927233757702.wfm,23:37:57.702000,5.619975,-0.0012799999676644802,-6.8799999999997546e-09,7.792000000000026e-08,-1.2431359915528447e-10,-0.7768799947225489
SaveOnEvent_ch1_20260927233757854.wfm,23:37:57.854000,5.620735,-0.00023999999393709004,-1.80336e-06,3.953119999999999e-06,-4.324031890765763e-10,-2.702639931725571
SaveOnEvent_ch1_20260927233757902.wfm,23:37:57.902000,5.620975,-0.0008800000068731606,-8.640000000000056e-09,8.751999999999971e-08,-1.980415960028766e-10,-1.2378399750159588
SaveOnEvent_ch1_20260927233758054.wfm,23:37:58.054000,5.621735,-0.00015999999595806003,-4.6224000000000004e-07,2.3953599999999997e-06,-7.982719798339534e-11,-0.4989599873952102
SaveOnEvent_ch1_20260927233758102.wfm,23:37:58.102000,5.621975,-0.001120000029914081,-1.4079999999999872e-08,8.54399999999999e-08,-3.320511936605908e-10,-2.075359960377682
SaveOnEvent_ch1_20260927233758254.wfm,23:37:58.254000,5.6227350000000005,-0.00015999999595806003,7.672e-07,1.08944e-06,7.784319803351548e-11,0.48655998770846054
SaveOnEvent_ch1_20260927233758303.wfm,23:37:58.303000,5.62298,-0.0010400000028312206,-1.711999999999993e-08,8.175999999999996e-08,-5.749759977683435e-11,-0.35935999860521406
SaveOnEvent_ch1_20260927233758455.wfm,23:37:58.455000,5.62374,-0.00015999999595806003,1.19744e-06,7.516799999999998e-07,4.5734398844652224e-11,0.28583999277907424
SaveOnEvent_ch1_20260927233758502.wfm,23:37:58.502000,5.623975,-0.0012000000569969416,-1.0880000000000055e-08,7.792000000000026e-08,-2.333823960833251e-10,-1.4586399755207822
SaveOnEvent_ch1_20260927233758654.wfm,23:37:58.654000,5.624735,-0.00015999999595806003,-8.486400000000001e-07,6.560000000000027e-09,1.4633599630324164e-10,0.9146399768942501
SaveOnEvent_ch1_20260927233758702.wfm,23:37:58.702000,5.624975,-0.0012000000569969416,-1.984000000000005e-08,9.040000000000002e-08,-6.625343869370409e-10,-4.140959918353474
SaveOnEvent_ch1_20260927233758854.wfm,23:37:58.854000,5.625735,-7.999999797903001e-05,-1.8862399999999999e-06,3.44592e-06,1.4175999641884108e-10,0.8860799776157364
SaveOnEvent_ch1_20260927233758902.wfm,23:37:58.902000,5.625975,-0.0010400000028312206,-1.4879999999999932e-08,8.847999999999996e-08,-1.0744959819829082e-10,-0.6715199887403287
SaveOnEvent_ch1_20260927233759054.wfm,23:37:59.054000,5.626735,-0.00015999999595806003,7.1936e-07,1.695999999999975e-08,4.1395198954269334e-11,0.25871999346418306
SaveOnEvent_ch1_20260927233759102.wfm,23:37:59.102000,5.626975,-0.0010400000028312206,-2.5919999999999745e-08,7.968000000000014e-08,-9.41823987010865e-11,-0.5885599918838125
SaveOnEvent_ch1_20260927233759254.wfm,23:37:59.254000,5.627735,-0.00015999999595806003,-1.93504e-06,1.92016e-06,7.639039807021624e-11,0.4774399879388511
SaveOnEvent_ch1_20260927233759302.wfm,23:37:59.302000,5.627975,-0.0012000000569969416,-1.0239999999999753e-08,7.151999999999978e-08,-1.4494079851312573e-10,-0.9059199907060247
SaveOnEvent_ch1_20260927233759454.wfm,23:37:59.454000,5.628735,-7.999999797903001e-05,-1.2016e-06,2.49936e-06,2.2709759426303205e-10,1.4194399641419295
SaveOnEvent_ch1_20260927233759502.wfm,23:37:59.502000,5.6289750000000005,-0.0009599999757483602,-2.239999999999999e-09,7.856000000000014e-08,1.6984959436347701e-10,1.0615999647707213
SaveOnEvent_ch1_20260927233759655.wfm,23:37:59.655000,5.62974,-7.999999797903001e-05,-6.9696e-07,2.6967999999999997e-06,1.7594239555532117e-10,1.0996799722197466
SaveOnEvent_ch1_20260927233759702.wfm,23:37:59.702000,5.629975,-0.0010400000028312206,-7.520000000000057e-09,8.640000000000014e-08,-3.423423924273811e-10,-2.1397599526681006
SaveOnEvent_ch1_20260927233759854.wfm,23:37:59.854000,5.630735,-0.00015999999595806003,-1.42416e-06,3.10272e-06,2.8991999267600556e-11,0.18119999542250298
SaveOnEvent_ch1_20260927233759902.wfm,23:37:59.902000,5.630975,-0.0028800000436604023,1.8399999999999997e-06,6.943999999999997e-07,-2.2953279903484508e-09,-14.347199939627899
SaveOnEvent_ch1_20260927233800054.wfm,23:38:00.054000,5.631735,-0.00015999999595806003,1.91424e-06,8.479999999999451e-09,2.228607943700626e-10,1.3928799648128916
SaveOnEvent_ch1_20260927233800102.wfm,23:38:00.102000,5.631975,-0.0010400000028312206,-8.159999999999935e-09,8.672000000000008e-08,-2.4863999514840547e-10,-1.553999969677534
SaveOnEvent_ch1_20260927233800254.wfm,23:38:00.254000,5.632735,-7.999999797903001e-05,-1.97232e-06,3.83632e-06,1.4398719636257745e-10,0.8999999772640876
SaveOnEvent_ch1_20260927233800302.wfm,23:38:00.302000,5.632975,-0.0013599999947473407,1.9824000000000003e-06,2.0452799999999996e-06,-7.719168012891896e-10,-4.825120008055819
SaveOnEvent_ch1_20260927233800454.wfm,23:38:00.454000,5.633735,-0.00023999999393709004,-1.6767999999999998e-07,3.6232000000000003e-06,-2.748799930559471e-10,-1.7179999565996695
SaveOnEvent_ch1_20260927233800502.wfm,23:38:00.502000,5.633975,-0.0033599999733269215,1.7608000000000001e-06,7.971199999999997e-07,-2.9179263905039986e-09,-18.238559940626146
SaveOnEvent_ch1_20260927233800654.wfm,23:38:00.654000,5.634735,-0.00015999999595806003,-1.5871999999999998e-06,1.6782399999999997e-06,1.5586559606250365e-10,0.9741599753906485
SaveOnEvent_ch1_20260927233800702.wfm,23:38:00.702000,5.634975,-0.0009599999757483602,-1.1519999999999934e-08,8.831999999999977e-08,-7.518079921836014e-11,-0.4698399951157626
SaveOnEvent_ch1_20260927233800854.wfm,23:38:00.854000,5.635735,-0.00023999999393709004,3.836800000000001e-07,3.863519999999999e-06,-1.686847957386636e-10,-1.0543199733656365
SaveOnEvent_ch1_20260927233800903.wfm,23:38:00.903000,5.63598,-0.001120000029914081,-5.599999999999997e-09,8.672000000000008e-08,-4.2028799115214487e-10,-2.626879944698885
SaveOnEvent_ch1_20260927233801055.wfm,23:38:01.055000,5.63674,-7.999999797903001e-05,-1.6639999999999999e-06,3.6192e-06,2.2929279420757647e-10,1.4331199637963437
SaveOnEvent_ch1_20260927233801102.wfm,23:38:01.102000,5.636975,-0.001120000029914081,-1.0239999999999753e-08,7.71200000000002e-08,-9.383039961801859e-11,-0.5863999976136256
SaveOnEvent_ch1_20260927233801254.wfm,23:38:01.254000,5.637735,-0.00015999999595806003,-1.69152e-06,5.726400000000001e-07,5.935999850044001e-11,0.3710399906267412
SaveOnEvent_ch1_20260927233801302.wfm,23:38:01.302000,5.637975,-0.0010400000028312206,-1.0399999999999934e-08,8.94400000000002e-08,-8.218239937676116e-11,-0.5136799961037468
SaveOnEvent_ch1_20260927233801454.wfm,23:38:01.454000,5.6387350000000005,-0.00023999999393709004,-6.296000000000001e-07,3.85712e-06,-3.6175999086117376e-10,-2.2610399428813253
SaveOnEvent_ch1_20260927233801502.wfm,23:38:01.502000,5.638975,-0.0010400000028312206,-7.199999999999694e-09,7.792000000000026e-08,3.301759777357811e-11,0.2063199860858731
SaveOnEvent_ch1_20260927233801654.wfm,23:38:01.654000,5.639735,-0.00023999999393709004,-1.7579199999999998e-06,3.99104e-06,-3.7763199046021335e-10,-2.3603199403733015
SaveOnEvent_ch1_20260927233801702.wfm,23:38:01.702000,5.639975,-0.0010400000028312206,-6.8799999999997546e-09,8.015999999999984e-08,-1.4769919723272327e-10,-0.9231199827045202
SaveOnEvent_ch1_20260927233801854.wfm,23:38:01.854000,5.640735,-7.999999797903001e-05,-1.99904e-06,3.974719999999999e-06,3.46047991258093e-11,0.21631999453529716
SaveOnEvent_ch1_20260927233801902.wfm,23:38:01.902000,5.640975,-0.0010400000028312206,-7.520000000000057e-09,7.792000000000026e-08,-1.9512319620233022e-10,-1.2195199762645643
SaveOnEvent_ch1_20260927233802054.wfm,23:38:02.054000,5.641735,-0.00023999999393709004,-1.97328e-06,3.982880000000001e-06,-3.189759919419886e-10,-1.993679949635407
SaveOnEvent_ch1_20260927233802102.wfm,23:38:02.102000,5.641975,-0.00215999991632998,1.9816000000000002e-06,2.0110399999999997e-06,-1.3735936005762776e-09,-8.586080003558891
SaveOnEvent_ch1_20260927233802254.wfm,23:38:02.254000,5.642735,-7.999999797903001e-05,-6.2912e-07,2.2831999999999996e-06,2.8206719287438323e-10,1.7630399554618634
SaveOnEvent_ch1_20260927233802302.wfm,23:38:02.302000,5.642975,-0.0012799999676644802,-1.0239999999999753e-08,7.696000000000002e-08,-4.5020159056875854e-10,-2.81383994105272
SaveOnEvent_ch1_20260927233802454.wfm,23:38:02.454000,5.643735,-0.00015999999595806003,-9.1824e-07,3.1743999999999996e-07,7.130239819874978e-11,0.4456799887411762
SaveOnEvent_ch1_20260927233802502.wfm,23:38:02.502000,5.643975,-0.0010400000028312206,-5.1199999999998764e-09,8.351999999999984e-08,-3.670463921898045e-10,-2.2941599511832464
SaveOnEvent_ch1_20260927233802654.wfm,23:38:02.654000,5.644735,-0.00023999999393709004,-1.5124799999999998e-06,3.92976e-06,-4.2455038927495487e-10,-2.6535199329664465
SaveOnEvent_ch1_20260927233802702.wfm,23:38:02.702000,5.6449750000000005,-0.0012000000569969416,-1.5679999999999992e-08,8.336000000000008e-08,-2.9064319540979304e-10,-1.8165599713101983
SaveOnEvent_ch1_20260927233802854.wfm,23:38:02.854000,5.645735,-7.999999797903001e-05,-2e-06,2.2355199999999997e-06,2.287359942216426e-10,1.4295999638852663
SaveOnEvent_ch1_20260927233802902.wfm,23:38:02.902000,5.645975,-0.001120000029914081,-1.0079999999999995e-08,7.920000000000002e-08,-4.026367916818707e-10,-2.5165599480096716
SaveOnEvent_ch1_20260927233803054.wfm,23:38:03.054000,5.646735,-0.00015999999595806003,-1.90592e-06,2.39488e-06,-4.2822398918215234e-11,-0.2676799932378344
SaveOnEvent_ch1_20260927233803102.wfm,23:38:03.102000,5.646974999999999,-0.001120000029914081,-6.400000000000057e-09,8.112000000000008e-08,8.082559610949835e-11,0.5052799756813329
SaveOnEvent_ch1_20260927233803254.wfm,23:38:03.254000,5.647735,-7.999999797903001e-05,-1.9432e-06,3.91424e-06,7.078399821184564e-11,0.442479988822015
SaveOnEvent_ch1_20260927233803302.wfm,23:38:03.302000,5.647975000000001,-0.001120000029914081,-9.119999999999753e-09,7.536000000000033e-08,-1.813823968009092e-10,-1.133599980006693
SaveOnEvent_ch1_20260927233803454.wfm,23:38:03.454000,5.648735,0.0,-1.42688e-06,,5.354943864722737e-10,3.3469599154486787
SaveOnEvent_ch1_20260927233803503.wfm,23:38:03.503000,5.64898,-0.0007999999797903001,-1.3279999999999812e-08,7.040000000000021e-08,4.030335889384152e-10,2.519039930863073
SaveOnEvent_ch1_20260927233803655.wfm,23:38:03.655000,5.6497399999999995,-0.00015999999595806003,-1.9931199999999997e-06,3.2407999999999995e-06,-1.8323199537117035e-11,-0.11455999710597098
SaveOnEvent_ch1_20260927233803702.wfm,23:38:03.702000,5.6499749999999995,-0.0010400000028312206,-8.479999999999875e-09,8.76799999999999e-08,-1.9032959650503456e-10,-1.1895999781554565
SaveOnEvent_ch1_20260927233803854.wfm,23:38:03.854000,5.650735,-0.00023999999393709004,-3.3600000000000004e-07,3.94112e-06,-3.3060479164822035e-10,-2.066319947800366
SaveOnEvent_ch1_20260927233803902.wfm,23:38:03.902000,5.650975,-0.0012000000569969416,-7.359999999999875e-09,8.463999999999984e-08,-3.128255940391682e-10,-1.9551999627437908
SaveOnEvent_ch1_20260927233804054.wfm,23:38:04.054000,5.651735,-0.00015999999595806003,-1.97376e-06,3.88944e-06,-1.3624319655820735e-10,-0.8515199784887955
SaveOnEvent_ch1_20260927233804102.wfm,23:38:04.102000,5.651975,-0.001120000029914081,-5.1199999999998764e-09,7.968000000000014e-08,2.6764797912910603e-11,0.16735998695367016
SaveOnEvent_ch1_20260927233804254.wfm,23:38:04.254000,5.652735,-0.00023999999393709004,-1.2238399999999999e-06,3.7912e-06,-2.1514239456504596e-10,-1.3447199660295155
SaveOnEvent_ch1_20260927233804302.wfm,23:38:04.302000,5.652975,-0.0010400000028312206,-2.3999999999997568e-09,8.399999999999996e-08,-1.5566079687792796e-10,-0.9728799804870505
SaveOnEvent_ch1_20260927233804454.wfm,23:38:04.454000,5.653735,-0.00015999999595806003,-1.0911999999999998e-06,5.9199999999999365e-09,4.6963198813609955e-11,0.2935199925850611
SaveOnEvent_ch1_20260927233804502.wfm,23:38:04.502000,5.653975,-0.0012000000569969416,-1.583999999999975e-08,8.159999999999978e-08,-2.578111959644594e-10,-1.6113599747768603
SaveOnEvent_ch1_20260927233804654.wfm,23:38:04.654000,5.6547350000000005,-0.00023999999393709004,-5.571200000000001e-07,3.68288e-06,-3.8154239036142835e-10,-2.3846399397589266
SaveOnEvent_ch1_20260927233804702.wfm,23:38:04.702000,5.654975,-0.0010400000028312206,-7.199999999999694e-09,8.623999999999996e-08,-1.4030079796910287e-10,-0.8769599873048719
SaveOnEvent_ch1_20260927233804854.wfm,23:38:04.854000,5.655735,-0.00023999999393709004,-1.43984e-06,3.9929599999999995e-06,-2.630719933542423e-10,-1.6443199584609829
SaveOnEvent_ch1_20260927233804902.wfm,23:38:04.902000,5.655975,-0.0008800000068731606,-1.2639999999999933e-08,8.94400000000002e-08,-3.4858879263745636e-10,-2.17879995398107
SaveOnEvent_ch1_20260927233805054.wfm,23:38:05.054000,5.656734999999999,-0.00015999999595806003,-1.98736e-06,3.7011199999999997e-06,-1.3606399656273426e-11,-0.0850399978517089
SaveOnEvent_ch1_20260927233805102.wfm,23:38:05.102000,5.656975,-0.0008800000068731606,-7.039999999999936e-09,8.383999999999978e-08,-3.551360014127564e-11,-0.22200000088196248
SaveOnEvent_ch1_20260927233805254.wfm,23:38:05.254000,5.657735000000001,-0.00023999999393709004,4.4672e-07,3.95408e-06,-3.1532799203414453e-10,-1.9708799502113834
SaveOnEvent_ch1_20260927233805302.wfm,23:38:05.302000,5.657975,-0.0012799999676644802,-1.0719999999999874e-08,7.472000000000002e-08,-3.5996159299276765e-10,-2.249839956202777
SaveOnEvent_ch1_20260927233805454.wfm,23:38:05.454000,5.658735,-0.00023999999393709004,9.111999999999998e-07,3.4207999999999995e-06,-2.653823932958767e-10,-1.6587199580972083
SaveOnEvent_ch1_20260927233805502.wfm,23:38:05.502000,5.658975,-0.001120000029914081,-1.503999999999969e-08,8.87999999999999e-08,-2.8003199506318203e-10,-1.7503199691418558
SaveOnEvent_ch1_20260927233805654.wfm,23:38:05.654000,5.6597349999999995,-7.999999797903001e-05,-2e-06,3.9892799999999995e-06,7.000959823140867e-11,0.43751998894731514
SaveOnEvent_ch1_20260927233805702.wfm,23:38:05.702000,5.659975,-0.0012000000569969416,-9.439999999999693e-09,8.54399999999999e-08,-2.2559999690856774e-10,-1.409999980678549
SaveOnEvent_ch1_20260927233805854.wfm,23:38:05.854000,5.660735,-0.00015999999595806003,-1.9e-06,5.224000000000001e-07,-8.385279788170026e-11,-0.5240799867606256
SaveOnEvent_ch1_20260927233805902.wfm,23:38:05.902000,5.6609750000000005,-0.001120000029914081,-1.0239999999999753e-08,7.792000000000026e-08,-4.766720045357951e-11,-0.2979200028348714
SaveOnEvent_ch1_20260927233806054.wfm,23:38:06.054000,5.661735,-0.00015999999595806003,-4.2479999999999994e-07,2.4118399999999998e-06,-1.760447955527343e-10,-1.1003199722035788
SaveOnEvent_ch1_20260927233806103.wfm,23:38:06.103000,5.66198,-0.001120000029914081,-1.3279999999999812e-08,7.968000000000014e-08,-3.527679930347949e-10,-2.2047999564674683
SaveOnEvent_ch1_20260927233806255.wfm,23:38:06.255000,5.66274,-0.00015999999595806003,-5.3712e-07,1.48384e-06,4.7711998794693416e-11,0.29815999246784486
SaveOnEvent_ch1_20260927233806302.wfm,23:38:06.302000,5.662975,-0.001120000029914081,-1.3439999999999993e-08,2.05408e-06,-5.161407914920709e-10,-3.2264799468393903
SaveOnEvent_ch1_20260927233806454.wfm,23:38:06.454000,5.663735,-0.00015999999595806003,-1.8124799999999999e-06,2.0353599999999998e-06,2.9055999265986283e-12,0.018159999541239813
SaveOnEvent_ch1_20260927233806502.wfm,23:38:06.502000,5.663975000000001,-0.001120000029914081,-9.919999999999814e-09,7.53599999999999e-08,-9.188479957869259e-11,-0.5743199973658193
SaveOnEvent_ch1_20260927233806654.wfm,23:38:06.654000,5.664735,-0.00015999999595806003,-1.9539199999999998e-06,3.4943999999999995e-06,-6.492799835978077e-11,-0.4057599897496402
SaveOnEvent_ch1_20260927233806702.wfm,23:38:06.702000,5.664975,-0.001120000029914081,-1.0559999999999692e-08,6.224000000000027e-08,-3.7717119210632514e-10,-2.357599950657459
SaveOnEvent_ch1_20260927233806854.wfm,23:38:06.854000,5.665735,-0.00015999999595806003,-1.93424e-06,1.22256e-06,2.263039942830795e-11,0.14143999642692506
SaveOnEvent_ch1_20260927233806902.wfm,23:38:06.902000,5.6659749999999995,-0.001120000029914081,-8.159999999999935e-09,7.968000000000014e-08,-1.7756799730705124e-10,-1.109839983168058
SaveOnEvent_ch1_20260927233807054.wfm,23:38:07.054000,5.666735,-0.00015999999595806003,1.0735999999999998e-06,8.161600000000005e-07,-9.333119764225551e-11,-0.5833599852630869
SaveOnEvent_ch1_20260927233807102.wfm,23:38:07.102000,5.666975,-0.0010400000028312206,-1.3120000000000054e-08,9.120000000000008e-08,2.173439810518179e-11,0.135919988155365
SaveOnEvent_ch1_20260927233807254.wfm,23:38:07.254000,5.667735,-0.00015999999595806003,-8.8384e-07,1.39072e-06,1.3913599648512828e-11,0.08695999780320562
SaveOnEvent_ch1_20260927233807302.wfm,23:38:07.302000,5.667975,-0.0031999999191612005,1.9129600000000003e-06,6.755199999999998e-07,-2.257177605011966e-09,-14.108880031330045
SaveOnEvent_ch1_20260927233807454.wfm,23:38:07.454000,5.668735,-0.00015999999595806003,1.1198400000000001e-06,7.036799999999996e-07,-3.838079903041902e-11,-0.239919993939111
SaveOnEvent_ch1_20260927233807502.wfm,23:38:07.502000,5.668975,-0.0010400000028312206,-1.0719999999999874e-08,2.0550399999999996e-06,-2.442879979172721e-10,-1.527199986972846
SaveOnEvent_ch1_20260927233807654.wfm,23:38:07.654000,5.669735,-7.999999797903001e-05,-8.963199999999999e-07,2.4790399999999997e-06,2.8467839280841886e-10,1.7792799550516065
SaveOnEvent_ch1_20260927233807702.wfm,23:38:07.702000,5.669975,-0.001120000029914081,-1.5360000000000053e-08,7.487999999999978e-08,1.9135980564168867e-12,0.011999987851595506
SaveOnEvent_ch1_20260927233807854.wfm,23:38:07.854000,5.6707350000000005,-7.999999797903001e-05,-1.8262399999999998e-06,3.8257600000000005e-06,1.7524479557294382e-10,1.0952799723309
SaveOnEvent_ch1_20260927233807902.wfm,23:38:07.902000,5.670975,-0.0009599999757483602,-6.559999999999815e-09,7.37600000000002e-08,-1.351231975923294e-10,-0.8445599849510472
SaveOnEvent_ch1_20260927233808055.wfm,23:38:08.055000,5.67174,-0.00015999999595806003,-2.0864000000000005e-07,1.2191999999999997e-07,-3.381759914569544e-11,-0.2113599946605973
SaveOnEvent_ch1_20260927233808102.wfm,23:38:08.102000,5.671975,-0.0009599999757483602,-2.079999999999987e-08,8.511999999999996e-08,-3.2883200519718296e-11,-0.2054400032502599
SaveOnEvent_ch1_20260927233808254.wfm,23:38:08.254000,5.672735,-7.999999797903001e-05,-1.97904e-06,3.45808e-06,2.524735936219801e-10,1.578079960134346
SaveOnEvent_ch1_20260927233808302.wfm,23:38:08.302000,5.672975,-0.001120000029914081,-1.1199999999999994e-08,7.680000000000026e-08,-1.522559978812933e-10,-0.9515999867580831
SaveOnEvent_ch1_20260927233808454.wfm,23:38:08.454000,5.673735000000001,-0.00015999999595806003,-1.74752e-06,3.5775999999999994e-06,-2.314559941529295e-10,-1.4466399634547997
SaveOnEvent_ch1_20260927233808502.wfm,23:38:08.502000,5.673975,-0.0010400000028312206,-1.663999999999981e-08,8.49600000000002e-08,3.1897597406059567e-11,0.1993599837878719
SaveOnEvent_ch1_20260927233808654.wfm,23:38:08.654000,5.674735,-0.00015999999595806003,-1.5703999999999998e-06,4.159999999999847e-09,9.164159768493847e-11,0.5727999855298549
SaveOnEvent_ch1_20260927233808704.wfm,23:38:08.704000,5.674985,-0.0009599999757483602,-1.663999999999981e-08,7.888000000000008e-08,-1.4433919751783844e-10,-0.9021599844854791
SaveOnEvent_ch1_20260927233808854.wfm,23:38:08.854000,5.6757349999999995,-0.00023999999393709004,-1.8526399999999999e-06,3.95584e-06,-3.481791912042536e-10,-2.1762399450235534
SaveOnEvent_ch1_20260927233808902.wfm,23:38:08.902000,5.675975,-0.0009599999757483602,-1.4399999999999811e-08,8.04800000000002e-08,-2.1372159586753703e-10,-1.335759974172106
SaveOnEvent_ch1_20260927233809054.wfm,23:38:09.054000,5.676735,-7.999999797903001e-05,-1.01392e-06,3.0078399999999996e-06,2.338623940921389e-10,1.4616799630748574
SaveOnEvent_ch1_20260927233809102.wfm,23:38:09.102000,5.676975,-0.002400000113993883,1.99024e-06,1.9135999999999972e-07,-4.931328030861913e-10,-3.0832800193456933
SaveOnEvent_ch1_20260927233809254.wfm,23:38:09.254000,5.677735,-0.00023999999393709004,-5.2832e-07,3.9888e-06,-2.5713279350427916e-10,-1.607199959398713
SaveOnEvent_ch1_20260927233809302.wfm,23:38:09.302000,5.677975,-0.0009599999757483602,-9.119999999999753e-09,7.584000000000002e-08,-1.255103980260902e-10,-0.7844799876620527
SaveOnEvent_ch1_20260927233809454.wfm,23:38:09.454000,5.678735,-0.00015999999595806003,1.35392e-06,5.510399999999997e-07,4.968319874489668e-11,0.3104799921566155
SaveOnEvent_ch1_20260927233809502.wfm,23:38:09.502000,5.678975,-0.0009599999757483602,-1.2959999999999873e-08,8.04800000000002e-08,-2.4588800361380063e-11,-0.15368000225862488
SaveOnEvent_ch1_20260927233809654.wfm,23:38:09.654000,5.679735,-0.00015999999595806003,9.443199999999997e-07,1.4400000000003623e-09,1.521791961556298e-10,0.9511999759706669
SaveOnEvent_ch1_20260927233809702.wfm,23:38:09.702000,5.679975,-0.001120000029914081,-8.319999999999693e-09,7.15200000000002e-08,-2.892031943844631e-10,-1.8075999649008736
SaveOnEvent_ch1_20260927233809853.wfm,23:38:09.853000,5.6807300000000005,-0.00015999999595806003,-1.9512e-06,3.81728e-06,-1.5053439619718127e-10,-0.940879976231372
SaveOnEvent_ch1_20260927233809901.wfm,23:38:09.901000,5.68097,-0.00279999990016222,1.9992e-06,1.9503999999999966e-07,-8.924287977605123e-10,-5.579119985952275
SaveOnEvent_ch1_20260927233810053.wfm,23:38:10.053000,5.68173,-0.00015999999595806003,-1.98896e-06,3.18624e-06,8.915199774783048e-12,0.05567999859340489
SaveOnEvent_ch1_20260927233810102.wfm,23:38:10.102000,5.6819749999999996,-0.001120000029914081,-1.631999999999987e-08,8.256000000000002e-08,-4.246207914664408e-10,-2.653999946662225
SaveOnEvent_ch1_20260927233810253.wfm,23:38:10.253000,5.68273,-0.00023999999393709004,-1.72176e-06,3.842719999999999e-06,-2.78809592956677e-10,-1.7426399559772108
SaveOnEvent_ch1_20260927233810301.wfm,23:38:10.301000,5.68297,-0.0009599999757483602,-1.1679999999999692e-08,8.256000000000002e-08,-7.610239950707161e-11,-0.4756799969181884
SaveOnEvent_ch1_20260927233810454.wfm,23:38:10.454000,5.683735,-7.999999797903001e-05,-7.0624e-07,2.4576e-06,2.1751679450506334e-10,1.359519965655636
SaveOnEvent_ch1_20260927233810501.wfm,23:38:10.501000,5.68397,-0.0013599999947473407,1.9966400000000003e-06,2.0521599999999998e-06,-4.026431978866459e-10,-2.51719998678891
SaveOnEvent_ch1_20260927233810655.wfm,23:38:10.655000,5.68474,-0.00015999999595806003,-1.7948799999999998e-06,8.319999999999905e-09,1.483391962526366e-10,0.9271999765769579
SaveOnEvent_ch1_20260927233810702.wfm,23:38:10.702000,5.684975,-0.003920000046491623,1.57392e-06,8.5568e-07,-3.2700415922398676e-09,-20.43919995147735
SaveOnEvent_ch1_20260927233810854.wfm,23:38:10.854000,5.685735,-0.00023999999393709004,-1.2518399999999999e-06,2.79024e-06,-1.941247950959952e-10,-1.2132799693499692
SaveOnEvent_ch1_20260927233810901.wfm,23:38:10.901000,5.68597,-0.0007999999797903001,-1.1519999999999934e-08,9.247999999999983e-08,-1.1990399813978007e-10,-0.7494399883726146
SaveOnEvent_ch1_20260927233811053.wfm,23:38:11.053000,5.68673,-0.00015999999595806003,2.7936e-07,1.2959999999999873e-08,1.8155519541352973e-10,1.1347999713325407
SaveOnEvent_ch1_20260927233811102.wfm,23:38:11.102000,5.686975,-0.0010400000028312206,-1.711999999999993e-08,8.383999999999978e-08,-7.45535996858962e-11,-0.46591999803786166
SaveOnEvent_ch1_20260927233811253.wfm,23:38:11.253000,5.68773,-0.00015999999595806003,-4.256e-07,8.1776e-07,-2.8787199272774184e-11,-0.17983999545685947
SaveOnEvent_ch1_20260927233811304.wfm,23:38:11.304000,5.687984999999999,-0.001120000029914081,-1.0719999999999874e-08,7.664000000000008e-08,-7.274879983393474e-11,-0.4546399989631027
SaveOnEvent_ch1_20260927233811454.wfm,23:38:11.454000,5.688735,-0.00015999999595806003,-1.9438399999999998e-06,3.933759999999999e-06,-1.9107199517311545e-10,-1.19423996983096
SaveOnEvent_ch1_20260927233811502.wfm,23:38:11.502000,5.688975,-0.004000000189989805,1.17456e-06,1.2414399999999995e-06,-4.477459191991947e-09,-27.985039949970087
SaveOnEvent_ch1_20260927233811654.wfm,23:38:11.654000,5.689735,-0.00015999999595806003,-1.37568e-06,2.74976e-06,-9.441919761477026e-11,-0.5900799850933254
SaveOnEvent_ch1_20260927233811702.wfm,23:38:11.702000,5.6899750000000004,-0.0009599999757483602,-3.151999999999974e-08,7.487999999999978e-08,-6.273279992397877e-11,-0.39207999952486716
SaveOnEvent_ch1_20260927233811854.wfm,23:38:11.854000,5.690735,-0.00023999999393709004,-1.9928e-06,3.966719999999999e-06,-1.6804479575483145e-10,-1.050399973464664
SaveOnEvent_ch1_20260927233811902.wfm,23:38:11.902000,5.690975,-0.001120000029914081,-1.5360000000000053e-08,2.04784e-06,-7.466240061912672e-11,-0.46696000386145897
SaveOnEvent_ch1_20260927233812054.wfm,23:38:12.054000,5.6917349999999995,-0.00015999999595806003,-1.7980799999999999e-06,3.643039999999999e-06,-2.363775940285995e-10,-1.4774399626767263
SaveOnEvent_ch1_20260927233812102.wfm,23:38:12.102000,5.691975,-0.0012000000569969416,-4.799999999999937e-09,8.016000000000026e-08,-7.106560027692475e-11,-0.4442400017287582
SaveOnEvent_ch1_20260927233812254.wfm,23:38:12.254000,5.692735,-0.00015999999595806003,-1.5846399999999999e-06,2.58864e-06,-1.662079958012324e-11,-0.10391999737475999
SaveOnEvent_ch1_20260927233812302.wfm,23:38:12.302000,5.692975000000001,-0.0028800000436604023,1.9988800000000003e-06,1.5599999999999986e-07,-6.357311998656946e-10,-3.974719999183435
SaveOnEvent_ch1_20260927233812454.wfm,23:38:12.454000,5.693735,-0.00015999999595806003,-1.94784e-06,2.344e-06,-1.2706559679005313e-10,-0.7941599799378309
SaveOnEvent_ch1_20260927233812502.wfm,23:38:12.502000,5.693975,-0.0014400000218302011,1.91504e-06,2.0224e-06,-6.292672024155032e-10,-3.933600015094271
SaveOnEvent_ch1_20260927233812654.wfm,23:38:12.654000,5.694735,-0.00015999999595806003,-1.9e-06,3.8361599999999995e-06,-6.191359843593071e-11,-0.3869599902245682
SaveOnEvent_ch1_20260927233812702.wfm,23:38:12.702000,5.694975,-0.0009599999757483602,-7.520000000000057e-09,9.008000000000008e-08,-3.2876799304969605e-10,-2.0548799565585796
SaveOnEvent_ch1_20260927233812854.wfm,23:38:12.854000,5.695735,-0.00015999999595806003,7.558399999999999e-07,6.583999999999999e-07,1.2015999696450311e-10,0.7509599810291547
SaveOnEvent_ch1_20260927233812902.wfm,23:38:12.902000,5.695975,-0.0010400000028312206,-1.0079999999999995e-08,8.672000000000008e-08,-3.4526079214410856e-10,-2.157999950897647
SaveOnEvent_ch1_20260927233813054.wfm,23:38:13.054000,5.696735,-0.00023999999393709004,-1.5112e-06,3.98192e-06,-3.5612799100344983e-10,-2.225919943768531
SaveOnEvent_ch1_20260927233813102.wfm,23:38:13.102000,5.696975,-0.0010400000028312206,-9.119999999999753e-09,7.64799999999999e-08,6.269439737778158e-11,0.3918399836111348
SaveOnEvent_ch1_20260927233813255.wfm,23:38:13.255000,5.69774,-0.00015999999595806003,-1.97696e-06,1.70336e-06,5.1583998696878565e-11,0.32239999185549095
SaveOnEvent_ch1_20260927233813302.wfm,23:38:13.302000,5.6979750000000005,-0.0012799999676644802,-1.4399999999999811e-08,7.727999999999996e-08,-3.1714559408836064e-10,-1.9821599630522542
SaveOnEvent_ch1_20260927233813454.wfm,23:38:13.454000,5.698735,-0.00015999999595806003,-1.64368e-06,3.5731199999999994e-06,-7.884799800813226e-12,-0.04927999875508249
SaveOnEvent_ch1_20260927233813502.wfm,23:38:13.502000,5.698975,-0.0009599999757483602,-4.5759999999999796e-08,8.704000000000002e-08,-1.3496319809928526e-10,-0.8435199881205335
SaveOnEvent_ch1_20260927233813654.wfm,23:38:13.654000,5.699735,-0.00015999999595806003,-1.76256e-06,2.7401599999999998e-06,-4.8070398785639536e-11,-0.30047999240923673
SaveOnEvent_ch1_20260927233813702.wfm,23:38:13.702000,5.699975,-0.0012000000569969416,-9.279999999999935e-09,7.64799999999999e-08,-1.8540799692273134e-10,-1.1587999807670712
SaveOnEvent_ch1_20260927233813854.wfm,23:38:13.854000,5.700735,-0.00015999999595806003,1.05728e-06,4.640000000000179e-09,1.6296959588304163e-10,1.0185599742690101
SaveOnEvent_ch1_20260927233813902.wfm,23:38:13.902000,5.700975,-0.001120000029914081,-3.040000000000059e-09,7.984000000000032e-08,-1.8635519713163373e-10,-1.164719982072711
SaveOnEvent_ch1_20260927233814054.wfm,23:38:14.054000,5.701735,-0.00015999999595806003,-1.5888e-06,3.2580799999999996e-06,5.949439849704506e-11,0.3718399906065315
SaveOnEvent_ch1_20260927233814102.wfm,23:38:14.102000,5.701975,-0.0009599999757483602,-1.855999999999987e-08,7.472000000000002e-08,1.8019839449785638e-10,1.1263199656095821
SaveOnEvent_ch1_20260927233814254.wfm,23:38:14.254000,5.7027350000000006,-0.00023999999393709004,-1.8875199999999998e-06,1.56992e-06,-3.587839909363556e-11,-0.22431999433320016
SaveOnEvent_ch1_20260927233814302.wfm,23:38:14.302000,5.702975,-0.0010400000028312206,-2.6239999999999684e-08,8.847999999999996e-08,-1.9747199625940997e-10,-1.2342399766203016
SaveOnEvent_ch1_20260927233814454.wfm,23:38:14.454000,5.703735,-0.00023999999393709004,-1.79744e-06,3.901439999999999e-06,-3.907071901299059e-10,-2.441999938309891
SaveOnEvent_ch1_20260927233814502.wfm,23:38:14.502000,5.703975,-0.002240000059828162,1.9771200000000002e-06,2.731199999999997e-07,-5.054528027377089e-10,-3.1601600171416067
SaveOnEvent_ch1_20260927233814654.wfm,23:38:14.654000,5.704735,-0.00015999999595806003,-7.384e-07,8.159999999999935e-09,8.965759773505844e-11,0.5603999858431052
SaveOnEvent_ch1_20260927233814702.wfm,23:38:14.702000,5.704975,-0.001120000029914081,-7.039999999999936e-09,7.343999999999984e-08,-1.7957119727507231e-10,-1.122319982969202
SaveOnEvent_ch1_20260927233814854.wfm,23:38:14.854000,5.705735,-7.999999797903001e-05,-1.9296e-06,3.66064e-06,1.4555519632296626e-10,0.9097599770175293
SaveOnEvent_ch1_20260927233814902.wfm,23:38:14.902000,5.7059750000000005,-0.001120000029914081,-7.999999999999754e-09,7.344000000000027e-08,-2.6161919490899876e-10,-1.6351199681812432
SaveOnEvent_ch1_20260927233815054.wfm,23:38:15.054000,5.706735,-0.00015999999595806003,-3.401600000000001e-07,2.1791999999999994e-06,-2.821759928716315e-11,-0.17639999554376118
SaveOnEvent_ch1_20260927233815102.wfm,23:38:15.102000,5.706975,-0.0017600000137463212,1.9921600000000003e-06,2.0166399999999997e-06,-6.800703989644533e-10,-4.251279993535718
SaveOnEvent_ch1_20260927233815254.wfm,23:38:15.254000,5.7077350000000004,-0.00015999999595806003,1.5945599999999997e-06,2.0800000000000292e-08,2.434303938504309e-10,1.5215199615631718
SaveOnEvent_ch1_20260927233815301.wfm,23:38:15.301000,5.7079699999999995,-0.0010400000028312206,-6.559999999999815e-09,8.079999999999972e-08,-1.9262079632608217e-10,-1.2039199770370033
SaveOnEvent_ch1_20260927233815453.wfm,23:38:15.453000,5.70873,-0.00015999999595806003,-3.664e-07,1.61792e-06,7.755519804079109e-11,0.4847999877529219
SaveOnEvent_ch1_20260927233815501.wfm,23:38:15.501000,5.70897,-0.0010400000028312206,-2.015999999999999e-08,9.295999999999995e-08,-3.3475839345250283e-10,-2.0923199590761214
SaveOnEvent_ch1_20260927233815653.wfm,23:38:15.653000,5.70973,-0.00015999999595806003,2.0176000000000008e-07,1.7440000000000002e-06,-4.307199891191048e-12,-0.026959999318933114
SaveOnEvent_ch1_20260927233815701.wfm,23:38:15.701000,5.70997,-0.0010400000028312206,-1.3599999999999751e-08,8.20799999999999e-08,-1.558015976799651e-10,-0.9737599854997825
SaveOnEvent_ch1_20260927233815854.wfm,23:38:15.854000,5.710735,-0.00023999999393709004,9.444799999999999e-07,3.7744e-06,-3.172095919866115e-10,-1.9826399499143008
SaveOnEvent_ch1_20260927233815901.wfm,23:38:15.901000,5.71097,-0.0010400000028312206,-1.3439999999999993e-08,8.287999999999996e-08,-2.598975948826412e-10,-1.6243999680154957
SaveOnEvent_ch1_20260927233816053.wfm,23:38:16.053000,5.71173,-0.00015999999595806003,-1.93872e-06,3.92096e-06,-9.004799772519622e-11,-0.5628799857804552
SaveOnEvent_ch1_20260927233816102.wfm,23:38:16.102000,5.711975,-0.0010400000028312206,-1.0399999999999934e-08,8.239999999999984e-08,-7.73823991720564e-11,-0.48367999482434243
SaveOnEvent_ch1_20260927233816253.wfm,23:38:16.253000,5.7127300000000005,-0.00015999999595806003,9.439999999999989e-08,1.69232e-06,8.645119781605897e-11,0.5403999863483477
SaveOnEvent_ch1_20260927233816301.wfm,23:38:16.301000,5.71297,-0.0012000000569969416,-4.319999999999816e-09,9.183999999999995e-08,-3.6893439345993096e-10,-2.305919959122548
SaveOnEvent_ch1_20260927233816453.wfm,23:38:16.453000,5.71373,-7.999999797903001e-05,-1.94864e-06,3.94848e-06,1.1091199719812702e-10,0.6931999824882951
SaveOnEvent_ch1_20260927233816505.wfm,23:38:16.505000,5.71399,-0.001120000029914081,-1.6480000000000052e-08,7.903999999999984e-08,-1.4942079823696984e-10,-0.9339199889800511
SaveOnEvent_ch1_20260927233816654.wfm,23:38:16.654000,5.714735,-0.00023999999393709004,-1.379200000000001e-07,3.7579199999999998e-06,-2.585151934693565e-10,-1.6157599591824692
SaveOnEvent_ch1_20260927233816702.wfm,23:38:16.702000,5.714975,-0.001120000029914081,-3.3599999999999983e-09,8.463999999999984e-08,-1.3968639800790698e-10,-0.8730399875494186
SaveOnEvent_ch1_20260927233816854.wfm,23:38:16.854000,5.7157350000000005,-7.999999797903001e-05,-1.968e-06,2.64128e-06,3.0498559229541565e-10,1.9061599518463481
SaveOnEvent_ch1_20260927233816902.wfm,23:38:16.902000,5.715975,-0.0012000000569969416,-4.479999999999998e-09,2.05904e-06,-4.3237119175959385e-10,-2.7026399484893773
SaveOnEvent_ch1_20260927233817054.wfm,23:38:17.054000,5.716735,-0.00015999999595806003,-1.77088e-06,1.67328e-06,-8.325119789689781e-11,-0.5203199868556112
SaveOnEvent_ch1_20260927233817102.wfm,23:38:17.102000,5.716975,-0.001120000029914081,-1.1359999999999752e-08,8.240000000000026e-08,-3.7406079200329274e-10,-2.337919950019568
SaveOnEvent_ch1_20260927233817254.wfm,23:38:17.254000,5.717735,-0.00023999999393709004,-6.7008e-07,3.4577599999999995e-06,-2.8295039285207157e-10,-1.7684799553244375
SaveOnEvent_ch1_20260927233817302.wfm,23:38:17.302000,5.717975,-0.0010400000028312206,-7.520000000000057e-09,8.063999999999996e-08,-1.6410239680903035e-10,-1.02559998005745
SaveOnEvent_ch1_20260927233817454.wfm,23:38:17.454000,5.718735000000001,-7.999999797903001e-05,-4.966400000000001e-07,2.42928e-06,2.082431947393342e-10,1.3015199671208393
SaveOnEvent_ch1_20260927233817502.wfm,23:38:17.502000,5.718975,-0.0009599999757483602,-5.280000000000058e-09,7.487999999999978e-08,1.202495958213691e-10,0.7513599738886114
SaveOnEvent_ch1_20260927233817654.wfm,23:38:17.654000,5.719735,-7.999999797903001e-05,-1.91264e-06,3.24416e-06,2.6464639331446955e-10,1.6540799582144246
SaveOnEvent_ch1_20260927233817702.wfm,23:38:17.702000,5.719975,-0.0008800000068731606,-1.519999999999987e-08,8.047999999999978e-08,-1.1105279843322936e-10,-0.6942399902036414
SaveOnEvent_ch1_20260927233817854.wfm,23:38:17.854000,5.7207349999999995,-0.00015999999595806003,-1.92064e-06,1.67424e-06,-3.171199919888744e-11,-0.19823999499203637
SaveOnEvent_ch1_20260927233817902.wfm,23:38:17.902000,5.720975,-0.001120000029914081,1.9631999999999997e-06,2.05968e-06,-3.6469760009786116e-10,-2.2798400006140582
SaveOnEvent_ch1_20260927233818054.wfm,23:38:18.054000,5.721735,-0.00015999999595806003,6.295999999999999e-07,1.4335999999999993e-07,1.0807679726975035e-10,0.6755199829349294
SaveOnEvent_ch1_20260927233818102.wfm,23:38:18.102000,5.7219750000000005,-0.0012799999676644802,-7.999999999999754e-09,6.86399999999999e-08,-9.279359993757674e-11,-0.5799999996088445
SaveOnEvent_ch1_20260927233818254.wfm,23:38:18.254000,5.722735,-0.00015999999595806003,-7.951999999999996e-08,1.3123199999999998e-06,-2.990079924464232e-11,-0.18695999527699314
SaveOnEvent_ch1_20260927233818302.wfm,23:38:18.302000,5.722975,-0.002240000059828162,1.8473599999999996e-06,5.911999999999999e-07,-1.3121792022977023e-09,-8.202160014363471
SaveOnEvent_ch1_20260927233818454.wfm,23:38:18.454000,5.723735,-0.00015999999595806003,-1.3840000000000002e-07,6.400000000000904e-10,1.1443199710920446e-10,0.7152799819305073
SaveOnEvent_ch1_20260927233818502.wfm,23:38:18.502000,5.723975,-0.001120000029914081,-1.0239999999999753e-08,7.296000000000015e-08,-2.8940801052376562e-11,-0.18088000657735392
SaveOnEvent_ch1_20260927233818654.wfm,23:38:18.654000,5.724735,-0.00015999999595806003,1.17456e-06,3.6799999999999377e-09,7.943679799325757e-11,0.4965599874558393
SaveOnEvent_ch1_20260927233818702.wfm,23:38:18.702000,5.724975000000001,-0.0008800000068731606,-5.9199999999999365e-09,9.120000000000008e-08,2.648319823201757e-11,0.1655199889501091
SaveOnEvent_ch1_20260927233818854.wfm,23:38:18.854000,5.725735,-0.00015999999595806003,-1.99488e-06,2.6608e-06,-5.358719864627348e-11,-0.33495999153819866
SaveOnEvent_ch1_20260927233818902.wfm,23:38:18.902000,5.725975,-0.0012000000569969416,-1.0079999999999995e-08,8.399999999999996e-08,-3.39334394184407e-10,-2.1208799636515323
SaveOnEvent_ch1_20260927233819054.wfm,23:38:19.054000,5.726735,-7.999999797903001e-05,-2e-06,3.04832e-06,1.459711963124572e-10,0.9123199769528583
SaveOnEvent_ch1_20260927233819103.wfm,23:38:19.103000,5.72698,-0.0008800000068731606,-1.631999999999987e-08,9.071999999999995e-08,-5.077760064974421e-11,-0.31728000406292267
SaveOnEvent_ch1_20260927233819255.wfm,23:38:19.255000,5.72774,-0.00015999999595806003,-1.4519999999999998e-06,1.583999999999975e-08,7.303679815493536e-11,0.4565599884663243
SaveOnEvent_ch1_20260927233819302.wfm,23:38:19.302000,5.727975000000001,-0.001120000029914081,-1.3759999999999933e-08,9.024000000000026e-08,-4.2492799150059e-10,-2.655919946875656
SaveOnEvent_ch1_20260927233819454.wfm,23:38:19.454000,5.728735,-0.00015999999595806003,-1.9262399999999997e-06,3.099199999999997e-07,6.487039836123599e-11,0.4054399897577241
SaveOnEvent_ch1_20260927233819502.wfm,23:38:19.502000,5.728975,-0.002400000113993883,1.252e-06,1.2420799999999998e-06,-3.1494720080937254e-09,-19.68520005058963
SaveOnEvent_ch1_20260927233819654.wfm,23:38:19.654000,5.729735,-0.00015999999595806003,-8.5008e-07,1.24672e-06,-6.329599840100848e-11,-0.3955999900063034
SaveOnEvent_ch1_20260927233819702.wfm,23:38:19.702000,5.729975,-0.0012799999676644802,-1.3599999999999751e-08,6.352000000000003e-08,-1.849919972778299e-10,-1.1561599829874467
SaveOnEvent_ch1_20260927233819854.wfm,23:38:19.854000,5.730735,-0.00031999999191612005,-1.9632e-06,3.57984e-06,-5.637759857578202e-10,-3.523759910982335
SaveOnEvent_ch1_20260927233819901.wfm,23:38:19.901000,5.73097,-0.0012799999676644802,-1.3439999999999993e-08,6.544000000000009e-08,-3.3397759345825756e-10,-2.087439959112089
SaveOnEvent_ch1_20260927233820053.wfm,23:38:20.053000,5.73173,-7.999999797903001e-05,-1.99952e-06,3.88768e-06,1.1925119698746133e-10,0.7453599811706226
SaveOnEvent_ch1_20260927233820102.wfm,23:38:20.102000,5.731975,-0.0013599999947473407,-6.400000000000057e-09,2.0535999999999997e-06,-1.9754879921209065e-10,-1.2352799951040652
SaveOnEvent_ch1_20260927233820254.wfm,23:38:20.254000,5.732735,-0.00015999999595806003,-1.80176e-06,3.43456e-06,-1.693311957223342e-10,-1.058319973264588
SaveOnEvent_ch1_20260927233820302.wfm,23:38:20.302000,5.732975,-0.0009599999757483602,-2.2879999999999686e-08,7.951999999999996e-08,-1.981631960277445e-10,-1.238559975172393
SaveOnEvent_ch1_20260927233820453.wfm,23:38:20.453000,5.7337299999999995,-0.00015999999595806003,1.16608e-06,5.599999999999997e-09,1.0239359741332022e-10,0.6399999838322401
SaveOnEvent_ch1_20260927233820501.wfm,23:38:20.501000,5.73397,-0.0013599999947473407,1.8236799999999999e-06,2.0513599999999997e-06,-1.1463039959128945e-09,-7.1650399744394235
SaveOnEvent_ch1_20260927233820653.wfm,23:38:20.653000,5.73473,-0.00023999999393709004,3.505599999999998e-07,3.5636799999999997e-06,-2.753919930430128e-10,-1.7212799565168098
SaveOnEvent_ch1_20260927233820702.wfm,23:38:20.702000,5.734975,-0.0012000000569969416,-8.799999999999814e-09,8.000000000000008e-08,-4.2670079159084713e-10,-2.6669599474407732
SaveOnEvent_ch1_20260927233820854.wfm,23:38:20.854000,5.735735,-0.00023999999393709004,1.5987199999999997e-06,3.932319999999999e-06,-2.2734719425672658e-10,-1.420959964103531
SaveOnEvent_ch1_20260927233820902.wfm,23:38:20.902000,5.735975,-0.0010400000028312206,-8.319999999999693e-09,8.144000000000002e-08,-5.844479997642353e-11,-0.36527999985264614
SaveOnEvent_ch1_20260927233821054.wfm,23:38:21.054000,5.7367349999999995,-0.00031999999191612005,-6.968e-07,3.53088e-06,-5.42444786296692e-10,-3.390399914351292
SaveOnEvent_ch1_20260927233821102.wfm,23:38:21.102000,5.736975,-0.001120000029914081,-1.599999999999993e-08,7.231999999999984e-08,-7.0572799986694e-11,-0.44111999991582707
SaveOnEvent_ch1_20260927233821253.wfm,23:38:21.253000,5.73773,-7.999999797903001e-05,-1.1132799999999999e-06,2.9011199999999998e-06,1.713215956720522e-10,1.0707999729493167
SaveOnEvent_ch1_20260927233821302.wfm,23:38:21.302000,5.7379750000000005,-0.0008800000068731606,-4.9279999999999975e-08,8.38400000000002e-08,1.6062079454073677e-10,1.0039199658785947
SaveOnEvent_ch1_20260927233821454.wfm,23:38:21.454000,5.738735,-7.999999797903001e-05,-1.9382399999999998e-06,3.902239999999999e-06,4.0595198974479005e-11,0.2537599935894832
SaveOnEvent_ch1_20260927233821502.wfm,23:38:21.502000,5.738975,-0.0012799999676644802,-1.1519999999999934e-08,2.0609599999999996e-06,-3.3127039568265896e-10,-2.0708799730055034
SaveOnEvent_ch1_20260927233821654.wfm,23:38:21.654000,5.739735,-0.00015999999595806003,-1.89008e-06,3.76032e-06,-2.0144639491103588e-10,-1.2591199681919534
SaveOnEvent_ch1_20260927233821704.wfm,23:38:21.704000,5.739985,-0.0010400000028312206,-1.2479999999999752e-08,8.224000000000008e-08,-1.822271968168205e-10,-1.1389599801041186
SaveOnEvent_ch1_20260927233821856.wfm,23:38:21.856000,5.740745,-0.00015999999595806003,-1.8292799999999999e-06,3.6572799999999996e-06,-1.957247950555756e-10,-1.223359969095327
SaveOnEvent_ch1_20260927233821902.wfm,23:38:21.902000,5.740975,-0.0009599999757483602,-1.984000000000005e-08,8.159999999999978e-08,2.2139519351301715e-10,1.3838399594533257
SaveOnEvent_ch1_20260927233822054.wfm,23:38:22.054000,5.741735,-0.00023999999393709004,-1.2308799999999998e-06,3.82048e-06,-3.823487903410568e-10,-2.3896799396316055
SaveOnEvent_ch1_20260927233822102.wfm,23:38:22.102000,5.741975,-0.0008800000068731606,-4.01599999999998e-08,9.50400000000002e-08,-1.6044801108073496e-11,-0.10032000692444853
SaveOnEvent_ch1_20260927233822254.wfm,23:38:22.254000,5.742735,-0.00015999999595806003,-1.98576e-06,3.5388799999999996e-06,-2.074495947593824e-10,-1.2966399672441185
SaveOnEvent_ch1_20260927233822302.wfm,23:38:22.302000,5.742975,-0.0007999999797903001,-3.295999999999968e-08,8.159999999999978e-08,2.3503999320091673e-10,1.4691199575026985
SaveOnEvent_ch1_20260927233822454.wfm,23:38:22.454000,5.743735,-0.00015999999595806003,-4.32000000000024e-09,1.78752e-06,4.044799897819763e-12,0.025279999361373484
SaveOnEvent_ch1_20260927233822502.wfm,23:38:22.502000,5.743975,-0.0012000000569969416,-1.1679999999999692e-08,7.567999999999984e-08,-2.0903679713606849e-10,-1.3064799821004272
SaveOnEvent_ch1_20260927233822654.wfm,23:38:22.654000,5.744735,-7.999999797903001e-05,-1.2336e-06,2.8852799999999996e-06,4.0957438965328035e-10,2.5599999353289604
SaveOnEvent_ch1_20260927233822702.wfm,23:38:22.702000,5.744975,-0.0012000000569969416,-8.799999999999814e-09,7.935999999999978e-08,-5.389055888913573e-10,-3.3682399305689614
SaveOnEvent_ch1_20260927233822854.wfm,23:38:22.854000,5.745735,-0.00015999999595806003,-1.66368e-06,3.6262399999999995e-06,-1.675711957667952e-10,-1.047359973541461
SaveOnEvent_ch1_20260927233822902.wfm,23:38:22.902000,5.745975,-0.0009599999757483602,-2.7199999999999926e-08,8.31999999999999e-08,-2.00639995718375e-10,-1.2540799732378218
SaveOnEvent_ch1_20260927233823054.wfm,23:38:23.054000,5.746735,-7.999999797903001e-05,-1.0785599999999999e-06,2.7915199999999996e-06,2.7601919302716837e-10,1.7251999564177822
SaveOnEvent_ch1_20260927233823102.wfm,23:38:23.102000,5.746975,-0.001120000029914081,-7.999999999999754e-09,8.304000000000014e-08,-2.2373759637819608e-10,-1.3983999773627147
SaveOnEvent_ch1_20260927233823254.wfm,23:38:23.254000,5.7477350000000005,-0.00015999999595806003,-7.5968e-07,2.6614399999999995e-06,-9.173759768251343e-11,-0.5732799855177291
SaveOnEvent_ch1_20260927233823302.wfm,23:38:23.302000,5.747975,-0.0012799999676644802,-1.0880000000000055e-08,2.0558399999999997e-06,-2.569407965638675e-10,-1.6063999785110354
SaveOnEvent_ch1_20260927233823454.wfm,23:38:23.454000,5.748735,-0.00015999999595806003,-1.00448e-06,3.00432e-06,-1.3941759647801527e-10,-0.8714399779855739
SaveOnEvent_ch1_20260927233823502.wfm,23:38:23.502000,5.748975,-0.0013599999947473407,-6.559999999999815e-09,4.7519999999999674e-08,-4.435519906296393e-10,-2.7722399414342362
SaveOnEvent_ch1_20260927233823654.wfm,23:38:23.654000,5.749735,-7.999999797903001e-05,-1.94624e-06,3.8353599999999995e-06,2.705471931654028e-10,1.6909599572827574
SaveOnEvent_ch1_20260927233823702.wfm,23:38:23.702000,5.749975,-0.002400000113993883,1.95392e-06,2.00416e-06,-1.2151039993320588e-09,-7.595519995811628
SaveOnEvent_ch1_20260927233823854.wfm,23:38:23.854000,5.750735,-0.00015999999595806003,-7.502400000000001e-07,1.64576e-06,-1.0355199738405732e-11,-0.06471999836503528
SaveOnEvent_ch1_20260927233823902.wfm,23:38:23.902000,5.750975,-0.0010400000028312206,-6.719999999999997e-09,2.0599999999999998e-06,-1.3262080043321465e-10,-0.8292800027120393
SaveOnEvent_ch1_20260927233824054.wfm,23:38:24.054000,5.751735,-7.999999797903001e-05,-1.98064e-06,1.10336e-06,3.610047908802516e-10,2.2563199430005625
SaveOnEvent_ch1_20260927233824102.wfm,23:38:24.102000,5.751975,-0.0012799999676644802,-5.280000000000058e-09,6.159999999999997e-08,-3.170815943926574e-10,-1.981839964952087
SaveOnEvent_ch1_20260927233824254.wfm,23:38:24.254000,5.752735,-7.999999797903001e-05,-2.1648000000000004e-07,6.582399999999999e-07,3.6423679079860446e-10,2.276559942489257
SaveOnEvent_ch1_20260927233824304.wfm,23:38:24.304000,5.752985,-0.0012799999676644802,-1.5679999999999992e-08,7.872000000000032e-08,-1.7088639908237386e-10,-1.067999994265847
SaveOnEvent_ch1_20260927233824454.wfm,23:38:24.454000,5.753735,-7.999999797903001e-05,-1.9368e-06,3.93424e-06,1.0232959741493691e-10,0.639599983842345
SaveOnEvent_ch1_20260927233824502.wfm,23:38:24.502000,5.7539750000000005,-0.0010400000028312206,-5.9199999999999365e-09,7.75999999999999e-08,-1.2026239836821338e-10,-0.7516799898003228
SaveOnEvent_ch1_20260927233824654.wfm,23:38:24.654000,5.754735,-7.999999797903001e-05,-1.69696e-06,3.6963200000000002e-06,5.654399857157864e-11,0.3534399910713546
SaveOnEvent_ch1_20260927233824702.wfm,23:38:24.702000,5.754975,-0.0012000000569969416,-6.559999999999815e-09,2.05744e-06,-4.330431946273892e-10,-2.70695996642462
SaveOnEvent_ch1_20260927233824854.wfm,23:38:24.854000,5.755735,-0.00015999999595806003,-2e-06,3.86256e-06,-2.2430079433368525e-10,-1.401999964582501
SaveOnEvent_ch1_20260927233824902.wfm,23:38:24.902000,5.755975,-0.0012000000569969416,-1.1359999999999752e-08,9.247999999999983e-08,-2.864895956823604e-10,-1.7906399730127305
SaveOnEvent_ch1_20260927233825054.wfm,23:38:25.054000,5.756735,-0.00015999999595806003,-1.92752e-06,3.7129599999999996e-06,-1.6127999592572495e-11,-0.10079999745357782
SaveOnEvent_ch1_20260927233825102.wfm,23:38:25.102000,5.756975,-0.0018400000408291817,1.7571200000000002e-06,2.0051199999999998e-06,-1.1207552062231117e-09,-7.005600038915873
SaveOnEvent_ch1_20260927233825254.wfm,23:38:25.254000,5.757735,-7.999999797903001e-05,-2e-06,3.3145599999999997e-06,1.2740479678148415e-10,0.7963199798832648
SaveOnEvent_ch1_20260927233825302.wfm,23:38:25.302000,5.757975,-0.0010400000028312206,-7.839999999999996e-09,8.240000000000026e-08,-3.073023933731021e-10,-1.9207199585798662
SaveOnEvent_ch1_20260927233825454.wfm,23:38:25.454000,5.758735,-0.00015999999595806003,1.1264e-06,4.799999999999937e-09,1.0492799734929579e-10,0.655839983432088
SaveOnEvent_ch1_20260927233825502.wfm,23:38:25.502000,5.758975,-0.001120000029914081,-4.479999999999998e-09,2.05152e-06,-1.29241600006353e-10,-0.808160000044154
SaveOnEvent_ch1_20260927233825655.wfm,23:38:25.655000,5.75974,-7.999999797903001e-05,-3.5264000000000007e-07,2.30624e-06,1.9653759503504254e-10,1.2283999689680059
SaveOnEvent_ch1_20260927233825702.wfm,23:38:25.702000,5.759975,-0.001120000029914081,-3.807999999999998e-08,8.032000000000002e-08,-1.0564479896565913e-10,-0.6603199935343582
SaveOnEvent_ch1_20260927233825854.wfm,23:38:25.854000,5.760735,-0.00023999999393709004,1.30944e-06,2.56144e-06,-1.7850239549065006e-10,-1.1156799718155526
SaveOnEvent_ch1_20260927233825902.wfm,23:38:25.902000,5.760975,-0.0010400000028312206,-3.3599999999999983e-09,7.968000000000014e-08,-1.856767966551709e-10,-1.1604799790948164
SaveOnEvent_ch1_20260927233826054.wfm,23:38:26.054000,5.761735,-7.999999797903001e-05,-1.60304e-06,3.4779199999999995e-06,2.3479039406869583e-10,1.4674399629293475
SaveOnEvent_ch1_20260927233826102.wfm,23:38:26.102000,5.761975,-0.0009599999757483602,-8.319999999999693e-09,8.800000000000026e-08,-1.6487039688741789e-10,-1.0304799805453513
SaveOnEvent_ch1_20260927233826256.wfm,23:38:26.256000,5.762745,-0.00023999999393709004,-1.3593599999999998e-06,3.8443199999999995e-06,-4.174463894544167e-10,-2.609119934088085
SaveOnEvent_ch1_20260927233826302.wfm,23:38:26.302000,5.762975,-0.0008800000068731606,-5.1199999999998764e-09,9.407999999999995e-08,-2.5180159475654355e-10,-1.5738399672263768
SaveOnEvent_ch1_20260927233826454.wfm,23:38:26.454000,5.7637350000000005,-0.00023999999393709004,-1.2342399999999998e-06,3.8057599999999994e-06,-2.4378879384137675e-10,-1.5237599615065847
SaveOnEvent_ch1_20260927233826502.wfm,23:38:26.502000,5.763975,-0.0012000000569969416,-4.639999999999756e-09,7.744000000000014e-08,-3.580031932564451e-10,-2.2375999578507617
SaveOnEvent_ch1_20260927233826654.wfm,23:38:26.654000,5.764735,-0.00015999999595806003,-1.7223999999999998e-06,3.6576e-06,-1.008959974511526e-10,-0.6305599840707146
SaveOnEvent_ch1_20260927233826702.wfm,23:38:26.702000,5.764975,-0.0013599999947473407,1.99248e-06,2.0542399999999996e-06,-3.706943970127029e-10,-2.317519981326768
SaveOnEvent_ch1_20260927233826854.wfm,23:38:26.854000,5.765735,-0.00023999999393709004,-1.1416e-06,3.43232e-06,-3.013247923878951e-10,-1.8834399524203036
SaveOnEvent_ch1_20260927233826904.wfm,23:38:26.904000,5.765985000000001,-0.0012799999676644802,-9.760000000000056e-09,6.512000000000015e-08,-1.099711994337849e-10,-0.6874399964581244
SaveOnEvent_ch1_20260927233827054.wfm,23:38:27.054000,5.766735,-0.00015999999595806003,1.23072e-06,7.664e-07,3.1641599200665976e-11,0.1977599950041622
SaveOnEvent_ch1_20260927233827102.wfm,23:38:27.102000,5.766975,-0.001120000029914081,-2.3999999999997568e-09,8.544000000000032e-08,-4.1562879127915926e-10,-2.597759945492726
SaveOnEvent_ch1_20260927233827254.wfm,23:38:27.254000,5.767735,-0.00015999999595806003,-1.88208e-06,3.50512e-06,-1.4666239629499598e-10,-0.9166399768437259
SaveOnEvent_ch1_20260927233827302.wfm,23:38:27.302000,5.767975,-0.0012000000569969416,-1.791999999999999e-08,9.183999999999995e-08,-4.031231930758804e-10,-2.5195199567242526
SaveOnEvent_ch1_20260927233827454.wfm,23:38:27.454000,5.768735,-0.00015999999595806003,1.13168e-06,1.4240000000000053e-08,1.2374399687396348e-10,0.7734399804612622
SaveOnEvent_ch1_20260927233827502.wfm,23:38:27.502000,5.768975,-0.0012000000569969416,-1.887999999999981e-08,7.93600000000002e-08,-3.23839994687587e-10,-2.024159966793377
SaveOnEvent_ch1_20260927233827654.wfm,23:38:27.654000,5.769735,-0.00023999999393709004,1.30048e-06,3.89904e-06,-3.042559923138478e-11,-0.19015999519615434
SaveOnEvent_ch1_20260927233827702.wfm,23:38:27.702000,5.7699750000000005,-0.0010400000028312206,-9.279999999999935e-09,7.055999999999996e-08,-1.757119968230834e-10,-1.098239980143262
SaveOnEvent_ch1_20260927233827854.wfm,23:38:27.854000,5.770735,-0.00015999999595806003,-1.8638399999999999e-06,3.7300799999999995e-06,-1.0008319747168569e-10,-0.6255199841980357
SaveOnEvent_ch1_20260927233827902.wfm,23:38:27.902000,5.770975,-0.0010400000028312206,-7.520000000000057e-09,8.735999999999996e-08,-2.2904319578316058e-10,-1.4314399736467749
SaveOnEvent_ch1_20260927233828054.wfm,23:38:28.054000,5.771735,-0.00015999999595806003,-1.91072e-06,2.69952e-06,-1.1338239713571963e-10,-0.7086399820982479
SaveOnEvent_ch1_20260927233828102.wfm,23:38:28.102000,5.771974999999999,-0.001120000029914081,-1.0399999999999934e-08,8.463999999999984e-08,-1.9735679720295586e-10,-1.233439982519485
SaveOnEvent_ch1_20260927233828254.wfm,23:38:28.254000,5.772735,-0.00015999999595806003,-1.79088e-06,1.4399999999999388e-09,7.14559981948695e-11,0.44663998871692456
SaveOnEvent_ch1_20260927233828302.wfm,23:38:28.302000,5.772975000000001,-0.0012799999676644802,-4.639999999999756e-09,7.584000000000002e-08,-7.775999995414176e-11,-0.4859999997133855
SaveOnEvent_ch1_20260927233828454.wfm,23:38:28.454000,5.773735,-0.00023999999393709004,1.07152e-06,3.7131199999999998e-06,-2.428351938654668e-10,-1.5177599616581574
SaveOnEvent_ch1_20260927233828502.wfm,23:38:28.502000,5.773975,-0.001120000029914081,-8.319999999999693e-09,6.495999999999997e-08,-2.42828795411624e-10,-1.51767997132265
SaveOnEvent_ch1_20260927233828654.wfm,23:38:28.654000,5.774735,-0.00023999999393709004,8.334399999999998e-07,3.9279999999999995e-06,-2.1151999465655542e-10,-1.32207996660145
SaveOnEvent_ch1_20260927233828702.wfm,23:38:28.702000,5.7749749999999995,-0.001120000029914081,-7.999999999999754e-09,7.760000000000032e-08,-1.6973439734196307e-10,-1.0608799833862577
SaveOnEvent_ch1_20260927233828856.wfm,23:38:28.856000,5.775745000000001,-7.999999797903001e-05,-1.76592e-06,3.5737599999999997e-06,6.310399840585866e-11,0.394479990034597
SaveOnEvent_ch1_20260927233828902.wfm,23:38:28.902000,5.775975,-0.001120000029914081,-3.040000000000059e-09,7.82400000000002e-08,-2.8901119397487493e-10,-1.8065599623369053
SaveOnEvent_ch1_20260927233829054.wfm,23:38:29.054000,5.776735,-0.00023999999393709004,3.0416000000000015e-07,2.57648e-06,-1.602815959509462e-10,-1.0017599746934138
SaveOnEvent_ch1_20260927233829102.wfm,23:38:29.102000,5.776975,-0.0010400000028312206,-8.799999999999814e-09,7.903999999999984e-08,-1.8092799675650899e-10,-1.130799979728181
SaveOnEvent_ch1_20260927233829254.wfm,23:38:29.254000,5.777735,-0.00015999999595806003,-5.979199999999999e-07,2.2414399999999997e-06,-1.0295679739909233e-10,-0.6435199837433174
SaveOnEvent_ch1_20260927233829302.wfm,23:38:29.302000,5.777975,-0.0012000000569969416,-7.999999999999754e-09,8.72000000000002e-08,-3.629055934445932e-10,-2.268079959030729
SaveOnEvent_ch1_20260927233829454.wfm,23:38:29.454000,5.778735,-0.00023999999393709004,1.23216e-06,1.05888e-06,-8.70527978008612e-11,-0.5440799862553831
SaveOnEvent_ch1_20260927233829504.wfm,23:38:29.504000,5.7789850000000005,-0.0008800000068731606,-1.0719999999999874e-08,7.263999999999978e-08,3.389439901569857e-10,2.1184799384791404
SaveOnEvent_ch1_20260927233829654.wfm,23:38:29.654000,5.7797350000000005,-0.00015999999595806003,7.110399999999999e-07,1.2832000000000003e-06,7.628799807280303e-11,0.4767999879550189
SaveOnEvent_ch1_20260927233829702.wfm,23:38:29.702000,5.779975,-0.0009599999757483602,-1.919999999999975e-08,8.287999999999996e-08,-8.940800798591241e-12,-0.05584000499220565
SaveOnEvent_ch1_20260927233829854.wfm,23:38:29.854000,5.780735,-0.00015999999595806003,-1.14784e-06,2.48752e-06,8.23679979192092e-11,0.5147999869950581
SaveOnEvent_ch1_20260927233829902.wfm,23:38:29.902000,5.780975,-0.0031999999191612005,1.9900799999999997e-06,2.439999999999997e-07,-1.0265855999849738e-09,-6.417759999865666
SaveOnEvent_ch1_20260927233830054.wfm,23:38:30.054000,5.781734999999999,-0.00023999999393709004,3.7439999999999975e-07,3.0152e-06,-7.669759806245552e-11,-0.47935998789034784
SaveOnEvent_ch1_20260927233830102.wfm,23:38:30.102000,5.781975,-0.0010400000028312206,-1.2000000000000055e-08,9.152000000000001e-08,-3.3402239301940424e-10,-2.087679956370266
SaveOnEvent_ch1_20260927233830254.wfm,23:38:30.254000,5.782735000000001,-0.00023999999393709004,1.6476799999999998e-06,3.97632e-06,-2.4532479380257437e-10,-1.5333599612640683
SaveOnEvent_ch1_20260927233830302.wfm,23:38:30.302000,5.782975,-0.001120000029914081,-1.9519999999999688e-08,7.808000000000002e-08,-1.5320959812728704e-10,-0.9575199882965535
SaveOnEvent_ch1_20260927233830454.wfm,23:38:30.454000,5.783735,-7.999999797903001e-05,4.319999999999986e-08,1.9e-06,3.415615913714283e-10,2.134879946068395
SaveOnEvent_ch1_20260927233830502.wfm,23:38:30.502000,5.783975,-0.0012000000569969416,-9.279999999999935e-09,7.328000000000008e-08,-8.4185600155033e-11,-0.5261600009689573
SaveOnEvent_ch1_20260927233830654.wfm,23:38:30.654000,5.7847349999999995,-0.00015999999595806003,-1.7308799999999999e-06,2.9494399999999995e-06,-9.78623975277877e-11,-0.6116799845476635
SaveOnEvent_ch1_20260927233830702.wfm,23:38:30.702000,5.784975,-0.0009599999757483602,-1.0079999999999995e-08,8.175999999999996e-08,-1.962495959922671e-10,-1.2265599749516696
SaveOnEvent_ch1_20260927233830854.wfm,23:38:30.854000,5.785735,-0.00015999999595806003,-3.2368000000000005e-07,1.9902400000000003e-06,2.5971199343912155e-11,0.1623199958994519
SaveOnEvent_ch1_20260927233830902.wfm,23:38:30.902000,5.7859750000000005,-0.0014400000218302011,1.9472e-06,2.0588799999999998e-06,-7.67123196860775e-10,-4.79519998037722
SaveOnEvent_ch1_20260927233831054.wfm,23:38:31.054000,5.786735,-0.00023999999393709004,-1.77952e-06,3.7047999999999997e-06,-1.5104639618424696e-10,-0.9440799761505332
SaveOnEvent_ch1_20260927233831102.wfm,23:38:31.102000,5.786975,-0.0009599999757483602,-9.599999999999874e-09,7.664000000000008e-08,1.6828159452881668e-10,1.051839965803083
SaveOnEvent_ch1_20260927233831254.wfm,23:38:31.254000,5.787735,-0.00015999999595806003,-1.7599999999998781e-09,3.5823999999999964e-07,-3.350399915361791e-11,-0.20943999470910057
SaveOnEvent_ch1_20260927233831302.wfm,23:38:31.302000,5.787975,-0.001120000029914081,-3.999999999999877e-09,9.264000000000001e-08,-4.0669439140241595e-10,-2.5419199462630786
SaveOnEvent_ch1_20260927233831454.wfm,23:38:31.454000,5.788735,-7.999999797903001e-05,-1.41344e-06,2.8675199999999998e-06,1.5841919599799435e-10,0.9901599749864545
SaveOnEvent_ch1_20260927233831502.wfm,23:38:31.502000,5.788975000000001,-0.0009599999757483602,-1.2000000000000055e-08,7.520000000000014e-08,2.679231922491451e-10,1.674639951554127
SaveOnEvent_ch1_20260927233831654.wfm,23:38:31.654000,5.789735,-7.999999797903001e-05,-1.94736e-06,3.91008e-06,2.190719944657757e-10,1.3692799654090777
SaveOnEvent_ch1_20260927233831702.wfm,23:38:31.702000,5.789975,-0.0013599999947473407,-5.280000000000058e-09,7.519999999999972e-08,-3.857599923270755e-10,-2.41111995204119
SaveOnEvent_ch1_20260927233831854.wfm,23:38:31.854000,5.790735,-7.999999797903001e-05,-2e-06,3.96144e-06,8.152959794038904e-11,0.5095199871284422
SaveOnEvent_ch1_20260927233831902.wfm,23:38:31.902000,5.7909749999999995,-0.001120000029914081,-8.799999999999814e-09,8.192000000000014e-08,-2.275135958543978e-10,-1.4219999740889762
SaveOnEvent_ch1_20260927233832054.wfm,23:38:32.054000,5.791735,-0.00015999999595806003,-1.1950399999999998e-06,1.6750399999999999e-06,5.3292798653710586e-11,0.33303999158670194
SaveOnEvent_ch1_20260927233832103.wfm,23:38:32.103000,5.791980000000001,-0.0008800000068731606,-1.807999999999975e-08,8.064000000000038e-08,1.1660798233933847e-11,0.07287998896208592
SaveOnEvent_ch1_20260927233832255.wfm,23:38:32.255000,5.79274,-0.00023999999393709004,3.4224000000000013e-07,2.96544e-06,-1.9237119514029472e-10,-1.202319969626842
SaveOnEvent_ch1_20260927233832302.wfm,23:38:32.302000,5.792975,-0.001120000029914081,-1.4559999999999993e-08,8.495999999999978e-08,-2.2225279638776533e-10,-1.3891199774225242
SaveOnEvent_ch1_20260927233832454.wfm,23:38:32.454000,5.793735,-0.00015999999595806003,-1.74688e-06,2.9447999999999997e-06,-1.2928639673395073e-10,-0.8079999795882031
SaveOnEvent_ch1_20260927233832502.wfm,23:38:32.502000,5.793975,-0.004480000119656324,1.03312e-06,9.859199999999999e-07,-4.559449587261769e-09,-28.497359920409508
SaveOnEvent_ch1_20260927233832654.wfm,23:38:32.654000,5.794735,-0.00023999999393709004,-1.84448e-06,3.5489599999999996e-06,-1.9019519519526526e-10,-1.188799969968386
SaveOnEvent_ch1_20260927233832702.wfm,23:38:32.702000,5.794975,-0.0009599999757483602,-1.743999999999987e-08,8.623999999999996e-08,-9.903359849471619e-11,-0.6188799905939959
SaveOnEvent_ch1_20260927233832854.wfm,23:38:32.854000,5.7957350000000005,-0.00015999999595806003,1.6174399999999998e-06,9.600000000002415e-10,3.180607919651081e-10,1.9879999497788958
SaveOnEvent_ch1_20260927233832902.wfm,23:38:32.902000,5.795975,-0.0012000000569969416,-1.791999999999999e-08,7.312000000000033e-08,5.2140796261373604e-11,0.32591997663257644
SaveOnEvent_ch1_20260927233833054.wfm,23:38:33.054000,5.796735,-0.00015999999595806003,1.668e-06,1.5791999999999992e-07,9.96607974823565e-11,0.6228799842647277
SaveOnEvent_ch1_20260927233833102.wfm,23:38:33.102000,5.796975,-0.0010400000028312206,-1.4240000000000053e-08,8.976000000000014e-08,-7.285119955195109e-11,-0.4552799972007051
SaveOnEvent_ch1_20260927233833254.wfm,23:38:33.254000,5.797735,-0.00015999999595806003,-6.526399999999999e-07,2.65248e-06,-1.1130239718826464e-10,-0.695679982425645
SaveOnEvent_ch1_20260927233833302.wfm,23:38:33.302000,5.797975,-0.0012000000569969416,-9.119999999999753e-09,8.000000000000008e-08,-2.5457919582258914e-10,-1.5911199738911819
SaveOnEvent_ch1_20260927233833454.wfm,23:38:33.454000,5.798735000000001,-0.00015999999595806003,4.0175999999999986e-07,1.4934399999999998e-06,-1.4988799621351047e-11,-0.09367999763344415
SaveOnEvent_ch1_20260927233833502.wfm,23:38:33.502000,5.798975,-0.0010400000028312206,-1.2319999999999994e-08,9.055999999999977e-08,-2.0347519607050355e-10,-1.271759975439636
SaveOnEvent_ch1_20260927233833654.wfm,23:38:33.654000,5.799735,-0.00015999999595806003,-1.0528e-06,1.4175999999999998e-06,2.0038399493787246e-11,0.125279996835161
SaveOnEvent_ch1_20260927233833702.wfm,23:38:33.702000,5.799975,-0.0035200000274926424,1.7694400000000002e-06,7.4288e-07,-2.8820863850158635e-09,-18.014799906290136
SaveOnEvent_ch1_20260927233833854.wfm,23:38:33.854000,5.8007349999999995,-0.00023999999393709004,-1.92208e-06,2.4188799999999997e-06,-5.949439849704507e-11,-0.37191999060451053
SaveOnEvent_ch1_20260927233833902.wfm,23:38:33.902000,5.800975,-0.001120000029914081,-5.9199999999999365e-09,7.776000000000008e-08,-2.38502396014519e-10,-1.490639975090744
SaveOnEvent_ch1_20260927233834056.wfm,23:38:34.056000,5.801745,-0.00015999999595806003,-1.04128e-06,9.600000000000298e-10,7.957119798986248e-11,0.4973599874356296
SaveOnEvent_ch1_20260927233834102.wfm,23:38:34.102000,5.801975,-0.0010400000028312206,-1.631999999999987e-08,8.208000000000032e-08,-1.0744319855701183e-10,-0.6715199909813236
SaveOnEvent_ch1_20260927233834254.wfm,23:38:34.254000,5.802735,-0.00015999999595806003,-9.095999999999999e-07,4.2863999999999985e-07,9.911039749626062e-11,0.6194399843516294
SaveOnEvent_ch1_20260927233834302.wfm,23:38:34.302000,5.802975,-0.0010400000028312206,-1.391999999999969e-08,7.98399999999999e-08,2.3903998315800068e-11,0.1494399894727394
SaveOnEvent_ch1_20260927233834454.wfm,23:38:34.454000,5.803735,-0.00015999999595806003,-2.3200000000000007e-07,1.7016e-06,-1.110335971950554e-10,-0.6939199824701063
SaveOnEvent_ch1_20260927233834502.wfm,23:38:34.502000,5.803975,-0.0012000000569969416,-1.0559999999999692e-08,6.928000000000021e-08,-7.672320033423603e-11,-0.47952000208897516
SaveOnEvent_ch1_20260927233834655.wfm,23:38:34.655000,5.80474,-0.00015999999595806003,-1.6107199999999998e-06,3.4852799999999998e-06,-1.5152639617212132e-10,-0.9470399760757573
SaveOnEvent_ch1_20260927233834705.wfm,23:38:34.705000,5.80499,-0.0012000000569969416,-6.719999999999997e-09,8.09599999999999e-08,-7.057920044753729e-11,-0.4411200027971063
SaveOnEvent_ch1_20260927233834854.wfm,23:38:34.854000,5.805735,-0.00015999999595806003,-1.8671999999999999e-06,3.72144e-06,-5.49631986115127e-11,-0.3435199913219549
SaveOnEvent_ch1_20260927233834902.wfm,23:38:34.902000,5.805975,-0.0010400000028312206,-1.0880000000000055e-08,8.079999999999972e-08,1.2225919554242858e-10,0.7641599721391685
SaveOnEvent_ch1_20260927233835054.wfm,23:38:35.054000,5.806735,-0.00015999999595806003,-1.97616e-06,3.82912e-06,-1.557759960647673e-10,-0.9736799754027743
SaveOnEvent_ch1_20260927233835102.wfm,23:38:35.102000,5.8069749999999996,-0.0012799999676644802,-1.631999999999987e-08,7.744000000000014e-08,-2.0051199712324913e-10,-1.2532799820182845
SaveOnEvent_ch1_20260927233835254.wfm,23:38:35.254000,5.807735,-0.00015999999595806003,-1.50256e-06,3.48192e-06,-7.356799814151618e-11,-0.4598399883834645
SaveOnEvent_ch1_20260927233835302.wfm,23:38:35.302000,5.807975,-0.0024800000246614218,1.9544e-06,8.174399999999998e-07,-1.8900864179292694e-09,-11.814160112116951
SaveOnEvent_ch1_20260927233835454.wfm,23:38:35.454000,5.808735,-0.00023999999393709004,-1.2315200000000001e-06,3.91504e-06,-2.8156799288699386e-10,-1.7599199555406813
SaveOnEvent_ch1_20260927233835502.wfm,23:38:35.502000,5.808975,-0.0030400000978261232,1.98448e-06,2.2127999999999977e-07,-1.0084224022086707e-09,-6.304160013853107
SaveOnEvent_ch1_20260927233835654.wfm,23:38:35.654000,5.809735,-0.00023999999393709004,-1.66592e-06,3.94832e-06,-2.5770239348988984e-10,-1.6107199593097903
SaveOnEvent_ch1_20260927233835702.wfm,23:38:35.702000,5.809975,-0.0013599999947473407,1.93792e-06,2.0564799999999996e-06,-4.6071680044755315e-10,-2.8801600027945824
SaveOnEvent_ch1_20260927233835854.wfm,23:38:35.854000,5.810735,-0.00023999999393709004,-1.38336e-06,3.6854399999999997e-06,-3.7612159049836923e-10,-2.350799940613797
SaveOnEvent_ch1_20260927233835902.wfm,23:38:35.902000,5.810975,-0.0012000000569969416,-1.2159999999999812e-08,8.94400000000002e-08,-5.638207886344754e-10,-3.5239999289624393
SaveOnEvent_ch1_20260927233836054.wfm,23:38:36.054000,5.811735,-0.00015999999595806003,-1.5577599999999999e-06,5.759999999999967e-09,8.450559786520871e-11,0.5282399866555352
SaveOnEvent_ch1_20260927233836102.wfm,23:38:36.102000,5.811975,-0.0013599999947473407,-7.679999999999815e-09,8.04800000000002e-08,-3.0090879443334427e-10,-1.8807199652073905
SaveOnEvent_ch1_20260927233836254.wfm,23:38:36.254000,5.812735,-0.00015999999595806003,-1.87136e-06,1.75296e-06,1.3884799649240464e-10,0.8678399780765176
SaveOnEvent_ch1_20260927233836302.wfm,23:38:36.302000,5.812975,-0.0010400000028312206,-1.0559999999999692e-08,2.0568e-06,-2.2492159801535308e-10,-1.406079987587873
SaveOnEvent_ch1_20260927233836454.wfm,23:38:36.454000,5.813735,-0.00015999999595806003,-1.1334399999999999e-06,8.147199999999999e-07,7.979519798420352e-11,0.4987199874012731
SaveOnEvent_ch1_20260927233836502.wfm,23:38:36.502000,5.813975,-0.0012000000569969416,1.9817600000000004e-06,2.0606399999999996e-06,-4.283071939088401e-10,-2.677519961958751
SaveOnEvent_ch1_20260927233836654.wfm,23:38:36.654000,5.814735,-0.00015999999595806003,-1.8648e-06,3.79984e-06,-1.5429759610211483e-10,-0.9643999756372068
SaveOnEvent_ch1_20260927233836702.wfm,23:38:36.702000,5.8149750000000004,-0.001120000029914081,-5.439999999999816e-09,7.039999999999978e-08,-2.1871359582059093e-10,-1.3669599738786928
SaveOnEvent_ch1_20260927233836854.wfm,23:38:36.854000,5.815735,-0.00015999999595806003,-1.29408e-06,6.079999999999906e-09,2.438143938407302e-10,1.5238399615045637
SaveOnEvent_ch1_20260927233836902.wfm,23:38:36.902000,5.815975,-0.0010400000028312206,1.1199999999999994e-09,8.83200000000002e-08,-1.0296319807413963e-10,-0.6435999879613519
SaveOnEvent_ch1_20260927233837054.wfm,23:38:37.054000,5.8167349999999995,-0.00015999999595806003,-1.44912e-06,3.4257599999999996e-06,-1.471039962838404e-10,-0.9194399767729919
SaveOnEvent_ch1_20260927233837102.wfm,23:38:37.102000,5.816975,-0.001120000029914081,-7.199999999999694e-09,8.224000000000008e-08,-3.1297279360704113e-10,-1.9561599600419868
SaveOnEvent_ch1_20260927233837254.wfm,23:38:37.254000,5.817735,-0.00015999999595806003,5.1839999999999914e-08,1.3920000000000114e-08,1.0865279725519924e-10,0.6791199828439858
SaveOnEvent_ch1_20260927233837303.wfm,23:38:37.303000,5.81798,-0.0010400000028312206,-7.039999999999936e-09,2.04784e-06,-3.5215359803987676e-10,-2.2015199877496343
SaveOnEvent_ch1_20260927233837455.wfm,23:38:37.455000,5.81874,-0.00015999999595806003,-1.93168e-06,3.6607999999999997e-06,-5.982719848863786e-11,-0.3739199905539863
SaveOnEvent_ch1_20260927233837502.wfm,23:38:37.502000,5.818975,-0.0010400000028312206,-1.1679999999999692e-08,8.76799999999999e-08,-1.867775968229397e-10,-1.1673599801433738
SaveOnEvent_ch1_20260927233837654.wfm,23:38:37.654000,5.819735,-0.00015999999595806003,-1.70032e-06,2.74e-06,1.3817599650938263e-11,0.08639999781735241
SaveOnEvent_ch1_20260927233837702.wfm,23:38:37.702000,5.819975,-0.0009599999757483602,-7.520000000000057e-09,8.495999999999978e-08,-2.7840000833384562e-11,-0.17400000520865433
SaveOnEvent_ch1_20260927233837854.wfm,23:38:37.854000,5.820735,-0.00015999999595806003,-2.6879999999999987e-08,1.91104e-06,1.2063999695237883e-11,0.0754399980942253
SaveOnEvent_ch1_20260927233837902.wfm,23:38:37.902000,5.820975,-0.0009599999757483602,-1.3120000000000054e-08,8.448000000000008e-08,-1.0232959844404827e-10,-0.6395199902763125
SaveOnEvent_ch1_20260927233838054.wfm,23:38:38.054000,5.821735,-0.00015999999595806003,-5.145600000000001e-07,1.5840000000000174e-08,1.614655959210359e-10,1.0091999745054636
SaveOnEvent_ch1_20260927233838102.wfm,23:38:38.102000,5.821975,-0.0009599999757483602,3.3599999999999983e-09,7.536000000000033e-08,-4.023040041793149e-11,-0.2514400026120711
SaveOnEvent_ch1_20260927233838254.wfm,23:38:38.254000,5.822735,-7.999999797903001e-05,7.440000000000008e-08,1.6137599999999999e-06,2.473215937521308e-10,1.545919960946776
SaveOnEvent_ch1_20260927233838302.wfm,23:38:38.302000,5.8229750000000005,-0.001120000029914081,-1.3120000000000054e-08,7.744000000000014e-08,-7.456640001153586e-11,-0.46608000007108785
SaveOnEvent_ch1_20260927233838454.wfm,23:38:38.454000,5.823735,-0.00015999999595806003,-1.0766399999999998e-06,2.7070399999999995e-06,9.071999770822017e-11,0.5670399856753647
SaveOnEvent_ch1_20260927233838502.wfm,23:38:38.502000,5.823975,-0.001120000029914081,-1.3120000000000054e-08,8.112000000000008e-08,-1.295679987897165e-10,-0.8098399924347177
SaveOnEvent_ch1_20260927233838654.wfm,23:38:38.654000,5.824735,-7.999999797903001e-05,-2e-06,2.97712e-06,2.0513279481790946e-10,1.282079967611935
SaveOnEvent_ch1_20260927233838702.wfm,23:38:38.702000,5.824975,-0.0012000000569969416,-1.775999999999981e-08,8.240000000000026e-08,-2.764607960055583e-10,-1.7279199750337284
SaveOnEvent_ch1_20260927233838854.wfm,23:38:38.854000,5.825735,-0.00031999999191612005,-5.814399999999999e-07,3.88768e-06,-5.637823857576586e-10,-3.523759910982335
SaveOnEvent_ch1_20260927233838902.wfm,23:38:38.902000,5.825975,-0.001120000029914081,3.1999999999993934e-10,8.20799999999999e-08,-1.0849279865156875e-10,-0.6780799915723037
SaveOnEvent_ch1_20260927233839054.wfm,23:38:39.054000,5.826735,-0.00015999999595806003,-9.5264e-07,2.3839999999999995e-06,-2.4185599389020375e-11,-0.15119999618036672
SaveOnEvent_ch1_20260927233839102.wfm,23:38:39.102000,5.826975,-0.0007999999797903001,-1.0559999999999692e-08,8.399999999999996e-08,3.522239900310523e-10,2.201519937691046
SaveOnEvent_ch1_20260927233839254.wfm,23:38:39.254000,5.8277350000000006,-0.00023999999393709004,1.21728e-06,3.948639999999999e-06,-2.7001599317882177e-11,-0.16879999573575333
SaveOnEvent_ch1_20260927233839302.wfm,23:38:39.302000,5.827975,-0.0031999999191612005,1.73232e-06,7.079999999999998e-07,-2.3033472088887355e-09,-14.397360055532772
SaveOnEvent_ch1_20260927233839454.wfm,23:38:39.454000,5.828735,-0.00015999999595806003,-2e-06,3.8555199999999995e-06,-1.6217599590308953e-10,-1.0136799743922893
SaveOnEvent_ch1_20260927233839502.wfm,23:38:39.502000,5.828975,-0.0012799999676644802,-9.279999999999935e-09,6.688000000000003e-08,-3.331455936096607e-10,-2.0822399600583594
SaveOnEvent_ch1_20260927233839654.wfm,23:38:39.654000,5.829735,-0.00023999999393709004,6.630400000000001e-07,3.1336e-06,-3.133631920837797e-10,-1.9586399505205918
SaveOnEvent_ch1_20260927233839702.wfm,23:38:39.702000,5.829975,-0.0010400000028312206,-1.3279999999999812e-08,8.640000000000014e-08,-3.3811839248752197e-10,-2.1132799530460034
SaveOnEvent_ch1_20260927233839854.wfm,23:38:39.854000,5.830735,-0.00015999999595806003,1.737600000000001e-07,6.247999999999999e-07,8.584319783141823e-11,0.5366399864433333
SaveOnEvent_ch1_20260927233839903.wfm,23:38:39.903000,5.83098,-0.0008800000068731606,-1.679999999999999e-08,9.456000000000007e-08,-1.8925439668120807e-10,-1.1827999792585615
SaveOnEvent_ch1_20260927233840055.wfm,23:38:40.055000,5.83174,-0.00015999999595806003,-2e-06,3.42336e-06,-1.3431679660687214e-10,-0.83959997878992
SaveOnEvent_ch1_20260927233840102.wfm,23:38:40.102000,5.831975,-0.0008800000068731606,-2.3359999999999807e-08,8.975999999999971e-08,-8.005759943043788e-11,-0.5003199964412488
SaveOnEvent_ch1_20260927233840254.wfm,23:38:40.254000,5.8327350000000004,-0.00023999999393709004,-9.9408e-07,3.8935999999999994e-06,-2.4494079381227505e-10,-1.5309599613246974
SaveOnEvent_ch1_20260927233840302.wfm,23:38:40.302000,5.832975,-0.002319999970495701,1.7343999999999999e-06,7.310399999999997e-07,-1.6993216126365582e-09,-10.621840078936657
SaveOnEvent_ch1_20260927233840454.wfm,23:38:40.454000,5.833735,-0.00015999999595806003,-1.5879999999999999e-06,6.820799999999999e-07,-2.1843199448194474e-11,-0.1364799965522252
SaveOnEvent_ch1_20260927233840502.wfm,23:38:40.502000,5.833975000000001,-0.0010400000028312206,-5.9199999999999365e-09,2.06384e-06,-2.7393919522874053e-10,-1.712399970187107
SaveOnEvent_ch1_20260927233840654.wfm,23:38:40.654000,5.834735,-7.999999797903001e-05,-1.00544e-06,2.8819199999999996e-06,2.1641599453287188e-10,1.3527199658274185
SaveOnEvent_ch1_20260927233840702.wfm,23:38:40.702000,5.834975,-0.0009599999757483602,-1.6480000000000052e-08,9.040000000000002e-08,-1.0073599819093943e-10,-0.6295999886933714
SaveOnEvent_ch1_20260927233840854.wfm,23:38:40.854000,5.835735,-0.00023999999393709004,-1.15968e-06,3.8031999999999994e-06,-3.6627199074719115e-10,-2.289279942167923
SaveOnEvent_ch1_20260927233840902.wfm,23:38:40.902000,5.8359749999999995,-0.0010400000028312206,-8.319999999999693e-09,8.847999999999996e-08,-2.9106559362495314e-10,-1.819199960154947
SaveOnEvent_ch1_20260927233841054.wfm,23:38:41.054000,5.836735,-0.00015999999595806003,-1.1110399999999999e-06,3.583999999999998e-08,6.579199833795428e-11,0.41119998961221427
SaveOnEvent_ch1_20260927233841102.wfm,23:38:41.102000,5.836975,-0.0010400000028312206,-1.1519999999999934e-08,7.64799999999999e-08,1.7027199446456508e-10,1.0642399654025212
SaveOnEvent_ch1_20260927233841254.wfm,23:38:41.254000,5.837735,-7.999999797903001e-05,-1.84256e-06,3.42064e-06,1.5672959604067724e-10,0.9795999752532225
SaveOnEvent_ch1_20260927233841302.wfm,23:38:41.302000,5.837975,-0.001120000029914081,-5.759999999999755e-09,7.136000000000002e-08,-1.0278399869799628e-10,-0.6424799918604549
SaveOnEvent_ch1_20260927233841454.wfm,23:38:41.454000,5.838735,-0.00015999999595806003,-1.9888e-06,3.43936e-06,-1.0608639732003207e-10,-0.6630399832502007
SaveOnEvent_ch1_20260927233841502.wfm,23:38:41.502000,5.838975,-0.001120000029914081,-9.760000000000056e-09,9.040000000000002e-08,-2.6399999518878763e-10,-1.6499999699299224
SaveOnEvent_ch1_20260927233841654.wfm,23:38:41.654000,5.839735,-0.00015999999595806003,-1.55376e-06,2.8798399999999998e-06,9.555199758615334e-11,0.597199984913459
SaveOnEvent_ch1_20260927233841702.wfm,23:38:41.702000,5.839975,-0.0019199999514967203,1.9784e-06,2.0329599999999996e-06,-7.566335933981464e-10,-4.729919958714163
SaveOnEvent_ch1_20260927233841856.wfm,23:38:41.856000,5.840745,-0.00015999999595806003,1.6574399999999998e-06,3.423999999999999e-07,6.524799835169679e-11,0.407759989699116
SaveOnEvent_ch1_20260927233841902.wfm,23:38:41.902000,5.840975,-0.0008800000068731606,-7.039999999999936e-09,8.959999999999996e-08,2.154303934448398e-10,1.3464799590292387
SaveOnEvent_ch1_20260927233842054.wfm,23:38:42.054000,5.841735,-0.00015999999595806003,-1.02176e-06,2.43296e-06,-3.2191999186760853e-12,-0.020079999492736533
SaveOnEvent_ch1_20260927233842102.wfm,23:38:42.102000,5.841975,-0.0010400000028312206,-1.0239999999999753e-08,2.0639999999999996e-06,-1.6713599844835677e-10,-1.0449599903076887
SaveOnEvent_ch1_20260927233842254.wfm,23:38:42.254000,5.842735,-0.00023999999393709004,1.51152e-06,3.48512e-06,-2.231871943618171e-10,-1.3949599647603463
SaveOnEvent_ch1_20260927233842302.wfm,23:38:42.302000,5.842975,-0.0012000000569969416,-9.919999999999814e-09,7.487999999999978e-08,-2.7648001452907803e-11,-0.1728000090806745
SaveOnEvent_ch1_20260927233842454.wfm,23:38:42.454000,5.843735000000001,-0.00023999999393709004,-5.7776e-07,3.951999999999999e-06,-2.8908159269718446e-10,-1.8067999543563928
SaveOnEvent_ch1_20260927233842504.wfm,23:38:42.504000,5.843985,-0.001120000029914081,-1.9519999999999688e-08,8.208000000000032e-08,-2.956287946412337e-10,-1.8477599665056914
SaveOnEvent_ch1_20260927233842654.wfm,23:38:42.654000,5.844735,-0.00015999999595806003,-1.28624e-06,2.43392e-06,-6.995839823270234e-11,-0.437199988955399
SaveOnEvent_ch1_20260927233842702.wfm,23:38:42.702000,5.844975,-0.001120000029914081,-3.776000000000004e-08,8.448000000000008e-08,-3.3103359325788937e-10,-2.068959957861807
SaveOnEvent_ch1_20260927233842854.wfm,23:38:42.854000,5.8457349999999995,-0.00015999999595806003,-5.688e-07,5.9199999999999365e-09,3.029119923477975e-11,0.18935999521636404
SaveOnEvent_ch1_20260927233842902.wfm,23:38:42.902000,5.845975,-0.001120000029914081,-4.639999999999756e-09,8.080000000000014e-08,5.6166397277265945e-11,0.35103998298291117
SaveOnEvent_ch1_20260927233843054.wfm,23:38:43.054000,5.846735,-0.00015999999595806003,-1.63968e-06,4.4255999999999996e-07,9.342079763999195e-11,0.5839199852489401
SaveOnEvent_ch1_20260927233843102.wfm,23:38:43.102000,5.8469750000000005,-0.0009599999757483602,-1.823999999999993e-08,7.615999999999996e-08,2.7225598376244166e-11,0.17015998985152692
SaveOnEvent_ch1_20260927233843254.wfm,23:38:43.254000,5.847735,-0.00015999999595806003,-4.4544000000000005e-07,9.364799999999999e-07,1.4091519644018267e-10,0.8807199777511414
SaveOnEvent_ch1_20260927233843302.wfm,23:38:43.302000,5.847975,-0.0009599999757483602,-7.359999999999875e-09,7.951999999999996e-08,1.6358399431221166e-10,1.0224799644493032
SaveOnEvent_ch1_20260927233843454.wfm,23:38:43.454000,5.848735,-0.00023999999393709004,1.0407999999999998e-06,3.94096e-06,-3.141247920645401e-10,-1.9633599504013546
SaveOnEvent_ch1_20260927233843502.wfm,23:38:43.502000,5.848975,-0.0010400000028312206,-5.759999999999755e-09,2.05296e-06,4.355199669254948e-11,0.27183997933752835
SaveOnEvent_ch1_20260927233843654.wfm,23:38:43.654000,5.849735,-0.00015999999595806003,-1.8873599999999999e-06,3.8071999999999997e-06,-1.9304959512315662e-10,-1.2066399695177097
SaveOnEvent_ch1_20260927233843702.wfm,23:38:43.702000,5.849975000000001,-0.0030400000978261232,1.5603200000000002e-06,9.409599999999997e-07,-2.7211584084597416e-09,-17.008400052931393
SaveOnEvent_ch1_20260927233843854.wfm,23:38:43.854000,5.850735,-0.00023999999393709004,1.843199999999998e-07,3.7056e-06,-2.0353279485832884e-10,-1.2721599678625353
SaveOnEvent_ch1_20260927233843902.wfm,23:38:43.902000,5.850975,-0.0009599999757483602,-1.631999999999987e-08,8.287999999999996e-08,6.004479710944017e-11,0.3752799819339998
SaveOnEvent_ch1_20260927233844054.wfm,23:38:44.054000,5.851735,-7.999999797903001e-05,1.2095999999999994e-07,1.8278399999999995e-06,2.841983928205446e-10,1.7763199551263824
SaveOnEvent_ch1_20260927233844102.wfm,23:38:44.102000,5.8519749999999995,-0.0009599999757483602,-8.319999999999693e-09,8.336000000000008e-08,-1.2679039848735555e-10,-0.7925599905429408
SaveOnEvent_ch1_20260927233844254.wfm,23:38:44.254000,5.852735,-0.00015999999595806003,-1.69792e-06,7.4928e-07,5.3343998652417177e-11,0.3334399915765971
SaveOnEvent_ch1_20260927233844302.wfm,23:38:44.302000,5.852975000000001,-0.0026400000788271427,1.8152000000000004e-06,6.3088e-07,-1.967507195975631e-09,-12.298159974860027
SaveOnEvent_ch1_20260927233844456.wfm,23:38:44.456000,5.853745,-0.00023999999393709004,-1.631999999999987e-08,2.50416e-06,-1.9423999509308483e-10,-1.2139999693317804
SaveOnEvent_ch1_20260927233844502.wfm,23:38:44.502000,5.853975,-0.001120000029914081,-9.439999999999693e-09,8.127999999999984e-08,-2.832639949256556e-10,-1.7703999682853464
SaveOnEvent_ch1_20260927233844655.wfm,23:38:44.655000,5.85474,-7.999999797903001e-05,-2e-06,3.0399999999999997e-06,3.208191918954252e-10,2.0051199493464082
SaveOnEvent_ch1_20260927233844702.wfm,23:38:44.702000,5.854975,-0.0012000000569969416,-1.1359999999999752e-08,7.792000000000026e-08,-1.0422399973729626e-10,-0.6514399983570911
SaveOnEvent_ch1_20260927233844854.wfm,23:38:44.854000,5.855735,-0.00023999999393709004,-1.58768e-06,3.83488e-06,-4.249215892655774e-10,-2.6558399329078384
SaveOnEvent_ch1_20260927233844902.wfm,23:38:44.902000,5.855975,-0.001120000029914081,-1.0239999999999753e-08,6.096000000000009e-08,3.2396797821857155e-11,0.2023199863906484
SaveOnEvent_ch1_20260927233845054.wfm,23:38:45.054000,5.8567350000000005,-0.00023999999393709004,1.6371199999999997e-06,3.87744e-06,-2.824831928638743e-10,-1.7655999553971924
SaveOnEvent_ch1_20260927233845105.wfm,23:38:45.105000,5.85699,-0.0010400000028312206,-1.0880000000000055e-08,8.271999999999978e-08,-1.5517439734656377e-10,-0.9698399834160227
SaveOnEvent_ch1_20260927233845254.wfm,23:38:45.254000,5.857735,-0.00015999999595806003,-2.1711999999999992e-07,1.5838399999999996e-06,-4.049279897706572e-11,-0.25311999360565096
SaveOnEvent_ch1_20260927233845302.wfm,23:38:45.302000,5.857975,-0.001120000029914081,-1.807999999999975e-08,7.840000000000038e-08,-3.682751930155791e-10,-2.301759956346359
SaveOnEvent_ch1_20260927233845454.wfm,23:38:45.454000,5.858735,-0.00015999999595806003,1.8331199999999996e-06,4.86400000000001e-08,1.3612799656111766e-10,0.8507999785069842
SaveOnEvent_ch1_20260927233845502.wfm,23:38:45.502000,5.858975,-0.0010400000028312206,-1.1839999999999873e-08,8.560000000000008e-08,-1.840255966270344e-10,-1.150079978920985
SaveOnEvent_ch1_20260927233845654.wfm,23:38:45.654000,5.859735000000001,-0.00015999999595806003,-7.679999999999984e-08,4.294399999999999e-07,2.8876799270510826e-11,0.1804799954406917
SaveOnEvent_ch1_20260927233845702.wfm,23:38:45.702000,5.859975,-0.0036800000816583633,1.1968000000000001e-06,1.1423999999999999e-06,-3.8425599999213595e-09,-24.016879999515368
SaveOnEvent_ch1_20260927233845854.wfm,23:38:45.854000,5.860735,-0.00015999999595806003,-1.9942399999999997e-06,3.7246399999999997e-06,-2.179327944945544e-10,-1.362159965588944
SaveOnEvent_ch1_20260927233845902.wfm,23:38:45.902000,5.860975,-0.0009599999757483602,-1.0559999999999692e-08,7.968000000000014e-08,2.1045759336557225e-10,1.3154399585328065
SaveOnEvent_ch1_20260927233846054.wfm,23:38:46.054000,5.8617349999999995,-0.00023999999393709004,-1.8736000000000006e-07,3.91056e-06,-2.7639039301779113e-10,-1.727439956361195
SaveOnEvent_ch1_20260927233846102.wfm,23:38:46.102000,5.861975,-0.0013599999947473407,-3.199999999999817e-09,7.615999999999996e-08,-4.809727900708094e-10,-3.006159937940538
SaveOnEvent_ch1_20260927233846254.wfm,23:38:46.254000,5.862735000000001,-0.00015999999595806003,-9.9136e-07,1.7502399999999998e-06,2.5484799356199827e-11,0.15927999597624876
SaveOnEvent_ch1_20260927233846302.wfm,23:38:46.302000,5.8629750000000005,-0.0009599999757483602,-1.2799999999999691e-08,7.392000000000039e-08,6.17599836317807e-12,0.03855998977087438
SaveOnEvent_ch1_20260927233846454.wfm,23:38:46.454000,5.863735,-0.00015999999595806003,-1.98944e-06,3.10848e-06,-3.696639906615041e-11,-0.23103999416343868
SaveOnEvent_ch1_20260927233846502.wfm,23:38:46.502000,5.863975,-0.0010400000028312206,-1.2959999999999873e-08,8.096000000000032e-08,-2.0976639594417066e-10,-1.3111199746490456
SaveOnEvent_ch1_20260927233846654.wfm,23:38:46.654000,5.864735,-0.00015999999595806003,-1.83456e-06,3.75984e-06,-9.052159771323211e-11,-0.5658399857056793
SaveOnEvent_ch1_20260927233846702.wfm,23:38:46.702000,5.864975,-0.001120000029914081,-5.9199999999999365e-09,8.287999999999996e-08,2.679679760476579e-11,0.1675199850287754
SaveOnEvent_ch1_20260927233846854.wfm,23:38:46.854000,5.865735,-0.00015999999595806003,8.912e-07,8.996799999999999e-07,9.335039764177049e-11,0.5834399852610659
SaveOnEvent_ch1_20260927233846902.wfm,23:38:46.902000,5.865975,-0.0010400000028312206,-2.3839999999999928e-08,7.760000000000032e-08,-4.357760018901896e-11,-0.2723200011823792
SaveOnEvent_ch1_20260927233847056.wfm,23:38:47.056000,5.866745,-0.00015999999595806003,9.137599999999998e-07,7.4368e-07,7.671679806197065e-11,0.4795199878863059
SaveOnEvent_ch1_20260927233847102.wfm,23:38:47.102000,5.866975,-0.004720000084489584,1.46928e-06,9.033599999999999e-07,-3.871935985113959e-09,-24.201039906940423
SaveOnEvent_ch1_20260927233847254.wfm,23:38:47.254000,5.867735,-0.00015999999595806003,-1.9952e-06,3.953119999999999e-06,-1.3573759657097987e-10,-0.8483999785676133
SaveOnEvent_ch1_20260927233847302.wfm,23:38:47.302000,5.867975,-0.0009599999757483602,-1.5360000000000053e-08,2.0625599999999997e-06,-2.8367999657988553e-10,-1.7734399786277208
SaveOnEvent_ch1_20260927233847454.wfm,23:38:47.454000,5.868735,-0.00015999999595806003,-1.97888e-06,6.849600000000002e-07,1.022079974180087e-10,0.6387999838625547
SaveOnEvent_ch1_20260927233847502.wfm,23:38:47.502000,5.868975,-0.0012799999676644802,-1.3279999999999812e-08,9.024000000000026e-08,-5.704191879089921e-10,-3.56519992442918
SaveOnEvent_ch1_20260927233847654.wfm,23:38:47.654000,5.869735,-0.00023999999393709004,-1.29696e-06,3.7361599999999996e-06,-2.057791948015801e-10,-1.2861599675088655
SaveOnEvent_ch1_20260927233847704.wfm,23:38:47.704000,5.869985,-0.00279999990016222,1.9937599999999996e-06,1.9343999999999996e-07,-5.996864020638166e-10,-3.749440012848936
SaveOnEvent_ch1_20260927233847854.wfm,23:38:47.854000,5.870735,-0.00015999999595806003,-7.380800000000001e-07,2.50192e-06,-7.116799820214487e-11,-0.4448799887613859
SaveOnEvent_ch1_20260927233847902.wfm,23:38:47.902000,5.870975,-0.0010400000028312206,-1.2159999999999812e-08,7.951999999999996e-08,-3.0860800435766444e-11,-0.19280000272556208
SaveOnEvent_ch1_20260927233848054.wfm,23:38:48.054000,5.871735,-0.00015999999595806003,-1.8816e-06,2.7815999999999998e-06,-2.1465599457733443e-11,-0.13415999661083333
SaveOnEvent_ch1_20260927233848102.wfm,23:38:48.102000,5.871975,-0.001120000029914081,-2.047999999999993e-08,8.976000000000014e-08,-3.792319933162072e-10,-2.3702399582252838
SaveOnEvent_ch1_20260927233848254.wfm,23:38:48.254000,5.8727350000000005,-0.00023999999393709004,9.071999999999995e-08,3.6871999999999996e-06,-1.6366079586558046e-10,-1.0228799741598777
SaveOnEvent_ch1_20260927233848302.wfm,23:38:48.302000,5.872975,-0.0012000000569969416,-1.0239999999999753e-08,8.20799999999999e-08,-3.1551359472097835e-10,-1.9719999670051038
SaveOnEvent_ch1_20260927233848454.wfm,23:38:48.454000,5.873735,-0.00015999999595806003,-1.2448e-06,3.02704e-06,-6.762239829171444e-11,-0.42263998932321556
SaveOnEvent_ch1_20260927233848502.wfm,23:38:48.502000,5.873975,-0.0009599999757483602,-1.807999999999975e-08,7.87199999999999e-08,-2.4149119471432636e-10,-1.5093599669635296
SaveOnEvent_ch1_20260927233848654.wfm,23:38:48.654000,5.874735,-0.00015999999595806003,-1.78304e-06,3.76464e-06,-2.4425599382957447e-10,-1.5266399614338297
SaveOnEvent_ch1_20260927233848702.wfm,23:38:48.702000,5.874975,-0.0033599999733269215,1.9974400000000004e-06,1.1888000000000012e-07,-6.997183982352722e-10,-4.374879988958128
SaveOnEvent_ch1_20260927233848854.wfm,23:38:48.854000,5.875735,-0.00015999999595806003,-1.76928e-06,1.78336e-06,2.500479936832556e-11,0.15623999605304562
SaveOnEvent_ch1_20260927233848902.wfm,23:38:48.902000,5.875975,-0.0010400000028312206,-9.599999999999874e-09,8.60800000000002e-08,4.370559752220276e-11,0.2731999845127575
SaveOnEvent_ch1_20260927233849054.wfm,23:38:49.054000,5.876735,-7.999999797903001e-05,1.0971199999999998e-06,1.6000000000001202e-09,4.2378238929435595e-10,2.6487199330877047
SaveOnEvent_ch1_20260927233849102.wfm,23:38:49.102000,5.876975,-0.001120000029914081,-7.039999999999936e-09,8.847999999999996e-08,-4.1325439158594233e-10,-2.5828799474111293
SaveOnEvent_ch1_20260927233849254.wfm,23:38:49.254000,5.877735,-0.00031999999191612005,1.7775999999999997e-06,3.97776e-06,-6.068799846689219e-10,-3.793199904175708
SaveOnEvent_ch1_20260927233849302.wfm,23:38:49.302000,5.877975,-0.003759999992325902,1.15232e-06,1.3769599999999999e-06,-4.571283187214285e-09,-28.57151992013678
SaveOnEvent_ch1_20260927233849454.wfm,23:38:49.454000,5.878735,-0.00015999999595806003,-4.5344e-07,5.2256e-07,1.5274239614140262e-10,0.9547199758817442
SaveOnEvent_ch1_20260927233849502.wfm,23:38:49.502000,5.8789750000000005,-0.0009599999757483602,-5.759999999999755e-09,8.304000000000014e-08,-1.7760001013521042e-11,-0.11096000633551739
SaveOnEvent_ch1_20260927233849656.wfm,23:38:49.656000,5.879745,-0.00031999999191612005,-1.36144e-06,3.4431999999999995e-06,-5.386879863915965e-10,-3.366879914945457
SaveOnEvent_ch1_20260927233849702.wfm,23:38:49.702000,5.879975,-0.0012799999676644802,-3.040000000000059e-09,6.272000000000039e-08,-2.296127961552702e-10,-1.4350399759714492
SaveOnEvent_ch1_20260927233849854.wfm,23:38:49.854000,5.880735,-0.00015999999595806003,-1.94912e-06,3.41888e-06,-1.2956159672699866e-10,-0.8097599795437418
SaveOnEvent_ch1_20260927233849902.wfm,23:38:49.902000,5.880975,-0.001120000029914081,-1.1359999999999752e-08,8.287999999999996e-08,-4.80268789967522e-10,-3.0017599372949917
SaveOnEvent_ch1_20260927233850054.wfm,23:38:50.054000,5.881735,-7.999999797903001e-05,-2e-06,3.825599999999999e-06,1.5573759606573734e-10,0.9733599754108582
SaveOnEvent_ch1_20260927233850102.wfm,23:38:50.102000,5.881975,-0.0026400000788271427,1.99344e-06,4.4896e-07,-1.4029632011614737e-09,-8.769840007298626
SaveOnEvent_ch1_20260927233850254.wfm,23:38:50.254000,5.882735,-0.00015999999595806003,-1.78864e-06,3.6211199999999996e-06,-3.6659199073910735e-11,-0.22911999421194196
SaveOnEvent_ch1_20260927233850303.wfm,23:38:50.303000,5.88298,-0.0012000000569969416,-1.2479999999999752e-08,8.239999999999984e-08,-2.657471956522204e-10,-1.660959972825367
SaveOnEvent_ch1_20260927233850455.wfm,23:38:50.455000,5.8837399999999995,-0.00015999999595806003,-1.98384e-06,3.0975999999999998e-06,-1.656639958149753e-10,-1.0353599738446064
SaveOnEvent_ch1_20260927233850502.wfm,23:38:50.502000,5.883975,-0.0010400000028312206,-6.8799999999997546e-09,8.623999999999996e-08,-7.59040113072853e-12,-0.04736000706907362
SaveOnEvent_ch1_20260927233850655.wfm,23:38:50.655000,5.88474,-0.00015999999595806003,-1.76608e-06,3.5678400000000002e-06,-2.4997759368503464e-10,-1.5623999605304562
SaveOnEvent_ch1_20260927233850702.wfm,23:38:50.702000,5.884975,-0.003599999938160181,1.516e-06,1.0414399999999997e-06,-3.402675192977768e-09,-21.267919956095284
SaveOnEvent_ch1_20260927233850854.wfm,23:38:50.854000,5.885735,-0.00015999999595806003,-5.3056e-07,5.8432e-07,8.922879774589082e-11,0.5576799859118182
SaveOnEvent_ch1_20260927233850902.wfm,23:38:50.902000,5.885975,-0.001120000029914081,-8.959999999999996e-09,7.888000000000008e-08,-1.6990719748660912e-10,-1.0620799842872657
SaveOnEvent_ch1_20260927233851054.wfm,23:38:51.054000,5.886735,-0.00015999999595806003,-1.97824e-06,6.579199999999998e-07,2.951039925450463e-11,0.1844799953396432
SaveOnEvent_ch1_20260927233851102.wfm,23:38:51.102000,5.886975,-0.0013599999947473407,1.9980800000000003e-06,2.02544e-06,-1.607040025969037e-10,-1.0050400162290316
SaveOnEvent_ch1_20260927233851254.wfm,23:38:51.254000,5.887735,-0.00023999999393709004,-1.72192e-06,1.6113599999999999e-06,-9.388159762835136e-11,-0.5867199851782061
SaveOnEvent_ch1_20260927233851302.wfm,23:38:51.302000,5.887975,-0.0010400000028312206,-3.3599999999999983e-09,8.416000000000014e-08,8.390399647410945e-11,0.524479977961164
SaveOnEvent_ch1_20260927233851454.wfm,23:38:51.454000,5.8887350000000005,-0.00023999999393709004,3.4047999999999983e-07,3.938079999999999e-06,-1.9028479519300165e-10,-1.1893599699542392
SaveOnEvent_ch1_20260927233851502.wfm,23:38:51.502000,5.888975,-0.001120000029914081,1.92608e-06,2.0456e-06,-3.1751680128741994e-10,-1.9850400080613326
SaveOnEvent_ch1_20260927233851655.wfm,23:38:51.655000,5.88974,-0.00015999999595806003,-1.69264e-06,1.5804799999999998e-06,-1.8771199525799415e-11,-0.117279997037258
SaveOnEvent_ch1_20260927233851702.wfm,23:38:51.702000,5.889975,-0.0009599999757483602,-1.903999999999999e-08,9.024000000000026e-08,-2.508351952419618e-10,-1.5677599702612497
SaveOnEvent_ch1_20260927233851854.wfm,23:38:51.854000,5.890735,-0.00015999999595806003,-1.8515199999999999e-06,3.4971199999999996e-06,-1.7724159552250062e-10,-1.1077599720156286
SaveOnEvent_ch1_20260927233851902.wfm,23:38:51.902000,5.890975,-0.0008800000068731606,-9.599999999999874e-09,8.99199999999999e-08,-1.8712319636251775e-10,-1.1695999772637151
SaveOnEvent_ch1_20260927233852054.wfm,23:38:52.054000,5.891735,-0.00015999999595806003,-1.6015999999999992e-07,1.89136e-06,6.409599838079882e-11,0.4005599898810033
SaveOnEvent_ch1_20260927233852102.wfm,23:38:52.102000,5.891975,-0.001120000029914081,-4.1600000000000584e-09,7.455999999999984e-08,-2.6363519508624436e-10,-1.6477599692880176
SaveOnEvent_ch1_20260927233852254.wfm,23:38:52.254000,5.892735,-0.00015999999595806003,-5.6288e-07,1.37152e-06,4.198399893939463e-11,0.26239999337121844
SaveOnEvent_ch1_20260927233852302.wfm,23:38:52.302000,5.892975,-0.001120000029914081,-5.599999999999997e-09,8.816000000000002e-08,-3.6885119230253623e-10,-2.305279951891862
SaveOnEvent_ch1_20260927233852454.wfm,23:38:52.454000,5.893735,-0.00015999999595806003,1.9959999999999996e-06,8.000000000000601e-10,1.7936639546882347e-10,1.1210399716801476
SaveOnEvent_ch1_20260927233852502.wfm,23:38:52.502000,5.893975,-0.0020800000056624413,1.99024e-06,5.633599999999997e-07,-1.0104512026696464e-09,-6.316400016687112
SaveOnEvent_ch1_20260927233852654.wfm,23:38:52.654000,5.894735,-0.00023999999393709004,1.44352e-06,3.7623999999999998e-06,-1.8025599544635033e-10,-1.1266399715386797
SaveOnEvent_ch1_20260927233852702.wfm,23:38:52.702000,5.8949750000000005,-0.0012000000569969416,-7.679999999999815e-09,7.808000000000002e-08,-3.2448001708835525e-11,-0.20280001068022102
SaveOnEvent_ch1_20260927233852854.wfm,23:38:52.854000,5.895735,-0.00015999999595806003,-1.6505599999999999e-06,8.595199999999999e-07,1.192639969871378e-10,0.7453599811706226
SaveOnEvent_ch1_20260927233852905.wfm,23:38:52.905000,5.895989999999999,-0.0009599999757483602,-1.0719999999999874e-08,8.224000000000008e-08,1.7075198516249496e-11,0.10679999072453938
SaveOnEvent_ch1_20260927233853054.wfm,23:38:53.054000,5.896735,-0.00023999999393709004,5.894400000000001e-07,3.2428799999999993e-06,-1.5980799596291015e-10,-0.9987999747681897
SaveOnEvent_ch1_20260927233853102.wfm,23:38:53.102000,5.896974999999999,-0.0012799999676644802,-6.8799999999997546e-09,8.127999999999984e-08,-2.0842239690013226e-10,-1.3026399806258269
SaveOnEvent_ch1_20260927233853254.wfm,23:38:53.254000,5.897735,-0.00015999999595806003,-1.4400000000000235e-08,1.98432e-06,2.0031999493949056e-11,0.12519999683718197
SaveOnEvent_ch1_20260927233853302.wfm,23:38:53.302000,5.897975000000001,-0.001120000029914081,-1.0079999999999995e-08,7.53599999999999e-08,-8.438399982871499e-11,-0.5273599989304785
SaveOnEvent_ch1_20260927233853454.wfm,23:38:53.454000,5.898735,-0.00023999999393709004,-8.537599999999999e-07,3.7766400000000002e-06,-4.109055896196514e-10,-2.5682399351208005
SaveOnEvent_ch1_20260927233853502.wfm,23:38:53.502000,5.898975,-0.0010400000028312206,-1.4240000000000053e-08,8.592000000000002e-08,-1.1316479884553693e-10,-0.7073599927825853
SaveOnEvent_ch1_20260927233853655.wfm,23:38:53.655000,5.8997399999999995,-0.00015999999595806003,-9.123200000000001e-07,2.9121599999999996e-06,-1.7768959551118318e-10,-1.1106399719428737
SaveOnEvent_ch1_20260927233853702.wfm,23:38:53.702000,5.8999749999999995,-0.0009599999757483602,-7.359999999999875e-09,2.0553599999999996e-06,-2.5793919730233e-10,-1.612559983128449
SaveOnEvent_ch1_20260927233853854.wfm,23:38:53.854000,5.900735,-0.00015999999595806003,-1.69344e-06,3.57776e-06,-9.653759756125524e-11,-0.6033599847578444
SaveOnEvent_ch1_20260927233853902.wfm,23:38:53.902000,5.900975,-0.0009599999757483602,-4.7359999999999916e-08,8.304000000000014e-08,-7.877759934170175e-11,-0.49239999588462524
SaveOnEvent_ch1_20260927233854054.wfm,23:38:54.054000,5.901735,-0.00023999999393709004,1.8211199999999995e-06,3.81264e-06,-1.0561919733183459e-10,-0.6601599833229557
SaveOnEvent_ch1_20260927233854102.wfm,23:38:54.102000,5.901975,-0.0010400000028312206,-9.279999999999935e-09,9.327999999999989e-08,-2.2396799579029907e-10,-1.3998399736883584
SaveOnEvent_ch1_20260927233854254.wfm,23:38:54.254000,5.902735,-7.999999797903001e-05,-8.5104e-07,2.5999999999999997e-06,2.9826559246517694e-10,1.8642399529053364
SaveOnEvent_ch1_20260927233854302.wfm,23:38:54.302000,5.902975,-0.0009599999757483602,-6.0799999999996945e-09,8.352000000000026e-08,-3.3610879310639576e-10,-2.100799956911942
SaveOnEvent_ch1_20260927233854454.wfm,23:38:54.454000,5.903735,-0.00023999999393709004,-1.97584e-06,3.85296e-06,-2.6311679335311066e-10,-1.64455995845492
SaveOnEvent_ch1_20260927233854502.wfm,23:38:54.502000,5.903975,-0.0027199999894946814,1.98352e-06,2.3648000000000006e-07,-1.263353594441432e-09,-7.89735996525269
SaveOnEvent_ch1_20260927233854655.wfm,23:38:54.655000,5.90474,-7.999999797903001e-05,-1.60432e-06,2.1569599999999996e-06,2.449279938125981e-10,1.5309599613246974
SaveOnEvent_ch1_20260927233854702.wfm,23:38:54.702000,5.904975,-0.0010400000028312206,-1.4240000000000053e-08,8.448000000000008e-08,-1.2514559832401575e-10,-0.7821599895250984
SaveOnEvent_ch1_20260927233854855.wfm,23:38:54.855000,5.90574,-0.00015999999595806003,-1.8537599999999999e-06,3.8536e-06,-2.3131519415648658e-10,-1.4458399634750094
SaveOnEvent_ch1_20260927233854902.wfm,23:38:54.902000,5.905975,-0.0010400000028312206,-7.359999999999875e-09,8.687999999999984e-08,-9.845759907271717e-11,-0.6153599942044821
SaveOnEvent_ch1_20260927233855054.wfm,23:38:55.054000,5.906734999999999,-0.00015999999595806003,-1.4295999999999998e-06,3.3070399999999997e-06,-1.7433599559590224e-10,-1.0895999724743888
SaveOnEvent_ch1_20260927233855102.wfm,23:38:55.102000,5.906975,-0.0031999999191612005,1.8876800000000004e-06,6.462399999999997e-07,-2.0727424002531917e-09,-12.95616000163136
SaveOnEvent_ch1_20260927233855254.wfm,23:38:55.254000,5.907735000000001,-0.00023999999393709004,-1.85216e-06,3.9929599999999995e-06,-3.9980158990016205e-10,-2.4988799368729815
SaveOnEvent_ch1_20260927233855302.wfm,23:38:55.302000,5.907975,-0.0010400000028312206,-1.0399999999999934e-08,8.799999999999984e-08,-4.2506239044480017e-10,-2.6566399402800016
SaveOnEvent_ch1_20260927233855454.wfm,23:38:55.454000,5.908735,-0.00023999999393709004,-8.6432e-07,3.918079999999999e-06,-2.9004159267293273e-10,-1.8128799542027991
SaveOnEvent_ch1_20260927233855503.wfm,23:38:55.503000,5.90898,-0.0012000000569969416,-9.119999999999753e-09,9.104000000000032e-08,-4.6327039118390543e-10,-2.895519944897387
SaveOnEvent_ch1_20260927233855655.wfm,23:38:55.655000,5.90974,-7.999999797903001e-05,-1.4777599999999998e-06,3.3971199999999998e-06,1.5306239613331856e-10,0.9567199758312199
SaveOnEvent_ch1_20260927233855702.wfm,23:38:55.702000,5.909975,-0.0012799999676644802,-8.799999999999814e-09,8.128000000000026e-08,-2.86886395411566e-10,-1.793119971320266
SaveOnEvent_ch1_20260927233855854.wfm,23:38:55.854000,5.910735,-0.00015999999595806003,-1.91328e-06,9.663999999999989e-08,2.891519926954066e-11,0.1807199954346288
SaveOnEvent_ch1_20260927233855902.wfm,23:38:55.902000,5.9109750000000005,-0.0009599999757483602,-1.615999999999969e-08,9.023999999999983e-08,-1.6961919710272916e-10,-1.0601599818910472
SaveOnEvent_ch1_20260927233856055.wfm,23:38:56.055000,5.91174,-0.00015999999595806003,-2e-06,3.51632e-06,-1.54361596100498e-10,-0.964879975625081
SaveOnEvent_ch1_20260927233856102.wfm,23:38:56.102000,5.911975,-0.00431999983265996,1.00352e-06,1.1872000000000003e-06,-5.091007996825501e-09,-31.8195199801703
SaveOnEvent_ch1_20260927233856254.wfm,23:38:56.254000,5.912735,-0.00015999999595806003,-1.5254399999999999e-06,6.115199999999999e-07,8.703359780134622e-11,0.5439999862574041
SaveOnEvent_ch1_20260927233856302.wfm,23:38:56.302000,5.912975,-0.0010400000028312206,-6.239999999999876e-09,8.368000000000002e-08,-1.4081279762554922e-10,-0.8800799851596821
SaveOnEvent_ch1_20260927233856454.wfm,23:38:56.454000,5.913735,-7.999999797903001e-05,-1.9684799999999997e-06,3.4054399999999995e-06,7.74655980430544e-11,0.48415998776908964
SaveOnEvent_ch1_20260927233856502.wfm,23:38:56.502000,5.913975000000001,-0.0012000000569969416,-8.959999999999996e-09,8.640000000000014e-08,-4.361599913332612e-10,-2.726079945830861
SaveOnEvent_ch1_20260927233856654.wfm,23:38:56.654000,5.914735,-0.00023999999393709004,9.820799999999998e-07,3.59296e-06,-1.4419199635740387e-10,-0.9011999772337731
SaveOnEvent_ch1_20260927233856702.wfm,23:38:56.702000,5.914975,-0.001120000029914081,-8.959999999999996e-09,8.16000000000002e-08,-4.694143901439384e-10,-2.933999938395573
SaveOnEvent_ch1_20260927233856854.wfm,23:38:56.854000,5.915735,-0.00015999999595806003,-1.93536e-06,3.3313599999999997e-06,-4.856319877319037e-11,-0.30351999233243987
SaveOnEvent_ch1_20260927233856902.wfm,23:38:56.902000,5.9159749999999995,-0.0008800000068731606,-9.119999999999753e-09,8.639999999999971e-08,1.0063359568826866e-10,0.6290399730496574
SaveOnEvent_ch1_20260927233857054.wfm,23:38:57.054000,5.916735,-0.00015999999595806003,-1.4934399999999998e-06,3.3340799999999994e-06,1.4169599642045723e-11,0.08863999776076525
SaveOnEvent_ch1_20260927233857102.wfm,23:38:57.102000,5.916975,-0.001120000029914081,-7.039999999999936e-09,8.080000000000014e-08,-2.698879944439978e-10,-1.6867999652749859
SaveOnEvent_ch1_20260927233857254.wfm,23:38:57.254000,5.917735,-0.00015999999595806003,-1.8617599999999999e-06,3.5156799999999995e-06,-2.334463941026479e-10,-1.4591199631395284
SaveOnEvent_ch1_20260927233857302.wfm,23:38:57.302000,5.917975,-0.0035200000274926424,1.4718399999999999e-06,9.8448e-07,-3.7182783836522137e-09,-23.240719897847157
SaveOnEvent_ch1_20260927233857454.wfm,23:38:57.454000,5.918735,-0.00015999999595806003,1.0479999999999983e-07,1.8812800000000004e-06,-7.871999801136674e-12,-0.04919999875710346
SaveOnEvent_ch1_20260927233857502.wfm,23:38:57.502000,5.918975,-0.001120000029914081,-8.959999999999996e-09,8.896000000000008e-08,-4.38547190602403e-10,-2.741039941261988
SaveOnEvent_ch1_20260927233857655.wfm,23:38:57.655000,5.91974,-0.00023999999393709004,1.8255999999999995e-06,1.7350399999999997e-06,-7.083519821055225e-11,-0.4427199888159521
SaveOnEvent_ch1_20260927233857702.wfm,23:38:57.702000,5.919975,-0.0012000000569969416,-8.799999999999814e-09,2.0608e-06,-7.204543875972739e-10,-4.503359922469826
SaveOnEvent_ch1_20260927233857854.wfm,23:38:57.854000,5.9207350000000005,-0.00015999999595806003,-1.9371199999999998e-06,3.6446399999999996e-06,-2.5118079365463926e-10,-1.569919960340485
SaveOnEvent_ch1_20260927233857902.wfm,23:38:57.902000,5.920975,-0.0012000000569969416,-5.599999999999997e-09,8.896000000000008e-08,-3.70771193106193e-10,-2.3173599569126964
SaveOnEvent_ch1_20260927233858054.wfm,23:38:58.054000,5.921735,-0.00015999999595806003,-1.6775999999999998e-06,3.5726399999999993e-06,-1.4311679638456558e-10,-0.8944799774035346
SaveOnEvent_ch1_20260927233858103.wfm,23:38:58.103000,5.92198,-0.0012000000569969416,-1.4240000000000053e-08,8.400000000000038e-08,-3.2837119405623513e-10,-2.0523999628494494
SaveOnEvent_ch1_20260927233858255.wfm,23:38:58.255000,5.92274,-0.00015999999595806003,-2e-06,2.4020799999999997e-06,-1.4493439633864908e-10,-0.9059199771145359
SaveOnEvent_ch1_20260927233858302.wfm,23:38:58.302000,5.922975,-0.0010400000028312206,-1.0559999999999692e-08,8.239999999999984e-08,-1.508415977447295e-10,-0.9427999859035481
SaveOnEvent_ch1_20260927233858454.wfm,23:38:58.454000,5.923735000000001,-0.00015999999595806003,-1.3712e-06,1.70912e-06,-8.231039792066435e-11,-0.514399987005163
SaveOnEvent_ch1_20260927233858502.wfm,23:38:58.502000,5.923975,-0.001120000029914081,-1.551999999999981e-08,8.592000000000002e-08,-4.827391898445784e-10,-3.0171999365265947
SaveOnEvent_ch1_20260927233858654.wfm,23:38:58.654000,5.924735,-0.00015999999595806003,7.867199999999997e-07,5.081600000000002e-07,1.0893439724808569e-10,0.6808799827995244
SaveOnEvent_ch1_20260927233858702.wfm,23:38:58.702000,5.924975,-0.0014400000218302011,-4.799999999999937e-09,6.576000000000003e-08,-3.447167933685705e-10,-2.1545599585515447
SaveOnEvent_ch1_20260927233858854.wfm,23:38:58.854000,5.9257349999999995,-0.00015999999595806003,1.99648e-06,3.359999999999575e-09,1.2737919678213091e-10,0.7960799798893277
SaveOnEvent_ch1_20260927233858902.wfm,23:38:58.902000,5.925975,-0.001120000029914081,-1.583999999999975e-08,6.976000000000033e-08,8.839679600205258e-11,0.5524799750128295
SaveOnEvent_ch1_20260927233859054.wfm,23:38:59.054000,5.926735,-0.00015999999595806003,-1.66336e-06,1.4240000000000053e-08,8.550399783998846e-12,0.05343999864999205
SaveOnEvent_ch1_20260927233859102.wfm,23:38:59.102000,5.926975,-0.0012000000569969416,-5.1199999999998764e-09,8.063999999999996e-08,-2.3891199573874477e-10,-1.4931999733671546
SaveOnEvent_ch1_20260927233859254.wfm,23:38:59.254000,5.927735,-0.00015999999595806003,-1.66432e-06,2.98544e-06,-1.5331199612701322e-10,-0.9582399757928215
SaveOnEvent_ch1_20260927233859302.wfm,23:38:59.302000,5.927975,-0.0008800000068731606,-2.4799999999999746e-08,9.439999999999989e-08,-2.6297601440455866e-11,-0.164320009003859
SaveOnEvent_ch1_20260927233859454.wfm,23:38:59.454000,5.928735,-0.00023999999393709004,7.472000000000002e-08,3.59168e-06,-1.903999951900917e-10,-1.1899999699380714
SaveOnEvent_ch1_20260927233859502.wfm,23:38:59.502000,5.928975,-0.0010400000028312206,1.7993600000000003e-06,2.0643199999999996e-06,-1.230150386411697e-09,-7.68895991507452
SaveOnEvent_ch1_20260927233859654.wfm,23:38:59.654000,5.929735,-7.999999797903001e-05,-2e-06,3.9817599999999995e-06,1.0797439727233725e-10,0.6747999829531182
SaveOnEvent_ch1_20260927233859702.wfm,23:38:59.702000,5.929975,-0.001120000029914081,-1.471999999999975e-08,7.551999999999966e-08,-4.528895906778053e-10,-2.830639941734262
SaveOnEvent_ch1_20260927233859854.wfm,23:38:59.854000,5.930735,-0.00015999999595806003,1.52464e-06,3.240000000000002e-07,1.290879967389628e-10,0.8067999796185177
SaveOnEvent_ch1_20260927233859902.wfm,23:38:59.902000,5.930975,-0.0010400000028312206,-5.439999999999816e-09,8.847999999999996e-08,-2.3351039525587127e-10,-1.4594399703491945
SaveOnEvent_ch1_20260927233900056.wfm,23:39:00.056000,5.931745,-0.00023999999393709004,-7.822399999999999e-07,3.59184e-06,-2.2441599433077504e-10,-1.4025599645683542
SaveOnEvent_ch1_20260927233900102.wfm,23:39:00.102000,5.9319749999999996,-0.001120000029914081,-1.3759999999999933e-08,8.464000000000026e-08,-4.374591908114961e-10,-2.734159942570841
SaveOnEvent_ch1_20260927233900254.wfm,23:39:00.254000,5.932735,-0.00015999999595806003,1.3052799999999999e-06,3.774399999999998e-07,-1.4367999637033777e-11,-0.0898399977304507
SaveOnEvent_ch1_20260927233900302.wfm,23:39:00.302000,5.932975,-0.0009599999757483602,-5.759999999999755e-09,7.536000000000033e-08,-1.0805119827622556e-10,-0.6753599892253987
SaveOnEvent_ch1_20260927233900455.wfm,23:39:00.455000,5.93374,-0.00015999999595806003,7.390399999999999e-07,7.121599999999999e-07,1.507199961924939e-11,0.09415999762131833
SaveOnEvent_ch1_20260927233900502.wfm,23:39:00.502000,5.933975,-0.001120000029914081,-4.399999999999992e-08,2.06384e-06,-7.652031923993488e-10,-4.783119952509878
SaveOnEvent_ch1_20260927233900655.wfm,23:39:00.655000,5.93474,-0.00015999999595806003,9.985599999999998e-07,1.3120000000000054e-08,1.1957119697937732e-10,0.7473599811200984
SaveOnEvent_ch1_20260927233900704.wfm,23:39:00.704000,5.934985,-0.0041600000113248825,1.1632000000000001e-06,1.13696e-06,-4.588595211319626e-09,-28.67960007075453
SaveOnEvent_ch1_20260927233900854.wfm,23:39:00.854000,5.935735,-0.00015999999595806003,-1.2465599999999998e-06,9.876799999999997e-07,1.1775999702513213e-10,0.7359999814070761
SaveOnEvent_ch1_20260927233900902.wfm,23:39:00.902000,5.935975,-0.0012000000569969416,-6.0799999999996945e-09,7.167999999999996e-08,-3.712127924291418e-10,-2.3201599526801147
SaveOnEvent_ch1_20260927233901054.wfm,23:39:01.054000,5.936735,-0.00023999999393709004,-1.56624e-06,3.4896e-06,-1.843775953422301e-10,-1.1523999708879273
SaveOnEvent_ch1_20260927233901102.wfm,23:39:01.102000,5.936975,-0.0012000000569969416,-1.615999999999969e-08,8.063999999999996e-08,-5.985983879235571e-10,-3.7414399245171808
SaveOnEvent_ch1_20260927233901254.wfm,23:39:01.254000,5.937735,-0.00023999999393709004,-1.57552e-06,3.9481599999999995e-06,-3.0221439236542227e-10,-1.8889599522808567
SaveOnEvent_ch1_20260927233901302.wfm,23:39:01.302000,5.937975,-0.0009599999757483602,-1.3759999999999933e-08,8.016000000000026e-08,-8.214399891206986e-11,-0.5133599932014477
SaveOnEvent_ch1_20260927233901454.wfm,23:39:01.454000,5.938735,-0.00015999999595806003,1.5476799999999999e-06,4.1903999999999955e-07,-1.6735999577212967e-11,-0.10455999735859223
SaveOnEvent_ch1_20260927233901502.wfm,23:39:01.502000,5.938975,-0.0009599999757483602,-1.6480000000000052e-08,8.256000000000002e-08,-3.2266879314789555e-10,-2.0167199571733363
SaveOnEvent_ch1_20260927233901655.wfm,23:39:01.655000,5.9397400000000005,-0.00023999999393709004,1.7084799999999997e-06,3.92816e-06,-1.4225919640623032e-10,-0.8891999775369186
SaveOnEvent_ch1_20260927233901702.wfm,23:39:01.702000,5.9399750000000004,-0.0010400000028312206,-6.8799999999997546e-09,8.063999999999996e-08,8.31999834161236e-12,0.052079989633057266
SaveOnEvent_ch1_20260927233901854.wfm,23:39:01.854000,5.940735,-0.00015999999595806003,-9.592e-07,6.400000000000904e-10,1.501439962070435e-10,0.938399976294022
SaveOnEvent_ch1_20260927233901902.wfm,23:39:01.902000,5.940975,-0.0010400000028312206,-1.695999999999975e-08,8.65599999999999e-08,-1.8976639677537602e-10,-1.1860799798450898
SaveOnEvent_ch1_20260927233902054.wfm,23:39:02.054000,5.9417349999999995,-0.00015999999595806003,-1.79776e-06,7.847999999999999e-07,6.889599825954074e-11,0.43063998912111856
SaveOnEvent_ch1_20260927233902102.wfm,23:39:02.102000,5.941975,-0.0009599999757483602,-9.439999999999693e-09,8.368000000000002e-08,1.1910399614367635e-10,0.7444799758959562
